<?xml version="1.0" encoding="utf-8"?>
<COLLADA xmlns="http://www.collada.org/2005/11/COLLADASchema" version="1.4.1" xmlns:xsi="http://www.w3.org/2001/XMLSchema-instance">
  <asset>
    <contributor>
      <author>Centrixe</author>
      <authoring_tool>OpenCOLLADA for 3ds Max;  Version: 1.6;  Revision: 68</authoring_tool>
    </contributor>
    <created>2019-08-23T17:00:41</created>
    <modified>2019-08-23T17:00:41</modified>
    <unit name="inch" meter="0.0254"/>
    <up_axis>Z_UP</up_axis>
  </asset>
  <library_effects>
    <effect id="M_Obj_RailKingPilotHouseBand">
      <profile_COMMON>
        <newparam sid="M_Obj_RailKingPilotHouseBand_Alb_png-surface">
          <surface type="2D">
            <init_from>M_Obj_RailKingPilotHouseBand_Alb_png</init_from>
          </surface>
        </newparam>
        <newparam sid="M_Obj_RailKingPilotHouseBand_Alb_png-sampler">
          <sampler2D>
            <source>M_Obj_RailKingPilotHouseBand_Alb_png-surface</source>
          </sampler2D>
        </newparam>
        <newparam sid="M_Obj_RailKingPilotHouseBand_Rgh_png-surface">
          <surface type="2D">
            <init_from>M_Obj_RailKingPilotHouseBand_Rgh_png</init_from>
          </surface>
        </newparam>
        <newparam sid="M_Obj_RailKingPilotHouseBand_Rgh_png-sampler">
          <sampler2D>
            <source>M_Obj_RailKingPilotHouseBand_Rgh_png-surface</source>
          </sampler2D>
        </newparam>
        <newparam sid="M_Obj_RailKingPilotHouseBand_Nrm_png-surface">
          <surface type="2D">
            <init_from>M_Obj_RailKingPilotHouseBand_Nrm_png</init_from>
          </surface>
        </newparam>
        <newparam sid="M_Obj_RailKingPilotHouseBand_Nrm_png-sampler">
          <sampler2D>
            <source>M_Obj_RailKingPilotHouseBand_Nrm_png-surface</source>
          </sampler2D>
        </newparam>
        <technique sid="common">
          <blinn>
            <emission>
              <color>0 0 0 1</color>
            </emission>
            <ambient>
              <color>0.588 0.588 0.588 1</color>
            </ambient>
            <diffuse>
              <texture texture="M_Obj_RailKingPilotHouseBand_Alb_png-sampler" texcoord="CHANNEL1"/>
            </diffuse>
            <specular>
              <color>0 0 0 1</color>
            </specular>
            <shininess>
              <float>10</float>
            </shininess>
            <reflective>
              <color>0 0 0 1</color>
            </reflective>
            <transparent opaque="A_ONE">
              <texture texture="M_Obj_RailKingPilotHouseBand_Alb_png-sampler" texcoord="CHANNEL1"/>
            </transparent>
            <transparency>
              <float>1</float>
            </transparency>
          </blinn>
          <extra>
            <technique profile="OpenCOLLADA3dsMax">
              <gloss>
                <texture texture="M_Obj_RailKingPilotHouseBand_Rgh_png-sampler" texcoord="CHANNEL1"/>
              </gloss>
              <bump bumptype="HEIGHTFIELD">
                <texture texture="M_Obj_RailKingPilotHouseBand_Nrm_png-sampler" texcoord="CHANNEL1"/>
              </bump>
            </technique>
          </extra>
        </technique>
      </profile_COMMON>
      <extra>
        <technique profile="OpenCOLLADA3dsMax">
          <extended_shader>
            <opacity_type sid="opacity_type" type="int">0</opacity_type>
            <falloff_type sid="falloff_type" type="int">0</falloff_type>
            <falloff sid="falloff" type="float">0</falloff>
            <index_of_refraction sid="index_of_refraction" type="float">1.5</index_of_refraction>
            <wire_size sid="wire_size" type="float">1</wire_size>
            <wire_units sid="wire_units" type="int">0</wire_units>
            <apply_reflection_dimming sid="apply_reflection_dimming" type="bool">0</apply_reflection_dimming>
            <dim_level sid="dim_level" type="float">0</dim_level>
            <reflection_level sid="reflection_level" type="float">3</reflection_level>
          </extended_shader>
          <shader>
            <ambient_diffuse_texture_lock sid="ambient_diffuse_texture_lock" type="bool">1</ambient_diffuse_texture_lock>
            <ambient_diffuse_lock sid="ambient_diffuse_lock" type="bool">1</ambient_diffuse_lock>
            <diffuse_specular_lock sid="diffuse_specular_lock" type="bool">0</diffuse_specular_lock>
            <use_self_illum_color sid="use_self_illum_color" type="bool">0</use_self_illum_color>
            <self_illumination sid="self_illumination" type="float">0</self_illumination>
            <specular_level sid="specular_level" type="float">0</specular_level>
            <soften sid="soften" type="float">0.1</soften>
          </shader>
        </technique>
      </extra>
    </effect>
    <effect id="GlassBuffer">
      <profile_COMMON>
        <technique sid="common">
          <blinn>
            <emission>
              <color>0 0 0 1</color>
            </emission>
            <ambient>
              <color>0.588 0.588 0.588 1</color>
            </ambient>
            <diffuse>
              <color>0.588 0.588 0.588 1</color>
            </diffuse>
            <specular>
              <color>0 0 0 1</color>
            </specular>
            <shininess>
              <float>10</float>
            </shininess>
            <reflective>
              <color>0 0 0 1</color>
            </reflective>
            <transparent opaque="A_ONE">
              <color>1 1 1 1</color>
            </transparent>
            <transparency>
              <float>1</float>
            </transparency>
          </blinn>
        </technique>
      </profile_COMMON>
      <extra>
        <technique profile="OpenCOLLADA3dsMax">
          <extended_shader>
            <opacity_type sid="opacity_type" type="int">0</opacity_type>
            <falloff_type sid="falloff_type" type="int">0</falloff_type>
            <falloff sid="falloff" type="float">0</falloff>
            <index_of_refraction sid="index_of_refraction" type="float">1.5</index_of_refraction>
            <wire_size sid="wire_size" type="float">1</wire_size>
            <wire_units sid="wire_units" type="int">0</wire_units>
            <apply_reflection_dimming sid="apply_reflection_dimming" type="bool">0</apply_reflection_dimming>
            <dim_level sid="dim_level" type="float">0</dim_level>
            <reflection_level sid="reflection_level" type="float">3</reflection_level>
          </extended_shader>
          <shader>
            <ambient_diffuse_texture_lock sid="ambient_diffuse_texture_lock" type="bool">1</ambient_diffuse_texture_lock>
            <ambient_diffuse_lock sid="ambient_diffuse_lock" type="bool">1</ambient_diffuse_lock>
            <diffuse_specular_lock sid="diffuse_specular_lock" type="bool">0</diffuse_specular_lock>
            <use_self_illum_color sid="use_self_illum_color" type="bool">0</use_self_illum_color>
            <self_illumination sid="self_illumination" type="float">0</self_illumination>
            <specular_level sid="specular_level" type="float">0</specular_level>
            <soften sid="soften" type="float">0.1</soften>
          </shader>
        </technique>
      </extra>
    </effect>
    <effect id="M_Obj_RailKingPilotHouseGlass">
      <profile_COMMON>
        <newparam sid="M_Obj_RailKingPilotHouseGlass_Alb_png-surface">
          <surface type="2D">
            <init_from>M_Obj_RailKingPilotHouseGlass_Alb_png</init_from>
          </surface>
        </newparam>
        <newparam sid="M_Obj_RailKingPilotHouseGlass_Alb_png-sampler">
          <sampler2D>
            <source>M_Obj_RailKingPilotHouseGlass_Alb_png-surface</source>
          </sampler2D>
        </newparam>
        <newparam sid="M_Obj_RailKingPilotHouseGlass_Nrm_png-surface">
          <surface type="2D">
            <init_from>M_Obj_RailKingPilotHouseGlass_Nrm_png</init_from>
          </surface>
        </newparam>
        <newparam sid="M_Obj_RailKingPilotHouseGlass_Nrm_png-sampler">
          <sampler2D>
            <source>M_Obj_RailKingPilotHouseGlass_Nrm_png-surface</source>
          </sampler2D>
        </newparam>
        <technique sid="common">
          <blinn>
            <emission>
              <color>0 0 0 1</color>
            </emission>
            <ambient>
              <color>0.588 0.588 0.588 1</color>
            </ambient>
            <diffuse>
              <texture texture="M_Obj_RailKingPilotHouseGlass_Alb_png-sampler" texcoord="CHANNEL1"/>
            </diffuse>
            <specular>
              <color>0 0 0 1</color>
            </specular>
            <shininess>
              <float>10</float>
            </shininess>
            <reflective>
              <color>0 0 0 1</color>
            </reflective>
            <transparent opaque="A_ONE">
              <texture texture="M_Obj_RailKingPilotHouseGlass_Alb_png-sampler" texcoord="CHANNEL1"/>
            </transparent>
            <transparency>
              <float>1</float>
            </transparency>
          </blinn>
          <extra>
            <technique profile="OpenCOLLADA3dsMax">
              <bump bumptype="HEIGHTFIELD">
                <texture texture="M_Obj_RailKingPilotHouseGlass_Nrm_png-sampler" texcoord="CHANNEL1"/>
              </bump>
            </technique>
          </extra>
        </technique>
      </profile_COMMON>
      <extra>
        <technique profile="OpenCOLLADA3dsMax">
          <extended_shader>
            <opacity_type sid="opacity_type" type="int">0</opacity_type>
            <falloff_type sid="falloff_type" type="int">0</falloff_type>
            <falloff sid="falloff" type="float">0</falloff>
            <index_of_refraction sid="index_of_refraction" type="float">1.5</index_of_refraction>
            <wire_size sid="wire_size" type="float">1</wire_size>
            <wire_units sid="wire_units" type="int">0</wire_units>
            <apply_reflection_dimming sid="apply_reflection_dimming" type="bool">0</apply_reflection_dimming>
            <dim_level sid="dim_level" type="float">0</dim_level>
            <reflection_level sid="reflection_level" type="float">3</reflection_level>
          </extended_shader>
          <shader>
            <ambient_diffuse_texture_lock sid="ambient_diffuse_texture_lock" type="bool">1</ambient_diffuse_texture_lock>
            <ambient_diffuse_lock sid="ambient_diffuse_lock" type="bool">1</ambient_diffuse_lock>
            <diffuse_specular_lock sid="diffuse_specular_lock" type="bool">0</diffuse_specular_lock>
            <use_self_illum_color sid="use_self_illum_color" type="bool">0</use_self_illum_color>
            <self_illumination sid="self_illumination" type="float">0</self_illumination>
            <specular_level sid="specular_level" type="float">0</specular_level>
            <soften sid="soften" type="float">0.1</soften>
          </shader>
        </technique>
      </extra>
    </effect>
    <effect id="M_Obj_RailKingPilotHouse">
      <profile_COMMON>
        <newparam sid="M_Obj_RailKingPilotHouse_Alb_png-surface">
          <surface type="2D">
            <init_from>M_Obj_RailKingPilotHouse_Alb_png</init_from>
          </surface>
        </newparam>
        <newparam sid="M_Obj_RailKingPilotHouse_Alb_png-sampler">
          <sampler2D>
            <source>M_Obj_RailKingPilotHouse_Alb_png-surface</source>
          </sampler2D>
        </newparam>
        <newparam sid="M_Obj_RailKingPilotHouse_Rgh_png-surface">
          <surface type="2D">
            <init_from>M_Obj_RailKingPilotHouse_Rgh_png</init_from>
          </surface>
        </newparam>
        <newparam sid="M_Obj_RailKingPilotHouse_Rgh_png-sampler">
          <sampler2D>
            <source>M_Obj_RailKingPilotHouse_Rgh_png-surface</source>
          </sampler2D>
        </newparam>
        <newparam sid="M_Obj_RailKingPilotHouse_Nrm_png-surface">
          <surface type="2D">
            <init_from>M_Obj_RailKingPilotHouse_Nrm_png</init_from>
          </surface>
        </newparam>
        <newparam sid="M_Obj_RailKingPilotHouse_Nrm_png-sampler">
          <sampler2D>
            <source>M_Obj_RailKingPilotHouse_Nrm_png-surface</source>
          </sampler2D>
        </newparam>
        <technique sid="common">
          <blinn>
            <emission>
              <color>0 0 0 1</color>
            </emission>
            <ambient>
              <color>0.588 0.588 0.588 1</color>
            </ambient>
            <diffuse>
              <texture texture="M_Obj_RailKingPilotHouse_Alb_png-sampler" texcoord="CHANNEL1"/>
            </diffuse>
            <specular>
              <color>0 0 0 1</color>
            </specular>
            <shininess>
              <float>10</float>
            </shininess>
            <reflective>
              <color>0 0 0 1</color>
            </reflective>
            <transparent opaque="A_ONE">
              <texture texture="M_Obj_RailKingPilotHouse_Alb_png-sampler" texcoord="CHANNEL1"/>
            </transparent>
            <transparency>
              <float>1</float>
            </transparency>
          </blinn>
          <extra>
            <technique profile="OpenCOLLADA3dsMax">
              <gloss>
                <texture texture="M_Obj_RailKingPilotHouse_Rgh_png-sampler" texcoord="CHANNEL1"/>
              </gloss>
              <bump bumptype="HEIGHTFIELD">
                <texture texture="M_Obj_RailKingPilotHouse_Nrm_png-sampler" texcoord="CHANNEL1"/>
              </bump>
            </technique>
          </extra>
        </technique>
      </profile_COMMON>
      <extra>
        <technique profile="OpenCOLLADA3dsMax">
          <extended_shader>
            <opacity_type sid="opacity_type" type="int">0</opacity_type>
            <falloff_type sid="falloff_type" type="int">0</falloff_type>
            <falloff sid="falloff" type="float">0</falloff>
            <index_of_refraction sid="index_of_refraction" type="float">1.5</index_of_refraction>
            <wire_size sid="wire_size" type="float">1</wire_size>
            <wire_units sid="wire_units" type="int">0</wire_units>
            <apply_reflection_dimming sid="apply_reflection_dimming" type="bool">0</apply_reflection_dimming>
            <dim_level sid="dim_level" type="float">0</dim_level>
            <reflection_level sid="reflection_level" type="float">3</reflection_level>
          </extended_shader>
          <shader>
            <ambient_diffuse_texture_lock sid="ambient_diffuse_texture_lock" type="bool">1</ambient_diffuse_texture_lock>
            <ambient_diffuse_lock sid="ambient_diffuse_lock" type="bool">1</ambient_diffuse_lock>
            <diffuse_specular_lock sid="diffuse_specular_lock" type="bool">0</diffuse_specular_lock>
            <use_self_illum_color sid="use_self_illum_color" type="bool">0</use_self_illum_color>
            <self_illumination sid="self_illumination" type="float">0</self_illumination>
            <specular_level sid="specular_level" type="float">0</specular_level>
            <soften sid="soften" type="float">0.1</soften>
          </shader>
        </technique>
      </extra>
    </effect>
  </library_effects>
  <library_materials>
    <material id="M_Obj_RailKingPilotHouseBand-material" name="M_Obj_RailKingPilotHouseBand">
      <instance_effect url="#M_Obj_RailKingPilotHouseBand"/>
    </material>
    <material id="GlassBuffer-material" name="GlassBuffer">
      <instance_effect url="#GlassBuffer"/>
    </material>
    <material id="M_Obj_RailKingPilotHouseGlass-material" name="M_Obj_RailKingPilotHouseGlass">
      <instance_effect url="#M_Obj_RailKingPilotHouseGlass"/>
    </material>
    <material id="M_Obj_RailKingPilotHouse-material" name="M_Obj_RailKingPilotHouse">
      <instance_effect url="#M_Obj_RailKingPilotHouse"/>
    </material>
  </library_materials>
  <library_geometries>
    <geometry id="geom-BandA_F_Mdl__M_Obj_RailKingPilotHouseBand" name="BandA_F_Mdl__M_Obj_RailKingPilotHouseBand">
      <mesh>
        <source id="geom-BandA_F_Mdl__M_Obj_RailKingPilotHouseBand-positions">
          <float_array id="geom-BandA_F_Mdl__M_Obj_RailKingPilotHouseBand-positions-array" count="822">-7.044322 4.938892 32.63625 -8.147655 6.200827 31.42087 -5.146853 8.082235 31.91795 -4.483607 6.976353 32.83211 -6.432393 4.265671 33.13028 -3.538128 5.408419 33.79887 -1.892386 9.365612 31.9308 -0.8805094 6.618702 33.70118 -1.501842 8.334259 32.72252 1.971275 7.140829 33.33791 1.697778 8.920071 32.31495 1.395237 10.54668 31.07013 4.897203 8.693863 31.63717 3.891444 10.3702 30.54133 -7.044322 4.938892 32.63625 -5.146853 8.082235 31.91795 -8.147655 6.200827 31.42087 -4.483607 6.976353 32.83211 -6.432393 4.265671 33.13028 -3.538128 5.408419 33.79887 -1.892386 9.365612 31.9308 -0.8805094 6.618702 33.70118 -1.501842 8.334259 32.72252 1.971275 7.140829 33.33791 1.697778 8.920071 32.31495 1.395237 10.54668 31.07013 4.897203 8.693863 31.63717 3.891444 10.3702 30.54133 -3.390729 -4.880955 34.02031 -3.187907 -6.357113 33.49084 -5.114831 -6.627712 32.78322 -5.37983 -4.699024 33.47501 -6.954232 -6.784908 31.84575 -3.187186 -3.381962 34.48085 -7.276875 -4.436684 32.68801 -5.113886 -2.740498 34.07673 -4.335124 -0.885601 34.54739 -6.953085 -2.052132 33.42063 -7.935032 -1.639153 32.90868 -6.004922 0.2062492 33.99367 -4.497011 2.18454 34.3681 -8.074776 0.09697723 32.88551 -7.571978 1.294561 33.18938 -3.390729 -4.880955 34.02031 -5.114831 -6.627712 32.78322 -3.187907 -6.357113 33.49084 -5.37983 -4.699024 33.47501 -6.954232 -6.784908 31.84575 -3.187186 -3.381962 34.48085 -7.276875 -4.436684 32.68801 -5.113886 -2.740498 34.07673 -4.335124 -0.885601 34.54739 -6.953085 -2.052132 33.42063 -7.935032 -1.639153 32.90868 -6.004922 0.2062492 33.99367 -4.497011 2.18454 34.3681 -8.074776 0.09697723 32.88551 -7.571978 1.294561 33.18938 14.03915 -7.11401 18.72439 15.25785 -4.211254 19.46094 14.2364 -6.154566 16.83243 15.28472 -3.657616 17.46601 15.38884 -2.890875 17.70158 14.1827 -5.107347 14.9791 15.05007 -3.041393 15.50331 15.24724 -1.58939 15.94942 13.90719 -3.923054 13.21315 14.55791 -2.373133 13.60643 14.85442 -0.1895161 14.27731 13.3842 -2.694334 11.54644 13.81666 -1.664267 11.80781 14.2102 1.233932 12.69823 12.65717 -1.360033 10.02834 12.83901 -0.9269238 10.13823 13.3304 2.691963 11.25008 11.64167 -0.1737251 8.62627 12.10229 3.218545 9.668489 14.03915 -7.11401 18.72439 14.2364 -6.154566 16.83243 15.25785 -4.211254 19.46094 15.28472 -3.657616 17.46601 14.1827 -5.107347 14.9791 15.38884 -2.890875 17.70158 15.05007 -3.041393 15.50331 13.90719 -3.923054 13.21315 15.24724 -1.58939 15.94942 14.55791 -2.373133 13.60643 13.3842 -2.694334 11.54644 14.85442 -0.1895161 14.27731 13.81666 -1.664267 11.80781 12.65717 -1.360033 10.02834 14.2102 1.233932 12.69823 12.83901 -0.9269238 10.13823 11.64167 -0.1737251 8.62627 13.3304 2.691963 11.25008 12.10229 3.218545 9.668489 12.39925 -8.351423 24.55169 11.57616 -9.431271 24.34732 11.50938 -8.253056 26.41862 9.757856 -10.55095 25.98371 12.61071 -5.629845 27.08424 8.914655 -9.991772 27.79018 10.42257 -8.013474 28.1646 9.895893 -7.856659 28.82865 11.37073 -5.7551 28.73764 12.98681 -2.860065 27.93521 10.23501 -5.77631 29.91946 11.69452 -3.370548 29.47025 12.61205 -0.1324844 28.91353 10.20214 -3.823357 30.83213 11.37188 -1.022324 30.3125 11.51195 2.36702 29.95254 9.937138 -1.894672 31.52391 10.42479 1.129547 31.20701 9.761501 4.468109 30.98141 9.159255 -0.1272545 32.25859 8.917792 2.938414 32.09279 8.419643 2.148428 32.53946 11.50938 -8.253056 26.41862 9.757856 -10.55095 25.98371 11.57616 -9.431271 24.34732 12.39925 -8.351423 24.55169 8.914655 -9.991772 27.79018 12.61071 -5.629845 27.08424 10.42257 -8.013474 28.1646 9.895893 -7.856659 28.82865 11.37073 -5.7551 28.73764 12.98681 -2.860065 27.93521 10.23501 -5.77631 29.91946 11.69452 -3.370548 29.47025 12.61205 -0.1324844 28.91353 10.20214 -3.823357 30.83213 11.37188 -1.022324 30.3125 11.51195 2.36702 29.95254 9.937138 -1.894672 31.52391 10.42479 1.129547 31.20701 9.761501 4.468109 30.98141 9.159255 -0.1272545 32.25859 8.917792 2.938414 32.09279 8.419643 2.148428 32.53946 -0.1630692 -7.661678 33.1996 -1.645207 -8.846939 32.3717 -2.162097 -8.226505 32.67553 -1.327647 -7.131958 33.38652 -0.410457 -9.690929 31.8583 -0.8037783 -6.892624 33.57619 -0.9342498 -6.596184 33.69942 -0.3924426 -5.781914 34.0442 0.6720248 -8.232491 32.85237 1.027557 -10.18429 31.42331 0.9987353 -5.957481 33.98044 1.321855 -6.345322 33.79052 1.644593 -8.566162 32.55817 1.997027 -10.25283 31.21794 2.636133 -9.374676 31.78576 1.743002 -6.633194 33.6154 2.68835 -8.639961 32.33706 3.222764 -8.542114 32.26899 3.603447 -7.956173 32.51715 2.233483 -6.801468 33.46704 2.759867 -6.838688 33.35553 3.286281 -6.742306 33.28847 4.142315 -7.104427 32.83646 2.784161 -4.920403 34.13434 3.776859 -6.518894 33.27044 4.53062 -6.470398 33.03751 4.198158 -6.183681 33.30266 4.861038 -5.911003 33.18012 4.521475 -5.75951 33.38294 4.724771 -5.275288 33.50581 5.185447 -5.340836 33.29012 4.794197 -4.764011 33.66289 5.553405 -4.67033 33.38081 4.72502 -4.260517 33.84348 6.048047 -3.739288 33.46019 4.521948 -3.799133 34.03527 6.182368 -2.612858 33.68493 6.38852 -3.081253 33.49022 6.873178 -2.065865 33.42026 5.541659 -1.843807 34.06153 7.384771 -0.959095 33.29634 6.789665 -0.2447777 33.64613 5.554918 0.5992126 34.15954 4.198831 -3.411289 34.2252 4.706565 -1.272995 34.40875 4.116904 1.092575 34.59453 3.777682 -3.123421 34.40031 3.734002 -0.9393196 34.70295 3.274852 1.152111 34.77291 2.656085 -0.2601089 34.9233 3.287201 -2.955143 34.54868 2.690237 -0.8655205 34.92406 2.352016 -0.9274445 34.96715 1.885472 -1.85257 34.92295 2.760816 -2.917927 34.66019 2.234402 -3.014305 34.72725 1.429699 -2.727535 34.84728 1.743828 -3.237713 34.74527 1.090712 -3.352932 34.76238 1.322526 -3.572929 34.71305 0.7907349 -3.882374 34.66018 0.9992093 -3.997101 34.63277 0.795913 -4.481323 34.5099 0.4832598 -4.400772 34.52805 0.7264898 -4.992599 34.35282 0.1188492 -4.98872 34.3416 0.7956643 -5.49609 34.17223 -2.162097 -8.226505 32.67553 -1.645207 -8.846939 32.3717 -0.1630692 -7.661678 33.1996 -1.327647 -7.131958 33.38652 -0.410457 -9.690929 31.8583 -0.8037783 -6.892624 33.57619 -0.9342498 -6.596184 33.69942 -0.3924426 -5.781914 34.0442 0.6720248 -8.232491 32.85237 1.027557 -10.18429 31.42331 0.9987353 -5.957481 33.98044 1.321855 -6.345322 33.79052 0.7956643 -5.49609 34.17223 0.1188492 -4.98872 34.3416 0.7264898 -4.992599 34.35282 0.4832598 -4.400772 34.52805 2.784161 -4.920403 34.13434 0.795913 -4.481323 34.5099 0.7907349 -3.882374 34.66018 0.9992093 -3.997101 34.63277 1.322526 -3.572929 34.71305 1.090712 -3.352932 34.76238 1.743828 -3.237713 34.74527 1.429699 -2.727535 34.84728 2.234402 -3.014305 34.72725 1.885472 -1.85257 34.92295 2.690237 -0.8655205 34.92406 2.352016 -0.9274445 34.96715 2.656085 -0.2601089 34.9233 2.760816 -2.917927 34.66019 3.734002 -0.9393196 34.70295 3.274852 1.152111 34.77291 3.287201 -2.955143 34.54868 4.116904 1.092575 34.59453 3.777682 -3.123421 34.40031 4.706565 -1.272995 34.40875 5.554918 0.5992126 34.15954 4.198831 -3.411289 34.2252 5.541659 -1.843807 34.06153 6.789665 -0.2447777 33.64613 7.384771 -0.959095 33.29634 6.873178 -2.065865 33.42026 4.521948 -3.799133 34.03527 6.182368 -2.612858 33.68493 6.38852 -3.081253 33.49022 6.048047 -3.739288 33.46019 4.72502 -4.260517 33.84348 5.553405 -4.67033 33.38081 4.794197 -4.764011 33.66289 5.185447 -5.340836 33.29012 4.724771 -5.275288 33.50581 4.861038 -5.911003 33.18012 4.521475 -5.75951 33.38294 4.198158 -6.183681 33.30266 4.53062 -6.470398 33.03751 3.776859 -6.518894 33.27044 4.142315 -7.104427 32.83646 3.286281 -6.742306 33.28847 3.603447 -7.956173 32.51715 2.759867 -6.838688 33.35553 2.233483 -6.801468 33.46704 2.68835 -8.639961 32.33706 3.222764 -8.542114 32.26899 2.636133 -9.374676 31.78576 1.743002 -6.633194 33.6154 1.644593 -8.566162 32.55817 1.997027 -10.25283 31.21794</float_array>
          <technique_common>
            <accessor source="#geom-BandA_F_Mdl__M_Obj_RailKingPilotHouseBand-positions-array" count="274" stride="3">
              <param name="X" type="float"/>
              <param name="Y" type="float"/>
              <param name="Z" type="float"/>
            </accessor>
          </technique_common>
        </source>
        <source id="geom-BandA_F_Mdl__M_Obj_RailKingPilotHouseBand-normals">
          <float_array id="geom-BandA_F_Mdl__M_Obj_RailKingPilotHouseBand-normals-array" count="822">0.3758491 -0.3915353 -0.8399033 0.4026513 -0.4280197 -0.8091174 0.3266903 -0.477232 -0.815796 0.2841189 -0.4429165 -0.8503538 0.3366458 -0.3386011 -0.8786461 0.2327858 -0.4049194 -0.8842235 0.1016831 -0.5809646 -0.8075523 0.07636756 -0.4737614 -0.8773359 0.09003469 -0.526474 -0.8454105 -0.06848375 -0.5048456 -0.8604888 -0.09387277 -0.5710325 -0.8155427 -0.1077134 -0.6169354 -0.779608 -0.207116 -0.595983 -0.7758269 -0.2034796 -0.6181394 -0.7592759 -0.3758491 0.3915353 0.8399033 -0.3267921 0.4773806 0.8156683 -0.4026513 0.4280197 0.8091174 -0.2841189 0.4429165 0.8503538 -0.3366458 0.3386011 0.8786461 -0.2327858 0.4049194 0.8842235 -0.1017056 0.5807118 0.8077312 -0.07636756 0.4737614 0.8773359 -0.09003469 0.526474 0.8454105 0.0684388 0.5045142 0.8606867 0.09387277 0.5710325 0.8155427 0.1077454 0.6171189 0.7794584 0.2071773 0.5961594 0.7756749 0.2034851 0.6183468 0.7591056 0.2777424 0.3028704 -0.9116627 0.2776551 0.35784 -0.8915482 0.3504443 0.3585986 -0.8652145 0.3503489 0.2956128 -0.8887457 0.39943 0.3582281 -0.843877 0.270374 0.2231658 -0.9365335 0.4049135 0.2857091 -0.8685709 0.3424756 0.1724299 -0.9235683 0.3325091 0.06675933 -0.9407343 0.4127335 0.1411381 -0.8998505 0.4854051 0.07629906 -0.8709537 0.3721049 -0.002288996 -0.9281878 0.3363492 -0.07782815 -0.9385159 0.4711716 0.02518002 -0.8816822 0.4285839 -0.04882843 -0.9021816 -0.2777103 -0.3032168 0.9115573 -0.3504922 -0.3582661 0.8653327 -0.2776551 -0.35784 0.8915482 -0.3503489 -0.2956128 0.8887457 -0.39943 -0.3582281 0.843877 -0.2703509 -0.2235283 0.9364537 -0.4049577 -0.2853587 0.8686656 -0.3424981 -0.1720598 0.923629 -0.3325176 -0.06637953 0.9407582 -0.4127557 -0.1407642 0.899899 -0.4853909 -0.07667831 0.8709283 -0.3721052 0.001907498 0.9281886 -0.3363291 0.07858647 0.9384599 -0.471167 -0.02556129 0.8816736 -0.4285799 0.04901871 0.9021732 -0.9261727 0.3661968 0.09002338 -0.928902 0.359735 0.08793096 -0.9251625 0.3540051 0.1369481 -0.9443967 0.2971564 0.1407583 -0.9877314 0.09594069 0.1232161 -0.912468 0.3171894 0.2584436 -0.9438327 0.2153354 0.2506206 -0.9706127 0.06065137 0.2328784 -0.8846611 0.2760036 0.3757616 -0.9240735 0.1331276 0.3582811 -0.9371848 0.01955051 0.3482852 -0.8442993 0.2326043 0.4827565 -0.8865347 0.05083079 0.4598613 -0.8879123 -0.01955124 0.4595971 -0.7945331 0.187953 0.5774001 -0.8336362 -0.02346122 0.5518155 -0.8303868 -0.05674516 0.5542905 -0.7988105 -0.07248042 0.5972005 -0.7994457 -0.07428942 0.5961273 0.9262373 -0.3660316 -0.09002966 0.9251625 -0.3540051 -0.1369481 0.9288383 -0.359901 -0.08792493 0.9443967 -0.2971564 -0.1407583 0.912468 -0.3171894 -0.2584436 0.9877495 -0.0957517 -0.1232183 0.9438327 -0.2153354 -0.2506206 0.8846611 -0.2760036 -0.3757616 0.9706127 -0.06065137 -0.2328784 0.9240735 -0.1331276 -0.3582811 0.8443181 -0.2325141 -0.4827672 0.9371848 -0.01955051 -0.3482852 0.8865304 -0.05092591 -0.459859 0.7945911 -0.1878714 -0.5773469 0.8879123 0.01955124 -0.4595971 0.8336362 0.02346122 -0.5518155 0.7988105 0.07248042 -0.5972005 0.8303822 0.05684022 -0.5542875 0.7994457 0.07428942 -0.5961273 -0.736237 0.5599979 -0.379944 -0.7046048 0.6067536 -0.3679433 -0.717872 0.5277938 -0.4539751 -0.6673142 0.5949273 -0.4480552 -0.7635028 0.368114 -0.5306183 -0.6472729 0.5849103 -0.4887921 -0.6810722 0.5049148 -0.5302845 -0.6413429 0.4575708 -0.61588 -0.7312853 0.3576317 -0.5807939 -0.7807088 0.1976092 -0.5928275 -0.6808084 0.3423592 -0.6475261 -0.7459418 0.2096381 -0.6321573 -0.7593234 0.03719369 -0.6496497 -0.6928498 0.2189653 -0.6870323 -0.7241098 0.06065243 -0.6870127 -0.6947339 -0.1115617 -0.7105623 -0.6752055 0.09212549 -0.7318541 -0.6679107 -0.0764907 -0.7403003 -0.6493738 -0.178151 -0.7393077 -0.6297685 -0.01563931 -0.7766255 -0.6264089 -0.1468518 -0.7655368 -0.5828234 -0.08984122 -0.8076172 0.7177275 -0.528069 0.4538837 0.6673142 -0.5949273 0.4480552 0.7046048 -0.6067536 0.3679433 0.736237 -0.5599979 0.379944 0.6472729 -0.5849103 0.4887921 0.7635028 -0.368114 0.5306183 0.6809344 -0.5048127 0.5305586 0.6413429 -0.4575708 0.61588 0.7311854 -0.3579643 0.5807146 0.7807088 -0.1976092 0.5928275 0.6808084 -0.3423592 0.6475261 0.7458518 -0.2096128 0.6322717 0.7593234 -0.03719369 0.6496497 0.6927919 -0.2193285 0.6869749 0.7241098 -0.06065243 0.6870127 0.694828 0.1115768 0.7104679 0.6752055 -0.09212549 0.7318541 0.6678261 0.07629028 0.7403973 0.6494875 0.1779914 0.7392463 0.6297685 0.01563931 0.7766255 0.6264089 0.1468518 0.7655368 0.5828134 0.09003042 0.8076033 0.005865473 0.4967055 -0.8678994 0.04302919 0.5362796 -0.842943 0.08605 0.4950378 -0.8645999 0.08809794 0.4936346 -0.8651958 -0.007822584 0.5672075 -0.8235378 0.007826958 0.4189002 -0.9079986 0.009788492 0.387629 -0.9217635 0.007824742 0.3792601 -0.9252571 -0.03130999 0.5363407 -0.8434206 -0.06660171 0.5894716 -0.8050389 -0.03525594 0.3936744 -0.9185737 -0.05672447 0.4242294 -0.9037765 -0.09007104 0.5444081 -0.8339707 -0.1253317 0.6011726 -0.7892298 -0.1291755 0.6008162 -0.7888812 -0.09202271 0.4485168 -0.8890244 -0.1682154 0.5143281 -0.8409342 -0.1978154 0.4952658 -0.8459202 -0.205587 0.4856641 -0.8496261 -0.1311949 0.4620195 -0.8771123 -0.1722355 0.4638724 -0.8689979 -0.2074014 0.4498067 -0.8687109 -0.2564778 0.4677453 -0.845833 -0.1761921 0.3112807 -0.9338419 -0.2386505 0.4185028 -0.8762998 -0.3012289 0.4345096 -0.8488007 -0.2563344 0.3852644 -0.8864897 -0.3386027 0.3875193 -0.8574247 -0.2717428 0.3578098 -0.8933801 -0.2896205 0.3303409 -0.8983289 -0.3600553 0.3345448 -0.8708846 -0.3090821 0.2955899 -0.903933 -0.3639326 0.2799702 -0.8883523 -0.3210976 0.2544745 -0.9122166 -0.354196 0.230759 -0.9062536 -0.3149841 0.2189536 -0.9234957 -0.3596837 0.1838712 -0.9147782 -0.3580211 0.219 -0.9076673 -0.4223178 0.09574508 -0.9013771 -0.34429 0.1037639 -0.9331117 -0.4192184 0.09230147 -0.9031813 -0.3771669 0.05454164 -0.924538 -0.324907 0.02173993 -0.9454961 -0.2893472 0.1876538 -0.9386503 -0.3056433 0.06065185 -0.9502124 -0.2683029 0 -0.9633346 -0.2562287 0.1644136 -0.9525309 -0.2504401 0.05492758 -0.9665726 -0.207392 -0.01373394 -0.9781616 -0.2055116 -0.01373415 -0.9785583 -0.2153165 0.1506977 -0.9648467 -0.1781001 0.1018396 -0.9787282 -0.1467369 0.1171035 -0.9822195 -0.1408928 0.1235956 -0.9822797 -0.1761463 0.1506828 -0.9727626 -0.1408563 0.1663473 -0.9759549 -0.08997257 0.1411147 -0.9858963 -0.1153601 0.2052118 -0.9718952 -0.04497396 0.1739359 -0.9837295 -0.1018171 0.2407365 -0.9652354 -0.005877948 0.2212875 -0.9751909 -0.0900567 0.2682089 -0.9591423 -0.07237333 0.2891833 -0.954534 0.01564915 0.2777091 -0.9605378 -0.04890413 0.3185952 -0.9466285 0.01957761 0.3307799 -0.9435048 -0.02932285 0.3596936 -0.9326096 -0.08606625 -0.4947498 0.8647631 -0.04304679 -0.5357357 0.8432878 -0.005866584 -0.496418 0.8680639 -0.08811453 -0.493346 0.8653587 0.007822584 -0.5672075 0.8235378 -0.007826958 -0.4189002 0.9079986 -0.009788492 -0.387629 0.9217635 -0.007823609 -0.3795866 0.9251232 0.03130999 -0.5363407 0.8434206 0.06660171 -0.5894716 0.8050389 0.03525594 -0.3936744 0.9185737 0.05671528 -0.4245422 0.9036301 0.02932285 -0.3596936 0.9326096 -0.01957514 -0.3311196 0.9433857 0.04889819 -0.318938 0.9465134 -0.01564749 -0.2780611 0.960436 0.1761921 -0.3112807 0.9338419 0.07236534 -0.2895329 0.9544286 0.005877948 -0.2212875 0.9751909 0.09005079 -0.268209 0.9591429 0.1018077 -0.2410959 0.9651467 0.04497396 -0.1739359 0.9837295 0.1153511 -0.2055771 0.971819 0.08997741 -0.1407409 0.9859493 0.1408563 -0.1663473 0.9759549 0.1408994 -0.1232199 0.982326 0.1781001 -0.1018396 0.9787282 0.1467303 -0.1174796 0.9821755 0.2055116 0.01373415 0.9785583 0.1761463 -0.1506828 0.9727626 0.2504454 -0.05454726 0.9665928 0.2073931 0.01335251 0.9781666 0.2153165 -0.1506977 0.9648467 0.2683029 0 0.9633346 0.2562447 -0.1640424 0.9525906 0.3056433 -0.06065185 0.9502124 0.3249097 -0.0213587 0.9455038 0.2893472 -0.1876538 0.9386503 0.3443036 -0.1033865 0.9331486 0.377159 -0.0549219 0.9245187 0.4192331 -0.09192328 0.903213 0.4223178 -0.09574508 0.9013771 0.3149841 -0.2189536 0.9234957 0.3596837 -0.1838712 0.9147782 0.3579912 -0.2193632 0.9075914 0.3541648 -0.2311201 0.9061738 0.3210976 -0.2544745 0.9122166 0.3639715 -0.2796186 0.888447 0.309117 -0.2952418 0.9040349 0.3600093 -0.3348835 0.8707734 0.289584 -0.3306807 0.8982157 0.3386027 -0.3875193 0.8574247 0.2717428 -0.3578098 0.8933801 0.2562967 -0.3855892 0.8863594 0.3012788 -0.4342001 0.8489413 0.2386124 -0.4188174 0.8761598 0.256432 -0.4680433 0.8456821 0.2073658 -0.4501111 0.8685617 0.2056251 -0.4853725 0.8497835 0.1722355 -0.4638724 0.8689979 0.1311717 -0.4623196 0.8769576 0.1682154 -0.5143281 0.8409342 0.1978154 -0.4952658 0.8459202 0.1291459 -0.6010599 0.7887005 0.09202271 -0.4485168 0.8890244 0.09008973 -0.5441396 0.8341438 0.1253317 -0.6011726 0.7892298</float_array>
          <technique_common>
            <accessor source="#geom-BandA_F_Mdl__M_Obj_RailKingPilotHouseBand-normals-array" count="274" stride="3">
              <param name="X" type="float"/>
              <param name="Y" type="float"/>
              <param name="Z" type="float"/>
            </accessor>
          </technique_common>
        </source>
        <source id="geom-BandA_F_Mdl__M_Obj_RailKingPilotHouseBand-map-2">
          <float_array id="geom-BandA_F_Mdl__M_Obj_RailKingPilotHouseBand-map-2-array" count="822">1 1 1 1 1 1 1 1 1 1 1 1 1 1 1 1 1 1 1 1 1 1 1 1 1 1 1 1 1 1 1 1 1 1 1 1 1 1 1 1 1 1 1 1 1 1 1 1 1 1 1 1 1 1 1 1 1 1 1 1 1 1 1 1 1 1 1 1 1 1 1 1 1 1 1 1 1 1 1 1 1 1 1 1 1 1 1 1 1 1 1 1 1 1 1 1 1 1 1 1 1 1 1 1 1 1 1 1 1 1 1 1 1 1 1 1 1 1 1 1 1 1 1 1 1 1 1 1 1 1 1 1 1 1 1 1 1 1 1 1 1 1 1 1 1 1 1 1 1 1 1 1 1 1 1 1 1 1 1 1 1 1 1 1 1 1 1 1 1 1 1 1 1 1 1 1 1 1 1 1 1 1 1 1 1 1 1 1 1 1 1 1 1 1 1 1 1 1 1 1 1 1 1 1 1 1 1 1 1 1 1 1 1 1 1 1 1 1 1 1 1 1 1 1 1 1 1 1 1 1 1 1 1 1 1 1 1 1 1 1 1 1 1 1 1 1 1 1 1 1 1 1 1 1 1 1 1 1 1 1 1 1 1 1 1 1 1 1 1 1 1 1 1 1 1 1 1 1 1 1 1 1 1 1 1 1 1 1 1 1 1 1 1 1 1 1 1 1 1 1 1 1 1 1 1 1 1 1 1 1 1 1 1 1 1 1 1 1 1 1 1 1 1 1 1 1 1 1 1 1 1 1 1 1 1 1 1 1 1 1 1 1 1 1 1 1 1 1 1 1 1 1 1 1 1 1 1 1 1 1 1 1 1 1 1 1 1 1 1 1 1 1 1 1 1 1 1 1 1 1 1 1 1 1 1 1 1 1 1 1 1 1 1 1 1 1 1 1 1 1 1 1 1 1 1 1 1 1 1 1 1 1 1 1 1 1 1 1 1 1 1 1 1 1 1 1 1 1 1 1 1 1 1 1 1 1 1 1 1 1 1 1 1 1 1 1 1 1 1 1 1 1 1 1 1 1 1 1 1 1 1 1 1 1 1 1 1 1 1 1 1 1 1 1 1 1 1 1 1 1 1 1 1 1 1 1 1 1 1 1 1 1 1 1 1 1 1 1 1 1 1 1 1 1 1 1 1 1 1 1 1 1 1 1 1 1 1 1 1 1 1 1 1 1 1 1 1 1 1 1 1 1 1 1 1 1 1 1 1 1 1 1 1 1 1 1 1 1 1 1 1 1 1 1 1 1 1 1 1 1 1 1 1 1 1 1 1 1 1 1 1 1 1 1 1 1 1 1 1 1 1 1 1 1 1 1 1 1 1 1 1 1 1 1 1 1 1 1 1 1 1 1 1 1 1 1 1 1 1 1 1 1 1 1 1 1 1 1 1 1 1 1 1 1 1 1 1 1 1 1 1 1 1 1 1 1 1 1 1 1 1 1 1 1 1 1 1 1 1 1 1 1 1 1 1 1 1 1 1 1 1 1 1 1 1 1 1 1 1 1 1 1 1 1 1 1 1 1 1 1 1 1 1 1 1 1 1 1 1 1 1 1 1 1 1 1 1 1 1 1 1 1 1 1 1 1 1 1 1 1 1 1 1 1 1 1 1 1 1 1 1 1 1 1 1 1 1 1 1 1 1 1 1 1 1 1 1 1 1 1 1 1 1 1 1 1 1 1 1 1 1 1 1 1 1 1 1 1 1 1 1 1 1 1 1 1 1 1 1 1 1 1 1 1 1 1 1 1 1 1 1 1 1 1 1 1 1 1 1 1 1 1 1 1 1 1 1 1 1 1 1 1 1 1 1 1 1 1 1 1 1 1 1 1 1 1 1 1 1 1 1 1</float_array>
          <technique_common>
            <accessor source="#geom-BandA_F_Mdl__M_Obj_RailKingPilotHouseBand-map-2-array" count="274" stride="3">
              <param name="R" type="float"/>
              <param name="G" type="float"/>
              <param name="B" type="float"/>
            </accessor>
          </technique_common>
        </source>
        <source id="geom-BandA_F_Mdl__M_Obj_RailKingPilotHouseBand-map0">
          <float_array id="geom-BandA_F_Mdl__M_Obj_RailKingPilotHouseBand-map0-array" count="822">1 1 1 1 1 1 1 1 1 1 1 1 1 1 1 1 1 1 1 1 1 1 1 1 1 1 1 1 1 1 1 1 1 1 1 1 1 1 1 1 1 1 1 1 1 1 1 1 1 1 1 1 1 1 1 1 1 1 1 1 1 1 1 1 1 1 1 1 1 1 1 1 1 1 1 1 1 1 1 1 1 1 1 1 1 1 1 1 1 1 1 1 1 1 1 1 1 1 1 1 1 1 1 1 1 1 1 1 1 1 1 1 1 1 1 1 1 1 1 1 1 1 1 1 1 1 1 1 1 1 1 1 1 1 1 1 1 1 1 1 1 1 1 1 1 1 1 1 1 1 1 1 1 1 1 1 1 1 1 1 1 1 1 1 1 1 1 1 1 1 1 1 1 1 1 1 1 1 1 1 1 1 1 1 1 1 1 1 1 1 1 1 1 1 1 1 1 1 1 1 1 1 1 1 1 1 1 1 1 1 1 1 1 1 1 1 1 1 1 1 1 1 1 1 1 1 1 1 1 1 1 1 1 1 1 1 1 1 1 1 1 1 1 1 1 1 1 1 1 1 1 1 1 1 1 1 1 1 1 1 1 1 1 1 1 1 1 1 1 1 1 1 1 1 1 1 1 1 1 1 1 1 1 1 1 1 1 1 1 1 1 1 1 1 1 1 1 1 1 1 1 1 1 1 1 1 1 1 1 1 1 1 1 1 1 1 1 1 1 1 1 1 1 1 1 1 1 1 1 1 1 1 1 1 1 1 1 1 1 1 1 1 1 1 1 1 1 1 1 1 1 1 1 1 1 1 1 1 1 1 1 1 1 1 1 1 1 1 1 1 1 1 1 1 1 1 1 1 1 1 1 1 1 1 1 1 1 1 1 1 1 1 1 1 1 1 1 1 1 1 1 1 1 1 1 1 1 1 1 1 1 1 1 1 1 1 1 1 1 1 1 1 1 1 1 1 1 1 1 1 1 1 1 1 1 1 1 1 1 1 1 1 1 1 1 1 1 1 1 1 1 1 1 1 1 1 1 1 1 1 1 1 1 1 1 1 1 1 1 1 1 1 1 1 1 1 1 1 1 1 1 1 1 1 1 1 1 1 1 1 1 1 1 1 1 1 1 1 1 1 1 1 1 1 1 1 1 1 1 1 1 1 1 1 1 1 1 1 1 1 1 1 1 1 1 1 1 1 1 1 1 1 1 1 1 1 1 1 1 1 1 1 1 1 1 1 1 1 1 1 1 1 1 1 1 1 1 1 1 1 1 1 1 1 1 1 1 1 1 1 1 1 1 1 1 1 1 1 1 1 1 1 1 1 1 1 1 1 1 1 1 1 1 1 1 1 1 1 1 1 1 1 1 1 1 1 1 1 1 1 1 1 1 1 1 1 1 1 1 1 1 1 1 1 1 1 1 1 1 1 1 1 1 1 1 1 1 1 1 1 1 1 1 1 1 1 1 1 1 1 1 1 1 1 1 1 1 1 1 1 1 1 1 1 1 1 1 1 1 1 1 1 1 1 1 1 1 1 1 1 1 1 1 1 1 1 1 1 1 1 1 1 1 1 1 1 1 1 1 1 1 1 1 1 1 1 1 1 1 1 1 1 1 1 1 1 1 1 1 1 1 1 1 1 1 1 1 1 1 1 1 1 1 1 1 1 1 1 1 1 1 1 1 1 1 1 1 1 1 1 1 1 1 1 1 1 1 1 1 1 1 1 1 1 1 1 1 1 1 1 1 1 1 1 1 1 1 1 1 1 1 1 1 1 1 1 1 1 1 1 1 1 1 1 1 1 1 1 1 1 1 1 1 1 1 1 1 1 1 1 1 1 1 1 1 1 1 1 1 1 1 1</float_array>
          <technique_common>
            <accessor source="#geom-BandA_F_Mdl__M_Obj_RailKingPilotHouseBand-map0-array" count="274" stride="3">
              <param name="R" type="float"/>
              <param name="G" type="float"/>
              <param name="B" type="float"/>
            </accessor>
          </technique_common>
        </source>
        <source id="geom-BandA_F_Mdl__M_Obj_RailKingPilotHouseBand-map1">
          <float_array id="geom-BandA_F_Mdl__M_Obj_RailKingPilotHouseBand-map1-array" count="822">0.9794922 0.9290161 0 1.024414 0.7744141 0 0.7509766 0.7513428 0 0.7363281 0.8717041 0 0.9545898 1.005775 0 0.7138672 1.028702 0 0.4836426 0.7546387 0 0.4934082 1.015579 0 0.4880371 0.8581543 0 0.2749023 1.043365 0 0.2420654 0.8894653 0 0.2092285 0.7351074 0 0.005092621 0.9640808 0 0.02217102 0.7932129 0 0.9794922 0.9290161 0 0.7509766 0.7513428 0 1.024414 0.7744141 0 0.7363281 0.8717041 0 0.9545898 1.005775 0 0.7138672 1.028702 0 0.4836426 0.7546387 0 0.4934082 1.015579 0 0.4880371 0.8581543 0 0.2749023 1.043365 0 0.2420654 0.8894653 0 0.2092285 0.7351074 0 0.005092621 0.9640808 0 0.02217102 0.7932129 0 0.8852539 0.2324219 0 0.9697266 0.2192383 0 0.9672852 0.1103516 0 0.8603516 0.1274414 0 0.9638672 0.001953125 0 0.8037109 0.262207 0 0.8349609 0.02294922 0 0.7578125 0.1645508 0 0.6635742 0.2202148 0 0.7128906 0.06787109 0 0.6870117 0.01269531 0 0.6000977 0.1337891 0 0.5009766 0.21875 0 0.597168 0.01171875 0 0.5380859 0.04638672 0 0.8852539 0.2324219 0 0.9672852 0.1103516 0 0.9697266 0.2192383 0 0.8603516 0.1274414 0 0.9638672 0.001953125 0 0.8037109 0.262207 0 0.8349609 0.02294922 0 0.7578125 0.1645508 0 0.6635742 0.2202148 0 0.7128906 0.06787109 0 0.6870117 0.01269531 0 0.6000977 0.1337891 0 0.5009766 0.21875 0 0.597168 0.01171875 0 0.5380859 0.04638672 0 -0.002159119 0.4941406 0 0.06921387 0.7463379 0 0.1518555 0.4956055 0 0.2093506 0.6989746 0 0.2318115 0.7556152 0 0.3029785 0.4926758 0 0.3481445 0.652832 0 0.3891602 0.7553711 0 0.4536133 0.4916992 0 0.4863281 0.607666 0 0.5463867 0.756958 0 0.6025391 0.4873047 0 0.6235352 0.5627441 0 0.7026367 0.7568359 0 0.7514648 0.4868164 0 0.7607422 0.5180664 0 0.8588867 0.7578125 0 0.8969727 0.4726562 0 0.9902344 0.6975098 0 -0.002159119 0.4941406 0 0.1518555 0.4956055 0 0.06921387 0.7463379 0 0.2093506 0.6989746 0 0.3029785 0.4926758 0 0.2318115 0.7556152 0 0.3481445 0.652832 0 0.4536133 0.4916992 0 0.3891602 0.7553711 0 0.4863281 0.607666 0 0.6025391 0.4873047 0 0.5463867 0.756958 0 0.6235352 0.5627441 0 0.7514648 0.4868164 0 0.7026367 0.7568359 0 0.7607422 0.5180664 0 0.8969727 0.4726562 0 0.8588867 0.7578125 0 0.9902344 0.6975098 0 0.1096191 0.2089844 0 0.03445435 0.246582 0 0.1595459 0.3271484 0 -0.001173973 0.409668 0 0.329834 0.2700195 0 0.07110596 0.5180664 0 0.2119141 0.4448242 0 0.2342529 0.4941406 0 0.3625488 0.3945312 0 0.5058594 0.2387695 0 0.3894043 0.4926758 0 0.519043 0.3662109 0 0.6845703 0.2333984 0 0.5327148 0.4946289 0 0.6782227 0.3613281 0 0.8623047 0.2543945 0 0.6713867 0.4902344 0 0.8354492 0.3798828 0 1.03418 0.3022461 0 0.8085938 0.5056152 0 0.987793 0.421875 0 0.9638672 0.4814453 0 0.1595459 0.3271484 0 -0.001173973 0.409668 0 0.03445435 0.246582 0 0.1096191 0.2089844 0 0.07110596 0.5180664 0 0.329834 0.2700195 0 0.2119141 0.4448242 0 0.2342529 0.4941406 0 0.3625488 0.3945312 0 0.5058594 0.2387695 0 0.3894043 0.4926758 0 0.519043 0.3662109 0 0.6845703 0.2333984 0 0.5327148 0.4946289 0 0.6782227 0.3613281 0 0.8623047 0.2543945 0 0.6713867 0.4902344 0 0.8354492 0.3798828 0 1.03418 0.3022461 0 0.8085938 0.5056152 0 0.987793 0.421875 0 0.9638672 0.4814453 0 0.1098633 0.1674805 0 0.03881836 0.1855469 0 0.04986572 0.2143555 0 0.1049194 0.2133789 0 0.03210449 0.1289062 0 0.1239014 0.203125 0 0.1313477 0.2128906 0 0.1680908 0.2124023 0 0.1051636 0.1293945 0 0.03903198 0.07275391 0 0.1877441 0.1665039 0 0.180542 0.1484375 0 0.1100464 0.09130859 0 0.05194092 0.03955078 0 0.09558105 0.03955078 0 0.1781006 0.1293945 0 0.1243286 0.05566406 0 0.1361084 0.04003906 0 0.1624756 0.04003906 0 0.1806641 0.1103516 0 0.1879883 0.09277344 0 0.199585 0.07714844 0 0.2001953 0.04052734 0 0.2512207 0.1298828 0 0.2147217 0.06542969 0 0.2277832 0.04052734 0 0.2325439 0.05810547 0 0.2514648 0.04101562 0 0.2514648 0.05566406 0 0.2705078 0.05859375 0 0.2751465 0.04101562 0 0.2880859 0.06591797 0 0.3027344 0.04101562 0 0.3032227 0.07763672 0 0.3405762 0.04101562 0 0.3146973 0.09326172 0 0.378418 0.05664062 0 0.3666992 0.04101562 0 0.4072266 0.04052734 0 0.3925781 0.09228516 0 0.4509277 0.04052734 0 0.463623 0.07421875 0 0.4702148 0.1303711 0 0.3217773 0.1108398 0 0.3972168 0.1303711 0 0.4633789 0.1870117 0 0.3242187 0.1298828 0 0.392334 0.168457 0 0.4521484 0.2158203 0 0.3969727 0.2143555 0 0.3217773 0.1494141 0 0.3781738 0.2036133 0 0.3706055 0.2138672 0 0.3337402 0.2133789 0 0.3144531 0.1669922 0 0.3027344 0.1821289 0 0.2983398 0.2128906 0 0.2875977 0.1938477 0 0.2729492 0.2124023 0 0.2700195 0.2011719 0 0.2509766 0.2124023 0 0.2509766 0.2036133 0 0.2319336 0.2011719 0 0.2288818 0.2124023 0 0.2143555 0.1938477 0 0.2033691 0.2124023 0 0.1992187 0.1816406 0 0.04986572 0.2143555 0 0.03881836 0.1855469 0 0.1098633 0.1674805 0 0.1049194 0.2133789 0 0.03210449 0.1289062 0 0.1239014 0.203125 0 0.1313477 0.2128906 0 0.1680908 0.2124023 0 0.1051636 0.1293945 0 0.03903198 0.07275391 0 0.1877441 0.1665039 0 0.180542 0.1484375 0 0.1992187 0.1816406 0 0.2033691 0.2124023 0 0.2143555 0.1938477 0 0.2288818 0.2124023 0 0.2512207 0.1298828 0 0.2319336 0.2011719 0 0.2509766 0.2124023 0 0.2509766 0.2036133 0 0.2700195 0.2011719 0 0.2729492 0.2124023 0 0.2875977 0.1938477 0 0.2983398 0.2128906 0 0.3027344 0.1821289 0 0.3337402 0.2133789 0 0.3781738 0.2036133 0 0.3706055 0.2138672 0 0.3969727 0.2143555 0 0.3144531 0.1669922 0 0.392334 0.168457 0 0.4521484 0.2158203 0 0.3217773 0.1494141 0 0.4633789 0.1870117 0 0.3242187 0.1298828 0 0.3972168 0.1303711 0 0.4702148 0.1303711 0 0.3217773 0.1108398 0 0.3925781 0.09228516 0 0.463623 0.07421875 0 0.4509277 0.04052734 0 0.4072266 0.04052734 0 0.3146973 0.09326172 0 0.378418 0.05664062 0 0.3666992 0.04101562 0 0.3405762 0.04101562 0 0.3032227 0.07763672 0 0.3027344 0.04101562 0 0.2880859 0.06591797 0 0.2751465 0.04101562 0 0.2705078 0.05859375 0 0.2514648 0.04101562 0 0.2514648 0.05566406 0 0.2325439 0.05810547 0 0.2277832 0.04052734 0 0.2147217 0.06542969 0 0.2001953 0.04052734 0 0.199585 0.07714844 0 0.1624756 0.04003906 0 0.1879883 0.09277344 0 0.1806641 0.1103516 0 0.1243286 0.05566406 0 0.1361084 0.04003906 0 0.09558105 0.03955078 0 0.1781006 0.1293945 0 0.1100464 0.09130859 0 0.05194092 0.03955078 0</float_array>
          <technique_common>
            <accessor source="#geom-BandA_F_Mdl__M_Obj_RailKingPilotHouseBand-map1-array" count="274" stride="3">
              <param name="S" type="float"/>
              <param name="T" type="float"/>
              <param name="P" type="float"/>
            </accessor>
          </technique_common>
        </source>
        <vertices id="geom-BandA_F_Mdl__M_Obj_RailKingPilotHouseBand-vertices">
          <input semantic="POSITION" source="#geom-BandA_F_Mdl__M_Obj_RailKingPilotHouseBand-positions"/>
        </vertices>
        <triangles material="M_Obj_RailKingPilotHouseBand" count="360">
          <input semantic="VERTEX" source="#geom-BandA_F_Mdl__M_Obj_RailKingPilotHouseBand-vertices" offset="0"/>
          <input semantic="NORMAL" source="#geom-BandA_F_Mdl__M_Obj_RailKingPilotHouseBand-normals" offset="1"/>
          <input semantic="COLOR" source="#geom-BandA_F_Mdl__M_Obj_RailKingPilotHouseBand-map0" offset="2" set="0"/>
          <input semantic="TEXCOORD" source="#geom-BandA_F_Mdl__M_Obj_RailKingPilotHouseBand-map1" offset="3" set="0"/>
          <p>0 0 0 0 1 1 1 1 2 2 2 2 0 0 0 0 2 2 2 2 3 3 3 3 4 4 4 4 0 0 0 0 3 3 3 3 4 4 4 4 3 3 3 3 5 5 5 5 2 2 2 2 6 6 6 6 3 3 3 3 5 5 5 5 3 3 3 3 7 7 7 7 7 7 7 7 3 3 3 3 8 8 8 8 3 3 3 3 6 6 6 6 8 8 8 8 7 7 7 7 8 8 8 8 9 9 9 9 8 8 8 8 6 6 6 6 10 10 10 10 8 8 8 8 10 10 10 10 9 9 9 9 6 6 6 6 11 11 11 11 10 10 10 10 9 9 9 9 10 10 10 10 12 12 12 12 10 10 10 10 11 11 11 11 13 13 13 13 10 10 10 10 13 13 13 13 12 12 12 12 14 14 14 14 15 15 15 15 16 16 16 16 17 17 17 17 15 15 15 15 14 14 14 14 18 18 18 18 17 17 17 17 14 14 14 14 18 18 18 18 19 19 19 19 17 17 17 17 17 17 17 17 20 20 20 20 15 15 15 15 17 17 17 17 19 19 19 19 21 21 21 21 17 17 17 17 21 21 21 21 22 22 22 22 17 17 17 17 22 22 22 22 20 20 20 20 22 22 22 22 21 21 21 21 23 23 23 23 20 20 20 20 22 22 22 22 24 24 24 24 22 22 22 22 23 23 23 23 24 24 24 24 20 20 20 20 24 24 24 24 25 25 25 25 24 24 24 24 23 23 23 23 26 26 26 26 24 24 24 24 27 27 27 27 25 25 25 25 24 24 24 24 26 26 26 26 27 27 27 27 28 28 28 28 29 29 29 29 30 30 30 30 31 31 31 31 28 28 28 28 30 30 30 30 31 31 31 31 30 30 30 30 32 32 32 32 33 33 33 33 28 28 28 28 31 31 31 31 34 34 34 34 31 31 31 31 32 32 32 32 35 35 35 35 33 33 33 33 31 31 31 31 34 34 34 34 35 35 35 35 31 31 31 31 36 36 36 36 33 33 33 33 35 35 35 35 37 37 37 37 35 35 35 35 34 34 34 34 36 36 36 36 35 35 35 35 37 37 37 37 38 38 38 38 37 37 37 37 34 34 34 34 39 39 39 39 36 36 36 36 37 37 37 37 39 39 39 39 37 37 37 37 38 38 38 38 39 39 39 39 40 40 40 40 36 36 36 36 41 41 41 41 39 39 39 39 38 38 38 38 42 42 42 42 40 40 40 40 39 39 39 39 41 41 41 41 42 42 42 42 39 39 39 39 43 43 43 43 44 44 44 44 45 45 45 45 46 46 46 46 44 44 44 44 43 43 43 43 46 46 46 46 47 47 47 47 44 44 44 44 48 48 48 48 46 46 46 46 43 43 43 43 49 49 49 49 47 47 47 47 46 46 46 46 50 50 50 50 46 46 46 46 48 48 48 48 49 49 49 49 46 46 46 46 50 50 50 50 51 51 51 51 50 50 50 50 48 48 48 48 52 52 52 52 49 49 49 49 50 50 50 50 51 51 51 51 52 52 52 52 50 50 50 50 53 53 53 53 49 49 49 49 52 52 52 52 54 54 54 54 52 52 52 52 51 51 51 51 54 54 54 54 53 53 53 53 52 52 52 52 54 54 54 54 51 51 51 51 55 55 55 55 56 56 56 56 53 53 53 53 54 54 54 54 54 54 54 54 55 55 55 55 57 57 57 57 56 56 56 56 54 54 54 54 57 57 57 57 58 58 58 58 59 59 59 59 60 60 60 60 59 59 59 59 61 61 61 61 60 60 60 60 59 59 59 59 62 62 62 62 61 61 61 61 60 60 60 60 61 61 61 61 63 63 63 63 62 62 62 62 64 64 64 64 61 61 61 61 61 61 61 61 64 64 64 64 63 63 63 63 62 62 62 62 65 65 65 65 64 64 64 64 63 63 63 63 64 64 64 64 66 66 66 66 64 64 64 64 65 65 65 65 67 67 67 67 64 64 64 64 67 67 67 67 66 66 66 66 65 65 65 65 68 68 68 68 67 67 67 67 66 66 66 66 67 67 67 67 69 69 69 69 67 67 67 67 68 68 68 68 70 70 70 70 67 67 67 67 70 70 70 70 69 69 69 69 68 68 68 68 71 71 71 71 70 70 70 70 69 69 69 69 70 70 70 70 72 72 72 72 70 70 70 70 71 71 71 71 73 73 73 73 70 70 70 70 73 73 73 73 72 72 72 72 71 71 71 71 74 74 74 74 73 73 73 73 72 72 72 72 73 73 73 73 75 75 75 75 73 73 73 73 74 74 74 74 76 76 76 76 73 73 73 73 76 76 76 76 75 75 75 75 77 77 77 77 78 78 78 78 79 79 79 79 78 78 78 78 80 80 80 80 79 79 79 79 78 78 78 78 81 81 81 81 80 80 80 80 79 79 79 79 80 80 80 80 82 82 82 82 81 81 81 81 83 83 83 83 80 80 80 80 80 80 80 80 83 83 83 83 82 82 82 82 81 81 81 81 84 84 84 84 83 83 83 83 82 82 82 82 83 83 83 83 85 85 85 85 84 84 84 84 86 86 86 86 83 83 83 83 83 83 83 83 86 86 86 86 85 85 85 85 84 84 84 84 87 87 87 87 86 86 86 86 85 85 85 85 86 86 86 86 88 88 88 88 87 87 87 87 89 89 89 89 86 86 86 86 86 86 86 86 89 89 89 89 88 88 88 88 87 87 87 87 90 90 90 90 89 89 89 89 88 88 88 88 89 89 89 89 91 91 91 91 90 90 90 90 92 92 92 92 89 89 89 89 89 89 89 89 92 92 92 92 91 91 91 91 90 90 90 90 93 93 93 93 92 92 92 92 91 91 91 91 92 92 92 92 94 94 94 94 93 93 93 93 95 95 95 95 92 92 92 92 92 92 92 92 95 95 95 95 94 94 94 94 96 96 96 96 97 97 97 97 98 98 98 98 98 98 98 98 97 97 97 97 99 99 99 99 100 100 100 100 96 96 96 96 98 98 98 98 98 98 98 98 99 99 99 99 101 101 101 101 102 102 102 102 98 98 98 98 101 101 101 101 100 100 100 100 98 98 98 98 102 102 102 102 102 102 102 102 101 101 101 101 103 103 103 103 104 104 104 104 100 100 100 100 102 102 102 102 104 104 104 104 102 102 102 102 103 103 103 103 105 105 105 105 100 100 100 100 104 104 104 104 104 104 104 104 103 103 103 103 106 106 106 106 107 107 107 107 105 105 105 105 104 104 104 104 107 107 107 107 104 104 104 104 106 106 106 106 108 108 108 108 105 105 105 105 107 107 107 107 107 107 107 107 106 106 106 106 109 109 109 109 110 110 110 110 108 108 108 108 107 107 107 107 110 110 110 110 107 107 107 107 109 109 109 109 111 111 111 111 108 108 108 108 110 110 110 110 110 110 110 110 109 109 109 109 112 112 112 112 113 113 113 113 111 111 111 111 110 110 110 110 113 113 113 113 110 110 110 110 112 112 112 112 113 113 113 113 114 114 114 114 111 111 111 111 113 113 113 113 112 112 112 112 115 115 115 115 113 113 113 113 116 116 116 116 114 114 114 114 117 117 117 117 113 113 113 113 115 115 115 115 117 117 117 117 116 116 116 116 113 113 113 113 118 118 118 118 119 119 119 119 120 120 120 120 118 118 118 118 120 120 120 120 121 121 121 121 122 122 122 122 119 119 119 119 118 118 118 118 123 123 123 123 118 118 118 118 121 121 121 121 124 124 124 124 122 122 122 122 118 118 118 118 124 124 124 124 118 118 118 118 123 123 123 123 124 124 124 124 125 125 125 125 122 122 122 122 126 126 126 126 124 124 124 124 123 123 123 123 126 126 126 126 125 125 125 125 124 124 124 124 126 126 126 126 123 123 123 123 127 127 127 127 126 126 126 126 128 128 128 128 125 125 125 125 129 129 129 129 126 126 126 126 127 127 127 127 129 129 129 129 128 128 128 128 126 126 126 126 129 129 129 129 127 127 127 127 130 130 130 130 129 129 129 129 131 131 131 131 128 128 128 128 132 132 132 132 129 129 129 129 130 130 130 130 132 132 132 132 131 131 131 131 129 129 129 129 132 132 132 132 130 130 130 130 133 133 133 133 132 132 132 132 134 134 134 134 131 131 131 131 135 135 135 135 132 132 132 132 133 133 133 133 135 135 135 135 134 134 134 134 132 132 132 132 135 135 135 135 133 133 133 133 136 136 136 136 135 135 135 135 137 137 137 137 134 134 134 134 135 135 135 135 136 136 136 136 138 138 138 138 139 139 139 139 137 137 137 137 135 135 135 135 139 139 139 139 135 135 135 135 138 138 138 138 140 140 140 140 141 141 141 141 142 142 142 142 143 143 143 143 140 140 140 140 142 142 142 142 144 144 144 144 141 141 141 141 140 140 140 140 145 145 145 145 140 140 140 140 143 143 143 143 145 145 145 145 143 143 143 143 146 146 146 146 147 147 147 147 145 145 145 145 146 146 146 146 148 148 148 148 144 144 144 144 140 140 140 140 148 148 148 148 149 149 149 149 144 144 144 144 150 150 150 150 140 140 140 140 145 145 145 145 150 150 150 150 145 145 145 145 147 147 147 147 151 151 151 151 148 148 148 148 140 140 140 140 150 150 150 150 151 151 151 151 140 140 140 140 148 148 148 148 152 152 152 152 149 149 149 149 152 152 152 152 153 153 153 153 149 149 149 149 152 152 152 152 154 154 154 154 153 153 153 153 151 151 151 151 155 155 155 155 148 148 148 148 155 155 155 155 152 152 152 152 148 148 148 148 152 152 152 152 156 156 156 156 154 154 154 154 156 156 156 156 157 157 157 157 154 154 154 154 156 156 156 156 158 158 158 158 157 157 157 157 155 155 155 155 159 159 159 159 152 152 152 152 159 159 159 159 156 156 156 156 152 152 152 152 156 156 156 156 160 160 160 160 158 158 158 158 159 159 159 159 160 160 160 160 156 156 156 156 160 160 160 160 161 161 161 161 158 158 158 158 158 158 158 158 161 161 161 161 162 162 162 162 163 163 163 163 160 160 160 160 159 159 159 159 163 163 163 163 159 159 159 159 155 155 155 155 163 163 163 163 161 161 161 161 160 160 160 160 163 163 163 163 155 155 155 155 151 151 151 151 163 163 163 163 151 151 151 151 150 150 150 150 161 161 161 161 164 164 164 164 162 162 162 162 163 163 163 163 164 164 164 164 161 161 161 161 162 162 162 162 164 164 164 164 165 165 165 165 164 164 164 164 166 166 166 166 165 165 165 165 163 163 163 163 166 166 166 166 164 164 164 164 165 165 165 165 166 166 166 166 167 167 167 167 166 166 166 166 168 168 168 168 167 167 167 167 163 163 163 163 168 168 168 168 166 166 166 166 167 167 167 167 168 168 168 168 169 169 169 169 163 163 163 163 169 169 169 169 168 168 168 168 167 167 167 167 169 169 169 169 170 170 170 170 169 169 169 169 171 171 171 171 170 170 170 170 163 163 163 163 171 171 171 171 169 169 169 169 170 170 170 170 171 171 171 171 172 172 172 172 171 171 171 171 173 173 173 173 172 172 172 172 163 163 163 163 173 173 173 173 171 171 171 171 172 172 172 172 173 173 173 173 174 174 174 174 175 175 175 175 174 174 174 174 173 173 173 173 163 163 163 163 175 175 175 175 173 173 173 173 176 176 176 176 174 174 174 174 175 175 175 175 176 176 176 176 177 177 177 177 174 174 174 174 178 178 178 178 177 177 177 177 176 176 176 176 179 179 179 179 178 178 178 178 176 176 176 176 179 179 179 179 176 176 176 176 175 175 175 175 179 179 179 179 180 180 180 180 178 178 178 178 179 179 179 179 181 181 181 181 180 180 180 180 182 182 182 182 181 181 181 181 179 179 179 179 179 179 179 179 175 175 175 175 183 183 183 183 163 163 163 163 183 183 183 183 175 175 175 175 184 184 184 184 182 182 182 182 179 179 179 179 184 184 184 184 179 179 179 179 183 183 183 183 185 185 185 185 182 182 182 182 184 184 184 184 184 184 184 184 183 183 183 183 186 186 186 186 163 163 163 163 186 186 186 186 183 183 183 183 187 187 187 187 185 185 185 185 184 184 184 184 187 187 187 187 184 184 184 184 186 186 186 186 187 187 187 187 188 188 188 188 185 185 185 185 189 189 189 189 188 188 188 188 187 187 187 187 187 187 187 187 186 186 186 186 190 190 190 190 163 163 163 163 190 190 190 190 186 186 186 186 191 191 191 191 189 189 189 189 187 187 187 187 191 191 191 191 187 187 187 187 190 190 190 190 191 191 191 191 192 192 192 192 189 189 189 189 193 193 193 193 192 192 192 192 191 191 191 191 191 191 191 191 190 190 190 190 194 194 194 194 163 163 163 163 194 194 194 194 190 190 190 190 193 193 193 193 191 191 191 191 195 195 195 195 195 195 195 195 191 191 191 191 194 194 194 194 163 163 163 163 195 195 195 195 194 194 194 194 196 196 196 196 193 193 193 193 195 195 195 195 197 197 197 197 196 196 196 196 195 195 195 195 163 163 163 163 197 197 197 197 195 195 195 195 197 197 197 197 198 198 198 198 196 196 196 196 197 197 197 197 199 199 199 199 198 198 198 198 163 163 163 163 199 199 199 199 197 197 197 197 199 199 199 199 200 200 200 200 198 198 198 198 199 199 199 199 201 201 201 201 200 200 200 200 163 163 163 163 201 201 201 201 199 199 199 199 201 201 201 201 202 202 202 202 200 200 200 200 163 163 163 163 202 202 202 202 201 201 201 201 202 202 202 202 203 203 203 203 200 200 200 200 202 202 202 202 204 204 204 204 203 203 203 203 163 163 163 163 204 204 204 204 202 202 202 202 204 204 204 204 205 205 205 205 203 203 203 203 163 163 163 163 206 206 206 206 204 204 204 204 204 204 204 204 206 206 206 206 205 205 205 205 163 163 163 163 150 150 150 150 206 206 206 206 206 206 206 206 147 147 147 147 205 205 205 205 206 206 206 206 150 150 150 150 147 147 147 147 207 207 207 207 208 208 208 208 209 209 209 209 210 210 210 210 207 207 207 207 209 209 209 209 211 211 211 211 209 209 209 209 208 208 208 208 212 212 212 212 210 210 210 210 209 209 209 209 212 212 212 212 213 213 213 213 210 210 210 210 214 214 214 214 213 213 213 213 212 212 212 212 215 215 215 215 209 209 209 209 211 211 211 211 215 215 215 215 211 211 211 211 216 216 216 216 217 217 217 217 212 212 212 212 209 209 209 209 217 217 217 217 214 214 214 214 212 212 212 212 218 218 218 218 209 209 209 209 215 215 215 215 217 217 217 217 209 209 209 209 218 218 218 218 219 219 219 219 214 214 214 214 217 217 217 217 219 219 219 219 220 220 220 220 214 214 214 214 221 221 221 221 220 220 220 220 219 219 219 219 221 221 221 221 222 222 222 222 220 220 220 220 223 223 223 223 219 219 219 219 217 217 217 217 223 223 223 223 221 221 221 221 219 219 219 219 223 223 223 223 217 217 217 217 218 218 218 218 224 224 224 224 222 222 222 222 221 221 221 221 223 223 223 223 224 224 224 224 221 221 221 221 224 224 224 224 225 225 225 225 222 222 222 222 226 226 226 226 225 225 225 225 224 224 224 224 223 223 223 223 226 226 226 226 224 224 224 224 227 227 227 227 225 225 225 225 226 226 226 226 223 223 223 223 227 227 227 227 226 226 226 226 227 227 227 227 228 228 228 228 225 225 225 225 229 229 229 229 228 228 228 228 227 227 227 227 223 223 223 223 229 229 229 229 227 227 227 227 229 229 229 229 230 230 230 230 228 228 228 228 229 229 229 229 231 231 231 231 230 230 230 230 223 223 223 223 231 231 231 231 229 229 229 229 230 230 230 230 231 231 231 231 232 232 232 232 231 231 231 231 233 233 233 233 232 232 232 232 232 232 232 232 233 233 233 233 234 234 234 234 233 233 233 233 235 235 235 235 234 234 234 234 231 231 231 231 236 236 236 236 233 233 233 233 223 223 223 223 236 236 236 236 231 231 231 231 233 233 233 233 237 237 237 237 235 235 235 235 237 237 237 237 238 238 238 238 235 235 235 235 233 233 233 233 236 236 236 236 239 239 239 239 233 233 233 233 239 239 239 239 237 237 237 237 223 223 223 223 239 239 239 239 236 236 236 236 237 237 237 237 240 240 240 240 238 238 238 238 237 237 237 237 239 239 239 239 241 241 241 241 223 223 223 223 241 241 241 241 239 239 239 239 237 237 237 237 242 242 242 242 240 240 240 240 237 237 237 237 241 241 241 241 242 242 242 242 242 242 242 242 243 243 243 243 240 240 240 240 242 242 242 242 241 241 241 241 244 244 244 244 223 223 223 223 244 244 244 244 241 241 241 241 242 242 242 242 245 245 245 245 243 243 243 243 242 242 242 242 244 244 244 244 245 245 245 245 243 243 243 243 245 245 245 245 246 246 246 246 245 245 245 245 247 247 247 247 246 246 246 246 245 245 245 245 248 248 248 248 247 247 247 247 245 245 245 245 244 244 244 244 249 249 249 249 223 223 223 223 249 249 249 249 244 244 244 244 245 245 245 245 250 250 250 250 248 248 248 248 245 245 245 245 249 249 249 249 250 250 250 250 248 248 248 248 250 250 250 250 251 251 251 251 250 250 250 250 252 252 252 252 251 251 251 251 250 250 250 250 249 249 249 249 252 252 252 252 249 249 249 249 253 253 253 253 252 252 252 252 223 223 223 223 253 253 253 253 249 249 249 249 254 254 254 254 252 252 252 252 253 253 253 253 254 254 254 254 253 253 253 253 255 255 255 255 223 223 223 223 255 255 255 255 253 253 253 253 256 256 256 256 254 254 254 254 255 255 255 255 256 256 256 256 255 255 255 255 257 257 257 257 223 223 223 223 257 257 257 257 255 255 255 255 258 258 258 258 256 256 256 256 257 257 257 257 258 258 258 258 257 257 257 257 259 259 259 259 223 223 223 223 259 259 259 259 257 257 257 257 260 260 260 260 258 258 258 258 259 259 259 259 223 223 223 223 260 260 260 260 259 259 259 259 261 261 261 261 258 258 258 258 260 260 260 260 262 262 262 262 261 261 261 261 260 260 260 260 223 223 223 223 262 262 262 262 260 260 260 260 263 263 263 263 261 261 261 261 262 262 262 262 264 264 264 264 263 263 263 263 262 262 262 262 223 223 223 223 264 264 264 264 262 262 262 262 265 265 265 265 263 263 263 263 264 264 264 264 223 223 223 223 266 266 266 266 264 264 264 264 266 266 266 266 265 265 265 265 264 264 264 264 223 223 223 223 267 267 267 267 266 266 266 266 268 268 268 268 265 265 265 265 266 266 266 266 267 267 267 267 268 268 268 268 266 266 266 266 268 268 268 268 269 269 269 269 265 265 265 265 268 268 268 268 270 270 270 270 269 269 269 269 223 223 223 223 271 271 271 271 267 267 267 267 223 223 223 223 218 218 218 218 271 271 271 271 218 218 218 218 215 215 215 215 271 271 271 271 267 267 267 267 272 272 272 272 268 268 268 268 271 271 271 271 272 272 272 272 267 267 267 267 272 272 272 272 270 270 270 270 268 268 268 268 271 271 271 271 215 215 215 215 272 272 272 272 272 272 272 272 273 273 273 273 270 270 270 270 215 215 215 215 216 216 216 216 272 272 272 272 272 272 272 272 216 216 216 216 273 273 273 273</p>
        </triangles>
      </mesh>
    </geometry>
    <geometry id="geom-GlassB_Mdl__GlassBuffer" name="GlassB_Mdl__GlassBuffer">
      <mesh>
        <source id="geom-GlassB_Mdl__GlassBuffer-positions">
          <float_array id="geom-GlassB_Mdl__GlassBuffer-positions-array" count="1869">2.742609 -4.846962 33.91367 2.200149 -6.699955 33.25632 1.716988 -6.534187 33.40248 1.620045 -8.438309 32.36103 0.6619945 -8.109619 32.65083 1.01222 -10.03228 31.24311 1.302126 -6.250618 33.57498 2.742609 -4.846962 33.91367 -0.4043303 -9.546288 31.67161 0.3870773 -11.45461 29.92169 -0.1606374 -7.547325 32.99288 0.9838297 -5.868561 33.76207 2.742609 -4.846962 33.91367 -1.463736 -10.81962 30.48155 -0.24469 -12.68093 28.41938 -1.620652 -8.714893 32.17735 -0.7917829 -6.789749 33.36386 0.7837903 -5.414059 33.951 2.742609 -4.846962 33.91367 -2.498096 -11.90782 29.10102 -0.8722696 -13.69028 26.76188 -3.052935 -9.733349 31.14233 -2.553847 -7.594761 32.72587 -1.188434 -5.888519 33.73849 0.7156445 -4.918083 34.12889 2.742609 -4.846962 33.91367 -4.272216 -8.269829 31.859 -3.14033 -6.26223 33.27978 -1.323562 -4.90506 34.09123 0.7840359 -4.414436 34.28363 2.742609 -4.846962 33.91367 0.984297 -3.937439 34.40466 2.742609 -4.846962 33.91367 -1.187952 -3.906384 34.39806 -3.340123 -4.808105 33.80134 -5.038488 -6.528793 32.58273 -3.139617 -3.331486 34.25501 -5.299531 -4.628887 33.26418 -0.7908524 -2.960552 34.63805 1.30279 -3.5196 34.48375 2.742609 -4.846962 33.91367 1.717801 -3.189392 34.51549 2.742609 -4.846962 33.91367 -0.1593245 -2.132015 34.79487 -2.552473 -1.933002 34.60986 -5.03756 -2.699593 33.85692 -1.618709 -0.7079544 34.84172 -4.270422 -0.8723831 34.32056 0.6636024 -1.477249 34.85781 2.201053 -2.969315 34.49773 2.742609 -4.846962 33.91367 2.719612 -2.874374 34.43167 2.742609 -4.846962 33.91367 1.621839 -1.040863 34.82259 -0.4019532 0.2601738 34.93478 -3.050397 0.7282181 34.6235 1.014872 0.9053993 34.88271 -1.460629 1.993137 34.74509 2.650083 -0.8526039 34.69161 3.238141 -2.911034 34.32182 2.742609 -4.846962 33.91367 3.721298 -3.076801 34.17567 2.742609 -4.846962 33.91367 3.678267 -0.9252968 34.4738 2.535213 1.183754 34.68905 0.3905406 2.836163 34.67706 4.055459 1.076267 34.36699 2.376964 3.199852 34.42402 4.63632 -1.253994 34.18399 4.136163 -3.360371 34.00317 2.742609 -4.846962 33.91367 4.454461 -3.742428 33.81609 2.742609 -4.846962 33.91367 5.458947 -1.816288 33.84195 5.472008 0.5902672 33.9385 4.363258 3.05942 34.00324 6.688328 -0.2411232 33.43275 6.214071 2.424431 33.44338 6.090095 -2.573864 33.47097 4.654497 -4.19693 33.62716 2.742609 -4.846962 33.91367 4.722645 -4.692905 33.44926 2.742609 -4.846962 33.91367 6.486745 -3.475086 33.09634 7.621525 -1.361252 32.88424 7.803266 1.338161 32.7826 8.208003 -2.693787 32.33032 9.022547 -0.1253548 32.06593 6.621871 -4.458553 32.7436 4.654254 -5.196552 33.29453 2.742609 -4.846962 33.91367 4.45399 -5.67355 33.17349 2.742609 -4.846962 33.91367 6.486264 -5.45723 32.43677 8.407799 -4.147911 31.80876 9.788824 -1.866394 31.3422 8.207293 -5.624527 31.3551 10.04987 -3.7663 30.66074 6.089163 -6.403057 32.19677 4.1355 -6.091389 33.09441 2.742609 -4.846962 33.91367 3.720487 -6.4216 33.06267 2.742609 -4.846962 33.91367 5.457632 -7.23159 32.03996 7.620148 -7.02301 31.00024 9.787894 -5.695595 30.068 6.686384 -8.248062 30.76839 9.020756 -7.522808 29.60437 4.634709 -7.88636 31.97702 3.237236 -6.641674 33.08043 2.742609 -4.846962 33.91367 2.718678 -6.736614 33.14648 2.742609 -4.846962 33.91367 3.676474 -8.322746 32.01224 5.46963 -9.216187 30.67532 2.200149 -6.699955 33.25632 2.742609 -4.846962 33.91367 2.648227 -8.511002 32.14322 1.620045 -8.438309 32.36103 4.052806 -9.861412 30.72739 2.532466 -10.13977 30.92105 1.01222 -10.03228 31.24311 6.210962 -10.38832 29.17984 2.373373 -11.59504 29.5009 0.3870773 -11.45461 29.92169 4.359791 -11.23135 29.24787 2.173673 -12.85191 27.90706 -0.24469 -12.68093 28.41938 4.592183 -12.40911 27.59899 1.93678 -13.88888 26.1668 -0.8722696 -13.69028 26.76188 4.746001 -13.37455 25.80896 6.846024 -11.38271 27.51615 7.363948 -12.18233 25.71274 1.666747 -14.68821 24.30989 -1.484924 -14.46539 24.97755 4.818611 -14.11115 23.90841 1.368197 -15.23623 22.36811 -2.072167 -14.99299 23.09693 4.808772 -14.60629 21.92985 7.755875 -12.77351 23.80044 8.015097 -13.14614 21.812 1.046236 -15.52354 20.37469 -2.623963 -15.26406 21.1522 4.71666 -14.85153 19.90714 0.7063751 -15.54525 18.36373 -3.130857 -15.27395 19.17662 4.543839 -14.84266 17.8749 8.137177 -13.29382 19.78143 8.120026 -13.21405 17.74347 0.3544254 -15.30097 16.36963 -3.584183 -15.0225 17.204 4.293275 -14.57982 15.8679 -0.00358869 -14.79489 14.42652 -3.976181 -14.51402 15.26809 3.969248 -14.0675 13.92046 7.96394 -12.90818 15.73298 7.671589 -12.38145 13.78438 3.57731 -13.3145 12.06591 -0.3615398 -14.03565 12.56765 -4.300146 -13.75719 13.40202 7.247972 -11.64287 11.931 -0.7133074 -13.03627 10.82482 -4.550536 -12.76497 11.63772 3.124159 -12.33368 10.336 -1.052866 -11.81384 9.227855 -4.723065 -11.55435 10.00536 2.617556 -11.14183 8.76031 6.700345 -10.70508 10.20456 6.038074 -9.584115 8.634593 2.066169 -9.759336 7.365808 -1.374412 -10.38926 7.804076 -4.81478 -10.14602 8.532892 5.272489 -8.29917 7.247965 -1.672441 -8.786925 6.577845 -4.824111 -8.564095 7.245503 1.479423 -8.209858 6.176356 -1.941854 -7.03424 5.570141 -4.750901 -6.835637 6.165218 0.8673658 -6.519908 5.212296 4.416686 -6.872222 6.068398 3.485313 -5.327685 5.116077 0.2404704 -4.718399 4.490137 -2.178041 -5.1612 4.79821 -4.596402 -4.990217 5.310522 2.494312 -3.691997 4.407297 -2.376962 -3.19985 4.275258 -4.36326 -3.059414 4.69604 -0.3905444 -2.836158 4.022223 -2.535212 -1.183744 4.01023 -4.055459 -1.076262 4.332284 -1.014873 -0.9053907 3.816566 1.460625 -1.993129 3.954185 0.401952 -0.2601647 3.764493 -1.62184 1.04087 3.876684 -2.650085 0.8526118 4.007664 -3.678268 0.9253058 4.225477 -0.6636031 1.477253 3.841465 -2.719612 2.87438 4.267604 -3.23814 2.911042 4.37745 -2.742607 4.846967 4.785604 -2.201054 2.969321 4.201547 -2.742607 4.846967 4.785604 -1.717801 3.189397 4.183787 -2.742607 4.846967 4.785604 -1.302789 3.519605 4.215529 -2.742607 4.846967 4.785604 0.1593201 2.132024 3.904406 -0.9842978 3.937447 4.294612 -2.742607 4.846967 4.785604 1.618706 0.7079604 3.857556 0.7908531 2.960554 4.061218 -0.7840349 4.414445 4.415646 -2.742607 4.846967 4.785604 3.050393 -0.7282157 4.075776 2.552471 1.933008 4.089416 1.187952 3.906386 4.301218 -0.7156469 4.918092 4.570384 -2.742607 4.846967 4.785604 4.429888 -2.15193 4.555342 4.270419 0.8723838 4.378718 3.139614 3.331491 4.44427 5.733587 -3.538825 5.288037 5.915296 -0.2031617 4.924173 6.93918 -4.86517 6.261328 7.458961 -1.275233 5.716457 5.037558 2.699594 4.842355 8.026045 -6.10827 7.45857 8.875 -2.325486 6.742005 6.849305 2.021505 5.488667 8.975579 -7.246858 8.859267 10.13919 -3.335949 7.983274 8.543859 1.308829 6.372141 9.771539 -8.261447 10.43946 11.22989 -4.28933 9.419024 10.09223 0.5737586 7.477666 10.40031 -9.134684 12.17211 12.12844 -5.169325 11.02469 11.46791 -0.1711292 8.786325 10.85112 -9.851624 14.02757 12.81948 -5.960867 12.7728 12.64738 -0.9130888 10.27572 11.11627 -10.39999 15.97409 13.29117 -6.650417 14.63344 13.61044 -1.639427 11.92038 11.19122 -10.77042 17.97836 13.53544 -7.226179 16.57478 14.34063 -2.337709 13.69214 11.07468 -10.95656 20.0061 13.54812 -7.678299 18.5636 14.82545 -2.996 15.56072 15.0566 -3.603024 17.49413 13.32899 -7.999037 20.56586 10.76865 -10.95523 22.02261 15.03012 -4.148403 19.45928 10.27837 -10.76646 23.99338 12.88179 -8.182911 22.54731 9.612217 -10.39347 25.8847 12.21419 -8.226772 24.47405 14.74648 -4.622795 21.42255 14.21052 -5.018093 23.35036 11.3376 -8.129875 26.31311 8.781599 -9.842636 27.66419 13.43141 -5.327532 25.20971 7.800731 -9.123405 29.30143 10.26701 -7.893871 28.03303 11.20102 -5.669205 28.59752 12.42249 -5.545818 26.9688 11.51998 -3.320244 29.31919 12.79298 -2.817377 27.80706 13.84709 -2.266306 26.15022 11.20215 -1.007067 30.14888 12.42381 -0.1305065 28.77078 10.2692 1.112688 31.03004 11.34013 2.331688 29.79428 13.43289 0.7482834 27.23149 8.784691 2.894556 31.90259 9.615808 4.401421 30.80781 12.21704 3.510801 28.37982 6.849808 4.217112 32.70711 7.368348 5.937634 31.7423 10.2824 5.832981 29.51697 4.596404 4.990223 33.38875 4.750901 6.835646 32.53406 7.760806 7.556568 30.56544 2.178042 5.161205 33.90107 1.941853 7.034246 33.12914 4.82411 8.56411 31.45377 -0.2404699 4.718407 34.20914 -0.8673682 6.519913 33.48698 1.672441 8.786934 32.12143 -2.49431 3.692003 34.29198 -3.485319 5.327698 33.5832 -1.479424 8.209871 32.52292 -4.429889 2.151937 34.14394 -5.733589 3.538832 33.41124 -4.416689 6.872227 32.63088 -5.915299 0.203167 33.7751 -7.458964 1.27524 32.98282 -6.939183 4.865181 32.43794 -6.849307 -2.021503 33.21061 -8.54386 -1.308826 32.32713 -8.875004 2.325491 31.95727 -7.168262 -4.370468 32.48893 -8.91435 -4.037258 31.48887 -10.09223 -0.5737534 31.22161 -6.850437 -6.68364 31.65925 -8.545177 -6.724133 30.52515 -10.5079 -3.634979 30.2811 -5.917485 -8.803394 30.7781 -7.461503 -9.186333 29.50165 -10.0937 -6.64957 29.19983 -4.432979 -10.58526 29.90553 -5.73718 -11.25606 28.48812 -3.489713 -12.79227 27.55363 -1.484924 -14.46539 24.97755 -4.42162 -13.45786 25.86588 -2.072167 -14.99299 23.09693 -6.943212 -11.73426 26.91435 -5.27787 -13.89316 24.06664 -2.623963 -15.26406 21.1522 -8.877851 -9.412086 28.0515 -8.030441 -12.01169 25.21114 -6.043816 -14.09076 22.18668 -3.130857 -15.27395 19.17662 -10.1423 -9.476799 26.45246 -8.980271 -12.0836 23.40765 -6.706353 -14.04725 20.25818 -3.584183 -15.0225 17.204 -11.46952 -6.461231 27.70598 -11.23321 -9.37936 24.73188 -9.776443 -11.94875 21.53471 -7.254138 -13.7634 18.31414 -3.976181 -14.51402 15.26809 -12.13192 -9.121443 22.91922 -7.677809 -13.24405 16.38781 -4.300146 -13.75719 13.40202 -10.40534 -11.60945 19.62439 -7.970103 -12.49809 14.51216 -4.550536 -12.76497 11.63772 -10.8562 -11.07151 17.70937 -8.126033 -11.53828 12.71928 -4.723065 -11.55435 10.00536 -11.12131 -10.34413 15.82241 -12.82304 -8.707449 21.04548 -13.29477 -8.144472 19.14272 -11.19613 -9.439772 13.99581 -8.14292 -10.38105 11.03985 -4.81478 -10.14602 8.532892 -13.53901 -7.442137 17.2435 -8.020481 -9.0462 9.502598 -4.824111 -8.564095 7.245503 -11.07937 -8.37389 12.26081 -7.760808 -7.556566 8.133836 -4.750901 -6.835637 6.165218 -10.77305 -7.164728 10.6471 -13.55159 -6.612467 15.38032 -13.33231 -5.669657 13.58505 -10.2824 -5.832973 9.182302 -7.368349 -5.937633 6.956978 -4.596402 -4.990217 5.310522 -12.88491 -4.629835 11.88842 -6.849812 -4.217112 5.992163 -4.36326 -3.059414 4.69604 -9.615811 -4.401418 7.891464 -6.214071 -2.42443 5.255898 -4.055459 -1.076262 4.332284 -8.784696 -2.894554 6.79668 -12.21704 -3.510798 10.31945 -11.34014 -2.331686 8.904993 -7.803269 -1.338162 5.91668 -5.47201 -0.5902677 4.760781 -3.678268 0.9253058 4.225477 -10.2692 -1.112684 7.669245 -4.636319 1.253999 4.515282 -3.23814 2.911042 4.37745 -6.688331 0.2411265 5.266521 -2.742607 4.846967 4.785604 -3.7213 3.076804 4.523602 -9.022552 0.1253605 6.633353 -5.458947 1.816294 4.857327 -7.621528 1.361257 5.815038 -2.742607 4.846967 4.785604 -4.136163 3.360377 4.696102 -6.090095 2.573867 5.228306 -2.742607 4.846967 4.785604 -4.45446 3.742432 4.883191 -2.742607 4.846967 4.785604 -4.654498 4.196937 5.072122 -6.486747 3.475092 5.602932 -8.208006 2.693789 6.368955 -9.788822 1.866399 7.357076 -8.407802 4.147914 6.890515 -11.20215 1.007069 8.550394 -10.04987 3.7663 8.038529 -11.51998 3.320245 9.380081 -12.42381 0.1305113 9.928492 -12.79298 2.817381 10.89221 -13.43289 -0.7482815 11.46779 -13.84709 2.266308 12.54905 -14.21213 -1.61427 13.14194 -14.66428 1.676458 14.32225 -14.7482 -2.452639 14.92232 -15.23055 1.057927 16.18148 -15.03192 -3.249044 16.77844 -15.53622 0.4212914 18.09491 -15.05844 -3.989853 18.67856 -15.57607 -0.2225494 20.0298 -14.82731 -4.662394 20.59016 -15.3494 -0.8625851 21.95307 -14.34248 -5.255165 22.48054 -14.86011 -1.487862 23.83179 -13.61224 -5.758015 24.31734 -14.11654 -2.087685 25.63381 -12.6491 -6.162346 26.06915 -13.13145 -2.651779 27.32831 -11.92167 -3.170502 28.8863 -11.46791 0.1711349 29.91295 -12.64738 0.9130936 28.42356 -10.13919 3.335953 30.716 -13.61045 1.639431 26.7789 -11.22989 4.289335 29.28025 -8.026048 6.10828 31.24071 -14.34064 2.337715 25.00713 -12.12845 5.169327 27.67459 -8.975584 7.246864 29.84001 -5.27249 8.299175 31.45131 -9.771544 8.261454 28.25982 -2.066167 9.759346 31.33347 -6.038075 9.584124 30.06468 1.374412 10.38927 30.8952 -2.617559 11.14183 29.93896 4.814778 10.14603 30.16638 1.052868 11.81385 29.47142 -6.700349 10.70509 28.49472 8.020479 9.046204 29.19668 4.723063 11.55436 28.69392 10.77305 7.164734 28.05217 8.142921 10.38105 27.65943 12.88491 4.629841 26.81086 11.07937 8.373894 26.43847 14.21213 1.614271 25.55733 13.33231 5.669659 25.11423 14.66427 -1.676455 24.37702 14.7482 2.452642 23.77696 15.23054 -1.057922 22.5178 13.55159 6.612469 23.31896 15.53622 -0.4212875 20.60437 15.03192 3.249044 21.92083 15.57606 0.2225571 18.66947 15.05844 3.989855 20.02072 15.3494 0.8625927 16.74621 14.82731 4.6624 18.10912 13.53901 7.442138 21.45578 13.29476 8.144474 19.55656 14.34248 5.255169 16.21874 14.8601 1.487869 14.86749 12.82304 8.707454 17.6538 14.11654 2.087687 13.06547 13.61224 5.758019 14.38193 13.13144 2.651783 11.37097 12.64909 6.16235 12.63013 12.13191 9.121443 15.78006 11.23321 9.379365 13.96739 11.46952 6.461238 10.9933 11.92166 3.170508 9.812983 10.1423 9.4768 12.24682 10.5079 3.634986 8.418174 10.0937 6.649576 9.499441 8.914347 4.037267 7.210407 8.545174 6.724137 8.174128 8.877849 9.412089 10.64777 7.461498 9.186334 9.197623 6.850438 6.683642 7.04003 7.168265 4.370467 6.210344 5.917479 8.803397 7.921178 5.299532 4.628891 5.435102 5.038488 6.528794 6.116553 3.340121 4.808112 4.897935 3.140328 6.262235 5.419496 4.272213 8.269834 6.840276 2.553846 7.594768 5.97341 1.188432 5.888525 4.960788 1.32356 4.905065 4.608042 -0.7837919 5.414065 4.748279 -2.742607 4.846967 4.785604 -0.9838306 5.868567 4.93721 -2.742607 4.846967 4.785604 0.7917798 6.789755 5.335417 -1.302126 6.250621 5.124299 -2.742607 4.846967 4.785604 0.1606374 7.547327 5.70639 -1.716991 6.534195 5.296794 -2.742607 4.846967 4.785604 1.62065 8.714897 6.521928 -0.6619935 8.109623 6.048439 -2.200148 6.699962 5.44295 -2.742607 4.846967 4.785604 3.05293 9.733352 7.556947 0.4043307 9.546288 7.027671 -1.620044 8.438315 6.338245 -2.718677 6.73662 5.552797 -2.742607 4.846967 4.785604 4.432976 10.58527 8.793745 1.463734 10.81962 8.217731 -1.01222 10.03229 7.456166 5.737174 11.25607 10.21115 2.498096 11.90783 9.598262 6.943208 11.73427 11.78493 3.489712 12.79228 11.14564 -0.3870773 11.45461 8.777588 8.030443 12.01169 13.48813 4.421618 13.45786 12.83339 0.2446909 12.68093 10.2799 8.980269 12.0836 15.29163 5.277872 13.89316 14.63264 0.8722696 13.69029 11.9374 9.776443 11.94875 17.16457 6.043816 14.09076 16.5126 1.484921 14.4654 13.72173 10.40534 11.60945 19.07488 6.70635 14.04725 18.4411 2.072171 14.993 15.60234 10.8562 11.07152 20.98991 7.254139 13.7634 20.38515 2.623962 15.26407 17.54708 11.12131 10.34414 22.87687 7.677804 13.24405 22.31147 3.130857 15.27396 19.52266 11.19612 9.439775 24.70347 7.970104 12.49809 24.18712 8.126028 11.53828 25.98 3.976181 14.51403 23.43119 4.550536 12.76499 27.06157 4.300148 13.7572 25.29726 0.7133055 13.03628 27.87445 0.3615408 14.03567 26.13163 -3.124163 12.33369 28.36328 -3.577311 13.31451 26.63337 -7.24798 11.64288 26.76828 0.003587709 14.7949 24.27275 -3.96925 14.06752 24.77882 -7.671592 12.38146 24.9149 -10.40031 9.134687 26.52717 -10.85113 9.851629 24.67171 -12.81948 5.960875 25.92648 -13.29117 6.650421 24.06583 -14.82545 2.996002 23.13856 -15.0566 3.603027 21.20515 -13.53545 7.226186 22.1245 -15.03013 4.148404 19.24 -11.11627 10.4 22.72519 -13.54813 7.678302 20.13568 -14.74648 4.622802 17.27672 -7.963943 12.90819 22.9663 -14.21052 5.018102 15.34891 -13.329 7.999044 18.13342 -11.19122 10.77043 20.72091 -13.43142 5.327536 13.48956 -12.8818 8.18292 16.15197 -11.07469 10.95657 18.69318 -8.120028 13.21406 20.95581 -4.293276 14.57983 22.83138 -8.137179 13.29383 18.91785 -0.3544235 15.30098 22.32965 -4.543842 14.84266 20.82438 3.584183 15.02251 21.49528 -0.7063742 15.54526 20.33556 -1.046237 15.52355 18.32459 -4.716661 14.85154 18.79213 -1.368198 15.23624 16.33117 -4.808774 14.60631 16.76943 -8.015099 13.14614 16.88728 -1.666749 14.68822 14.38939 -4.818615 14.11116 14.79088 -1.93678 13.88889 12.53248 -4.745999 13.37456 12.89032 -7.755877 12.77352 14.89883 -7.363954 12.18234 12.98654 -4.592183 12.40912 11.10029 -2.173674 12.85192 10.79222 -6.846025 11.38271 11.18313 -2.373374 11.59504 9.198373 -4.359795 11.23135 9.451406 -2.532469 10.13977 7.778222 -4.052804 9.861421 7.971881 -6.210963 10.38832 9.519444 -5.46963 9.216193 8.023959 -3.676473 8.322747 6.687038 -2.648227 8.511011 6.556055 -3.237238 6.641678 5.618852 -2.742607 4.846967 4.785604 -3.720488 6.421606 5.636611 -2.742607 4.846967 4.785604 -4.634709 7.886369 6.722254 -4.135501 6.091396 5.604869 -2.742607 4.846967 4.785604 -5.457635 7.231599 6.659315 -4.453993 5.673553 5.525786 -2.742607 4.846967 4.785604 -6.686386 8.248067 7.930898 -6.089165 6.403066 6.502502 -4.654256 5.196557 5.404752 -2.742607 4.846967 4.785604 -7.800731 9.123408 9.397851 -7.620153 7.02302 7.699035 -6.486268 5.457233 6.262505 -4.722643 4.692912 5.250015 -2.742607 4.846967 4.785604 -2.742607 4.846967 4.785604 -6.621872 4.458555 5.955679 -8.207294 5.624534 7.344184 -9.787894 5.695598 8.631272 -9.020754 7.522809 9.09491 -11.20102 5.669208 10.10176 -10.26701 7.893877 10.66625 -8.781604 9.842646 11.03509 -9.612223 10.39348 12.81458 -11.3376 8.129882 12.38616 -10.27837 10.76647 14.7059 -12.42249 5.545819 11.73048 -12.21419 8.226782 14.22522 -10.76866 10.95524 16.67667</float_array>
          <technique_common>
            <accessor source="#geom-GlassB_Mdl__GlassBuffer-positions-array" count="623" stride="3">
              <param name="X" type="float"/>
              <param name="Y" type="float"/>
              <param name="Z" type="float"/>
            </accessor>
          </technique_common>
        </source>
        <source id="geom-GlassB_Mdl__GlassBuffer-normals">
          <float_array id="geom-GlassB_Mdl__GlassBuffer-normals-array" count="1869">-0.1761921 0.3112806 -0.9338419 -0.1311949 0.4620195 -0.8771123 -0.09203845 0.4482121 -0.8891765 -0.09789275 0.5578337 -0.8241593 -0.03130999 0.5363407 -0.8434206 -0.06063832 0.6550752 -0.7531266 -0.05671528 0.4245422 -0.9036301 -0.1761921 0.3112806 -0.9338419 0.03324462 0.622068 -0.7822572 -0.02154144 0.7422487 -0.6697783 0.02545071 0.4974565 -0.8671155 -0.03134402 0.3937258 -0.9186935 -0.1761921 0.3112806 -0.9338419 0.09980676 0.7007095 -0.7064311 0.01958982 0.8185994 -0.5740307 0.1153679 0.5671732 -0.8154783 0.06856202 0.4444817 -0.8931602 -0.01567041 0.3563006 -0.93424 -0.1761921 0.3112806 -0.9338419 0.1642959 0.7687483 -0.6180882 0.05878915 0.8815809 -0.4683577 0.2034712 0.6299383 -0.749518 0.1761874 0.4935441 -0.8516878 0.09586112 0.3814893 -0.9193892 -0.009780318 0.3150681 -0.9490187 -0.1761921 0.3112806 -0.9338419 0.2837125 0.5342378 -0.7963023 0.215459 0.4035953 -0.8892066 0.1057299 0.3131961 -0.9437846 -0.0156633 0.2738813 -0.961636 -0.1761921 0.3112806 -0.9338419 -0.03133678 0.2349603 -0.9714997 -0.1761921 0.3112806 -0.9338419 0.09591798 0.2445581 -0.9648788 0.2289943 0.3071381 -0.9237034 0.3344927 0.4206904 -0.8432878 0.2154602 0.2094513 -0.9537857 0.3503883 0.2952646 -0.8888458 0.068555 0.1804449 -0.9811931 -0.0567284 0.2014466 -0.9778554 -0.1761921 0.3112806 -0.9338419 -0.09197045 0.1743326 -0.9803824 -0.1761921 0.3112806 -0.9338419 0.0254459 0.1213177 -0.9922875 0.1762792 0.1155647 -0.9775328 0.334472 0.1682134 -0.9272717 0.1155239 0.03547978 -0.9926709 0.2839848 0.04883299 -0.9575844 -0.03133427 0.07630871 -0.9965917 -0.1311897 0.1564167 -0.9789397 -0.1761921 0.3112806 -0.9338419 -0.1739633 0.148764 -0.9734506 -0.1761921 0.3112806 -0.9338419 -0.09784549 0.04692006 -0.994095 0.03329926 -0.02937154 -0.9990138 0.2037605 -0.05494022 -0.9774781 -0.06062318 -0.07247128 -0.9955264 0.09970119 -0.1388474 -0.9852822 -0.1684101 0.03356284 -0.9851454 -0.2153165 0.1506977 -0.9648467 -0.1761921 0.3112806 -0.9338419 -0.2562287 0.1644136 -0.9525309 -0.1761921 0.3112806 -0.9338419 -0.240556 0.03891628 -0.9698549 -0.1624574 -0.09194709 -0.9824222 -0.02153618 -0.1937959 -0.9808055 -0.2624549 -0.08395503 -0.9612851 -0.1506491 -0.2170796 -0.9644591 -0.3074642 0.06066301 -0.9496241 -0.2893472 0.1876538 -0.9386503 -0.1761921 0.3112806 -0.9338419 -0.3149841 0.2189536 -0.9234957 -0.1761921 0.3112806 -0.9338419 -0.3641633 0.09995892 -0.9259553 -0.3560166 -0.0507369 -0.9331013 -0.2815113 -0.2072488 -0.9369094 -0.4385689 0.003814472 -0.8986895 -0.4030456 -0.1663302 -0.899938 -0.407122 0.1525694 -0.9005411 -0.332565 0.2563621 -0.9075676 -0.1761921 0.3112806 -0.9338419 -0.3368952 0.2975129 -0.8933016 -0.1761921 0.3112806 -0.9338419 -0.434375 0.2151372 -0.8746624 -0.4991217 0.07821131 -0.8629951 -0.5066493 -0.0959415 -0.8567975 -0.5382971 0.1663047 -0.8261834 -0.5867363 0 -0.8097782 -0.4436135 0.2834091 -0.8502273 -0.3325067 0.3383234 -0.8803275 -0.1761921 0.3112806 -0.9338419 -0.3149934 0.3775916 -0.870749 -0.1761921 0.3112806 -0.9338419 -0.4341101 0.352056 -0.8292195 -0.5520092 0.2643693 -0.790819 -0.6358894 0.1153908 -0.7631054 -0.538093 0.3618442 -0.7612652 -0.6536273 0.2389831 -0.7180936 -0.4072837 0.4169639 -0.8125647 -0.2895167 0.4108839 -0.8644966 -0.1761921 0.3112806 -0.9338419 -0.2564237 0.4386571 -0.8612937 -0.1761921 0.3112806 -0.9338419 -0.3635278 0.474913 -0.8014395 -0.4991603 0.4541461 -0.7379637 -0.636184 0.3660132 -0.6791939 -0.4381822 0.5356621 -0.7218466 -0.586413 0.4848469 -0.6488786 -0.3055084 0.5208949 -0.7970779 -0.2153891 0.456292 -0.8633685 -0.1761921 0.3112806 -0.9338419 -0.1741431 0.463873 -0.8686174 -0.1761921 0.3112806 -0.9338419 -0.2405933 0.5497096 -0.7999589 -0.3560167 0.6004503 -0.7160389 -0.1311949 0.4620195 -0.8771123 -0.1761921 0.3112806 -0.9338419 -0.1683498 0.5637406 -0.808613 -0.09789275 0.5578337 -0.8241593 -0.2619883 0.6431921 -0.7194902 -0.1605726 0.6617479 -0.7323293 -0.06063832 0.6550752 -0.7531266 -0.4030282 0.6729216 -0.6202781 -0.1507549 0.7516286 -0.6421273 -0.02154144 0.7422487 -0.6697783 -0.2815511 0.7275987 -0.6255632 -0.138966 0.8300294 -0.5401294 0.01958982 0.8185994 -0.5740307 -0.295614 0.8008277 -0.5208527 -0.1232806 0.8941066 -0.4305522 0.05878915 0.8815809 -0.4683577 -0.3052059 0.8609277 -0.4070048 -0.4424477 0.7342343 -0.5149176 -0.4732299 0.7844737 -0.4008176 -0.1058002 0.9443459 -0.3114759 0.09788902 0.9299695 -0.3543649 -0.3094575 0.9069155 -0.2859025 -0.08611604 0.978406 -0.1878982 0.1349909 0.9626268 -0.2347917 -0.3092673 0.9373413 -0.1604527 -0.4990122 0.8201973 -0.2797558 -0.514713 0.8436793 -0.1525641 -0.06653111 0.9958204 -0.06257262 0.1704144 0.9790299 -0.111622 -0.3013856 0.952989 -0.03128306 -0.04503397 0.9967661 0.06655277 0.2016958 0.9793521 0.01372923 -0.2917032 0.951492 0.09783833 -0.5222013 0.8524995 -0.02346329 -0.5205351 0.8472762 0.1056711 -0.02349906 0.9811373 0.1918787 0.2309465 0.9629805 0.13904 -0.2756546 0.934584 0.2248724 0 0.9490641 0.3150832 0.2542895 0.9309322 0.2621109 -0.2544363 0.902151 0.3484044 -0.5106732 0.8276624 0.232783 -0.4913214 0.7947735 0.3562843 -0.2288859 0.854889 0.4655921 0.02348932 0.9003496 0.4345331 0.2760487 0.8829364 0.3797638 -0.4653344 0.7467858 0.4751579 0.04502169 0.8377504 0.5441943 0.2915214 0.8196744 0.4931018 -0.2016257 0.7925762 0.5754738 0.06660261 0.7600828 0.6464041 0.303072 0.7432582 0.5964183 -0.1683209 0.7162938 0.6771937 -0.4306055 0.6870806 0.5852344 -0.3893003 0.6161854 0.6846611 -0.1330643 0.6300108 0.7651016 0.08806011 0.6692902 0.7377642 0.3091651 0.6537097 0.6907102 -0.3403161 0.5359608 0.7726132 0.1055958 0.5690587 0.8154887 0.3092251 0.5538871 0.7730388 -0.09585377 0.5321369 0.8412149 0.1232631 0.4578615 0.8804369 0.3052317 0.4460455 0.8413543 -0.05867469 0.4244319 0.9035568 -0.2859136 0.446418 0.8479177 -0.2269032 0.3481393 0.909568 -0.0176307 0.3115114 0.9500788 0.1389974 0.3406032 0.9298759 0.2956872 0.3290182 0.8968368 -0.1644843 0.2447595 0.9555301 0.1506321 0.2171505 0.9644458 0.2816245 0.2073321 0.936857 0.02153518 0.1937868 0.9808073 0.1624338 0.09198145 0.9824228 0.2623533 0.08416097 0.9612948 0.06062934 0.07238328 0.9955324 -0.09970652 0.1388071 0.9852874 -0.03330081 0.02942058 0.9990123 0.09784993 -0.04696987 0.9940923 0.1684432 -0.03330718 0.9851484 0.2405209 -0.03910133 0.9698561 0.0313282 -0.07634161 0.9965894 0.173985 -0.148568 0.9734767 0.2152959 -0.1507071 0.9648498 0.1761921 -0.3112806 0.9338419 0.1311792 -0.1566187 0.9789088 0.1761921 -0.3112806 0.9338419 0.09196883 -0.1741626 0.9804128 0.1761921 -0.3112806 0.9338419 0.05672284 -0.2014507 0.9778549 0.1761921 -0.3112806 0.9338419 -0.02544456 -0.121359 0.9922825 0.03134078 -0.235038 0.9714808 0.1761921 -0.3112806 0.9338419 -0.1155111 -0.03526128 0.9926802 -0.06855154 -0.1801974 0.9812389 0.01566351 -0.274171 0.9615534 0.1761921 -0.3112806 0.9338419 -0.2037325 0.05488499 0.977487 -0.176312 -0.1155863 0.9775244 -0.09590195 -0.2446364 0.9648606 0.009780908 -0.3150394 0.9490282 0.1761921 -0.3112806 0.9338419 -0.2898658 0.1449091 0.9460335 -0.2839569 -0.04897124 0.9575857 -0.2154352 -0.2095462 0.9537704 -0.3719393 0.2328912 0.8985671 -0.3874722 0.01764271 0.9217126 -0.4482226 0.3170936 0.835792 -0.4835148 0.08611714 0.8710897 -0.3345016 -0.1682283 0.9272584 -0.5166954 0.3953893 0.7594031 -0.5736557 0.1526888 0.8047392 -0.4482644 -0.1272411 0.8847988 -0.5772995 0.4678281 0.669225 -0.6531724 0.2169612 0.725461 -0.5542727 -0.08029898 0.8284527 -0.6280848 0.530334 0.5694343 -0.7222278 0.2759973 0.6342024 -0.6518322 -0.03519036 0.7575464 -0.6668259 0.5866199 0.4595872 -0.7785717 0.3326381 0.5321447 -0.7386306 0.01373309 0.6739706 -0.6963843 0.6318195 0.3403719 -0.8220843 0.3835757 0.4207698 -0.8132954 0.06055846 0.5786909 -0.712359 0.6673479 0.2172361 -0.8523865 0.4261932 0.3029796 -0.8744928 0.1056639 0.4733896 -0.7177872 0.6904184 0.09002142 -0.8678572 0.4631115 0.1798658 -0.9198951 0.150582 0.3621026 -0.7104653 0.7026454 -0.03909943 -0.8692635 0.4915177 0.05283291 -0.9509969 0.1916871 0.2426129 -0.9656039 0.230982 0.1194011 -0.8553188 0.5127334 -0.07439213 -0.6912518 0.7031716 -0.1664955 -0.9639461 0.2660674 -0.004005316 -0.661658 0.6907492 -0.2916751 -0.8276926 0.5245201 -0.1995084 -0.6198844 0.6686243 -0.4107127 -0.7858055 0.5278125 -0.322372 -0.9466178 0.2954485 -0.1289369 -0.912975 0.3207905 -0.2521314 -0.7309436 0.5218165 -0.4398058 -0.5678267 0.6343101 -0.5246174 -0.8646249 0.3404711 -0.3694635 -0.5072883 0.5894043 -0.6286979 -0.6643804 0.5075843 -0.5485954 -0.7244103 0.3641125 -0.5853648 -0.8011712 0.3545292 -0.4821139 -0.7455453 0.2113236 -0.6320637 -0.8252839 0.17795 -0.5359482 -0.8910066 0.1430493 -0.4308646 -0.7241014 0.06084245 -0.6870047 -0.8006797 0.004005305 -0.5990794 -0.6635071 -0.07818305 -0.7440738 -0.7310362 -0.1542939 -0.664665 -0.8642464 -0.05073705 -0.5005037 -0.567594 -0.1938405 -0.8001643 -0.6202692 -0.2876279 -0.7297509 -0.7866896 -0.2288829 -0.5733517 -0.4417695 -0.2795744 -0.8524541 -0.4737045 -0.3875851 -0.7908109 -0.6614836 -0.3777999 -0.6478477 -0.2957058 -0.3288481 -0.896893 -0.3052677 -0.4461935 -0.8412628 -0.4994194 -0.4896437 -0.7147233 -0.1389766 -0.3406001 -0.9298801 -0.1233099 -0.45794 -0.8803895 -0.3091468 -0.5539377 -0.7730339 0.01762752 -0.3115983 -0.9500505 0.05864808 -0.4241917 -0.9036713 -0.1056262 -0.569127 -0.8154371 0.1644787 -0.2447036 -0.9555455 0.2269215 -0.3483103 -0.909498 0.0958307 -0.5320088 -0.8412985 0.2898638 -0.1449557 -0.9460269 0.3719865 -0.2331115 -0.8984904 0.2858782 -0.4464583 -0.8479084 0.3875069 -0.01754892 -0.9216998 0.4834306 -0.08619748 -0.8711285 0.4482361 -0.3170078 -0.8358173 0.4483305 0.1274268 -0.8847386 0.5542204 0.08048212 -0.8284699 0.5736641 -0.1525956 -0.804751 0.4683284 0.2784887 -0.8385181 0.5784233 0.2580731 -0.7738377 0.6518065 0.03528433 -0.7575641 0.4480782 0.4283851 -0.7846733 0.5539432 0.4306434 -0.712526 0.6791676 0.2306175 -0.696812 0.3870241 0.5666372 -0.7274165 0.4847593 0.5905977 -0.6451379 0.6520731 0.4270855 -0.6264175 0.2912519 0.6823372 -0.6705135 0.3739298 0.7241105 -0.5795173 0.2268559 0.8234048 -0.5201355 0.09788902 0.9299695 -0.3543649 0.2856269 0.8648424 -0.4128741 0.1349909 0.9626268 -0.2347917 0.448592 0.753917 -0.4799735 0.3403574 0.8920433 -0.2973478 0.1704144 0.9790299 -0.111622 0.5730937 0.6042805 -0.5535422 0.5180569 0.7704583 -0.3714983 0.389378 0.9037158 -0.1779959 0.2016958 0.9793521 0.01372923 0.6530927 0.6077854 -0.4517376 0.5774456 0.7751409 -0.2563458 0.4307817 0.9006645 -0.0568399 0.2309465 0.9629805 0.13904 0.739355 0.4125436 -0.5321297 0.722245 0.6008378 -0.3425729 0.6284557 0.7656652 -0.1371142 0.4655475 0.8823709 0.06846147 0.2542895 0.9309322 0.2621109 0.7785655 0.5850922 -0.2269425 0.4929708 0.849098 0.1897692 0.2760487 0.8829364 0.3797638 0.6677441 0.7442266 -0.01563982 0.5106992 0.8022412 0.3091852 0.2915214 0.8196744 0.4931018 0.6962017 0.7100284 0.1056556 0.5206517 0.7417307 0.422797 0.303072 0.7432582 0.5964183 0.7130061 0.6639847 0.2252703 0.8226286 0.5582735 -0.1077638 0.8526894 0.5222377 0.01373306 0.7183264 0.6066481 0.3405661 0.5225777 0.6675263 0.5303973 0.3091651 0.6537097 0.6907102 0.868655 0.4772452 0.1329496 0.5148064 0.583282 0.6282966 0.3092251 0.5538871 0.7730388 0.7101103 0.5399737 0.4518537 0.4993853 0.4896103 0.71477 0.3052317 0.4460455 0.8413543 0.6927792 0.4618846 0.5538228 0.8692746 0.4249575 0.2525331 0.8555276 0.3661097 0.3661097 0.6615483 0.3777415 0.6478158 0.4736954 0.3875299 0.7908434 0.2956872 0.3290182 0.8968368 0.8281185 0.2996256 0.4737555 0.4418413 0.2796199 0.8524019 0.2816245 0.2073321 0.936857 0.6202562 0.2875742 0.7297832 0.4030283 0.1663231 0.8999472 0.2623533 0.08416097 0.9612948 0.5674475 0.1937428 0.8002918 0.7866725 0.2289733 0.5733391 0.731061 0.1544898 0.6645923 0.5066332 0.09584306 0.856818 0.3560141 0.0508796 0.9330946 0.2405209 -0.03910133 0.9698561 0.6636645 0.07834464 0.7439165 0.3056555 -0.06074962 0.9502023 0.2152959 -0.1507071 0.9648497 0.4385875 -0.003909999 0.89868 0.1761921 -0.3112806 0.9338419 0.2562337 -0.1642976 0.9525496 0.5867816 0 0.8097453 0.3641355 -0.09983207 0.92598 0.4990563 -0.07829645 0.8630251 0.1761921 -0.3112806 0.9338419 0.2894094 -0.1877418 0.9386135 0.407186 -0.1526888 0.900492 0.1761921 -0.3112806 0.9338419 0.3150004 -0.2191317 0.9234479 0.1761921 -0.3112806 0.9338419 0.3325443 -0.2562508 0.9076067 0.4344023 -0.2152461 0.8746221 0.5383331 -0.1663873 0.8261434 0.6358858 -0.1154379 0.7631012 0.5519815 -0.2642607 0.7908747 0.7241573 -0.06065639 0.6869622 0.6536198 -0.2387419 0.7181807 0.7455453 -0.2113236 0.6320637 0.80068 -0.003909942 0.5990795 0.825312 -0.1780515 0.535871 0.8642009 0.05082973 0.5005727 0.8910308 -0.1428625 0.4308763 0.9134158 0.1055702 0.3930988 0.9423763 -0.1058528 0.3173678 0.9468839 0.1584974 0.2798023 0.9776377 -0.06647289 0.199514 0.9642584 0.2094265 0.1623151 0.9965997 -0.02536799 0.07839283 0.9656579 0.2565297 0.04119733 0.998892 0.0137331 -0.04501404 0.9507884 0.2992552 -0.08029728 0.9845518 0.05473971 -0.1663172 0.9201505 0.3368196 -0.1996886 0.9534451 0.09593575 -0.2859 0.8743069 0.3677277 -0.3168028 0.9062275 0.1331257 -0.4012844 0.8129844 0.39481 -0.427997 0.8440619 0.1684309 -0.5091076 0.767316 0.2014133 -0.6088175 0.7385831 -0.01373221 -0.6740226 0.8133001 -0.06046345 -0.5786943 0.6531137 -0.2170371 -0.7254912 0.8744928 -0.1056639 -0.4733896 0.7222278 -0.2759973 -0.6342024 0.5167329 -0.395418 -0.7593627 0.9199135 -0.1506804 -0.3620145 0.778542 -0.3324347 -0.5323152 0.5772774 -0.4676195 -0.66939 0.3403884 -0.535884 -0.7726345 0.6280825 -0.5302366 -0.5695275 0.1330885 -0.6301257 -0.7650027 0.3893028 -0.6162848 -0.6845702 -0.08804888 -0.6693955 -0.73767 0.1683216 -0.7162011 -0.6772916 -0.3091254 -0.6537212 -0.6907171 -0.06661081 -0.7601765 -0.6462931 0.4306577 -0.6870686 -0.5852101 -0.5148064 -0.583282 -0.6282966 -0.3030763 -0.7431733 -0.5965219 -0.6927121 -0.4619352 -0.5538645 -0.5226306 -0.6675938 -0.5302601 -0.8281185 -0.2996256 -0.4737555 -0.7101715 -0.5400203 -0.4517019 -0.913425 -0.1054759 -0.3931027 -0.8555276 -0.3662051 -0.3660144 -0.9423763 0.1058528 -0.3173678 -0.9468334 -0.158489 -0.2799781 -0.9776316 0.06656784 -0.1995128 -0.8692746 -0.4249575 -0.2525331 -0.9965997 0.02536799 -0.07839283 -0.9643268 -0.2092506 -0.1621358 -0.998892 -0.0137331 0.04501404 -0.9656579 -0.2565297 -0.04119733 -0.9845778 -0.05483651 0.1661308 -0.9507759 -0.2993466 0.08010548 -0.8686374 -0.4773309 -0.1327562 -0.8526894 -0.5222377 -0.01373306 -0.9201505 -0.3368196 0.1996886 -0.9534971 -0.095941 0.2857249 -0.8226116 -0.5582621 0.1079523 -0.9062623 -0.1331308 0.4012043 -0.8743639 -0.3676563 0.316728 -0.8439935 -0.1683219 0.5092571 -0.8129997 -0.3947698 0.428005 -0.7786524 -0.5849668 0.2269679 -0.7222273 -0.6009183 0.342469 -0.739424 -0.4127251 0.5318931 -0.7672865 -0.2015963 0.6087942 -0.6530073 -0.607992 0.4515831 -0.6791605 -0.2309489 0.6967093 -0.6520483 -0.4268785 0.6265844 -0.5784375 -0.257984 0.7738568 -0.5539923 -0.4306338 0.7124937 -0.5730303 -0.6043091 0.5535765 -0.4848113 -0.5903751 0.6453025 -0.4480599 -0.428463 0.7846413 -0.4683033 -0.2782354 0.8386163 -0.3870359 -0.5668453 0.727248 -0.3503983 -0.2956069 0.8887281 -0.334533 -0.4206458 0.8432941 -0.228954 -0.307227 0.9236838 -0.2154491 -0.4034812 0.8892607 -0.2837054 -0.534129 0.7963777 -0.176204 -0.4933999 0.851768 -0.09585272 -0.3814559 0.919404 -0.1057267 -0.3132821 0.9437565 0.01567031 -0.3564413 0.9341863 0.1761921 -0.3112806 0.9338419 0.03134206 -0.3937488 0.9186836 0.1761921 -0.3112806 0.9338419 -0.06855036 -0.4445969 0.8931038 0.05672117 -0.4244432 0.9036762 0.1761921 -0.3112806 0.9338419 -0.02544892 -0.4972306 0.8672451 0.09204032 -0.4484596 0.8890516 0.1761921 -0.3112806 0.9338419 -0.1153832 -0.5671526 0.8154904 0.03130907 -0.5362297 0.8434913 0.1311781 -0.4620559 0.8770956 0.1761921 -0.3112806 0.9338419 -0.2034736 -0.6300409 0.7494311 -0.03324856 -0.6219511 0.78235 0.09787465 -0.5579213 0.8241022 0.1741474 -0.4637415 0.8686867 0.1761921 -0.3112806 0.9338419 -0.2912898 -0.6822352 0.6706008 -0.0998067 -0.7006137 0.706526 0.06063075 -0.6551841 0.7530324 -0.3739195 -0.7242813 0.5793107 -0.1643176 -0.7687547 0.6180745 -0.4484747 -0.7540058 0.4799433 -0.2268625 -0.8233333 0.5202459 0.02154434 -0.7422532 0.6697732 -0.5181331 -0.7703809 0.3715529 -0.285674 -0.8647944 0.4129421 -0.01958631 -0.8187386 0.5738323 -0.5774456 -0.7751409 0.2563458 -0.3403574 -0.8920433 0.2973478 -0.0587717 -0.8816053 0.4683141 -0.6285639 -0.7656063 0.136947 -0.3892642 -0.9037375 0.1781346 -0.09790101 -0.9299881 0.354313 -0.6677915 -0.7441841 0.01564093 -0.4307817 -0.9006645 0.0568399 -0.1349909 -0.9626268 0.2347917 -0.6962488 -0.7099811 -0.1056627 -0.4656198 -0.8823172 -0.06866282 -0.1703507 -0.9790456 0.1115803 -0.712961 -0.664038 -0.225256 -0.4930108 -0.8490714 -0.1897846 -0.2017528 -0.9793428 -0.01354238 -0.7182615 -0.6066887 -0.3406306 -0.5107293 -0.8022885 -0.3090127 -0.5207198 -0.7419232 -0.4223754 -0.2542443 -0.9309577 -0.2620643 -0.2914484 -0.8196598 -0.493169 -0.2760487 -0.8829364 -0.3797638 -0.04502743 -0.8379526 -0.5438823 -0.02348925 -0.9004422 -0.434341 0.2015468 -0.7925521 -0.5755346 0.2289063 -0.8549649 -0.4654427 0.4653434 -0.7468956 -0.4749764 0 -0.9490641 -0.3150832 0.2544229 -0.9021988 -0.3482907 0.491288 -0.7947194 -0.3564509 0.6668924 -0.586583 -0.4595377 0.6964521 -0.631881 -0.3401189 0.8219581 -0.3837076 -0.4208959 0.8522779 -0.4262343 -0.3032271 0.9509969 -0.1916871 -0.2426129 0.9656039 -0.230982 -0.1194011 0.8678188 -0.4631864 -0.1798578 0.9639713 -0.2659791 0.003814687 0.712418 -0.6674031 -0.2168726 0.8693043 -0.4914454 -0.05283539 0.9465979 -0.2953469 0.1293156 0.5106794 -0.8275772 -0.233072 0.9129869 -0.3206039 0.2523254 0.8552648 -0.5127965 0.07457818 0.7177872 -0.6904184 -0.09002142 0.8645615 -0.3403508 0.3697226 0.8277342 -0.5244509 0.1995184 0.7104653 -0.7026454 0.03909943 0.5204825 -0.847286 -0.1058511 0.2756664 -0.934624 -0.2246913 0.522114 -0.8525478 0.02365009 0.02349906 -0.9811373 -0.1918787 0.2917242 -0.9514651 -0.0980361 -0.2309465 -0.9629805 -0.13904 0.04504196 -0.9967522 -0.06675531 0.06651847 -0.995822 0.06256073 0.3013583 -0.9529978 0.03128022 0.08610801 -0.9784101 0.1878807 0.3091938 -0.9374046 0.1602238 0.5147959 -0.8436243 0.1525886 0.1058002 -0.9443459 0.3114759 0.3094759 -0.9068739 0.2860148 0.1232698 -0.8942183 0.4303235 0.3052192 -0.8608696 0.4071178 0.4991159 -0.8200818 0.2799093 0.4733714 -0.7843269 0.4009375 0.2956512 -0.8008332 0.520823 0.1389699 -0.8299569 0.5402397 0.4425004 -0.7342264 0.5148835 0.1507149 -0.7516195 0.6421474 0.2815902 -0.7275088 0.6256499 0.1605512 -0.6617553 0.7323273 0.2619542 -0.6432039 0.719492 0.4030261 -0.6730136 0.6201796 0.3560206 -0.6005523 0.7159514 0.2406059 -0.549643 0.800001 0.1683758 -0.5638275 0.808547 0.2153672 -0.4561979 0.8634237 0.1761921 -0.3112806 0.9338419 0.2564451 -0.4385031 0.8613657 0.1761921 -0.3112806 0.9338419 0.3055125 -0.5209495 0.7970407 0.2894803 -0.4107369 0.8645787 0.1761921 -0.3112806 0.9338419 0.3635335 -0.4749681 0.8014042 0.3150457 -0.3776543 0.8707029 0.1761921 -0.3112806 0.9338419 0.4381452 -0.535903 0.7216903 0.4072675 -0.4170427 0.8125322 0.3325432 -0.3384083 0.8802811 0.1761921 -0.3112806 0.9338419 0.5072294 -0.5894313 0.6287203 0.4991603 -0.4541461 0.7379637 0.434159 -0.3520002 0.8292176 0.3369335 -0.2977374 0.8932123 0.1761921 -0.3112806 0.9338419 0.1761921 -0.3112806 0.9338419 0.4436374 -0.2833767 0.8502256 0.5380559 -0.36201 0.7612127 0.636184 -0.3660132 0.6791939 0.5864401 -0.4847739 0.6489086 0.7243977 -0.3641538 0.5853545 0.6643108 -0.5075312 0.5487288 0.5677072 -0.6342719 0.5247931 0.6198053 -0.6687297 0.4106603 0.7310049 -0.5218602 0.439652 0.6615089 -0.6908796 0.2917047 0.8012448 -0.3545618 0.4819676 0.7857572 -0.5277801 0.3225429 0.6913445 -0.7030752 0.1665178</float_array>
          <technique_common>
            <accessor source="#geom-GlassB_Mdl__GlassBuffer-normals-array" count="623" stride="3">
              <param name="X" type="float"/>
              <param name="Y" type="float"/>
              <param name="Z" type="float"/>
            </accessor>
          </technique_common>
        </source>
        <source id="geom-GlassB_Mdl__GlassBuffer-map-2">
          <float_array id="geom-GlassB_Mdl__GlassBuffer-map-2-array" count="1869">1 1 1 1 1 1 1 1 1 1 1 1 1 1 1 1 1 1 1 1 1 1 1 1 1 1 1 1 1 1 1 1 1 1 1 1 1 1 1 1 1 1 1 1 1 1 1 1 1 1 1 1 1 1 1 1 1 1 1 1 1 1 1 1 1 1 1 1 1 1 1 1 1 1 1 1 1 1 1 1 1 1 1 1 1 1 1 1 1 1 1 1 1 1 1 1 1 1 1 1 1 1 1 1 1 1 1 1 1 1 1 1 1 1 1 1 1 1 1 1 1 1 1 1 1 1 1 1 1 1 1 1 1 1 1 1 1 1 1 1 1 1 1 1 1 1 1 1 1 1 1 1 1 1 1 1 1 1 1 1 1 1 1 1 1 1 1 1 1 1 1 1 1 1 1 1 1 1 1 1 1 1 1 1 1 1 1 1 1 1 1 1 1 1 1 1 1 1 1 1 1 1 1 1 1 1 1 1 1 1 1 1 1 1 1 1 1 1 1 1 1 1 1 1 1 1 1 1 1 1 1 1 1 1 1 1 1 1 1 1 1 1 1 1 1 1 1 1 1 1 1 1 1 1 1 1 1 1 1 1 1 1 1 1 1 1 1 1 1 1 1 1 1 1 1 1 1 1 1 1 1 1 1 1 1 1 1 1 1 1 1 1 1 1 1 1 1 1 1 1 1 1 1 1 1 1 1 1 1 1 1 1 1 1 1 1 1 1 1 1 1 1 1 1 1 1 1 1 1 1 1 1 1 1 1 1 1 1 1 1 1 1 1 1 1 1 1 1 1 1 1 1 1 1 1 1 1 1 1 1 1 1 1 1 1 1 1 1 1 1 1 1 1 1 1 1 1 1 1 1 1 1 1 1 1 1 1 1 1 1 1 1 1 1 1 1 1 1 1 1 1 1 1 1 1 1 1 1 1 1 1 1 1 1 1 1 1 1 1 1 1 1 1 1 1 1 1 1 1 1 1 1 1 1 1 1 1 1 1 1 1 1 1 1 1 1 1 1 1 1 1 1 1 1 1 1 1 1 1 1 1 1 1 1 1 1 1 1 1 1 1 1 1 1 1 1 1 1 1 1 1 1 1 1 1 1 1 1 1 1 1 1 1 1 1 1 1 1 1 1 1 1 1 1 1 1 1 1 1 1 1 1 1 1 1 1 1 1 1 1 1 1 1 1 1 1 1 1 1 1 1 1 1 1 1 1 1 1 1 1 1 1 1 1 1 1 1 1 1 1 1 1 1 1 1 1 1 1 1 1 1 1 1 1 1 1 1 1 1 1 1 1 1 1 1 1 1 1 1 1 1 1 1 1 1 1 1 1 1 1 1 1 1 1 1 1 1 1 1 1 1 1 1 1 1 1 1 1 1 1 1 1 1 1 1 1 1 1 1 1 1 1 1 1 1 1 1 1 1 1 1 1 1 1 1 1 1 1 1 1 1 1 1 1 1 1 1 1 1 1 1 1 1 1 1 1 1 1 1 1 1 1 1 1 1 1 1 1 1 1 1 1 1 1 1 1 1 1 1 1 1 1 1 1 1 1 1 1 1 1 1 1 1 1 1 1 1 1 1 1 1 1 1 1 1 1 1 1 1 1 1 1 1 1 1 1 1 1 1 1 1 1 1 1 1 1 1 1 1 1 1 1 1 1 1 1 1 1 1 1 1 1 1 1 1 1 1 1 1 1 1 1 1 1 1 1 1 1 1 1 1 1 1 1 1 1 1 1 1 1 1 1 1 1 1 1 1 1 1 1 1 1 1 1 1 1 1 1 1 1 1 1 1 1 1 1 1 1 1 1 1 1 1 1 1 1 1 1 1 1 1 1 1 1 1 1 1 1 1 1 1 1 1 1 1 1 1 1 1 1 1 1 1 1 1 1 1 1 1 1 1 1 1 1 1 1 1 1 1 1 1 1 1 1 1 1 1 1 1 1 1 1 1 1 1 1 1 1 1 1 1 1 1 1 1 1 1 1 1 1 1 1 1 1 1 1 1 1 1 1 1 1 1 1 1 1 1 1 1 1 1 1 1 1 1 1 1 1 1 1 1 1 1 1 1 1 1 1 1 1 1 1 1 1 1 1 1 1 1 1 1 1 1 1 1 1 1 1 1 1 1 1 1 1 1 1 1 1 1 1 1 1 1 1 1 1 1 1 1 1 1 1 1 1 1 1 1 1 1 1 1 1 1 1 1 1 1 1 1 1 1 1 1 1 1 1 1 1 1 1 1 1 1 1 1 1 1 1 1 1 1 1 1 1 1 1 1 1 1 1 1 1 1 1 1 1 1 1 1 1 1 1 1 1 1 1 1 1 1 1 1 1 1 1 1 1 1 1 1 1 1 1 1 1 1 1 1 1 1 1 1 1 1 1 1 1 1 1 1 1 1 1 1 1 1 1 1 1 1 1 1 1 1 1 1 1 1 1 1 1 1 1 1 1 1 1 1 1 1 1 1 1 1 1 1 1 1 1 1 1 1 1 1 1 1 1 1 1 1 1 1 1 1 1 1 1 1 1 1 1 1 1 1 1 1 1 1 1 1 1 1 1 1 1 1 1 1 1 1 1 1 1 1 1 1 1 1 1 1 1 1 1 1 1 1 1 1 1 1 1 1 1 1 1 1 1 1 1 1 1 1 1 1 1 1 1 1 1 1 1 1 1 1 1 1 1 1 1 1 1 1 1 1 1 1 1 1 1 1 1 1 1 1 1 1 1 1 1 1 1 1 1 1 1 1 1 1 1 1 1 1 1 1 1 1 1 1 1 1 1 1 1 1 1 1 1 1 1 1 1 1 1 1 1 1 1 1 1 1 1 1 1 1 1 1 1 1 1 1 1 1 1 1 1 1 1 1 1 1 1 1 1 1 1 1 1 1 1 1 1 1 1 1 1 1 1 1 1 1 1 1 1 1 1 1 1 1 1 1 1 1 1 1 1 1 1 1 1 1 1 1 1 1 1 1 1 1 1 1 1 1 1 1 1 1 1 1 1 1 1 1 1 1 1 1 1 1 1 1 1 1 1 1 1 1 1 1 1 1 1 1 1 1 1 1 1 1 1 1 1 1 1 1 1 1 1 1 1 1 1 1 1 1 1 1 1 1 1 1 1 1 1 1 1 1 1 1 1 1 1 1 1 1 1 1 1 1 1 1 1 1 1 1 1 1 1 1 1 1 1 1 1 1 1 1 1 1 1 1 1 1 1 1 1 1 1 1 1 1 1 1 1 1 1 1 1 1 1 1 1 1 1 1 1 1 1 1 1 1 1 1 1 1 1 1 1 1 1 1 1 1 1 1 1 1 1 1 1 1 1 1 1 1 1 1 1 1 1 1 1 1 1 1 1 1 1 1 1 1 1 1 1 1 1 1 1 1 1 1 1 1 1 1 1 1 1 1 1 1 1 1 1 1 1 1 1 1 1 1 1 1 1 1 1 1 1 1 1 1 1 1 1 1 1 1 1 1 1 1 1 1 1 1 1 1 1 1 1 1 1 1 1 1 1 1 1 1 1 1 1 1 1 1 1 1 1 1 1 1 1 1 1 1 1 1 1 1 1 1 1 1 1 1 1 1 1 1 1 1 1 1 1 1 1 1 1 1 1 1 1 1 1 1 1 1 1 1 1 1 1 1 1 1 1 1 1 1 1 1 1 1 1 1 1 1 1 1 1 1 1 1 1 1 1 1 1 1 1 1 1 1 1 1 1 1 1 1 1 1 1 1 1 1 1 1 1 1 1 1 1 1 1 1 1 1 1 1 1 1 1 1 1 1 1 1 1 1 1 1 1 1 1 1 1 1 1 1 1 1 1 1 1 1 1 1 1 1 1 1 1 1 1 1 1 1 1 1 1 1 1 1 1 1 1 1 1 1 1 1 1 1 1 1 1 1 1 1 1 1 1 1 1 1 1 1 1 1 1 1 1 1 1 1 1 1 1 1 1 1 1 1 1 1 1 1 1 1 1 1 1 1 1 1 1 1 1 1 1 1 1 1 1 1 1 1 1 1 1 1 1 1 1 1 1 1 1 1 1 1 1 1 1 1 1 1 1 1 1 1 1 1 1 1 1 1 1 1 1 1 1 1 1 1 1 1 1 1 1 1 1 1 1 1 1 1 1 1 1 1 1 1 1 1 1 1 1 1 1 1 1 1 1 1 1 1 1 1 1 1 1 1 1 1 1 1 1 1 1 1 1 1 1 1 1 1 1 1 1 1</float_array>
          <technique_common>
            <accessor source="#geom-GlassB_Mdl__GlassBuffer-map-2-array" count="623" stride="3">
              <param name="R" type="float"/>
              <param name="G" type="float"/>
              <param name="B" type="float"/>
            </accessor>
          </technique_common>
        </source>
        <source id="geom-GlassB_Mdl__GlassBuffer-map0">
          <float_array id="geom-GlassB_Mdl__GlassBuffer-map0-array" count="1869">1 1 1 1 1 1 1 1 1 1 1 1 1 1 1 1 1 1 1 1 1 1 1 1 1 1 1 1 1 1 1 1 1 1 1 1 1 1 1 1 1 1 1 1 1 1 1 1 1 1 1 1 1 1 1 1 1 1 1 1 1 1 1 1 1 1 1 1 1 1 1 1 1 1 1 1 1 1 1 1 1 1 1 1 1 1 1 1 1 1 1 1 1 1 1 1 1 1 1 1 1 1 1 1 1 1 1 1 1 1 1 1 1 1 1 1 1 1 1 1 1 1 1 1 1 1 1 1 1 1 1 1 1 1 1 1 1 1 1 1 1 1 1 1 1 1 1 1 1 1 1 1 1 1 1 1 1 1 1 1 1 1 1 1 1 1 1 1 1 1 1 1 1 1 1 1 1 1 1 1 1 1 1 1 1 1 1 1 1 1 1 1 1 1 1 1 1 1 1 1 1 1 1 1 1 1 1 1 1 1 1 1 1 1 1 1 1 1 1 1 1 1 1 1 1 1 1 1 1 1 1 1 1 1 1 1 1 1 1 1 1 1 1 1 1 1 1 1 1 1 1 1 1 1 1 1 1 1 1 1 1 1 1 1 1 1 1 1 1 1 1 1 1 1 1 1 1 1 1 1 1 1 1 1 1 1 1 1 1 1 1 1 1 1 1 1 1 1 1 1 1 1 1 1 1 1 1 1 1 1 1 1 1 1 1 1 1 1 1 1 1 1 1 1 1 1 1 1 1 1 1 1 1 1 1 1 1 1 1 1 1 1 1 1 1 1 1 1 1 1 1 1 1 1 1 1 1 1 1 1 1 1 1 1 1 1 1 1 1 1 1 1 1 1 1 1 1 1 1 1 1 1 1 1 1 1 1 1 1 1 1 1 1 1 1 1 1 1 1 1 1 1 1 1 1 1 1 1 1 1 1 1 1 1 1 1 1 1 1 1 1 1 1 1 1 1 1 1 1 1 1 1 1 1 1 1 1 1 1 1 1 1 1 1 1 1 1 1 1 1 1 1 1 1 1 1 1 1 1 1 1 1 1 1 1 1 1 1 1 1 1 1 1 1 1 1 1 1 1 1 1 1 1 1 1 1 1 1 1 1 1 1 1 1 1 1 1 1 1 1 1 1 1 1 1 1 1 1 1 1 1 1 1 1 1 1 1 1 1 1 1 1 1 1 1 1 1 1 1 1 1 1 1 1 1 1 1 1 1 1 1 1 1 1 1 1 1 1 1 1 1 1 1 1 1 1 1 1 1 1 1 1 1 1 1 1 1 1 1 1 1 1 1 1 1 1 1 1 1 1 1 1 1 1 1 1 1 1 1 1 1 1 1 1 1 1 1 1 1 1 1 1 1 1 1 1 1 1 1 1 1 1 1 1 1 1 1 1 1 1 1 1 1 1 1 1 1 1 1 1 1 1 1 1 1 1 1 1 1 1 1 1 1 1 1 1 1 1 1 1 1 1 1 1 1 1 1 1 1 1 1 1 1 1 1 1 1 1 1 1 1 1 1 1 1 1 1 1 1 1 1 1 1 1 1 1 1 1 1 1 1 1 1 1 1 1 1 1 1 1 1 1 1 1 1 1 1 1 1 1 1 1 1 1 1 1 1 1 1 1 1 1 1 1 1 1 1 1 1 1 1 1 1 1 1 1 1 1 1 1 1 1 1 1 1 1 1 1 1 1 1 1 1 1 1 1 1 1 1 1 1 1 1 1 1 1 1 1 1 1 1 1 1 1 1 1 1 1 1 1 1 1 1 1 1 1 1 1 1 1 1 1 1 1 1 1 1 1 1 1 1 1 1 1 1 1 1 1 1 1 1 1 1 1 1 1 1 1 1 1 1 1 1 1 1 1 1 1 1 1 1 1 1 1 1 1 1 1 1 1 1 1 1 1 1 1 1 1 1 1 1 1 1 1 1 1 1 1 1 1 1 1 1 1 1 1 1 1 1 1 1 1 1 1 1 1 1 1 1 1 1 1 1 1 1 1 1 1 1 1 1 1 1 1 1 1 1 1 1 1 1 1 1 1 1 1 1 1 1 1 1 1 1 1 1 1 1 1 1 1 1 1 1 1 1 1 1 1 1 1 1 1 1 1 1 1 1 1 1 1 1 1 1 1 1 1 1 1 1 1 1 1 1 1 1 1 1 1 1 1 1 1 1 1 1 1 1 1 1 1 1 1 1 1 1 1 1 1 1 1 1 1 1 1 1 1 1 1 1 1 1 1 1 1 1 1 1 1 1 1 1 1 1 1 1 1 1 1 1 1 1 1 1 1 1 1 1 1 1 1 1 1 1 1 1 1 1 1 1 1 1 1 1 1 1 1 1 1 1 1 1 1 1 1 1 1 1 1 1 1 1 1 1 1 1 1 1 1 1 1 1 1 1 1 1 1 1 1 1 1 1 1 1 1 1 1 1 1 1 1 1 1 1 1 1 1 1 1 1 1 1 1 1 1 1 1 1 1 1 1 1 1 1 1 1 1 1 1 1 1 1 1 1 1 1 1 1 1 1 1 1 1 1 1 1 1 1 1 1 1 1 1 1 1 1 1 1 1 1 1 1 1 1 1 1 1 1 1 1 1 1 1 1 1 1 1 1 1 1 1 1 1 1 1 1 1 1 1 1 1 1 1 1 1 1 1 1 1 1 1 1 1 1 1 1 1 1 1 1 1 1 1 1 1 1 1 1 1 1 1 1 1 1 1 1 1 1 1 1 1 1 1 1 1 1 1 1 1 1 1 1 1 1 1 1 1 1 1 1 1 1 1 1 1 1 1 1 1 1 1 1 1 1 1 1 1 1 1 1 1 1 1 1 1 1 1 1 1 1 1 1 1 1 1 1 1 1 1 1 1 1 1 1 1 1 1 1 1 1 1 1 1 1 1 1 1 1 1 1 1 1 1 1 1 1 1 1 1 1 1 1 1 1 1 1 1 1 1 1 1 1 1 1 1 1 1 1 1 1 1 1 1 1 1 1 1 1 1 1 1 1 1 1 1 1 1 1 1 1 1 1 1 1 1 1 1 1 1 1 1 1 1 1 1 1 1 1 1 1 1 1 1 1 1 1 1 1 1 1 1 1 1 1 1 1 1 1 1 1 1 1 1 1 1 1 1 1 1 1 1 1 1 1 1 1 1 1 1 1 1 1 1 1 1 1 1 1 1 1 1 1 1 1 1 1 1 1 1 1 1 1 1 1 1 1 1 1 1 1 1 1 1 1 1 1 1 1 1 1 1 1 1 1 1 1 1 1 1 1 1 1 1 1 1 1 1 1 1 1 1 1 1 1 1 1 1 1 1 1 1 1 1 1 1 1 1 1 1 1 1 1 1 1 1 1 1 1 1 1 1 1 1 1 1 1 1 1 1 1 1 1 1 1 1 1 1 1 1 1 1 1 1 1 1 1 1 1 1 1 1 1 1 1 1 1 1 1 1 1 1 1 1 1 1 1 1 1 1 1 1 1 1 1 1 1 1 1 1 1 1 1 1 1 1 1 1 1 1 1 1 1 1 1 1 1 1 1 1 1 1 1 1 1 1 1 1 1 1 1 1 1 1 1 1 1 1 1 1 1 1 1 1 1 1 1 1 1 1 1 1 1 1 1 1 1 1 1 1 1 1 1 1 1 1 1 1 1 1 1 1 1 1 1 1 1 1 1 1 1 1 1 1 1 1 1 1 1 1 1 1 1 1 1 1 1 1 1 1 1 1 1 1 1 1 1 1 1 1 1 1 1 1 1 1 1 1 1 1 1 1 1 1 1 1 1 1 1 1 1 1 1 1 1 1 1 1 1 1 1 1 1 1 1 1 1 1 1 1 1 1 1 1 1 1 1 1 1 1 1 1 1 1 1 1 1 1 1 1 1 1 1 1 1 1 1 1 1 1 1 1 1 1 1 1 1 1 1 1 1 1 1 1 1 1 1 1 1 1 1 1 1 1 1 1 1 1 1 1 1 1 1 1 1 1 1 1 1 1 1 1 1 1 1 1 1 1 1 1 1 1 1 1 1 1 1 1 1 1 1 1 1 1 1 1 1 1 1 1 1 1 1 1 1 1 1 1 1 1 1 1 1 1 1 1 1 1 1 1 1 1 1 1 1 1 1 1 1 1 1 1 1 1 1 1 1 1 1 1 1 1 1 1 1 1 1 1 1 1 1 1 1 1 1 1 1 1 1 1 1 1 1 1 1 1 1 1 1 1 1</float_array>
          <technique_common>
            <accessor source="#geom-GlassB_Mdl__GlassBuffer-map0-array" count="623" stride="3">
              <param name="R" type="float"/>
              <param name="G" type="float"/>
              <param name="B" type="float"/>
            </accessor>
          </technique_common>
        </source>
        <source id="geom-GlassB_Mdl__GlassBuffer-map1">
          <float_array id="geom-GlassB_Mdl__GlassBuffer-map1-array" count="1869">0.9790039 1 0 1 0.9583435 0 0.9580078 0.9583435 0 1 0.916687 0 0.9580078 0.916687 0 1 0.875061 0 0.9165039 0.9583435 0 0.9375 1 0 0.9580078 0.875061 0 1 0.833374 0 0.9165039 0.916687 0 0.875 0.9583435 0 0.8955078 1 0 0.9580078 0.833374 0 1 0.791748 0 0.9165039 0.875061 0 0.875 0.916687 0 0.8330078 0.9583435 0 0.8540039 1 0 0.9580078 0.791748 0 1 0.7501221 0 0.9165039 0.833374 0 0.875 0.875061 0 0.8330078 0.916687 0 0.7915039 0.9583435 0 0.8125 1 0 0.875 0.833374 0 0.8330078 0.875061 0 0.7915039 0.916687 0 0.75 0.9583435 0 0.7705078 1 0 0.7080078 0.9583435 0 0.7290039 1 0 0.75 0.916687 0 0.7915039 0.875061 0 0.8330078 0.833374 0 0.75 0.875061 0 0.7915039 0.833374 0 0.7080078 0.916687 0 0.6665039 0.9583435 0 0.6875 1 0 0.625 0.9583435 0 0.6455078 1 0 0.6665039 0.916687 0 0.7080078 0.875061 0 0.75 0.833374 0 0.6665039 0.875061 0 0.7080078 0.833374 0 0.625 0.916687 0 0.5830078 0.9583435 0 0.6040039 1 0 0.5415039 0.9583435 0 0.5625 1 0 0.5830078 0.916687 0 0.625 0.875061 0 0.6665039 0.833374 0 0.5830078 0.875061 0 0.625 0.833374 0 0.5415039 0.916687 0 0.4997559 0.9583435 0 0.5205078 1 0 0.458252 0.9583435 0 0.4790039 1 0 0.4997559 0.916687 0 0.5415039 0.875061 0 0.5830078 0.833374 0 0.4997559 0.875061 0 0.5415039 0.833374 0 0.458252 0.916687 0 0.4165039 0.9583435 0 0.4375 1 0 0.3747559 0.9583435 0 0.395752 1 0 0.4165039 0.916687 0 0.458252 0.875061 0 0.4997559 0.833374 0 0.4165039 0.875061 0 0.458252 0.833374 0 0.3747559 0.916687 0 0.333252 0.9583435 0 0.3540039 1 0 0.2915039 0.9583435 0 0.3125 1 0 0.333252 0.916687 0 0.3747559 0.875061 0 0.4165039 0.833374 0 0.333252 0.875061 0 0.3747559 0.833374 0 0.2915039 0.916687 0 0.25 0.9583435 0 0.270752 1 0 0.208252 0.9583435 0 0.229126 1 0 0.25 0.916687 0 0.2915039 0.875061 0 0.333252 0.833374 0 0.25 0.875061 0 0.2915039 0.833374 0 0.208252 0.916687 0 0.166626 0.9583435 0 0.1875 1 0 0.125 0.9583435 0 0.145752 1 0 0.166626 0.916687 0 0.208252 0.875061 0 0.25 0.833374 0 0.166626 0.875061 0 0.208252 0.833374 0 0.125 0.916687 0 0.08331299 0.9583435 0 0.104126 1 0 0.04165649 0.9583435 0 0.0625 1 0 0.08331299 0.916687 0 0.125 0.875061 0 0 0.9583435 0 0.02082825 1 0 0.04165649 0.916687 0 0 0.916687 0 0.08331299 0.875061 0 0.04165649 0.875061 0 0 0.875061 0 0.125 0.833374 0 0.04165649 0.833374 0 0 0.833374 0 0.08331299 0.833374 0 0.04165649 0.791748 0 0 0.791748 0 0.08331299 0.791748 0 0.04165649 0.7501221 0 0 0.7501221 0 0.08331299 0.7501221 0 0.125 0.791748 0 0.125 0.7501221 0 0.04165649 0.7084961 0 0 0.7084961 0 0.08331299 0.7084961 0 0.04165649 0.666748 0 0 0.666748 0 0.08331299 0.666748 0 0.125 0.7084961 0 0.125 0.666748 0 0.04165649 0.625 0 0 0.625 0 0.08331299 0.625 0 0.04165649 0.5834961 0 0 0.5834961 0 0.08331299 0.5834961 0 0.125 0.625 0 0.125 0.5834961 0 0.04165649 0.541748 0 0 0.541748 0 0.08331299 0.541748 0 0.04165649 0.5 0 0 0.5 0 0.08331299 0.5 0 0.125 0.541748 0 0.125 0.5 0 0.08331299 0.4584961 0 0.04165649 0.4584961 0 0 0.4584961 0 0.125 0.4584961 0 0.04165649 0.4169922 0 0 0.4169922 0 0.08331299 0.4169922 0 0.04165649 0.375 0 0 0.375 0 0.08331299 0.375 0 0.125 0.4169922 0 0.125 0.375 0 0.08331299 0.3334961 0 0.04165649 0.3334961 0 0 0.3334961 0 0.125 0.3334961 0 0.04165649 0.2919922 0 0 0.2919922 0 0.08331299 0.2919922 0 0.04165649 0.25 0 0 0.25 0 0.08331299 0.25 0 0.125 0.2919922 0 0.125 0.25 0 0.08331299 0.2084961 0 0.04165649 0.2084961 0 0 0.2084961 0 0.125 0.2084961 0 0.04165649 0.1669922 0 0 0.1669922 0 0.08331299 0.1669922 0 0.04165649 0.125 0 0 0.125 0 0.08331299 0.125 0 0.125 0.1669922 0 0.125 0.125 0 0.08331299 0.08349609 0 0.04165649 0.08349609 0 0 0.08349609 0 0.125 0.08349609 0 0.04165649 0.04199219 0 0 0.04199219 0 0.02082825 0 0 0.08331299 0.04199219 0 0.0625 0 0 0.125 0.04199219 0 0.104126 0 0 0.166626 0.04199219 0 0.145752 0 0 0.166626 0.08349609 0 0.208252 0.04199219 0 0.1875 0 0 0.166626 0.125 0 0.208252 0.08349609 0 0.25 0.04199219 0 0.229126 0 0 0.166626 0.1669922 0 0.208252 0.125 0 0.25 0.08349609 0 0.2915039 0.04199219 0 0.270752 0 0 0.166626 0.2084961 0 0.208252 0.1669922 0 0.25 0.125 0 0.166626 0.25 0 0.208252 0.2084961 0 0.166626 0.2919922 0 0.208252 0.25 0 0.25 0.1669922 0 0.166626 0.3334961 0 0.208252 0.2919922 0 0.25 0.2084961 0 0.166626 0.375 0 0.208252 0.3334961 0 0.25 0.25 0 0.166626 0.4169922 0 0.208252 0.375 0 0.25 0.2919922 0 0.166626 0.4584961 0 0.208252 0.4169922 0 0.25 0.3334961 0 0.166626 0.5 0 0.208252 0.4584961 0 0.25 0.375 0 0.166626 0.541748 0 0.208252 0.5 0 0.25 0.4169922 0 0.166626 0.5834961 0 0.208252 0.541748 0 0.25 0.4584961 0 0.166626 0.625 0 0.208252 0.5834961 0 0.25 0.5 0 0.25 0.541748 0 0.208252 0.625 0 0.166626 0.666748 0 0.25 0.5834961 0 0.166626 0.7084961 0 0.208252 0.666748 0 0.166626 0.7501221 0 0.208252 0.7084961 0 0.25 0.625 0 0.25 0.666748 0 0.208252 0.7501221 0 0.166626 0.791748 0 0.25 0.7084961 0 0.166626 0.833374 0 0.208252 0.791748 0 0.25 0.791748 0 0.25 0.7501221 0 0.2915039 0.791748 0 0.2915039 0.7501221 0 0.2915039 0.7084961 0 0.333252 0.791748 0 0.333252 0.7501221 0 0.3747559 0.791748 0 0.3747559 0.7501221 0 0.333252 0.7084961 0 0.4165039 0.791748 0 0.4165039 0.7501221 0 0.3747559 0.7084961 0 0.458252 0.791748 0 0.458252 0.7501221 0 0.4165039 0.7084961 0 0.4997559 0.791748 0 0.4997559 0.7501221 0 0.458252 0.7084961 0 0.5415039 0.791748 0 0.5415039 0.7501221 0 0.4997559 0.7084961 0 0.5830078 0.791748 0 0.5830078 0.7501221 0 0.5415039 0.7084961 0 0.625 0.791748 0 0.625 0.7501221 0 0.5830078 0.7084961 0 0.6665039 0.791748 0 0.6665039 0.7501221 0 0.625 0.7084961 0 0.7080078 0.791748 0 0.7080078 0.7501221 0 0.6665039 0.7084961 0 0.75 0.791748 0 0.75 0.7501221 0 0.7080078 0.7084961 0 0.7915039 0.791748 0 0.7915039 0.7501221 0 0.75 0.7084961 0 0.8330078 0.791748 0 0.8330078 0.7501221 0 0.7915039 0.7084961 0 0.875 0.791748 0 0.875 0.7501221 0 0.8330078 0.7084961 0 0.9165039 0.791748 0 0.9165039 0.7501221 0 0.9580078 0.7501221 0 1 0.7084961 0 0.9580078 0.7084961 0 1 0.666748 0 0.9165039 0.7084961 0 0.9580078 0.666748 0 1 0.625 0 0.875 0.7084961 0 0.9165039 0.666748 0 0.9580078 0.625 0 1 0.5834961 0 0.875 0.666748 0 0.9165039 0.625 0 0.9580078 0.5834961 0 1 0.541748 0 0.8330078 0.666748 0 0.875 0.625 0 0.9165039 0.5834961 0 0.9580078 0.541748 0 1 0.5 0 0.875 0.5834961 0 0.9580078 0.5 0 1 0.4584961 0 0.9165039 0.541748 0 0.9580078 0.4584961 0 1 0.4169922 0 0.9165039 0.5 0 0.9580078 0.4169922 0 1 0.375 0 0.9165039 0.4584961 0 0.875 0.541748 0 0.875 0.5 0 0.9165039 0.4169922 0 0.9580078 0.375 0 1 0.3334961 0 0.875 0.4584961 0 0.9580078 0.3334961 0 1 0.2919922 0 0.9165039 0.375 0 0.9580078 0.2919922 0 1 0.25 0 0.9165039 0.3334961 0 0.875 0.4169922 0 0.875 0.375 0 0.9165039 0.2919922 0 0.9580078 0.25 0 1 0.2084961 0 0.875 0.3334961 0 0.9580078 0.2084961 0 1 0.1669922 0 0.9165039 0.25 0 0.9580078 0.1669922 0 1 0.125 0 0.9165039 0.2084961 0 0.875 0.2919922 0 0.875 0.25 0 0.9165039 0.1669922 0 0.9580078 0.125 0 1 0.08349609 0 0.875 0.2084961 0 0.9580078 0.08349609 0 1 0.04199219 0 0.9165039 0.125 0 0.9790039 0 0 0.9580078 0.04199219 0 0.875 0.1669922 0 0.9165039 0.08349609 0 0.875 0.125 0 0.9375 0 0 0.9165039 0.04199219 0 0.875 0.08349609 0 0.8955078 0 0 0.875 0.04199219 0 0.8540039 0 0 0.8330078 0.04199219 0 0.8330078 0.08349609 0 0.8330078 0.125 0 0.8330078 0.1669922 0 0.7915039 0.125 0 0.8330078 0.2084961 0 0.7915039 0.1669922 0 0.7915039 0.2084961 0 0.8330078 0.25 0 0.7915039 0.25 0 0.8330078 0.2919922 0 0.7915039 0.2919922 0 0.8330078 0.3334961 0 0.7915039 0.3334961 0 0.8330078 0.375 0 0.7915039 0.375 0 0.8330078 0.4169922 0 0.7915039 0.4169922 0 0.8330078 0.4584961 0 0.7915039 0.4584961 0 0.8330078 0.5 0 0.7915039 0.5 0 0.8330078 0.541748 0 0.7915039 0.541748 0 0.8330078 0.5834961 0 0.7915039 0.5834961 0 0.8330078 0.625 0 0.7915039 0.625 0 0.7915039 0.666748 0 0.75 0.666748 0 0.75 0.625 0 0.7080078 0.666748 0 0.75 0.5834961 0 0.7080078 0.625 0 0.6665039 0.666748 0 0.75 0.541748 0 0.7080078 0.5834961 0 0.6665039 0.625 0 0.625 0.666748 0 0.6665039 0.5834961 0 0.5830078 0.666748 0 0.625 0.625 0 0.5415039 0.666748 0 0.5830078 0.625 0 0.4997559 0.666748 0 0.5415039 0.625 0 0.625 0.5834961 0 0.458252 0.666748 0 0.4997559 0.625 0 0.4165039 0.666748 0 0.458252 0.625 0 0.3747559 0.666748 0 0.4165039 0.625 0 0.333252 0.666748 0 0.3747559 0.625 0 0.2915039 0.666748 0 0.333252 0.625 0 0.2915039 0.625 0 0.3747559 0.5834961 0 0.2915039 0.5834961 0 0.333252 0.5834961 0 0.2915039 0.541748 0 0.333252 0.541748 0 0.2915039 0.5 0 0.333252 0.5 0 0.3747559 0.541748 0 0.3747559 0.5 0 0.333252 0.4584961 0 0.2915039 0.4584961 0 0.3747559 0.4584961 0 0.2915039 0.4169922 0 0.333252 0.4169922 0 0.2915039 0.375 0 0.333252 0.375 0 0.3747559 0.4169922 0 0.3747559 0.375 0 0.333252 0.3334961 0 0.2915039 0.3334961 0 0.3747559 0.3334961 0 0.2915039 0.2919922 0 0.333252 0.2919922 0 0.2915039 0.25 0 0.333252 0.25 0 0.3747559 0.2919922 0 0.3747559 0.25 0 0.333252 0.2084961 0 0.2915039 0.2084961 0 0.3747559 0.2084961 0 0.2915039 0.1669922 0 0.333252 0.1669922 0 0.2915039 0.125 0 0.333252 0.125 0 0.3747559 0.1669922 0 0.3747559 0.125 0 0.333252 0.08349609 0 0.2915039 0.08349609 0 0.333252 0.04199219 0 0.3125 0 0 0.3747559 0.04199219 0 0.3540039 0 0 0.3747559 0.08349609 0 0.4165039 0.04199219 0 0.395752 0 0 0.4165039 0.08349609 0 0.458252 0.04199219 0 0.4375 0 0 0.4165039 0.125 0 0.458252 0.08349609 0 0.4997559 0.04199219 0 0.4790039 0 0 0.4165039 0.1669922 0 0.458252 0.125 0 0.4997559 0.08349609 0 0.5415039 0.04199219 0 0.5205078 0 0 0.4165039 0.2084961 0 0.458252 0.1669922 0 0.4997559 0.125 0 0.4165039 0.25 0 0.458252 0.2084961 0 0.4165039 0.2919922 0 0.458252 0.25 0 0.4997559 0.1669922 0 0.4165039 0.3334961 0 0.458252 0.2919922 0 0.4997559 0.2084961 0 0.4165039 0.375 0 0.458252 0.3334961 0 0.4997559 0.25 0 0.4165039 0.4169922 0 0.458252 0.375 0 0.4997559 0.2919922 0 0.4165039 0.4584961 0 0.458252 0.4169922 0 0.4997559 0.3334961 0 0.4165039 0.5 0 0.458252 0.4584961 0 0.4997559 0.375 0 0.4165039 0.541748 0 0.458252 0.5 0 0.4997559 0.4169922 0 0.4165039 0.5834961 0 0.458252 0.541748 0 0.458252 0.5834961 0 0.4997559 0.5 0 0.4997559 0.5834961 0 0.4997559 0.541748 0 0.5415039 0.5834961 0 0.5415039 0.541748 0 0.5830078 0.5834961 0 0.5830078 0.541748 0 0.625 0.541748 0 0.5415039 0.5 0 0.5830078 0.5 0 0.625 0.5 0 0.6665039 0.541748 0 0.6665039 0.5 0 0.7080078 0.541748 0 0.7080078 0.5 0 0.75 0.5 0 0.75 0.4584961 0 0.7080078 0.4584961 0 0.75 0.4169922 0 0.6665039 0.4584961 0 0.7080078 0.4169922 0 0.75 0.375 0 0.625 0.4584961 0 0.75 0.3334961 0 0.7080078 0.375 0 0.6665039 0.4169922 0 0.75 0.2919922 0 0.7080078 0.3334961 0 0.6665039 0.375 0 0.625 0.4169922 0 0.5830078 0.4584961 0 0.625 0.375 0 0.5415039 0.4584961 0 0.5830078 0.4169922 0 0.4997559 0.4584961 0 0.5415039 0.4169922 0 0.5415039 0.375 0 0.5830078 0.375 0 0.5415039 0.3334961 0 0.5830078 0.3334961 0 0.625 0.3334961 0 0.5415039 0.2919922 0 0.5830078 0.2919922 0 0.5415039 0.25 0 0.5830078 0.25 0 0.625 0.2919922 0 0.625 0.25 0 0.5830078 0.2084961 0 0.5415039 0.2084961 0 0.625 0.2084961 0 0.5415039 0.1669922 0 0.5830078 0.1669922 0 0.5415039 0.125 0 0.5830078 0.125 0 0.625 0.1669922 0 0.625 0.125 0 0.5830078 0.08349609 0 0.5415039 0.08349609 0 0.5830078 0.04199219 0 0.5625 0 0 0.625 0.04199219 0 0.6040039 0 0 0.625 0.08349609 0 0.6665039 0.04199219 0 0.6455078 0 0 0.6665039 0.08349609 0 0.7080078 0.04199219 0 0.6875 0 0 0.6665039 0.125 0 0.7080078 0.08349609 0 0.75 0.04199219 0 0.7290039 0 0 0.6665039 0.1669922 0 0.7080078 0.125 0 0.75 0.08349609 0 0.7915039 0.04199219 0 0.7705078 0 0 0.8125 0 0 0.7915039 0.08349609 0 0.75 0.125 0 0.75 0.1669922 0 0.7080078 0.1669922 0 0.75 0.2084961 0 0.7080078 0.2084961 0 0.6665039 0.2084961 0 0.6665039 0.25 0 0.7080078 0.25 0 0.6665039 0.2919922 0 0.75 0.25 0 0.7080078 0.2919922 0 0.6665039 0.3334961 0</float_array>
          <technique_common>
            <accessor source="#geom-GlassB_Mdl__GlassBuffer-map1-array" count="623" stride="3">
              <param name="S" type="float"/>
              <param name="T" type="float"/>
              <param name="P" type="float"/>
            </accessor>
          </technique_common>
        </source>
        <vertices id="geom-GlassB_Mdl__GlassBuffer-vertices">
          <input semantic="POSITION" source="#geom-GlassB_Mdl__GlassBuffer-positions"/>
        </vertices>
        <triangles material="GlassBuffer" count="1104">
          <input semantic="VERTEX" source="#geom-GlassB_Mdl__GlassBuffer-vertices" offset="0"/>
          <input semantic="NORMAL" source="#geom-GlassB_Mdl__GlassBuffer-normals" offset="1"/>
          <input semantic="COLOR" source="#geom-GlassB_Mdl__GlassBuffer-map0" offset="2" set="0"/>
          <input semantic="TEXCOORD" source="#geom-GlassB_Mdl__GlassBuffer-map1" offset="3" set="0"/>
          <p>0 0 0 0 1 1 1 1 2 2 2 2 1 1 1 1 3 3 3 3 2 2 2 2 3 3 3 3 4 4 4 4 2 2 2 2 3 3 3 3 5 5 5 5 4 4 4 4 2 2 2 2 6 6 6 6 7 7 7 7 2 2 2 2 4 4 4 4 6 6 6 6 5 5 5 5 8 8 8 8 4 4 4 4 5 5 5 5 9 9 9 9 8 8 8 8 4 4 4 4 10 10 10 10 6 6 6 6 4 4 4 4 8 8 8 8 10 10 10 10 6 6 6 6 11 11 11 11 12 12 12 12 6 6 6 6 10 10 10 10 11 11 11 11 9 9 9 9 13 13 13 13 8 8 8 8 9 9 9 9 14 14 14 14 13 13 13 13 8 8 8 8 15 15 15 15 10 10 10 10 8 8 8 8 13 13 13 13 15 15 15 15 10 10 10 10 16 16 16 16 11 11 11 11 10 10 10 10 15 15 15 15 16 16 16 16 11 11 11 11 17 17 17 17 18 18 18 18 11 11 11 11 16 16 16 16 17 17 17 17 14 14 14 14 19 19 19 19 13 13 13 13 14 14 14 14 20 20 20 20 19 19 19 19 13 13 13 13 21 21 21 21 15 15 15 15 13 13 13 13 19 19 19 19 21 21 21 21 15 15 15 15 22 22 22 22 16 16 16 16 15 15 15 15 21 21 21 21 22 22 22 22 16 16 16 16 23 23 23 23 17 17 17 17 16 16 16 16 22 22 22 22 23 23 23 23 17 17 17 17 24 24 24 24 25 25 25 25 17 17 17 17 23 23 23 23 24 24 24 24 21 21 21 21 26 26 26 26 22 22 22 22 22 22 22 22 27 27 27 27 23 23 23 23 22 22 22 22 26 26 26 26 27 27 27 27 23 23 23 23 28 28 28 28 24 24 24 24 23 23 23 23 27 27 27 27 28 28 28 28 24 24 24 24 29 29 29 29 30 30 30 30 24 24 24 24 28 28 28 28 29 29 29 29 29 29 29 29 31 31 31 31 32 32 32 32 28 28 28 28 33 33 33 33 29 29 29 29 29 29 29 29 33 33 33 33 31 31 31 31 27 27 27 27 34 34 34 34 28 28 28 28 28 28 28 28 34 34 34 34 33 33 33 33 27 27 27 27 35 35 35 35 34 34 34 34 26 26 26 26 35 35 35 35 27 27 27 27 34 34 34 34 36 36 36 36 33 33 33 33 35 35 35 35 37 37 37 37 34 34 34 34 34 34 34 34 37 37 37 37 36 36 36 36 33 33 33 33 38 38 38 38 31 31 31 31 33 33 33 33 36 36 36 36 38 38 38 38 31 31 31 31 39 39 39 39 40 40 40 40 31 31 31 31 38 38 38 38 39 39 39 39 39 39 39 39 41 41 41 41 42 42 42 42 38 38 38 38 43 43 43 43 39 39 39 39 39 39 39 39 43 43 43 43 41 41 41 41 36 36 36 36 44 44 44 44 38 38 38 38 38 38 38 38 44 44 44 44 43 43 43 43 36 36 36 36 45 45 45 45 44 44 44 44 37 37 37 37 45 45 45 45 36 36 36 36 44 44 44 44 46 46 46 46 43 43 43 43 45 45 45 45 47 47 47 47 44 44 44 44 44 44 44 44 47 47 47 47 46 46 46 46 43 43 43 43 48 48 48 48 41 41 41 41 43 43 43 43 46 46 46 46 48 48 48 48 41 41 41 41 49 49 49 49 50 50 50 50 41 41 41 41 48 48 48 48 49 49 49 49 49 49 49 49 51 51 51 51 52 52 52 52 48 48 48 48 53 53 53 53 49 49 49 49 49 49 49 49 53 53 53 53 51 51 51 51 46 46 46 46 54 54 54 54 48 48 48 48 48 48 48 48 54 54 54 54 53 53 53 53 46 46 46 46 55 55 55 55 54 54 54 54 47 47 47 47 55 55 55 55 46 46 46 46 54 54 54 54 56 56 56 56 53 53 53 53 55 55 55 55 57 57 57 57 54 54 54 54 54 54 54 54 57 57 57 57 56 56 56 56 53 53 53 53 58 58 58 58 51 51 51 51 53 53 53 53 56 56 56 56 58 58 58 58 51 51 51 51 59 59 59 59 60 60 60 60 51 51 51 51 58 58 58 58 59 59 59 59 59 59 59 59 61 61 61 61 62 62 62 62 58 58 58 58 63 63 63 63 59 59 59 59 59 59 59 59 63 63 63 63 61 61 61 61 56 56 56 56 64 64 64 64 58 58 58 58 58 58 58 58 64 64 64 64 63 63 63 63 56 56 56 56 65 65 65 65 64 64 64 64 57 57 57 57 65 65 65 65 56 56 56 56 64 64 64 64 66 66 66 66 63 63 63 63 65 65 65 65 67 67 67 67 64 64 64 64 64 64 64 64 67 67 67 67 66 66 66 66 63 63 63 63 68 68 68 68 61 61 61 61 63 63 63 63 66 66 66 66 68 68 68 68 61 61 61 61 69 69 69 69 70 70 70 70 61 61 61 61 68 68 68 68 69 69 69 69 69 69 69 69 71 71 71 71 72 72 72 72 68 68 68 68 73 73 73 73 69 69 69 69 69 69 69 69 73 73 73 73 71 71 71 71 66 66 66 66 74 74 74 74 68 68 68 68 68 68 68 68 74 74 74 74 73 73 73 73 66 66 66 66 75 75 75 75 74 74 74 74 67 67 67 67 75 75 75 75 66 66 66 66 74 74 74 74 76 76 76 76 73 73 73 73 75 75 75 75 77 77 77 77 74 74 74 74 74 74 74 74 77 77 77 77 76 76 76 76 73 73 73 73 78 78 78 78 71 71 71 71 73 73 73 73 76 76 76 76 78 78 78 78 71 71 71 71 79 79 79 79 80 80 80 80 71 71 71 71 78 78 78 78 79 79 79 79 79 79 79 79 81 81 81 81 82 82 82 82 78 78 78 78 83 83 83 83 79 79 79 79 79 79 79 79 83 83 83 83 81 81 81 81 76 76 76 76 84 84 84 84 78 78 78 78 78 78 78 78 84 84 84 84 83 83 83 83 76 76 76 76 85 85 85 85 84 84 84 84 77 77 77 77 85 85 85 85 76 76 76 76 84 84 84 84 86 86 86 86 83 83 83 83 85 85 85 85 87 87 87 87 84 84 84 84 84 84 84 84 87 87 87 87 86 86 86 86 83 83 83 83 88 88 88 88 81 81 81 81 83 83 83 83 86 86 86 86 88 88 88 88 81 81 81 81 89 89 89 89 90 90 90 90 81 81 81 81 88 88 88 88 89 89 89 89 89 89 89 89 91 91 91 91 92 92 92 92 88 88 88 88 93 93 93 93 89 89 89 89 89 89 89 89 93 93 93 93 91 91 91 91 86 86 86 86 94 94 94 94 88 88 88 88 88 88 88 88 94 94 94 94 93 93 93 93 86 86 86 86 95 95 95 95 94 94 94 94 87 87 87 87 95 95 95 95 86 86 86 86 94 94 94 94 96 96 96 96 93 93 93 93 95 95 95 95 97 97 97 97 94 94 94 94 94 94 94 94 97 97 97 97 96 96 96 96 93 93 93 93 98 98 98 98 91 91 91 91 93 93 93 93 96 96 96 96 98 98 98 98 91 91 91 91 99 99 99 99 100 100 100 100 91 91 91 91 98 98 98 98 99 99 99 99 99 99 99 99 101 101 101 101 102 102 102 102 98 98 98 98 103 103 103 103 99 99 99 99 99 99 99 99 103 103 103 103 101 101 101 101 96 96 96 96 104 104 104 104 98 98 98 98 98 98 98 98 104 104 104 104 103 103 103 103 96 96 96 96 105 105 105 105 104 104 104 104 97 97 97 97 105 105 105 105 96 96 96 96 104 104 104 104 106 106 106 106 103 103 103 103 105 105 105 105 107 107 107 107 104 104 104 104 104 104 104 104 107 107 107 107 106 106 106 106 103 103 103 103 108 108 108 108 101 101 101 101 103 103 103 103 106 106 106 106 108 108 108 108 101 101 101 101 109 109 109 109 110 110 110 110 101 101 101 101 108 108 108 108 109 109 109 109 109 109 109 109 111 111 111 111 112 112 112 112 108 108 108 108 113 113 113 113 109 109 109 109 109 109 109 109 113 113 113 113 111 111 111 111 106 106 106 106 114 114 114 114 108 108 108 108 108 108 108 108 114 114 114 114 113 113 113 113 111 111 111 111 115 115 115 115 116 116 116 116 111 111 111 111 117 117 117 117 115 115 115 115 113 113 113 113 117 117 117 117 111 111 111 111 117 117 117 117 118 118 118 118 115 115 115 115 113 113 113 113 119 119 119 119 117 117 117 117 114 114 114 114 119 119 119 119 113 113 113 113 117 117 117 117 120 120 120 120 118 118 118 118 119 119 119 119 120 120 120 120 117 117 117 117 120 120 120 120 121 121 121 121 118 118 118 118 114 114 114 114 122 122 122 122 119 119 119 119 120 120 120 120 123 123 123 123 121 121 121 121 123 123 123 123 124 124 124 124 121 121 121 121 119 119 119 119 125 125 125 125 120 120 120 120 125 125 125 125 123 123 123 123 120 120 120 120 122 122 122 122 125 125 125 125 119 119 119 119 123 123 123 123 126 126 126 126 124 124 124 124 126 126 126 126 127 127 127 127 124 124 124 124 125 125 125 125 128 128 128 128 123 123 123 123 128 128 128 128 126 126 126 126 123 123 123 123 126 126 126 126 129 129 129 129 127 127 127 127 129 129 129 129 130 130 130 130 127 127 127 127 128 128 128 128 131 131 131 131 126 126 126 126 131 131 131 131 129 129 129 129 126 126 126 126 132 132 132 132 128 128 128 128 125 125 125 125 122 122 122 122 132 132 132 132 125 125 125 125 133 133 133 133 131 131 131 131 128 128 128 128 132 132 132 132 133 133 133 133 128 128 128 128 129 129 129 129 134 134 134 134 130 130 130 130 134 134 134 134 135 135 135 135 130 130 130 130 131 131 131 131 136 136 136 136 129 129 129 129 136 136 136 136 134 134 134 134 129 129 129 129 134 134 134 134 137 137 137 137 135 135 135 135 137 137 137 137 138 138 138 138 135 135 135 135 136 136 136 136 139 139 139 139 134 134 134 134 139 139 139 139 137 137 137 137 134 134 134 134 140 140 140 140 136 136 136 136 131 131 131 131 133 133 133 133 140 140 140 140 131 131 131 131 141 141 141 141 139 139 139 139 136 136 136 136 140 140 140 140 141 141 141 141 136 136 136 136 137 137 137 137 142 142 142 142 138 138 138 138 142 142 142 142 143 143 143 143 138 138 138 138 139 139 139 139 144 144 144 144 137 137 137 137 144 144 144 144 142 142 142 142 137 137 137 137 142 142 142 142 145 145 145 145 143 143 143 143 145 145 145 145 146 146 146 146 143 143 143 143 144 144 144 144 147 147 147 147 142 142 142 142 147 147 147 147 145 145 145 145 142 142 142 142 148 148 148 148 144 144 144 144 139 139 139 139 141 141 141 141 148 148 148 148 139 139 139 139 149 149 149 149 147 147 147 147 144 144 144 144 148 148 148 148 149 149 149 149 144 144 144 144 145 145 145 145 150 150 150 150 146 146 146 146 146 146 146 146 150 150 150 150 151 151 151 151 147 147 147 147 152 152 152 152 145 145 145 145 145 145 145 145 152 152 152 152 150 150 150 150 151 151 151 151 150 150 150 150 153 153 153 153 151 151 151 151 153 153 153 153 154 154 154 154 150 150 150 150 152 152 152 152 155 155 155 155 150 150 150 150 155 155 155 155 153 153 153 153 147 147 147 147 156 156 156 156 152 152 152 152 149 149 149 149 156 156 156 156 147 147 147 147 152 152 152 152 157 157 157 157 155 155 155 155 152 152 152 152 156 156 156 156 157 157 157 157 155 155 155 155 158 158 158 158 153 153 153 153 154 154 154 154 153 153 153 153 159 159 159 159 153 153 153 153 158 158 158 158 159 159 159 159 154 154 154 154 159 159 159 159 160 160 160 160 155 155 155 155 161 161 161 161 158 158 158 158 157 157 157 157 161 161 161 161 155 155 155 155 160 160 160 160 159 159 159 159 162 162 162 162 160 160 160 160 162 162 162 162 163 163 163 163 158 158 158 158 164 164 164 164 159 159 159 159 159 159 159 159 164 164 164 164 162 162 162 162 163 163 163 163 162 162 162 162 165 165 165 165 163 163 163 163 165 165 165 165 166 166 166 166 162 162 162 162 164 164 164 164 167 167 167 167 162 162 162 162 167 167 167 167 165 165 165 165 158 158 158 158 168 168 168 168 164 164 164 164 158 158 158 158 161 161 161 161 168 168 168 168 164 164 164 164 169 169 169 169 167 167 167 167 164 164 164 164 168 168 168 168 169 169 169 169 165 165 165 165 167 167 167 167 170 170 170 170 166 166 166 166 165 165 165 165 171 171 171 171 165 165 165 165 170 170 170 170 171 171 171 171 166 166 166 166 171 171 171 171 172 172 172 172 170 170 170 170 167 167 167 167 173 173 173 173 167 167 167 167 169 169 169 169 173 173 173 173 172 172 172 172 171 171 171 171 174 174 174 174 172 172 172 172 174 174 174 174 175 175 175 175 171 171 171 171 170 170 170 170 176 176 176 176 171 171 171 171 176 176 176 176 174 174 174 174 175 175 175 175 174 174 174 174 177 177 177 177 175 175 175 175 177 177 177 177 178 178 178 178 174 174 174 174 176 176 176 176 179 179 179 179 174 174 174 174 179 179 179 179 177 177 177 177 170 170 170 170 180 180 180 180 176 176 176 176 170 170 170 170 173 173 173 173 180 180 180 180 176 176 176 176 181 181 181 181 179 179 179 179 180 180 180 180 181 181 181 181 176 176 176 176 179 179 179 179 182 182 182 182 177 177 177 177 178 178 178 178 177 177 177 177 183 183 183 183 177 177 177 177 182 182 182 182 183 183 183 183 178 178 178 178 183 183 183 183 184 184 184 184 179 179 179 179 185 185 185 185 182 182 182 182 181 181 181 181 185 185 185 185 179 179 179 179 184 184 184 184 183 183 183 183 186 186 186 186 184 184 184 184 186 186 186 186 187 187 187 187 182 182 182 182 188 188 188 188 183 183 183 183 183 183 183 183 188 188 188 188 186 186 186 186 187 187 187 187 186 186 186 186 189 189 189 189 187 187 187 187 189 189 189 189 190 190 190 190 186 186 186 186 188 188 188 188 191 191 191 191 186 186 186 186 191 191 191 191 189 189 189 189 182 182 182 182 192 192 192 192 188 188 188 188 182 182 182 182 185 185 185 185 192 192 192 192 188 188 188 188 193 193 193 193 191 191 191 191 188 188 188 188 192 192 192 192 193 193 193 193 189 189 189 189 191 191 191 191 194 194 194 194 190 190 190 190 189 189 189 189 195 195 195 195 189 189 189 189 194 194 194 194 195 195 195 195 190 190 190 190 195 195 195 195 196 196 196 196 194 194 194 194 191 191 191 191 197 197 197 197 191 191 191 191 193 193 193 193 197 197 197 197 196 196 196 196 195 195 195 195 198 198 198 198 196 196 196 196 198 198 198 198 199 199 199 199 199 199 199 199 198 198 198 198 200 200 200 200 195 195 195 195 201 201 201 201 198 198 198 198 198 198 198 198 201 201 201 201 202 202 202 202 195 195 195 195 194 194 194 194 201 201 201 201 201 201 201 201 194 194 194 194 203 203 203 203 201 201 201 201 203 203 203 203 204 204 204 204 194 194 194 194 197 197 197 197 203 203 203 203 203 203 203 203 205 205 205 205 206 206 206 206 203 203 203 203 197 197 197 197 205 205 205 205 197 197 197 197 207 207 207 207 205 205 205 205 197 197 197 197 193 193 193 193 207 207 207 207 205 205 205 205 208 208 208 208 209 209 209 209 205 205 205 205 207 207 207 207 208 208 208 208 193 193 193 193 210 210 210 210 207 207 207 207 192 192 192 192 210 210 210 210 193 193 193 193 207 207 207 207 211 211 211 211 208 208 208 208 207 207 207 207 210 210 210 210 211 211 211 211 208 208 208 208 212 212 212 212 213 213 213 213 208 208 208 208 211 211 211 211 212 212 212 212 192 192 192 192 214 214 214 214 210 210 210 210 185 185 185 185 214 214 214 214 192 192 192 192 210 210 210 210 215 215 215 215 211 211 211 211 214 214 214 214 215 215 215 215 210 210 210 210 211 211 211 211 216 216 216 216 212 212 212 212 211 211 211 211 215 215 215 215 216 216 216 216 212 212 212 212 217 217 217 217 218 218 218 218 212 212 212 212 216 216 216 216 217 217 217 217 185 185 185 185 219 219 219 219 214 214 214 214 181 181 181 181 219 219 219 219 185 185 185 185 214 214 214 214 220 220 220 220 215 215 215 215 219 219 219 219 220 220 220 220 214 214 214 214 215 215 215 215 221 221 221 221 216 216 216 216 220 220 220 220 221 221 221 221 215 215 215 215 222 222 222 222 219 219 219 219 181 181 181 181 180 180 180 180 222 222 222 222 181 181 181 181 219 219 219 219 223 223 223 223 220 220 220 220 222 222 222 222 223 223 223 223 219 219 219 219 180 180 180 180 224 224 224 224 222 222 222 222 173 173 173 173 224 224 224 224 180 180 180 180 222 222 222 222 225 225 225 225 223 223 223 223 224 224 224 224 225 225 225 225 222 222 222 222 223 223 223 223 226 226 226 226 220 220 220 220 220 220 220 220 226 226 226 226 221 221 221 221 173 173 173 173 227 227 227 227 224 224 224 224 169 169 169 169 227 227 227 227 173 173 173 173 224 224 224 224 228 228 228 228 225 225 225 225 227 227 227 227 228 228 228 228 224 224 224 224 223 223 223 223 225 225 225 225 229 229 229 229 223 223 223 223 229 229 229 229 226 226 226 226 169 169 169 169 230 230 230 230 227 227 227 227 168 168 168 168 230 230 230 230 169 169 169 169 231 231 231 231 228 228 228 228 227 227 227 227 230 230 230 230 231 231 231 231 227 227 227 227 228 228 228 228 232 232 232 232 225 225 225 225 232 232 232 232 229 229 229 229 225 225 225 225 233 233 233 233 230 230 230 230 168 168 168 168 161 161 161 161 233 233 233 233 168 168 168 168 230 230 230 230 234 234 234 234 231 231 231 231 233 233 233 233 234 234 234 234 230 230 230 230 231 231 231 231 235 235 235 235 228 228 228 228 228 228 228 228 235 235 235 235 232 232 232 232 161 161 161 161 236 236 236 236 233 233 233 233 157 157 157 157 236 236 236 236 161 161 161 161 233 233 233 233 237 237 237 237 234 234 234 234 236 236 236 236 237 237 237 237 233 233 233 233 234 234 234 234 238 238 238 238 231 231 231 231 238 238 238 238 235 235 235 235 231 231 231 231 239 239 239 239 236 236 236 236 157 157 157 157 156 156 156 156 239 239 239 239 157 157 157 157 240 240 240 240 237 237 237 237 236 236 236 236 239 239 239 239 240 240 240 240 236 236 236 236 237 237 237 237 241 241 241 241 234 234 234 234 241 241 241 241 238 238 238 238 234 234 234 234 156 156 156 156 242 242 242 242 239 239 239 239 149 149 149 149 242 242 242 242 156 156 156 156 243 243 243 243 240 240 240 240 239 239 239 239 242 242 242 242 243 243 243 243 239 239 239 239 240 240 240 240 244 244 244 244 237 237 237 237 237 237 237 237 244 244 244 244 241 241 241 241 149 149 149 149 245 245 245 245 242 242 242 242 148 148 148 148 245 245 245 245 149 149 149 149 242 242 242 242 246 246 246 246 243 243 243 243 245 245 245 245 246 246 246 246 242 242 242 242 243 243 243 243 247 247 247 247 240 240 240 240 247 247 247 247 244 244 244 244 240 240 240 240 248 248 248 248 245 245 245 245 148 148 148 148 248 248 248 248 148 148 148 148 141 141 141 141 245 245 245 245 249 249 249 249 246 246 246 246 248 248 248 248 249 249 249 249 245 245 245 245 246 246 246 246 250 250 250 250 243 243 243 243 243 243 243 243 250 250 250 250 247 247 247 247 249 249 249 249 251 251 251 251 246 246 246 246 251 251 251 251 250 250 250 250 246 246 246 246 252 252 252 252 249 249 249 249 248 248 248 248 253 253 253 253 248 248 248 248 141 141 141 141 252 252 252 252 248 248 248 248 253 253 253 253 253 253 253 253 141 141 141 141 140 140 140 140 252 252 252 252 254 254 254 254 249 249 249 249 249 249 249 249 254 254 254 254 251 251 251 251 255 255 255 255 253 253 253 253 140 140 140 140 255 255 255 255 140 140 140 140 133 133 133 133 256 256 256 256 252 252 252 252 253 253 253 253 256 256 256 256 253 253 253 253 255 255 255 255 257 257 257 257 255 255 255 255 133 133 133 133 257 257 257 257 133 133 133 133 132 132 132 132 258 258 258 258 256 256 256 256 255 255 255 255 258 258 258 258 255 255 255 255 257 257 257 257 256 256 256 256 259 259 259 259 252 252 252 252 252 252 252 252 259 259 259 259 254 254 254 254 260 260 260 260 256 256 256 256 258 258 258 258 260 260 260 260 259 259 259 259 256 256 256 256 261 261 261 261 258 258 258 258 257 257 257 257 262 262 262 262 257 257 257 257 132 132 132 132 261 261 261 261 257 257 257 257 262 262 262 262 262 262 262 262 132 132 132 132 122 122 122 122 263 263 263 263 258 258 258 258 261 261 261 261 263 263 263 263 260 260 260 260 258 258 258 258 264 264 264 264 262 262 262 262 122 122 122 122 264 264 264 264 122 122 122 122 114 114 114 114 106 106 106 106 264 264 264 264 114 114 114 114 107 107 107 107 264 264 264 264 106 106 106 106 265 265 265 265 262 262 262 262 264 264 264 264 107 107 107 107 265 265 265 265 264 264 264 264 265 265 265 265 261 261 261 261 262 262 262 262 266 266 266 266 265 265 265 265 107 107 107 107 105 105 105 105 266 266 266 266 107 107 107 107 267 267 267 267 261 261 261 261 265 265 265 265 266 266 266 266 267 267 267 267 265 265 265 265 267 267 267 267 263 263 263 263 261 261 261 261 268 268 268 268 266 266 266 266 105 105 105 105 97 97 97 97 268 268 268 268 105 105 105 105 269 269 269 269 267 267 267 267 266 266 266 266 268 268 268 268 269 269 269 269 266 266 266 266 270 270 270 270 263 263 263 263 267 267 267 267 269 269 269 269 270 270 270 270 267 267 267 267 271 271 271 271 268 268 268 268 97 97 97 97 95 95 95 95 271 271 271 271 97 97 97 97 272 272 272 272 269 269 269 269 268 268 268 268 271 271 271 271 272 272 272 272 268 268 268 268 273 273 273 273 271 271 271 271 95 95 95 95 87 87 87 87 273 273 273 273 95 95 95 95 274 274 274 274 272 272 272 272 271 271 271 271 273 273 273 273 274 274 274 274 271 271 271 271 272 272 272 272 275 275 275 275 269 269 269 269 275 275 275 275 270 270 270 270 269 269 269 269 276 276 276 276 273 273 273 273 87 87 87 87 85 85 85 85 276 276 276 276 87 87 87 87 277 277 277 277 274 274 274 274 273 273 273 273 276 276 276 276 277 277 277 277 273 273 273 273 274 274 274 274 278 278 278 278 272 272 272 272 278 278 278 278 275 275 275 275 272 272 272 272 279 279 279 279 276 276 276 276 85 85 85 85 77 77 77 77 279 279 279 279 85 85 85 85 280 280 280 280 277 277 277 277 276 276 276 276 279 279 279 279 280 280 280 280 276 276 276 276 277 277 277 277 281 281 281 281 274 274 274 274 281 281 281 281 278 278 278 278 274 274 274 274 282 282 282 282 279 279 279 279 77 77 77 77 75 75 75 75 282 282 282 282 77 77 77 77 283 283 283 283 280 280 280 280 279 279 279 279 282 282 282 282 283 283 283 283 279 279 279 279 280 280 280 280 284 284 284 284 277 277 277 277 284 284 284 284 281 281 281 281 277 277 277 277 285 285 285 285 282 282 282 282 75 75 75 75 67 67 67 67 285 285 285 285 75 75 75 75 286 286 286 286 283 283 283 283 282 282 282 282 285 285 285 285 286 286 286 286 282 282 282 282 283 283 283 283 287 287 287 287 280 280 280 280 287 287 287 287 284 284 284 284 280 280 280 280 288 288 288 288 285 285 285 285 67 67 67 67 65 65 65 65 288 288 288 288 67 67 67 67 289 289 289 289 286 286 286 286 285 285 285 285 288 288 288 288 289 289 289 289 285 285 285 285 286 286 286 286 290 290 290 290 283 283 283 283 290 290 290 290 287 287 287 287 283 283 283 283 291 291 291 291 288 288 288 288 65 65 65 65 57 57 57 57 291 291 291 291 65 65 65 65 292 292 292 292 289 289 289 289 288 288 288 288 291 291 291 291 292 292 292 292 288 288 288 288 289 289 289 289 293 293 293 293 286 286 286 286 293 293 293 293 290 290 290 290 286 286 286 286 294 294 294 294 291 291 291 291 57 57 57 57 55 55 55 55 294 294 294 294 57 57 57 57 295 295 295 295 292 292 292 292 291 291 291 291 294 294 294 294 295 295 295 295 291 291 291 291 292 292 292 292 296 296 296 296 289 289 289 289 296 296 296 296 293 293 293 293 289 289 289 289 297 297 297 297 294 294 294 294 55 55 55 55 47 47 47 47 297 297 297 297 55 55 55 55 298 298 298 298 295 295 295 295 294 294 294 294 297 297 297 297 298 298 298 298 294 294 294 294 295 295 295 295 299 299 299 299 292 292 292 292 299 299 299 299 296 296 296 296 292 292 292 292 300 300 300 300 297 297 297 297 47 47 47 47 45 45 45 45 300 300 300 300 47 47 47 47 301 301 301 301 298 298 298 298 297 297 297 297 300 300 300 300 301 301 301 301 297 297 297 297 298 298 298 298 302 302 302 302 295 295 295 295 302 302 302 302 299 299 299 299 295 295 295 295 303 303 303 303 300 300 300 300 45 45 45 45 37 37 37 37 303 303 303 303 45 45 45 45 304 304 304 304 301 301 301 301 300 300 300 300 303 303 303 303 304 304 304 304 300 300 300 300 301 301 301 301 305 305 305 305 298 298 298 298 305 305 305 305 302 302 302 302 298 298 298 298 306 306 306 306 303 303 303 303 37 37 37 37 35 35 35 35 306 306 306 306 37 37 37 37 307 307 307 307 304 304 304 304 303 303 303 303 306 306 306 306 307 307 307 307 303 303 303 303 304 304 304 304 308 308 308 308 301 301 301 301 308 308 308 308 305 305 305 305 301 301 301 301 309 309 309 309 306 306 306 306 35 35 35 35 26 26 26 26 309 309 309 309 35 35 35 35 310 310 310 310 307 307 307 307 306 306 306 306 309 309 309 309 310 310 310 310 306 306 306 306 307 307 307 307 311 311 311 311 304 304 304 304 311 311 311 311 308 308 308 308 304 304 304 304 312 312 312 312 309 309 309 309 26 26 26 26 21 21 21 21 312 312 312 312 26 26 26 26 19 19 19 19 312 312 312 312 21 21 21 21 312 312 312 312 313 313 313 313 309 309 309 309 313 313 313 313 310 310 310 310 309 309 309 309 19 19 19 19 314 314 314 314 312 312 312 312 314 314 314 314 313 313 313 313 312 312 312 312 20 20 20 20 314 314 314 314 19 19 19 19 20 20 20 20 315 315 315 315 314 314 314 314 315 315 315 315 316 316 316 316 314 314 314 314 314 314 314 314 316 316 316 316 313 313 313 313 315 315 315 315 317 317 317 317 316 316 316 316 313 313 313 313 318 318 318 318 310 310 310 310 316 316 316 316 318 318 318 318 313 313 313 313 317 317 317 317 319 319 319 319 316 316 316 316 316 316 316 316 319 319 319 319 318 318 318 318 317 317 317 317 320 320 320 320 319 319 319 319 318 318 318 318 321 321 321 321 310 310 310 310 310 310 310 310 321 321 321 321 307 307 307 307 321 321 321 321 311 311 311 311 307 307 307 307 319 319 319 319 322 322 322 322 318 318 318 318 318 318 318 318 322 322 322 322 321 321 321 321 320 320 320 320 323 323 323 323 319 319 319 319 319 319 319 319 323 323 323 323 322 322 322 322 320 320 320 320 324 324 324 324 323 323 323 323 322 322 322 322 325 325 325 325 321 321 321 321 321 321 321 321 325 325 325 325 311 311 311 311 323 323 323 323 326 326 326 326 322 322 322 322 322 322 322 322 326 326 326 326 325 325 325 325 324 324 324 324 327 327 327 327 323 323 323 323 323 323 323 323 327 327 327 327 326 326 326 326 324 324 324 324 328 328 328 328 327 327 327 327 311 311 311 311 325 325 325 325 329 329 329 329 311 311 311 311 329 329 329 329 308 308 308 308 325 325 325 325 326 326 326 326 330 330 330 330 329 329 329 329 325 325 325 325 330 330 330 330 326 326 326 326 327 327 327 327 331 331 331 331 326 326 326 326 331 331 331 331 330 330 330 330 328 328 328 328 332 332 332 332 327 327 327 327 331 331 331 331 327 327 327 327 332 332 332 332 328 328 328 328 333 333 333 333 332 332 332 332 330 330 330 330 331 331 331 331 334 334 334 334 333 333 333 333 335 335 335 335 332 332 332 332 333 333 333 333 336 336 336 336 335 335 335 335 331 331 331 331 332 332 332 332 337 337 337 337 332 332 332 332 335 335 335 335 337 337 337 337 331 331 331 331 337 337 337 337 334 334 334 334 336 336 336 336 338 338 338 338 335 335 335 335 336 336 336 336 339 339 339 339 338 338 338 338 335 335 335 335 340 340 340 340 337 337 337 337 335 335 335 335 338 338 338 338 340 340 340 340 339 339 339 339 341 341 341 341 338 338 338 338 339 339 339 339 342 342 342 342 341 341 341 341 338 338 338 338 343 343 343 343 340 340 340 340 338 338 338 338 341 341 341 341 343 343 343 343 337 337 337 337 340 340 340 340 344 344 344 344 334 334 334 334 337 337 337 337 344 344 344 344 340 340 340 340 343 343 343 343 345 345 345 345 344 344 344 344 340 340 340 340 345 345 345 345 341 341 341 341 346 346 346 346 343 343 343 343 342 342 342 342 347 347 347 347 341 341 341 341 341 341 341 341 347 347 347 347 346 346 346 346 342 342 342 342 348 348 348 348 347 347 347 347 343 343 343 343 346 346 346 346 349 349 349 349 343 343 343 343 349 349 349 349 345 345 345 345 348 348 348 348 350 350 350 350 347 347 347 347 348 348 348 348 351 351 351 351 350 350 350 350 347 347 347 347 352 352 352 352 346 346 346 346 347 347 347 347 350 350 350 350 352 352 352 352 351 351 351 351 353 353 353 353 350 350 350 350 351 351 351 351 354 354 354 354 353 353 353 353 350 350 350 350 355 355 355 355 352 352 352 352 350 350 350 350 353 353 353 353 355 355 355 355 346 346 346 346 352 352 352 352 356 356 356 356 346 346 346 346 356 356 356 356 349 349 349 349 352 352 352 352 355 355 355 355 357 357 357 357 352 352 352 352 357 357 357 357 356 356 356 356 353 353 353 353 358 358 358 358 355 355 355 355 354 354 354 354 359 359 359 359 353 353 353 353 353 353 353 353 359 359 359 359 358 358 358 358 354 354 354 354 360 360 360 360 359 359 359 359 355 355 355 355 358 358 358 358 361 361 361 361 355 355 355 355 361 361 361 361 357 357 357 357 360 360 360 360 362 362 362 362 359 359 359 359 360 360 360 360 363 363 363 363 362 362 362 362 359 359 359 359 364 364 364 364 358 358 358 358 359 359 359 359 362 362 362 362 364 364 364 364 363 363 363 363 365 365 365 365 362 362 362 362 363 363 363 363 366 366 366 366 365 365 365 365 362 362 362 362 367 367 367 367 364 364 364 364 362 362 362 362 365 365 365 365 367 367 367 367 358 358 358 358 364 364 364 364 368 368 368 368 358 358 358 358 368 368 368 368 361 361 361 361 364 364 364 364 367 367 367 367 369 369 369 369 364 364 364 364 369 369 369 369 368 368 368 368 367 367 367 367 365 365 365 365 370 370 370 370 366 366 366 366 371 371 371 371 365 365 365 365 365 365 365 365 371 371 371 371 370 370 370 370 366 366 366 366 372 372 372 372 371 371 371 371 367 367 367 367 370 370 370 370 373 373 373 373 367 367 367 367 373 373 373 373 369 369 369 369 372 372 372 372 374 374 374 374 371 371 371 371 372 372 372 372 375 375 375 375 374 374 374 374 371 371 371 371 376 376 376 376 370 370 370 370 371 371 371 371 374 374 374 374 376 376 376 376 375 375 375 375 377 377 377 377 378 378 378 378 375 375 375 375 378 378 378 378 374 374 374 374 376 376 376 376 379 379 379 379 370 370 370 370 370 370 370 370 379 379 379 379 373 373 373 373 374 374 374 374 380 380 380 380 376 376 376 376 374 374 374 374 378 378 378 378 380 380 380 380 376 376 376 376 381 381 381 381 379 379 379 379 376 376 376 376 380 380 380 380 381 381 381 381 378 378 378 378 382 382 382 382 383 383 383 383 378 378 378 378 383 383 383 383 380 380 380 380 380 380 380 380 383 383 383 383 384 384 384 384 380 380 380 380 384 384 384 384 381 381 381 381 383 383 383 383 385 385 385 385 386 386 386 386 383 383 383 383 386 386 386 386 384 384 384 384 386 386 386 386 387 387 387 387 388 388 388 388 386 386 386 386 389 389 389 389 384 384 384 384 386 386 386 386 388 388 388 388 389 389 389 389 384 384 384 384 390 390 390 390 381 381 381 381 384 384 384 384 389 389 389 389 390 390 390 390 390 390 390 390 391 391 391 391 381 381 381 381 381 381 381 381 391 391 391 391 379 379 379 379 390 390 390 390 389 389 389 389 392 392 392 392 393 393 393 393 379 379 379 379 391 391 391 391 373 373 373 373 379 379 379 379 393 393 393 393 390 390 390 390 394 394 394 394 391 391 391 391 390 390 390 390 392 392 392 392 394 394 394 394 393 393 393 393 391 391 391 391 395 395 395 395 395 395 395 395 391 391 391 391 394 394 394 394 373 373 373 373 393 393 393 393 396 396 396 396 369 369 369 369 373 373 373 373 396 396 396 396 397 397 397 397 393 393 393 393 395 395 395 395 396 396 396 396 393 393 393 393 397 397 397 397 369 369 369 369 396 396 396 396 398 398 398 398 369 369 369 369 398 398 398 398 368 368 368 368 396 396 396 396 397 397 397 397 399 399 399 399 398 398 398 398 396 396 396 396 399 399 399 399 368 368 368 368 398 398 398 398 400 400 400 400 361 361 361 361 368 368 368 368 400 400 400 400 398 398 398 398 399 399 399 399 401 401 401 401 398 398 398 398 401 401 401 401 400 400 400 400 361 361 361 361 400 400 400 400 402 402 402 402 357 357 357 357 361 361 361 361 402 402 402 402 400 400 400 400 401 401 401 401 403 403 403 403 402 402 402 402 400 400 400 400 403 403 403 403 357 357 357 357 402 402 402 402 404 404 404 404 356 356 356 356 357 357 357 357 404 404 404 404 402 402 402 402 403 403 403 403 405 405 405 405 404 404 404 404 402 402 402 402 405 405 405 405 356 356 356 356 404 404 404 404 406 406 406 406 349 349 349 349 356 356 356 356 406 406 406 406 404 404 404 404 405 405 405 405 407 407 407 407 406 406 406 406 404 404 404 404 407 407 407 407 349 349 349 349 406 406 406 406 408 408 408 408 345 345 345 345 349 349 349 349 408 408 408 408 406 406 406 406 407 407 407 407 409 409 409 409 408 408 408 408 406 406 406 406 409 409 409 409 410 410 410 410 345 345 345 345 408 408 408 408 344 344 344 344 345 345 345 345 410 410 410 410 411 411 411 411 408 408 408 408 409 409 409 409 410 410 410 410 408 408 408 408 411 411 411 411 412 412 412 412 344 344 344 344 410 410 410 410 334 334 334 334 344 344 344 344 412 412 412 412 413 413 413 413 410 410 410 410 411 411 411 411 412 412 412 412 410 410 410 410 413 413 413 413 414 414 414 414 334 334 334 334 412 412 412 412 414 414 414 414 330 330 330 330 334 334 334 334 329 329 329 329 330 330 330 330 414 414 414 414 415 415 415 415 414 414 414 414 412 412 412 412 415 415 415 415 412 412 412 412 413 413 413 413 416 416 416 416 329 329 329 329 414 414 414 414 416 416 416 416 414 414 414 414 415 415 415 415 308 308 308 308 329 329 329 329 416 416 416 416 308 308 308 308 416 416 416 416 305 305 305 305 305 305 305 305 416 416 416 416 417 417 417 417 417 417 417 417 416 416 416 416 415 415 415 415 305 305 305 305 417 417 417 417 302 302 302 302 417 417 417 417 415 415 415 415 418 418 418 418 418 418 418 418 415 415 415 415 413 413 413 413 302 302 302 302 417 417 417 417 419 419 419 419 419 419 419 419 417 417 417 417 418 418 418 418 302 302 302 302 419 419 419 419 299 299 299 299 418 418 418 418 413 413 413 413 420 420 420 420 413 413 413 413 411 411 411 411 420 420 420 420 419 419 419 419 418 418 418 418 421 421 421 421 421 421 421 421 418 418 418 418 420 420 420 420 299 299 299 299 419 419 419 419 422 422 422 422 422 422 422 422 419 419 419 419 421 421 421 421 299 299 299 299 422 422 422 422 296 296 296 296 420 420 420 420 411 411 411 411 423 423 423 423 411 411 411 411 409 409 409 409 423 423 423 423 421 421 421 421 420 420 420 420 424 424 424 424 420 420 420 420 423 423 423 423 424 424 424 424 422 422 422 422 421 421 421 421 425 425 425 425 425 425 425 425 421 421 421 421 424 424 424 424 296 296 296 296 422 422 422 422 426 426 426 426 426 426 426 426 422 422 422 422 425 425 425 425 296 296 296 296 426 426 426 426 293 293 293 293 425 425 425 425 424 424 424 424 427 427 427 427 293 293 293 293 426 426 426 426 428 428 428 428 293 293 293 293 428 428 428 428 290 290 290 290 426 426 426 426 425 425 425 425 429 429 429 429 428 428 428 428 426 426 426 426 429 429 429 429 429 429 429 429 425 425 425 425 427 427 427 427 290 290 290 290 428 428 428 428 430 430 430 430 290 290 290 290 430 430 430 430 287 287 287 287 428 428 428 428 429 429 429 429 431 431 431 431 430 430 430 430 428 428 428 428 431 431 431 431 287 287 287 287 430 430 430 430 432 432 432 432 287 287 287 287 432 432 432 432 284 284 284 284 430 430 430 430 431 431 431 431 433 433 433 433 432 432 432 432 430 430 430 430 433 433 433 433 431 431 431 431 429 429 429 429 434 434 434 434 429 429 429 429 427 427 427 427 434 434 434 434 284 284 284 284 432 432 432 432 435 435 435 435 284 284 284 284 435 435 435 435 281 281 281 281 435 435 435 435 432 432 432 432 436 436 436 436 432 432 432 432 433 433 433 433 436 436 436 436 281 281 281 281 435 435 435 435 437 437 437 437 281 281 281 281 437 437 437 437 278 278 278 278 435 435 435 435 436 436 436 436 438 438 438 438 437 437 437 437 435 435 435 435 438 438 438 438 278 278 278 278 437 437 437 437 439 439 439 439 278 278 278 278 439 439 439 439 275 275 275 275 437 437 437 437 438 438 438 438 440 440 440 440 439 439 439 439 437 437 437 437 440 440 440 440 275 275 275 275 439 439 439 439 441 441 441 441 275 275 275 275 441 441 441 441 270 270 270 270 439 439 439 439 440 440 440 440 442 442 442 442 441 441 441 441 439 439 439 439 442 442 442 442 270 270 270 270 441 441 441 441 443 443 443 443 270 270 270 270 443 443 443 443 263 263 263 263 263 263 263 263 443 443 443 443 260 260 260 260 443 443 443 443 441 441 441 441 444 444 444 444 441 441 441 441 442 442 442 442 444 444 444 444 260 260 260 260 443 443 443 443 445 445 445 445 443 443 443 443 444 444 444 444 445 445 445 445 260 260 260 260 445 445 445 445 259 259 259 259 444 444 444 444 442 442 442 442 446 446 446 446 259 259 259 259 445 445 445 445 447 447 447 447 259 259 259 259 447 447 447 447 254 254 254 254 445 445 445 445 444 444 444 444 448 448 448 448 445 445 445 445 448 448 448 448 447 447 447 447 444 444 444 444 446 446 446 446 448 448 448 448 254 254 254 254 447 447 447 447 449 449 449 449 254 254 254 254 449 449 449 449 251 251 251 251 447 447 447 447 448 448 448 448 450 450 450 450 447 447 447 447 450 450 450 450 449 449 449 449 449 449 449 449 451 451 451 451 251 251 251 251 251 251 251 251 451 451 451 451 250 250 250 250 450 450 450 450 452 452 452 452 449 449 449 449 449 449 449 449 452 452 452 452 451 451 451 451 448 448 448 448 453 453 453 453 450 450 450 450 446 446 446 446 453 453 453 453 448 448 448 448 450 450 450 450 454 454 454 454 452 452 452 452 450 450 450 450 453 453 453 453 454 454 454 454 451 451 451 451 452 452 452 452 455 455 455 455 250 250 250 250 451 451 451 451 456 456 456 456 451 451 451 451 455 455 455 455 456 456 456 456 250 250 250 250 456 456 456 456 247 247 247 247 452 452 452 452 457 457 457 457 455 455 455 455 452 452 452 452 454 454 454 454 457 457 457 457 456 456 456 456 458 458 458 458 247 247 247 247 247 247 247 247 458 458 458 458 244 244 244 244 455 455 455 455 459 459 459 459 456 456 456 456 456 456 456 456 459 459 459 459 458 458 458 458 458 458 458 458 460 460 460 460 244 244 244 244 244 244 244 244 460 460 460 460 241 241 241 241 459 459 459 459 461 461 461 461 458 458 458 458 458 458 458 458 461 461 461 461 460 460 460 460 455 455 455 455 462 462 462 462 459 459 459 459 457 457 457 457 462 462 462 462 455 455 455 455 459 459 459 459 463 463 463 463 461 461 461 461 462 462 462 462 463 463 463 463 459 459 459 459 461 461 461 461 464 464 464 464 460 460 460 460 460 460 460 460 465 465 465 465 241 241 241 241 460 460 460 460 464 464 464 464 465 465 465 465 241 241 241 241 465 465 465 465 238 238 238 238 461 461 461 461 466 466 466 466 464 464 464 464 461 461 461 461 463 463 463 463 466 466 466 466 465 465 465 465 467 467 467 467 238 238 238 238 238 238 238 238 467 467 467 467 235 235 235 235 465 465 465 465 464 464 464 464 468 468 468 468 465 465 465 465 468 468 468 468 467 467 467 467 235 235 235 235 467 467 467 467 469 469 469 469 235 235 235 235 469 469 469 469 232 232 232 232 467 467 467 467 468 468 468 468 470 470 470 470 467 467 467 467 470 470 470 470 469 469 469 469 464 464 464 464 471 471 471 471 468 468 468 468 464 464 464 464 466 466 466 466 471 471 471 471 468 468 468 468 472 472 472 472 470 470 470 470 471 471 471 471 472 472 472 472 468 468 468 468 470 470 470 470 473 473 473 473 469 469 469 469 469 469 469 469 474 474 474 474 232 232 232 232 469 469 469 469 473 473 473 473 474 474 474 474 232 232 232 232 474 474 474 474 229 229 229 229 470 470 470 470 475 475 475 475 473 473 473 473 472 472 472 472 475 475 475 475 470 470 470 470 229 229 229 229 474 474 474 474 476 476 476 476 229 229 229 229 476 476 476 476 226 226 226 226 474 474 474 474 473 473 473 473 477 477 477 477 474 474 474 474 477 477 477 477 476 476 476 476 226 226 226 226 476 476 476 476 478 478 478 478 226 226 226 226 478 478 478 478 221 221 221 221 476 476 476 476 477 477 477 477 479 479 479 479 476 476 476 476 479 479 479 479 478 478 478 478 473 473 473 473 480 480 480 480 477 477 477 477 473 473 473 473 475 475 475 475 480 480 480 480 477 477 477 477 481 481 481 481 479 479 479 479 480 480 480 480 481 481 481 481 477 477 477 477 479 479 479 479 482 482 482 482 478 478 478 478 478 478 478 478 483 483 483 483 221 221 221 221 478 478 478 478 482 482 482 482 483 483 483 483 216 216 216 216 221 221 221 221 483 483 483 483 216 216 216 216 483 483 483 483 217 217 217 217 217 217 217 217 483 483 483 483 484 484 484 484 217 217 217 217 484 484 484 484 485 485 485 485 482 482 482 482 484 484 484 484 483 483 483 483 484 484 484 484 486 486 486 486 487 487 487 487 482 482 482 482 486 486 486 486 484 484 484 484 479 479 479 479 488 488 488 488 482 482 482 482 488 488 488 488 486 486 486 486 482 482 482 482 479 479 479 479 481 481 481 481 488 488 488 488 489 489 489 489 490 490 490 490 486 486 486 486 488 488 488 488 489 489 489 489 486 486 486 486 481 481 481 481 491 491 491 491 488 488 488 488 491 491 491 491 489 489 489 489 488 488 488 488 489 489 489 489 492 492 492 492 493 493 493 493 491 491 491 491 492 492 492 492 489 489 489 489 494 494 494 494 491 491 491 491 481 481 481 481 480 480 480 480 494 494 494 494 481 481 481 481 491 491 491 491 495 495 495 495 492 492 492 492 494 494 494 494 495 495 495 495 491 491 491 491 492 492 492 492 496 496 496 496 497 497 497 497 492 492 492 492 495 495 495 495 496 496 496 496 498 498 498 498 494 494 494 494 480 480 480 480 475 475 475 475 498 498 498 498 480 480 480 480 494 494 494 494 499 499 499 499 495 495 495 495 498 498 498 498 499 499 499 499 494 494 494 494 495 495 495 495 500 500 500 500 496 496 496 496 499 499 499 499 500 500 500 500 495 495 495 495 496 496 496 496 501 501 501 501 502 502 502 502 496 496 496 496 500 500 500 500 501 501 501 501 475 475 475 475 503 503 503 503 498 498 498 498 472 472 472 472 503 503 503 503 475 475 475 475 504 504 504 504 499 499 499 499 498 498 498 498 503 503 503 503 504 504 504 504 498 498 498 498 499 499 499 499 505 505 505 505 500 500 500 500 504 504 504 504 505 505 505 505 499 499 499 499 472 472 472 472 506 506 506 506 503 503 503 503 471 471 471 471 506 506 506 506 472 472 472 472 507 507 507 507 504 504 504 504 503 503 503 503 506 506 506 506 507 507 507 507 503 503 503 503 508 508 508 508 506 506 506 506 471 471 471 471 466 466 466 466 508 508 508 508 471 471 471 471 506 506 506 506 509 509 509 509 507 507 507 507 508 508 508 508 509 509 509 509 506 506 506 506 507 507 507 507 510 510 510 510 504 504 504 504 504 504 504 504 510 510 510 510 505 505 505 505 466 466 466 466 511 511 511 511 508 508 508 508 463 463 463 463 511 511 511 511 466 466 466 466 512 512 512 512 509 509 509 509 508 508 508 508 511 511 511 511 512 512 512 512 508 508 508 508 509 509 509 509 513 513 513 513 507 507 507 507 513 513 513 513 510 510 510 510 507 507 507 507 463 463 463 463 514 514 514 514 511 511 511 511 462 462 462 462 514 514 514 514 463 463 463 463 511 511 511 511 515 515 515 515 512 512 512 512 514 514 514 514 515 515 515 515 511 511 511 511 512 512 512 512 516 516 516 516 509 509 509 509 509 509 509 509 516 516 516 516 513 513 513 513 517 517 517 517 514 514 514 514 462 462 462 462 457 457 457 457 517 517 517 517 462 462 462 462 514 514 514 514 518 518 518 518 515 515 515 515 517 517 517 517 518 518 518 518 514 514 514 514 515 515 515 515 519 519 519 519 512 512 512 512 519 519 519 519 516 516 516 516 512 512 512 512 520 520 520 520 517 517 517 517 457 457 457 457 454 454 454 454 520 520 520 520 457 457 457 457 521 521 521 521 518 518 518 518 517 517 517 517 520 520 520 520 521 521 521 521 517 517 517 517 518 518 518 518 522 522 522 522 515 515 515 515 522 522 522 522 519 519 519 519 515 515 515 515 454 454 454 454 523 523 523 523 520 520 520 520 453 453 453 453 523 523 523 523 454 454 454 454 524 524 524 524 521 521 521 521 520 520 520 520 523 523 523 523 524 524 524 524 520 520 520 520 521 521 521 521 525 525 525 525 518 518 518 518 518 518 518 518 525 525 525 525 522 522 522 522 453 453 453 453 526 526 526 526 523 523 523 523 446 446 446 446 526 526 526 526 453 453 453 453 523 523 523 523 527 527 527 527 524 524 524 524 526 526 526 526 527 527 527 527 523 523 523 523 524 524 524 524 528 528 528 528 521 521 521 521 528 528 528 528 525 525 525 525 521 521 521 521 529 529 529 529 526 526 526 526 446 446 446 446 442 442 442 442 529 529 529 529 446 446 446 446 442 442 442 442 440 440 440 440 529 529 529 529 529 529 529 529 530 530 530 530 526 526 526 526 526 526 526 526 530 530 530 530 527 527 527 527 529 529 529 529 440 440 440 440 531 531 531 531 529 529 529 529 531 531 531 531 530 530 530 530 440 440 440 440 438 438 438 438 531 531 531 531 530 530 530 530 532 532 532 532 527 527 527 527 531 531 531 531 438 438 438 438 533 533 533 533 438 438 438 438 436 436 436 436 533 533 533 533 531 531 531 531 534 534 534 534 530 530 530 530 531 531 531 531 533 533 533 533 534 534 534 534 530 530 530 530 534 534 534 534 532 532 532 532 533 533 533 533 436 436 436 436 535 535 535 535 436 436 436 436 433 433 433 433 535 535 535 535 533 533 533 533 536 536 536 536 534 534 534 534 533 533 533 533 535 535 535 535 536 536 536 536 433 433 433 433 537 537 537 537 535 535 535 535 433 433 433 433 431 431 431 431 537 537 537 537 431 431 431 431 434 434 434 434 537 537 537 537 537 537 537 537 538 538 538 538 535 535 535 535 535 535 535 535 538 538 538 538 536 536 536 536 434 434 434 434 539 539 539 539 537 537 537 537 537 537 537 537 539 539 539 539 538 538 538 538 534 534 534 534 536 536 536 536 540 540 540 540 534 534 534 534 540 540 540 540 532 532 532 532 536 536 536 536 538 538 538 538 541 541 541 541 536 536 536 536 541 541 541 541 540 540 540 540 539 539 539 539 542 542 542 542 538 538 538 538 538 538 538 538 542 542 542 542 541 541 541 541 434 434 434 434 543 543 543 543 539 539 539 539 427 427 427 427 543 543 543 543 434 434 434 434 539 539 539 539 544 544 544 544 542 542 542 542 543 543 543 543 544 544 544 544 539 539 539 539 427 427 427 427 545 545 545 545 543 543 543 543 424 424 424 424 545 545 545 545 427 427 427 427 424 424 424 424 423 423 423 423 545 545 545 545 545 545 545 545 546 546 546 546 543 543 543 543 543 543 543 543 546 546 546 546 544 544 544 544 423 423 423 423 547 547 547 547 545 545 545 545 545 545 545 545 547 547 547 547 546 546 546 546 423 423 423 423 409 409 409 409 547 547 547 547 409 409 409 409 407 407 407 407 547 547 547 547 407 407 407 407 548 548 548 548 547 547 547 547 547 547 547 547 548 548 548 548 546 546 546 546 407 407 407 407 405 405 405 405 548 548 548 548 548 548 548 548 549 549 549 549 546 546 546 546 546 546 546 546 549 549 549 549 544 544 544 544 405 405 405 405 550 550 550 550 548 548 548 548 548 548 548 548 550 550 550 550 549 549 549 549 405 405 405 405 403 403 403 403 550 550 550 550 549 549 549 549 551 551 551 551 544 544 544 544 542 542 542 542 544 544 544 544 551 551 551 551 550 550 550 550 552 552 552 552 549 549 549 549 549 549 549 549 552 552 552 552 551 551 551 551 550 550 550 550 403 403 403 403 553 553 553 553 550 550 550 550 553 553 553 553 552 552 552 552 553 553 553 553 403 403 403 403 401 401 401 401 542 542 542 542 551 551 551 551 554 554 554 554 542 542 542 542 554 554 554 554 541 541 541 541 553 553 553 553 401 401 401 401 555 555 555 555 401 401 401 401 399 399 399 399 555 555 555 555 552 552 552 552 553 553 553 553 556 556 556 556 556 556 556 556 553 553 553 553 555 555 555 555 551 551 551 551 552 552 552 552 557 557 557 557 552 552 552 552 556 556 556 556 557 557 557 557 551 551 551 551 557 557 557 557 554 554 554 554 555 555 555 555 399 399 399 399 558 558 558 558 399 399 399 399 397 397 397 397 558 558 558 558 556 556 556 556 555 555 555 555 559 559 559 559 555 555 555 555 558 558 558 558 559 559 559 559 557 557 557 557 556 556 556 556 560 560 560 560 556 556 556 556 559 559 559 559 560 560 560 560 557 557 557 557 561 561 561 561 554 554 554 554 557 557 557 557 560 560 560 560 561 561 561 561 554 554 554 554 562 562 562 562 541 541 541 541 554 554 554 554 561 561 561 561 562 562 562 562 540 540 540 540 541 541 541 541 562 562 562 562 561 561 561 561 560 560 560 560 563 563 563 563 540 540 540 540 562 562 562 562 564 564 564 564 532 532 532 532 540 540 540 540 564 564 564 564 562 562 562 562 561 561 561 561 565 565 565 565 564 564 564 564 562 562 562 562 565 565 565 565 561 561 561 561 563 563 563 563 565 565 565 565 532 532 532 532 564 564 564 564 566 566 566 566 527 527 527 527 532 532 532 532 566 566 566 566 527 527 527 527 566 566 566 566 524 524 524 524 566 566 566 566 528 528 528 528 524 524 524 524 564 564 564 564 567 567 567 567 566 566 566 566 566 566 566 566 567 567 567 567 528 528 528 528 564 564 564 564 565 565 565 565 567 567 567 567 567 567 567 567 568 568 568 568 528 528 528 528 528 528 528 528 568 568 568 568 525 525 525 525 565 565 565 565 569 569 569 569 567 567 567 567 567 567 567 567 569 569 569 569 568 568 568 568 565 565 565 565 563 563 563 563 569 569 569 569 568 568 568 568 570 570 570 570 525 525 525 525 525 525 525 525 570 570 570 570 522 522 522 522 569 569 569 569 571 571 571 571 568 568 568 568 568 568 568 568 571 571 571 571 570 570 570 570 563 563 563 563 572 572 572 572 569 569 569 569 569 569 569 569 572 572 572 572 571 571 571 571 522 522 522 522 570 570 570 570 573 573 573 573 522 522 522 522 573 573 573 573 519 519 519 519 570 570 570 570 571 571 571 571 574 574 574 574 570 570 570 570 574 574 574 574 573 573 573 573 519 519 519 519 573 573 573 573 575 575 575 575 519 519 519 519 575 575 575 575 516 516 516 516 573 573 573 573 574 574 574 574 576 576 576 576 573 573 573 573 576 576 576 576 575 575 575 575 574 574 574 574 571 571 571 571 577 577 577 577 572 572 572 572 577 577 577 577 571 571 571 571 574 574 574 574 578 578 578 578 576 576 576 576 574 574 574 574 577 577 577 577 578 578 578 578 576 576 576 576 579 579 579 579 575 575 575 575 575 575 575 575 580 580 580 580 516 516 516 516 579 579 579 579 580 580 580 580 575 575 575 575 516 516 516 516 580 580 580 580 513 513 513 513 576 576 576 576 581 581 581 581 579 579 579 579 576 576 576 576 578 578 578 578 581 581 581 581 580 580 580 580 582 582 582 582 513 513 513 513 513 513 513 513 582 582 582 582 510 510 510 510 579 579 579 579 583 583 583 583 580 580 580 580 580 580 580 580 583 583 583 583 582 582 582 582 510 510 510 510 582 582 582 582 584 584 584 584 510 510 510 510 584 584 584 584 505 505 505 505 583 583 583 583 585 585 585 585 582 582 582 582 582 582 582 582 585 585 585 585 584 584 584 584 579 579 579 579 586 586 586 586 583 583 583 583 581 581 581 581 586 586 586 586 579 579 579 579 583 583 583 583 587 587 587 587 585 585 585 585 586 586 586 586 587 587 587 587 583 583 583 583 584 584 584 584 585 585 585 585 588 588 588 588 505 505 505 505 584 584 584 584 589 589 589 589 589 589 589 589 584 584 584 584 588 588 588 588 505 505 505 505 589 589 589 589 500 500 500 500 589 589 589 589 501 501 501 501 500 500 500 500 589 589 589 589 590 590 590 590 501 501 501 501 501 501 501 501 590 590 590 590 591 591 591 591 589 589 589 589 588 588 588 588 590 590 590 590 590 590 590 590 592 592 592 592 593 593 593 593 590 590 590 590 588 588 588 588 592 592 592 592 588 588 588 588 585 585 585 585 594 594 594 594 588 588 588 588 594 594 594 594 592 592 592 592 585 585 585 585 587 587 587 587 594 594 594 594 592 592 592 592 595 595 595 595 596 596 596 596 592 592 592 592 594 594 594 594 595 595 595 595 594 594 594 594 587 587 587 587 597 597 597 597 594 594 594 594 597 597 597 597 595 595 595 595 595 595 595 595 598 598 598 598 599 599 599 599 595 595 595 595 597 597 597 597 598 598 598 598 600 600 600 600 597 597 597 597 587 587 587 587 586 586 586 586 600 600 600 600 587 587 587 587 601 601 601 601 598 598 598 598 597 597 597 597 600 600 600 600 601 601 601 601 597 597 597 597 602 602 602 602 603 603 603 603 598 598 598 598 601 601 601 601 602 602 602 602 598 598 598 598 604 604 604 604 600 600 600 600 586 586 586 586 604 604 604 604 586 586 586 586 581 581 581 581 605 605 605 605 601 601 601 601 600 600 600 600 604 604 604 604 605 605 605 605 600 600 600 600 606 606 606 606 602 602 602 602 601 601 601 601 605 605 605 605 606 606 606 606 601 601 601 601 607 607 607 607 608 608 608 608 602 602 602 602 607 607 607 607 602 602 602 602 606 606 606 606 388 388 388 388 609 609 609 609 607 607 607 607 388 388 388 388 607 607 607 607 610 610 610 610 610 610 610 610 607 607 607 607 606 606 606 606 388 388 388 388 610 610 610 610 389 389 389 389 389 389 389 389 610 610 610 610 392 392 392 392 610 610 610 610 606 606 606 606 611 611 611 611 392 392 392 392 610 610 610 610 611 611 611 611 611 611 611 611 606 606 606 606 605 605 605 605 392 392 392 392 611 611 611 611 612 612 612 612 392 392 392 392 612 612 612 612 394 394 394 394 613 613 613 613 611 611 611 611 605 605 605 605 612 612 612 612 611 611 611 611 613 613 613 613 613 613 613 613 605 605 605 605 604 604 604 604 394 394 394 394 612 612 612 612 614 614 614 614 395 395 395 395 394 394 394 394 614 614 614 614 612 612 612 612 613 613 613 613 615 615 615 615 614 614 614 614 612 612 612 612 615 615 615 615 616 616 616 616 613 613 613 613 604 604 604 604 616 616 616 616 615 615 615 615 613 613 613 613 616 616 616 616 604 604 604 604 581 581 581 581 578 578 578 578 616 616 616 616 581 581 581 581 578 578 578 578 617 617 617 617 616 616 616 616 617 617 617 617 615 615 615 615 616 616 616 616 577 577 577 577 617 617 617 617 578 578 578 578 618 618 618 618 614 614 614 614 615 615 615 615 618 618 618 618 615 615 615 615 617 617 617 617 619 619 619 619 617 617 617 617 577 577 577 577 619 619 619 619 618 618 618 618 617 617 617 617 572 572 572 572 619 619 619 619 577 577 577 577 620 620 620 620 614 614 614 614 618 618 618 618 395 395 395 395 614 614 614 614 620 620 620 620 397 397 397 397 395 395 395 395 620 620 620 620 558 558 558 558 397 397 397 397 620 620 620 620 620 620 620 620 618 618 618 618 621 621 621 621 558 558 558 558 620 620 620 620 621 621 621 621 621 621 621 621 618 618 618 618 619 619 619 619 559 559 559 559 558 558 558 558 621 621 621 621 621 621 621 621 619 619 619 619 622 622 622 622 559 559 559 559 621 621 621 621 622 622 622 622 622 622 622 622 619 619 619 619 572 572 572 572 560 560 560 560 559 559 559 559 622 622 622 622 622 622 622 622 572 572 572 572 563 563 563 563 560 560 560 560 622 622 622 622 563 563 563 563</p>
        </triangles>
      </mesh>
    </geometry>
    <geometry id="geom-GlassF_Mdl__M_Obj_RailKingPilotHouseGlass" name="GlassF_Mdl__M_Obj_RailKingPilotHouseGlass">
      <mesh>
        <source id="geom-GlassF_Mdl__M_Obj_RailKingPilotHouseGlass-positions">
          <float_array id="geom-GlassF_Mdl__M_Obj_RailKingPilotHouseGlass-positions-array" count="1869">-2.747085 2.903414 4.115258 -3.270849 2.940444 4.226218 -2.77031 4.895924 4.638494 -3.715421 0.9346507 4.07271 -2.676854 0.8612242 3.852695 -4.096423 -1.087133 4.180596 -2.77031 4.895924 4.638494 -2.223286 2.999315 4.048537 -2.560822 -1.195703 3.855285 -4.407331 -3.090316 4.548022 -1.638222 1.051384 3.720394 -2.77031 4.895924 4.638494 -1.735153 3.221613 4.030597 -2.400971 -3.232169 4.122989 -4.642831 -5.040623 5.168715 -1.025126 -0.914536 3.659667 -0.670305 1.492175 3.684818 -2.77031 4.895924 4.638494 -1.315949 3.555156 4.062659 -2.200042 -5.213331 4.651224 -4.798892 -6.904682 6.032043 -0.3944888 -2.864807 3.8674 0.4060118 -0.2627928 3.607064 0.1609299 2.153558 3.748396 -2.77031 4.895924 4.638494 -0.99424 3.977219 4.142541 1.475379 -2.013263 3.798675 1.635055 0.7151124 3.70107 0.7988409 2.990458 3.906788 -2.77031 4.895924 4.638494 -0.7919552 4.459034 4.264798 -2.77031 4.895924 4.638494 -0.7228748 4.967769 4.421098 1.199951 3.945844 4.149212 2.578254 1.952532 3.935269 3.081205 -0.7355728 3.921496 3.171327 3.365144 4.293708 4.313553 0.8811977 4.227494 1.33693 4.954611 4.459139 -2.77031 4.895924 4.638494 -0.79171 5.468754 4.600787 -2.77031 4.895924 4.638494 -0.9937667 5.927845 4.791627 1.200438 5.948008 4.815451 3.373858 4.856679 4.751958 5.08844 2.726864 4.695817 3.172047 6.32549 5.278789 5.35306 4.675646 5.294547 0.7997792 6.858336 5.193859 -2.77031 4.895924 4.638494 -1.315279 6.31376 4.980607 2.579642 7.671482 5.838294 0.1622577 7.623564 5.568583 -2.77031 4.895924 4.638494 -1.734334 6.600198 5.154847 5.089379 6.594742 5.982882 1.637019 8.802925 6.392354 -0.6686809 8.191539 5.914083 -2.77031 4.895924 4.638494 -2.222372 6.767636 5.302476 4.315367 8.353364 6.713918 0.4084144 9.642718 6.903203 -1.636409 8.523551 6.206818 -2.77031 4.895924 4.638494 -2.746137 6.804668 5.413432 3.083769 9.83167 7.437827 -1.022445 10.13363 7.336032 -2.674978 8.59698 6.426828 -2.77031 4.895924 4.638494 -3.269935 6.708766 5.480155 1.47852 10.92891 8.105284 -2.558047 10.2422 7.661338 -3.713609 8.406818 6.559134 -2.77031 4.895924 4.638494 -3.758068 6.486469 5.498095 -0.3909874 11.57031 8.670799 -4.093744 9.961032 7.856956 -4.681525 7.966028 6.594707 -4.177274 6.152925 5.466035 -2.77031 4.895924 4.638494 -2.39735 11.71217 9.095836 -5.52488 9.309285 7.909556 -4.403831 11.3448 9.35142 -5.51276 7.304646 6.53113 -2.77031 4.895924 4.638494 -4.498981 5.730864 5.386153 -6.753926 8.331385 7.81555 -6.150672 6.467742 6.372734 -2.77031 4.895924 4.638494 -4.701267 5.249049 5.263896 -6.273702 10.49326 9.42015 -7.697123 7.093958 7.581354 -6.551785 5.512355 6.130312 -2.77031 4.895924 4.638494 -4.770347 4.740314 5.107594 -7.879527 9.215564 9.297326 -8.290197 5.681346 7.222913 -6.688761 4.503592 5.820389 -2.77031 4.895924 4.638494 -4.701512 4.239326 4.927901 -9.111876 7.598796 8.991325 -8.492728 4.189812 6.764667 -6.552269 3.510194 5.464077 -2.77031 4.895924 4.638494 -4.499454 3.780236 4.737065 -9.886764 5.753128 8.523005 -8.290915 2.721 6.237832 -6.15161 2.599863 5.085665 -2.77031 4.895924 4.638494 -4.177944 3.394321 4.548083 -10.15138 3.804344 7.924273 -7.698511 1.375009 5.678323 -5.514089 1.834638 4.710941 -2.77031 4.895924 4.638494 -3.75889 3.107883 4.373843 -2.77031 4.895924 4.638494 -3.270849 2.940444 4.226218 -4.683149 1.266665 4.365442 -3.715421 0.9346507 4.07271 -6.755889 0.2435627 5.124267 -5.527282 -0.5962286 4.61342 -4.096423 -1.087133 4.180596 -9.113689 0.126626 6.504905 -6.276841 -2.448918 5.113538 -4.407331 -3.090316 4.548022 -7.882091 -1.351678 5.780993 -6.919002 -4.259707 5.857239 -4.642831 -5.040623 5.168715 -8.873427 -2.923793 6.669884 -10.37293 -1.123923 7.551262 -7.442774 -5.997612 6.831799 -4.798892 -6.904682 6.032043 -9.712941 -4.445877 7.775726 -7.839202 -7.632894 8.020545 -4.872838 -8.650603 7.123242 -10.38626 -5.891893 9.079604 -11.45468 -2.355241 8.79949 -12.34044 -3.54626 10.22824 -10.88187 -7.237099 10.5592 -8.101496 -9.137575 9.403131 -4.863416 -10.24851 8.423633 -13.01506 -4.676601 11.81305 -8.225172 -10.48591 10.95591 -4.770772 -11.67106 9.910975 -11.19129 -8.458471 12.18921 -8.208116 -11.65483 12.6523 -4.596498 -12.89391 11.55982 -11.30922 -9.535124 13.94173 -13.46698 -5.726927 13.52682 -13.68848 -6.679258 15.34022 -11.23364 -10.44862 15.78678 -8.050612 -12.62433 14.46329 -4.343582 -13.89615 13.34194 -13.67577 -7.517307 17.22222 -7.755362 -13.37783 16.35789 -4.016346 -14.66062 15.22686 -10.96586 -11.18334 17.6928 -7.327415 -13.90242 18.30368 -3.620386 -15.17425 17.18233 -10.51045 -11.72672 19.62717 -13.42906 -8.226738 19.14063 -12.95257 -8.795403 21.0626 -9.8752 -12.06944 21.55678 -6.774093 -14.18914 20.26736 -3.162482 -15.42823 19.17487 -12.25446 -9.213575 22.95527 -6.104868 -14.23309 22.21534 -2.650466 -15.41824 21.1704 -9.070981 -12.20565 23.44864 -11.34668 -9.474102 24.78625 -5.331182 -14.0335 24.11428 -2.093102 -15.14443 23.13478 -8.111559 -12.13302 25.27035 -10.24475 -9.572525 26.5242 -4.466285 -13.59379 25.9317 -1.499923 -14.6115 25.0344 -7.013345 -11.85279 26.99076 -8.967527 -9.507156 28.1394 -3.524961 -12.92149 27.63651 -0.8810797 -13.82856 26.83675 -5.795129 -11.36976 28.58043 -7.536872 -9.279121 29.60419 -2.523329 -12.0281 29.19951 -0.24716 -12.80902 28.51099 -4.477761 -10.69218 30.01216 -5.977256 -8.892315 30.89354 -1.478522 -10.92891 30.59399 0.3909874 -11.5703 30.02848 -3.083772 -9.831665 31.26145 -4.31537 -8.353363 31.98536 -0.4084158 -9.642715 31.79607 1.022444 -10.13362 31.36325 -1.637021 -8.802921 32.30692 -2.579645 -7.671478 32.86098 0.6686811 -8.191532 32.78519 1.63641 -8.523544 32.49246 -0.1622577 -7.623558 33.13069 1.734331 -6.600193 33.54443 2.222371 -6.767632 33.3968 2.770309 -4.89592 34.06078 1.315277 -6.313755 33.71867 2.770309 -4.89592 34.06078 0.9937663 -5.927841 33.90765 2.770309 -4.89592 34.06078 -0.7997808 -6.858334 33.50542 0.7917087 -5.468746 34.09849 2.770309 -4.89592 34.06078 -1.200439 -5.948002 33.88383 0.7228726 -4.967762 34.27818 2.770309 -4.89592 34.06078 -3.172047 -6.325485 33.42049 -1.33693 -4.954605 34.24014 0.7919538 -4.45903 34.43448 2.770309 -4.89592 34.06078 -5.089383 -6.594738 32.71639 -3.373861 -4.856674 33.94732 -1.199952 -3.945843 34.55006 0.9942386 -3.977211 34.55674 2.770309 -4.89592 34.06078 -6.919635 -6.751152 31.78358 -5.353065 -4.675644 33.40473 -3.171329 -3.365139 34.40557 -8.63149 -6.792053 30.63803 -7.240672 -4.414608 32.62165 -10.19566 -6.716736 29.29933 -9.004392 -4.078045 31.61149 -5.088444 -2.72686 34.00346 -11.58538 -6.526501 27.79039 -10.61404 -3.6717 30.39152 -12.77687 -6.224588 26.13703 -12.04209 -3.20253 28.98262 -13.74974 -5.816177 24.36753 -13.26409 -2.678566 27.4089 -14.48735 -5.308249 22.51216 -14.25913 -2.108772 25.69729 -14.97708 -4.70949 20.60269 -15.0102 -1.502895 23.87706 -15.21055 -4.030151 18.67178 -15.50445 -0.8712978 21.97936 -15.18376 -3.281858 16.75247 -15.7334 -0.224802 20.03667 -14.89717 -2.477415 14.8776 -15.69315 0.4255486 18.08223 -14.35569 -1.630574 13.07924 -15.38439 1.068615 16.14948 -13.56857 -0.7558393 11.38818 -14.8124 1.693394 14.27147 -12.5493 0.1318283 9.833328 -13.98696 2.2892 12.48036 -11.3153 1.017241 8.441311 -12.9222 2.845838 10.80679 -9.887699 1.885247 7.235938 -11.63634 3.353782 9.279375 -11.31416 5.726474 10.00834 -12.54797 5.601833 11.65352 -10.37072 7.973614 10.57854 -11.45212 8.212003 12.31583 -13.56709 5.381348 13.43037 -8.870308 9.942068 10.9511 -9.709314 10.49846 12.74857 -6.915178 11.49769 11.10064 -7.438334 12.30539 12.92227 -4.638569 12.53446 11.01696 -4.793941 13.50965 12.82507 -2.195628 12.98173 10.70578 -1.956345 14.02918 12.46362 0.2471609 12.80903 10.18829 0.8810778 13.82858 11.86253 2.523329 12.0281 9.49976 3.524961 12.92149 11.06277 4.477756 10.69219 8.687116 5.795129 11.36976 10.11884 5.977252 8.89232 7.805739 7.536867 9.279126 9.09508 6.919633 6.751156 6.915689 8.631489 6.792055 8.061243 7.24067 4.414615 6.077625 9.004389 4.078048 7.08779 6.918489 2.041925 5.348656 8.63016 1.322049 6.241055 5.975045 -0.2052131 4.778463 7.534304 -1.288116 5.578749 4.474635 -2.173667 4.405901 5.7915 -3.574572 5.146 2.519506 -3.729288 4.256363 3.52052 -5.3815 4.972305 0.2428965 -4.76606 4.34004 0.8761282 -6.585766 5.069496 -1.96147 -7.105295 5.430954 -4.872838 -8.650603 7.123242 -1.689336 -8.875684 6.448836 -4.863416 -10.24851 8.423633 1.494365 -8.292786 6.043291 -1.388295 -10.49421 7.687454 -4.770772 -11.67106 9.910975 4.461301 -6.941636 5.934243 2.087036 -9.857914 7.244761 -1.063502 -11.93317 9.125613 -4.596498 -12.89391 11.55982 7.009274 -4.914312 6.129125 5.325744 -8.382999 7.125723 2.643996 -11.25437 8.653348 -0.7205124 -13.16795 10.73871 -4.343582 -13.89615 13.34194 6.099063 -9.680924 8.526361 -0.3651924 -14.17743 12.49914 -4.016346 -14.66062 15.22686 3.155717 -12.45827 10.24495 -0.003623976 -14.94433 14.37679 -3.620386 -15.17425 17.18233 3.613443 -13.44899 11.99234 0.3580046 -15.45553 16.33953 -3.162482 -15.42823 19.17487 4.009342 -14.2096 13.86562 6.768025 -10.81321 10.11218 7.321187 -11.76048 11.85606 4.33664 -14.72708 15.83272 0.7135086 -15.70227 18.35377 -2.650466 -15.41824 21.1704 7.749082 -12.50652 13.72816 1.056804 -15.68035 20.38504 -2.093102 -15.14443 23.13478 4.589735 -14.99258 17.86001 1.382017 -15.39013 22.3986 -1.499923 -14.6115 25.0344 4.764303 -15.00155 19.91278 8.044384 -13.03857 15.69645 8.202044 -13.34753 17.72724 4.857345 -14.75384 21.95591 1.683583 -14.83658 24.35999 -0.8810797 -13.82856 26.83675 8.21937 -13.4281 19.78579 1.956342 -14.02917 26.23566 -0.24716 -12.80902 28.51099 4.867285 -14.25369 23.95445 2.195627 -12.98173 27.9935 0.3909874 -11.5703 30.02848 4.793941 -13.50965 25.8742 8.096056 -13.27892 21.83688 7.834217 -12.90254 23.8454 4.63857 -12.53445 27.68232 2.397346 -11.71216 29.60344 1.022444 -10.13362 31.36325 7.43833 -12.30538 25.77701 2.558047 -10.24219 31.03794 1.63641 -8.523544 32.49246 4.403831 -11.3448 29.34785 2.674977 -8.596973 32.27245 2.222371 -6.767632 33.3968 4.093742 -9.961021 30.84232 2.746136 -6.804665 33.28584 2.770309 -4.89592 34.06078 6.915176 -11.49768 27.59864 3.713609 -8.406811 32.14014 3.269935 -6.708759 33.21912 2.770309 -4.89592 34.06078 6.273699 -10.49325 29.27913 5.524879 -9.309277 30.78972 4.681524 -7.966019 32.10457 3.758069 -6.486465 33.20118 2.770309 -4.89592 34.06078 7.879521 -9.215557 29.40195 6.753922 -8.331375 30.88372 5.512761 -7.304638 32.16815 4.177272 -6.15292 33.23324 2.770309 -4.89592 34.06078 8.870302 -9.942062 27.74818 6.150671 -6.467735 32.32654 9.709311 -10.49845 25.95071 4.49898 -5.730858 33.31313 2.770309 -4.89592 34.06078 10.38219 -10.87521 24.04029 4.701264 -5.249043 33.43538 2.770309 -4.89592 34.06078 10.87743 -11.0659 22.04961 6.551782 -5.512348 32.56897 11.18654 -11.06724 20.01273 4.770346 -4.740311 33.59168 2.770309 -4.89592 34.06078 11.30426 -10.87921 17.96451 6.688758 -4.503586 32.87889 11.22856 -10.50505 15.93999 4.701511 -4.239323 33.77137 2.770309 -4.89592 34.06078 10.96073 -9.951132 13.97381 6.552268 -3.510189 33.2352 10.50536 -9.226954 12.09961 4.499453 -3.780231 33.96221 2.770309 -4.89592 34.06078 9.870242 -8.344894 10.34946 6.151608 -2.599857 33.61361 9.06624 -7.320054 8.753306 4.17794 -3.394314 34.15119 2.770309 -4.89592 34.06078 8.107116 -6.169972 7.338461 5.514088 -1.834633 33.98833 8.964646 -2.348976 6.614655 10.2416 -3.369645 7.868463 10.19417 0.5795522 7.357747 11.34332 -4.332658 9.318715 11.58375 -0.1728563 8.679621 10.61404 3.6717 8.307759 12.25096 -5.221539 10.9406 12.77513 -0.9223108 10.18406 12.04208 3.202532 9.716652 10.19566 6.716743 9.399944 13.26408 2.678571 11.29037 8.967528 9.507162 10.55988 11.58537 6.526505 10.90888 7.013341 11.85279 11.70852 10.24474 9.572529 12.17507 4.466283 13.59379 12.76757 8.111555 12.13303 13.42892 12.77686 6.224592 12.56225 11.34667 9.474106 13.91302 5.331182 14.0335 14.58499 1.499922 14.61151 13.66488 9.070979 12.20565 15.25064 -1.683581 14.83659 14.33928 2.093102 15.14444 15.56449 -4.867287 14.2537 14.74483 -1.382016 15.39014 16.30067 6.104864 14.23309 16.48394 2.650467 15.41825 17.52887 -4.857349 14.75385 16.74336 -7.834218 12.90254 14.85387 -1.056805 15.68035 18.31424 -10.38219 10.87522 14.65899 -8.096059 13.27893 16.8624 -12.33757 8.309879 14.17347 -10.87743 11.0659 16.64967 -13.01192 8.265574 16.11966 -4.764303 15.00156 18.7865 -8.219372 13.42811 18.91349 -11.18655 11.06724 18.68655 -14.35406 5.068788 15.30851 -13.46363 8.079842 18.12113 -14.89544 4.669496 17.25579 -11.30427 10.87922 20.73477 -15.18195 4.190312 19.23889 -13.68498 7.755862 20.14362 -15.20869 3.639421 21.22389 -13.67217 7.299176 22.15253 -11.22856 10.50505 22.75929 -14.97521 3.026266 23.17683 -13.42543 6.7176 24.11347 -10.96074 9.951139 24.72547 -14.48549 2.361328 25.06428 -12.94897 6.021084 25.99291 -10.50537 9.226959 26.59967 -13.74793 1.655991 26.85394 -12.25096 5.221546 27.75867 -9.870248 8.344904 28.34982 -12.77513 0.9223156 28.51522 -11.34333 4.332664 29.38056 -9.066244 7.320063 29.94597 -11.58375 0.172863 30.01965 -10.24161 3.369652 30.83081 -8.10712 6.169977 31.36082 -10.19417 -0.5795498 31.34153 -8.964648 2.348982 32.08462 -8.630166 -1.322044 32.45823 -7.534308 1.288118 33.12053 -7.009276 4.914322 32.57015 -5.791505 3.574579 33.55328 -5.975048 0.2052193 33.92081 -6.918492 -2.04192 33.35062 -4.474638 2.173672 34.29338 -4.313556 -0.8811913 34.47178 -3.081209 0.7355766 34.77778 -2.578256 -1.952526 34.76401 -1.635059 -0.715107 34.99821 -0.7988425 -2.990452 34.79248 -0.160932 -2.153553 34.95088 1.315948 -3.555153 34.63662 2.770309 -4.89592 34.06078 1.735152 -3.221607 34.66868 2.770309 -4.89592 34.06078 0.6703038 -1.492168 35.01446 2.223284 -2.99931 34.65074 2.770309 -4.89592 34.06078 -0.406013 0.2627983 35.09221 1.638221 -1.051376 34.97888 2.747082 -2.903408 34.58401 2.770309 -4.89592 34.06078 -1.475383 2.013268 34.9006 1.025125 0.9145432 35.03961 2.676852 -0.8612137 34.84658 3.270847 -2.940437 34.47306 2.770309 -4.89592 34.06078 -2.519507 3.729294 34.44291 0.3944864 2.864811 34.83188 2.56082 1.195709 34.84399 -3.520526 5.38151 33.72698 -0.242898 4.766068 34.35923 -4.461301 6.941647 32.76503 -0.8761292 6.585773 33.62978 2.400972 3.232174 34.57629 -5.325747 8.383007 31.57355 -1.49437 8.292795 32.65599 -6.099066 9.680933 30.17292 -2.087039 9.857924 31.45452 -6.768029 10.81322 28.58709 -2.643999 11.25438 30.04593 -7.32119 11.76048 26.84321 -3.155719 12.45827 28.45432 -7.749083 12.50653 24.97111 -3.613444 13.449 26.70694 -8.044389 13.03858 23.00283 -4.009344 14.20961 24.83366 -8.202048 13.34754 20.97204 -4.336643 14.72709 22.86655 -4.589741 14.99259 20.83927 0.003624902 14.94434 24.32248 -0.7135096 15.70228 20.34551 -0.3580046 15.45553 22.35975 3.16248 15.42824 19.52441 3.620388 15.17426 21.51695 6.77409 14.18915 18.43192 7.327412 13.90242 20.3956 4.016348 14.66063 23.47242 7.755359 13.37783 22.34138 9.875196 12.06944 17.14249 10.51044 11.72672 19.07211 12.25446 9.213582 15.744 12.95257 8.795408 17.63667 10.96586 11.18335 21.00648 13.42905 8.22674 19.55865 13.74974 5.816183 14.33175 14.48734 5.308251 16.18711 14.25913 2.108776 13.00199 15.0102 1.502898 14.82222 14.97708 4.709496 18.09658 13.74792 -1.655985 11.84533 14.48548 -2.361322 13.635 12.94897 -6.021076 12.70637 13.42543 -6.717592 14.58581 14.9752 -3.02626 15.52245 13.67217 -7.299171 16.54675 15.50444 0.8713055 16.71991 15.20868 -3.63942 17.47539 13.68497 -7.755854 18.55566 15.7334 0.224802 18.6626 15.18194 -4.190304 19.46038 13.46363 -8.079838 20.57815 15.21054 4.030155 20.02749 15.69315 -0.4255428 20.61704 14.89543 -4.669491 21.44349 13.01192 -8.265568 22.57961 15.38439 -1.068609 22.5498 12.33756 -8.309875 24.52581 14.35406 -5.068783 23.39077 11.45212 -8.211998 26.38345 13.56708 -5.381344 25.26891 10.37072 -7.973606 28.12074 12.54798 -5.601833 27.04576 14.8124 -1.69339 24.4278 13.98696 -2.289196 26.21891 11.31416 -5.726471 28.69093 9.111871 -7.598789 29.70795 12.9222 -2.845835 27.89249 7.697124 -7.093956 31.11792 9.886757 -5.753124 30.17627 8.290194 -5.681339 31.47636 11.63634 -3.353779 29.4199 10.15138 -3.80434 30.775 8.492725 -4.189804 31.93462 11.3153 -1.017239 30.25797 8.290915 -2.720993 32.46144 9.887699 -1.885246 31.46334 7.698509 -1.375004 33.02095 9.113684 -0.1266212 32.19437 10.37293 1.123928 31.14801 6.755886 -0.2435608 33.57501 7.882086 1.351681 32.91828 8.873426 2.923794 32.0294 11.45468 2.355246 29.89979 9.712935 4.445879 30.92355 6.918997 4.259708 32.84204 12.5493 -0.1318245 28.86595 13.56857 0.7558441 27.3111 12.34044 3.546265 28.47104 14.35569 1.630581 25.62004 13.01505 4.676607 26.88623 10.38626 5.891897 29.61967 14.89717 2.477417 23.82168 13.46698 5.726925 25.17246 15.18376 3.281862 21.94681 13.68848 6.679262 23.35906 13.67576 7.517311 21.47705 11.23364 10.44863 22.91249 11.30922 9.535124 24.75755 8.050608 12.62433 24.23598 11.19129 8.458477 26.51007 8.208109 11.65483 26.04697 4.343586 13.89616 25.35733 10.88186 7.237103 28.14008 8.22517 10.48591 27.74337 8.101494 9.137577 29.29614 4.596499 12.89392 27.13946 4.770773 11.67107 28.78831 7.839198 7.632895 30.67873 4.863412 10.24852 30.27564 7.442773 5.99761 31.86748 4.872837 8.650614 31.57603 4.79889 6.904694 32.66724 1.388295 10.49422 31.01182 1.689331 8.87569 32.25044 4.642833 5.04063 33.53056 1.063501 11.93318 29.57366 0.7205105 13.16796 27.96056 0.3651924 14.17744 26.20013 1.961468 7.105305 33.26833 2.200042 5.213337 34.04805 4.407331 3.090322 34.15125 6.276839 2.448921 33.58574 5.527281 0.5962296 34.08586 4.096422 1.087139 34.51868 4.68315 -1.266659 34.33384 3.715425 -0.9346428 34.62657 3.758887 -3.10788 34.32543 2.770309 -4.89592 34.06078 2.770309 -4.89592 34.06078</float_array>
          <technique_common>
            <accessor source="#geom-GlassF_Mdl__M_Obj_RailKingPilotHouseGlass-positions-array" count="623" stride="3">
              <param name="X" type="float"/>
              <param name="Y" type="float"/>
              <param name="Z" type="float"/>
            </accessor>
          </technique_common>
        </source>
        <source id="geom-GlassF_Mdl__M_Obj_RailKingPilotHouseGlass-normals">
          <float_array id="geom-GlassF_Mdl__M_Obj_RailKingPilotHouseGlass-normals-array" count="1869">-0.173985 0.148568 -0.9734767 -0.2152959 0.1507071 -0.9648498 -0.1761921 0.3112806 -0.9338419 -0.2405206 0.03912514 -0.9698552 -0.1684433 0.03328335 -0.9851493 -0.2623523 -0.08420832 -0.961291 -0.1761921 0.3112806 -0.9338419 -0.1311792 0.1566187 -0.9789088 -0.1624338 -0.09198145 -0.9824228 -0.2816245 -0.2073321 -0.936857 -0.09784527 0.04696764 -0.9940927 -0.1761921 0.3112806 -0.9338419 -0.09197313 0.1741707 -0.9804109 -0.1506321 -0.2171505 -0.9644458 -0.2956872 -0.3290182 -0.8968368 -0.06062955 -0.07233585 -0.9955359 -0.03132888 0.07636712 -0.9965875 -0.1761921 0.3112806 -0.9338419 -0.05671753 0.2014319 -0.9778591 -0.1389974 -0.3406032 -0.9298759 -0.3052188 -0.446122 -0.8413185 -0.02153518 -0.1937868 -0.9808073 0.03330083 -0.02939676 -0.9990129 0.02544456 0.121359 -0.9922825 -0.1761921 0.3112806 -0.9338419 -0.03134078 0.235038 -0.9714808 0.09970652 -0.1388071 -0.9852874 0.1155139 0.0352383 -0.9926807 0.06854833 0.1801889 -0.9812406 -0.1761921 0.3112806 -0.9338419 -0.01566494 0.2741961 -0.9615462 -0.1761921 0.3112806 -0.9338419 -0.009780908 0.3150394 -0.9490282 0.09589311 0.2446139 -0.9648671 0.1763123 0.1155745 -0.9775257 0.2037286 -0.0548124 -0.9774918 0.2154352 0.2095462 -0.9537704 0.2839573 0.04894746 -0.9575869 0.1057267 0.3132821 -0.9437565 -0.1761921 0.3112806 -0.9338419 -0.01567031 0.3564413 -0.9341863 -0.1761921 0.3112806 -0.9338419 -0.03133931 0.3937143 -0.9186985 0.09586112 0.3814893 -0.9193892 0.228954 0.307227 -0.9236838 0.3345016 0.1682283 -0.9272584 0.2154491 0.4034812 -0.8892607 0.3503983 0.2956069 -0.8887281 0.06855036 0.4445969 -0.8931038 -0.1761921 0.3112806 -0.9338419 -0.05672606 0.4244798 -0.9036587 0.1762327 0.49348 -0.8517157 0.02544892 0.4972306 -0.8672451 -0.1761921 0.3112806 -0.9338419 -0.09204032 0.4484596 -0.8890516 0.3345599 0.4206795 -0.8432665 0.1153832 0.5671526 -0.8154904 -0.03131159 0.5362728 -0.8434638 -0.1761921 0.3112806 -0.9338419 -0.1311781 0.4620559 -0.8770956 0.2837054 0.534129 -0.7963777 0.03324856 0.6219511 -0.78235 -0.09787465 0.5579213 -0.8241022 -0.1761921 0.3112806 -0.9338419 -0.174133 0.463703 -0.86871 0.2034736 0.6300409 -0.7494311 -0.06063075 0.6551841 -0.7530324 -0.1683758 0.5638275 -0.808547 -0.1761921 0.3112806 -0.9338419 -0.2153672 0.4561979 -0.8634237 0.09982015 0.7007082 -0.7064306 -0.1605512 0.6617553 -0.7323273 -0.2405875 0.549601 -0.8000353 -0.1761921 0.3112806 -0.9338419 -0.2564451 0.4385031 -0.8613657 -0.02154434 0.7422532 -0.6697732 -0.2619901 0.6432922 -0.7194 -0.3054892 0.5209098 -0.7970755 -0.2895042 0.4107707 -0.8645546 -0.1761921 0.3112806 -0.9338419 -0.1507149 0.7516195 -0.6421474 -0.3560206 0.6005523 -0.7159514 -0.2815566 0.727422 -0.625766 -0.3635612 0.4750044 -0.8013701 -0.1761921 0.3112806 -0.9338419 -0.3150457 0.3776543 -0.8707029 -0.4381452 0.535903 -0.7216903 -0.4072675 0.4170427 -0.8125322 -0.1761921 0.3112806 -0.9338419 -0.3325432 0.3384083 -0.8802811 -0.4030261 0.6730136 -0.6201796 -0.4991603 0.4541461 -0.7379637 -0.434159 0.3520002 -0.8292176 -0.1761921 0.3112806 -0.9338419 -0.3369335 0.2977374 -0.8932123 -0.5072294 0.5894313 -0.6287203 -0.5380559 0.36201 -0.7612127 -0.4436374 0.2833767 -0.8502256 -0.1761921 0.3112806 -0.9338419 -0.3325443 0.2562508 -0.9076067 -0.5864401 0.4847739 -0.6489086 -0.5520231 0.2642806 -0.790839 -0.4344023 0.2152461 -0.8746221 -0.1761921 0.3112806 -0.9338419 -0.3149865 0.2191221 -0.9234549 -0.636184 0.3660132 -0.6791939 -0.5383331 0.1663873 -0.8261434 -0.407151 0.1526757 -0.90051 -0.1761921 0.3112806 -0.9338419 -0.2893964 0.1877334 -0.9386191 -0.6536422 0.2387501 -0.7181576 -0.4990563 0.07829645 -0.8630251 -0.3641186 0.09985127 -0.9259846 -0.1761921 0.3112806 -0.9338419 -0.2562337 0.1642976 -0.9525496 -0.1761921 0.3112806 -0.9338419 -0.2152959 0.1507071 -0.9648497 -0.3056559 0.06072586 -0.9502036 -0.2405206 0.03912514 -0.9698552 -0.4385875 0.003909999 -0.89868 -0.3560141 -0.0508796 -0.9330946 -0.2623523 -0.08420832 -0.961291 -0.5867816 0 -0.8097453 -0.4030315 -0.1662767 -0.8999543 -0.2816245 -0.2073321 -0.936857 -0.5066332 -0.09584306 -0.856818 -0.4418531 -0.279532 -0.8524246 -0.2956872 -0.3290182 -0.8968368 -0.5674475 -0.1937428 -0.8002918 -0.6636694 -0.07824986 -0.743922 -0.4736954 -0.3875299 -0.7908434 -0.3052188 -0.446122 -0.8413185 -0.6202391 -0.2876616 -0.7297632 -0.4993853 -0.4896103 -0.71477 -0.3092251 -0.5538871 -0.7730388 -0.6615483 -0.3777415 -0.6478158 -0.731061 -0.1544898 -0.6645923 -0.7866725 -0.2289733 -0.5733391 -0.6927792 -0.4618846 -0.5538228 -0.5148064 -0.583282 -0.6282966 -0.3091651 -0.6537097 -0.6907102 -0.8281185 -0.2996256 -0.4737555 -0.5226442 -0.6674205 -0.5304648 -0.303115 -0.7431728 -0.5965028 -0.7101103 -0.5399737 -0.4518537 -0.520578 -0.7418166 -0.4227372 -0.2914302 -0.8197995 -0.4929475 -0.7182433 -0.6067687 -0.3405267 -0.8555276 -0.3661097 -0.3661097 -0.8693449 -0.4248012 -0.2525535 -0.7129158 -0.6640913 -0.2252418 -0.5107774 -0.8021732 -0.3092325 -0.2760487 -0.8829364 -0.3797638 -0.8685759 -0.4773925 -0.1329375 -0.4930507 -0.8490448 -0.1897999 -0.2541992 -0.9309831 -0.2620178 -0.6962017 -0.7100284 -0.1056556 -0.4655475 -0.8823709 -0.06846147 -0.2309465 -0.9629805 -0.13904 -0.6678389 -0.7441416 0.01564204 -0.8526894 -0.5222377 -0.01373306 -0.8226286 -0.5582735 0.1077638 -0.6284557 -0.7656652 0.1371142 -0.4307817 -0.9006645 0.0568399 -0.2017712 -0.9793364 -0.01373436 -0.7785655 -0.5850922 0.2269425 -0.3892438 -0.9037856 0.1779346 -0.1702871 -0.9790615 0.1115386 -0.5774456 -0.7751409 0.2563458 -0.722245 -0.6008378 0.3425729 -0.3403574 -0.8920433 0.2973478 -0.1349909 -0.9626268 0.2347917 -0.5182092 -0.7703032 0.3716074 -0.6529412 -0.608026 0.4516328 -0.2856269 -0.8648424 0.4128741 -0.09788902 -0.9299695 0.3543649 -0.448463 -0.7540815 0.4798354 -0.5729614 -0.6045225 0.5534146 -0.2268559 -0.8234048 0.5201355 -0.05878915 -0.8815809 0.4683577 -0.3738266 -0.724292 0.5793573 -0.4848685 -0.5903492 0.6452832 -0.1642959 -0.7687483 0.6180882 -0.0195837 -0.8187252 0.5738514 -0.2912519 -0.6823372 0.6705135 -0.3870477 -0.5670533 0.7270795 -0.09980676 -0.7007095 0.7064311 0.02154144 -0.7422487 0.6697783 -0.2034514 -0.6302584 0.7492542 -0.2837703 -0.5339651 0.7964646 -0.03325251 -0.6218341 0.7824427 0.06062317 -0.6552928 0.7529384 -0.1153679 -0.5671732 0.8154783 -0.1761874 -0.4935441 0.8516878 0.03130999 -0.5363407 0.8434206 0.09789275 -0.5578337 0.8241593 -0.02545555 -0.4971693 0.86728 0.09203845 -0.4482121 0.8891765 0.1311949 -0.4620195 0.8771123 0.1761921 -0.3112806 0.9338419 0.05671528 -0.4245422 0.9036301 0.1761921 -0.3112806 0.9338419 0.03134402 -0.3937258 0.9186935 0.1761921 -0.3112806 0.9338419 -0.06856202 -0.4444817 0.8931602 0.01566827 -0.3566336 0.934113 0.1761921 -0.3112806 0.9338419 -0.09586112 -0.3814893 0.9193892 0.009780318 -0.3150681 0.9490187 0.1761921 -0.3112806 0.9338419 -0.215459 -0.4035953 0.8892066 -0.1057299 -0.3131961 0.9437846 0.01566166 -0.274234 0.9615355 0.1761921 -0.3112806 0.9338419 -0.3345464 -0.4203764 0.8434231 -0.2289943 -0.3071381 0.9237034 -0.09591798 -0.2445581 0.9648788 0.03133678 -0.2349603 0.9714997 0.1761921 -0.3112806 0.9338419 -0.4480782 -0.4283851 0.7846733 -0.3503883 -0.2952646 0.8888458 -0.2154602 -0.2094513 0.9537857 -0.5539432 -0.4306434 0.712526 -0.4683284 -0.2784887 0.8385181 -0.6519952 -0.4270344 0.6265333 -0.5784233 -0.2580731 0.7738377 -0.334472 -0.1682134 0.9272717 -0.7393886 -0.4129438 0.5317724 -0.6791676 -0.2306175 0.696812 -0.8130507 -0.3948423 0.4278412 -0.767316 -0.2014133 0.6088175 -0.8743069 -0.3677277 0.3168028 -0.8440619 -0.1684309 0.5091076 -0.9201746 -0.3366376 0.1998845 -0.9062275 -0.1331257 0.4012844 -0.9507884 -0.2992552 0.08029728 -0.9534451 -0.09593575 0.2859 -0.9656579 -0.2565297 -0.04119733 -0.9845726 -0.0549316 0.1661299 -0.9642584 -0.2094265 -0.1623151 -0.998892 -0.0137331 0.04501404 -0.9469125 -0.1583115 -0.2798108 -0.9965997 0.02536799 -0.07839283 -0.9134158 -0.1055702 -0.3930988 -0.9776377 0.06647289 -0.199514 -0.8642009 -0.05082973 -0.5005727 -0.9423857 0.1057585 -0.3173709 -0.80068 0.003909942 -0.5990795 -0.8910308 0.1428625 -0.4308763 -0.7242026 0.06070789 -0.6869099 -0.8253191 0.1780053 -0.5358757 -0.6359321 0.1154463 -0.7630613 -0.7455453 0.2113236 -0.6320637 -0.7243977 0.3641538 -0.5853545 -0.8013184 0.3545944 -0.4818211 -0.6643108 0.5075312 -0.5487288 -0.7310049 0.5218602 -0.439652 -0.8645615 0.3403508 -0.3697226 -0.5677072 0.6342719 -0.5247931 -0.6198053 0.6687297 -0.4106603 -0.4425004 0.7342264 -0.5148835 -0.4733714 0.7843269 -0.4009375 -0.2956512 0.8008332 -0.520823 -0.3052428 0.8609364 -0.4069586 -0.1389699 0.8299569 -0.5402397 -0.1232698 0.8942183 -0.4303235 0.01958416 0.818649 -0.5739602 0.05877695 0.881684 -0.4681652 0.1643176 0.7687547 -0.6180745 0.2268625 0.8233333 -0.5202459 0.2913271 0.6823225 -0.6704958 0.3739195 0.7242813 -0.5793107 0.3870896 0.5669239 -0.7271582 0.4848113 0.5903751 -0.6453025 0.4480934 0.428495 -0.7846045 0.5539545 0.4306045 -0.7125406 0.4683033 0.2782354 -0.8386163 0.5784375 0.257984 -0.7738568 0.4482644 0.1272411 -0.8847988 0.5542727 0.08029898 -0.8284527 0.3874725 -0.01759505 -0.9217134 0.4835129 -0.08616447 -0.8710861 0.2898658 -0.1449091 -0.9460335 0.371931 -0.2329814 -0.8985472 0.1644843 -0.2447595 -0.9555301 0.2268957 -0.348223 -0.9095378 0.0176307 -0.3115114 -0.9500788 0.05867469 -0.4244319 -0.9035568 -0.1232684 -0.4577861 -0.8804753 -0.3092251 -0.5538871 -0.7730388 -0.1055958 -0.5690587 -0.8154887 -0.3091651 -0.6537097 -0.6907102 0.09585377 -0.5321369 -0.8412149 -0.08807136 -0.6691849 -0.7378584 -0.303115 -0.7431728 -0.5965028 0.2859136 -0.446418 -0.8479177 0.1330643 -0.6300108 -0.7651016 -0.06660261 -0.7600828 -0.6464041 -0.2914302 -0.8197995 -0.4929475 0.4482226 -0.3170936 -0.835792 0.3403161 -0.5359608 -0.7726132 0.1683209 -0.7162938 -0.6771937 -0.04502169 -0.8377504 -0.5441943 -0.2760487 -0.8829364 -0.3797638 0.3893003 -0.6161854 -0.6846611 -0.02348932 -0.9003496 -0.4345331 -0.2541992 -0.9309831 -0.2620178 0.2016257 -0.7925762 -0.5754738 0 -0.9490641 -0.3150832 -0.2309465 -0.9629805 -0.13904 0.2288859 -0.854889 -0.4655921 0.02349906 -0.9811373 -0.1918787 -0.2017712 -0.9793364 -0.01373436 0.2543702 -0.902192 -0.3483466 0.4306055 -0.6870806 -0.5852344 0.4653344 -0.7467858 -0.4751579 0.2756546 -0.934584 -0.2248724 0.04503397 -0.9967661 -0.06655277 -0.1702871 -0.9790615 0.1115386 0.4913214 -0.7947735 -0.3562843 0.06650585 -0.9958236 0.06254886 -0.1349909 -0.9626268 0.2347917 0.2918091 -0.9514559 -0.09787385 0.0860839 -0.9784223 0.1878281 -0.09788902 -0.9299695 0.3543649 0.3013856 -0.952989 0.03128306 0.5107538 -0.8276024 -0.2328198 0.5204509 -0.84733 -0.105654 0.3091567 -0.9373876 0.1603953 0.1058002 -0.9443459 0.3114759 -0.05878915 -0.8815809 0.4683577 0.5220314 -0.8526037 0.02345566 0.1232386 -0.8941831 0.4304055 -0.0195837 -0.8187252 0.5738514 0.3095646 -0.9068478 0.2860014 0.13901 -0.8299107 0.5403004 0.02154144 -0.7422487 0.6697783 0.3052059 -0.8609277 0.4070048 0.514713 -0.8436793 0.1525641 0.4991683 -0.8200725 0.2798433 0.295614 -0.8008277 0.5208527 0.1507549 -0.7516286 0.6421273 0.06062317 -0.6552928 0.7529384 0.4733714 -0.7843269 0.4009375 0.1605545 -0.6620548 0.7320559 0.09789275 -0.5578337 0.8241593 0.281562 -0.7272453 0.6259689 0.1683498 -0.5637406 0.808613 0.1311949 -0.4620195 0.8771123 0.2619883 -0.6431921 0.7194902 0.1741739 -0.4635735 0.868771 0.1761921 -0.3112806 0.9338419 0.4424477 -0.7342343 0.5149176 0.2406438 -0.5494433 0.8001267 0.2153891 -0.456292 0.8633685 0.1761921 -0.3112806 0.9338419 0.4030282 -0.6729216 0.6202781 0.3559351 -0.6006942 0.7158749 0.3055245 -0.521113 0.7969291 0.2564237 -0.4386571 0.8612937 0.1761921 -0.3112806 0.9338419 0.5072883 -0.5894043 0.6286979 0.4380927 -0.535934 0.7216991 0.3635278 -0.474913 0.8014395 0.2895621 -0.4105667 0.8646322 0.1761921 -0.3112806 0.9338419 0.5677131 -0.6341831 0.5248938 0.4072837 -0.4169639 0.8125647 0.6197262 -0.6688352 0.410608 0.3149934 -0.3775916 0.870749 0.1761921 -0.3112806 0.9338419 0.6614836 -0.6909485 0.2915982 0.3325067 -0.3383234 0.8803275 0.1761921 -0.3112806 0.9338419 0.6912518 -0.7031716 0.1664955 0.4341101 -0.352056 0.8292195 0.7104653 -0.7026454 0.03909943 0.3368952 -0.2975129 0.8933016 0.1761921 -0.3112806 0.9338419 0.7177872 -0.6904184 -0.09002142 0.4436135 -0.2834091 0.8502273 0.712359 -0.6673479 -0.2172361 0.332565 -0.2563621 0.9075676 0.1761921 -0.3112806 0.9338419 0.6963843 -0.6318195 -0.3403719 0.434375 -0.2151372 0.8746624 0.6668259 -0.5866199 -0.4595872 0.3149841 -0.2189536 0.9234957 0.1761921 -0.3112806 0.9338419 0.6281483 -0.5301969 -0.5694919 0.4070983 -0.1529419 0.9004886 0.5772995 -0.4678281 -0.669225 0.2893265 -0.1880217 0.938583 0.1761921 -0.3112806 0.9338419 0.5166954 -0.3953893 -0.7594031 0.3641772 -0.09958119 0.9259906 0.5736474 -0.1527819 -0.8047275 0.6531724 -0.2169612 -0.725461 0.6518311 0.03523798 -0.7575451 0.7222278 -0.2759973 -0.6342024 0.7386306 -0.01373309 -0.6739706 0.6791605 0.2309489 -0.6967093 0.7785717 -0.3326381 -0.5321447 0.8132908 -0.06065349 -0.5786877 0.7673756 0.2016197 -0.6086741 0.6521262 0.4269295 -0.6264685 0.8439935 0.1683219 -0.5092571 0.5730303 0.6043091 -0.5535765 0.7393865 0.4127041 -0.5319616 0.4485158 0.7540749 -0.4797965 0.6530073 0.607992 -0.4515831 0.285674 0.8647944 -0.4129421 0.5181331 0.7703809 -0.3715529 0.8129665 0.3947537 -0.4280829 0.7221801 0.600879 -0.3426374 0.3403574 0.8920433 -0.2973478 0.09789439 0.9299253 -0.3544798 0.5774173 0.775103 -0.256524 -0.1058002 0.9443459 -0.3114759 0.1349909 0.9626268 -0.2347917 -0.3094759 0.9068739 -0.2860148 -0.08610801 0.9784101 -0.1878807 0.3892642 0.9037375 -0.1781346 0.1703507 0.9790456 -0.1115803 -0.3091938 0.9374046 -0.1602238 -0.4991159 0.8200818 -0.2799093 -0.06651847 0.995822 -0.06256073 -0.6615456 0.690918 -0.2915302 -0.5147959 0.8436243 -0.1525886 -0.7857572 0.5277801 -0.3225429 -0.6913445 0.7030752 -0.1665178 -0.8277342 0.5244509 -0.1995184 -0.3013564 0.9529921 -0.03147077 -0.5221187 0.8525555 -0.02326885 -0.7104653 0.7026454 -0.03909943 -0.9130309 0.3206194 -0.2521468 -0.8552891 0.512811 -0.07419881 -0.9466213 0.2953542 -0.1291281 -0.7177872 0.6904184 0.09002142 -0.9639706 0.2659788 -0.004005418 -0.8692955 0.4914404 0.0530256 -0.9655613 0.2311625 0.1193958 -0.8678486 0.4632023 0.1796733 -0.712359 0.6673479 0.2172361 -0.9509621 0.1918708 0.242604 -0.8524458 0.4261275 0.3029054 -0.6964521 0.631881 0.3401189 -0.9199135 0.1506804 0.3620145 -0.8221502 0.3836065 0.4206128 -0.6667594 0.5866567 0.4596367 -0.8744928 0.1056639 0.4733896 -0.7785717 0.3326381 0.5321447 -0.6282189 0.5303518 0.5692697 -0.8132908 0.06065349 0.5786877 -0.7222278 0.2759973 0.6342024 -0.5774248 0.4677388 0.6691794 -0.7385831 0.01373221 0.6740226 -0.6531137 0.2170371 0.7254912 -0.5168827 0.3955326 0.7592012 -0.6518065 -0.03528433 0.7575641 -0.5735593 0.1527584 0.8047948 -0.5542204 -0.08048212 0.8284699 -0.4834306 0.08619748 0.8711285 -0.4482361 0.3170078 0.8358173 -0.3719865 0.2331115 0.8984904 -0.3875069 0.01754892 0.9216998 -0.4483305 -0.1274268 0.8847386 -0.2898638 0.1449557 0.9460269 -0.2839795 -0.04921358 0.9575666 -0.2037605 0.05494022 0.9774781 -0.1762792 -0.1155647 0.9775328 -0.1155254 -0.03509875 0.9926842 -0.068555 -0.1804449 0.9811931 -0.0254459 -0.1213177 0.9922875 0.0567284 -0.2014466 0.9778554 0.1761921 -0.3112806 0.9338419 0.09197045 -0.1743326 0.9803824 0.1761921 -0.3112806 0.9338419 0.03133427 -0.07630871 0.9965917 0.1311897 -0.1564167 0.9789397 0.1761921 -0.3112806 0.9338419 -0.03329926 0.02937154 0.9990138 0.09784549 -0.04692006 0.994095 0.1739731 -0.148391 0.9735058 0.1761921 -0.3112806 0.9338419 -0.09970119 0.1388474 0.9852822 0.06062318 0.07247128 0.9955264 0.1684101 -0.03356284 0.9851454 0.2153165 -0.1506977 0.9648467 0.1761921 -0.3112806 0.9338419 -0.1644711 0.2448829 0.9555008 0.02153539 0.1939794 0.9807692 0.1624574 0.09194709 0.9824222 -0.2270153 0.3482635 0.9094925 -0.01762752 0.3115983 0.9500505 -0.2859026 0.4463056 0.8479806 -0.05867303 0.4241815 0.9036745 0.1506428 0.2172613 0.9644191 -0.3402186 0.535998 0.7726303 -0.09589224 0.5323504 0.8410754 -0.3892011 0.6161239 0.6847728 -0.1330143 0.6299648 0.765148 -0.4306577 0.6870686 0.5852101 -0.168365 0.7163862 0.677085 -0.4653434 0.7468956 0.4749764 -0.201562 0.7925166 0.5755782 -0.4913549 0.7948275 0.3561178 -0.2288656 0.854813 0.4657416 -0.5106794 0.8275772 0.233072 -0.2544006 0.9022043 0.3482928 -0.520493 0.8473031 0.1056626 -0.2756428 0.9345438 0.2250534 -0.2917242 0.9514651 0.0980361 0 0.9490641 0.3150832 -0.04504196 0.9967522 0.06675531 -0.02349906 0.9811373 0.1918787 0.2017528 0.9793428 0.01354238 0.2309465 0.9629805 0.13904 0.4307817 0.9006645 -0.0568399 0.4656198 0.8823172 0.06866282 0.2542443 0.9309577 0.2620643 0.4929929 0.8490406 0.1899684 0.6285474 0.7655863 -0.1371342 0.6677935 0.7441863 -0.01545023 0.7786187 0.5849414 -0.2271488 0.8226286 0.5582735 -0.1077638 0.6962627 0.7099953 0.1054741 0.8526894 0.5222377 0.01373306 0.8743639 0.3676563 -0.316728 0.920145 0.3367222 -0.1998781 0.9062737 0.1330371 -0.4012095 0.9534971 0.095941 -0.2857249 0.9507884 0.2992552 -0.08029728 0.8744928 -0.1056639 -0.4733896 0.9198686 -0.1507684 -0.3620922 0.8220843 -0.3835757 -0.4207698 0.8523865 -0.4261932 -0.3029796 0.9509621 -0.1918708 -0.242604 0.8677804 -0.4632613 -0.1798499 0.9845518 0.05473971 -0.1663172 0.9655613 -0.2311625 -0.1193958 0.8692635 -0.4915177 -0.05283291 0.998892 0.0137331 -0.04501404 0.9639951 -0.2658902 0.00400552 0.8553188 -0.5127334 0.07439213 0.9656419 0.2566209 0.04100593 0.9965997 -0.02536799 0.07839283 0.9466178 -0.2954485 0.1289369 0.8276926 -0.5245201 0.1995084 0.9776316 -0.06656784 0.1995128 0.7858055 -0.5278125 0.322372 0.9130867 -0.3204482 0.2521622 0.7309436 -0.5218165 0.4398058 0.8645639 -0.3404471 0.3696283 0.6642413 -0.5074781 0.548862 0.8013184 -0.3545944 0.4818211 0.9423952 -0.1056642 0.3173742 0.8910308 -0.1428625 0.4308763 0.7244103 -0.3641125 0.5853648 0.586413 -0.4848469 0.6488786 0.8252839 -0.17795 0.5359482 0.4991603 -0.4541461 0.7379637 0.636184 -0.3660132 0.6791939 0.5380187 -0.3621757 0.7611601 0.7455453 -0.2113236 0.6320637 0.6536869 -0.2386234 0.7181591 0.5520092 -0.2643693 0.790819 0.7241098 -0.06065243 0.6870127 0.5382628 -0.1666756 0.826131 0.6358894 -0.1153908 0.7631054 0.4991217 -0.07821131 0.8629951 0.5867363 0 0.8097782 0.6636955 0.07820524 0.7439035 0.4385689 -0.003814472 0.8986895 0.5066493 0.0959415 0.8567975 0.5674417 0.1935977 0.8003311 0.7310362 0.1542939 0.664665 0.6204419 0.287708 0.7295725 0.4417695 0.2795744 0.8524541 0.8006803 -0.00381458 0.5990798 0.864238 0.05092729 0.5004989 0.7866896 0.2288829 0.5733517 0.9134066 0.1056645 0.3930948 0.8281659 0.2994519 0.4737825 0.6615313 0.3776364 0.6478944 0.9468839 0.1584974 0.2798023 0.8555276 0.3662051 0.3660144 0.964297 0.2092442 0.1623216 0.8692746 0.4249575 0.2525331 0.8685759 0.4773925 0.1329375 0.7128997 0.6639808 0.2256181 0.7184014 0.6068069 0.3401247 0.5106691 0.8021939 0.3093577 0.7100491 0.5399272 0.4520055 0.5205939 0.7417437 0.4228454 0.2760487 0.8829364 0.3797638 0.6926998 0.4617364 0.5540454 0.5226442 0.6674205 0.5304648 0.5148064 0.583282 0.6282966 0.2914484 0.8196598 0.493169 0.3032227 0.7433415 0.5962377 0.4994194 0.4896437 0.7147233 0.3092026 0.6535027 0.6908893 0.4737045 0.3875851 0.7908109 0.3091795 0.5538055 0.7731156 0.3053657 0.4463368 0.8411512 0.08804888 0.6693955 0.73767 0.1055819 0.5690789 0.8154764 0.2956872 0.3290182 0.8968368 0.06659439 0.7599891 0.6465151 0.04501809 0.8377787 0.5441509 0.02348925 0.9004422 0.434341 0.1232684 0.4577861 0.8804753 0.1389766 0.3406001 0.9298801 0.281612 0.2073229 0.9368629 0.4030456 0.1663302 0.899938 0.3560098 0.05111739 0.9330831 0.2623587 0.08392425 0.9613141 0.3074642 -0.06066301 0.9496241 0.2405525 -0.03929723 0.9698403 0.2562447 -0.1640424 0.9525906 0.1761921 -0.3112806 0.9338419 0.1761921 -0.3112806 0.9338419</float_array>
          <technique_common>
            <accessor source="#geom-GlassF_Mdl__M_Obj_RailKingPilotHouseGlass-normals-array" count="623" stride="3">
              <param name="X" type="float"/>
              <param name="Y" type="float"/>
              <param name="Z" type="float"/>
            </accessor>
          </technique_common>
        </source>
        <source id="geom-GlassF_Mdl__M_Obj_RailKingPilotHouseGlass-map-2">
          <float_array id="geom-GlassF_Mdl__M_Obj_RailKingPilotHouseGlass-map-2-array" count="1869">1 1 1 1 1 1 1 1 1 1 1 1 1 1 1 1 1 1 1 1 1 1 1 1 1 1 1 1 1 1 1 1 1 1 1 1 1 1 1 1 1 1 1 1 1 1 1 1 1 1 1 1 1 1 1 1 1 1 1 1 1 1 1 1 1 1 1 1 1 1 1 1 1 1 1 1 1 1 1 1 1 1 1 1 1 1 1 1 1 1 1 1 1 1 1 1 1 1 1 1 1 1 1 1 1 1 1 1 1 1 1 1 1 1 1 1 1 1 1 1 1 1 1 1 1 1 1 1 1 1 1 1 1 1 1 1 1 1 1 1 1 1 1 1 1 1 1 1 1 1 1 1 1 1 1 1 1 1 1 1 1 1 1 1 1 1 1 1 1 1 1 1 1 1 1 1 1 1 1 1 1 1 1 1 1 1 1 1 1 1 1 1 1 1 1 1 1 1 1 1 1 1 1 1 1 1 1 1 1 1 1 1 1 1 1 1 1 1 1 1 1 1 1 1 1 1 1 1 1 1 1 1 1 1 1 1 1 1 1 1 1 1 1 1 1 1 1 1 1 1 1 1 1 1 1 1 1 1 1 1 1 1 1 1 1 1 1 1 1 1 1 1 1 1 1 1 1 1 1 1 1 1 1 1 1 1 1 1 1 1 1 1 1 1 1 1 1 1 1 1 1 1 1 1 1 1 1 1 1 1 1 1 1 1 1 1 1 1 1 1 1 1 1 1 1 1 1 1 1 1 1 1 1 1 1 1 1 1 1 1 1 1 1 1 1 1 1 1 1 1 1 1 1 1 1 1 1 1 1 1 1 1 1 1 1 1 1 1 1 1 1 1 1 1 1 1 1 1 1 1 1 1 1 1 1 1 1 1 1 1 1 1 1 1 1 1 1 1 1 1 1 1 1 1 1 1 1 1 1 1 1 1 1 1 1 1 1 1 1 1 1 1 1 1 1 1 1 1 1 1 1 1 1 1 1 1 1 1 1 1 1 1 1 1 1 1 1 1 1 1 1 1 1 1 1 1 1 1 1 1 1 1 1 1 1 1 1 1 1 1 1 1 1 1 1 1 1 1 1 1 1 1 1 1 1 1 1 1 1 1 1 1 1 1 1 1 1 1 1 1 1 1 1 1 1 1 1 1 1 1 1 1 1 1 1 1 1 1 1 1 1 1 1 1 1 1 1 1 1 1 1 1 1 1 1 1 1 1 1 1 1 1 1 1 1 1 1 1 1 1 1 1 1 1 1 1 1 1 1 1 1 1 1 1 1 1 1 1 1 1 1 1 1 1 1 1 1 1 1 1 1 1 1 1 1 1 1 1 1 1 1 1 1 1 1 1 1 1 1 1 1 1 1 1 1 1 1 1 1 1 1 1 1 1 1 1 1 1 1 1 1 1 1 1 1 1 1 1 1 1 1 1 1 1 1 1 1 1 1 1 1 1 1 1 1 1 1 1 1 1 1 1 1 1 1 1 1 1 1 1 1 1 1 1 1 1 1 1 1 1 1 1 1 1 1 1 1 1 1 1 1 1 1 1 1 1 1 1 1 1 1 1 1 1 1 1 1 1 1 1 1 1 1 1 1 1 1 1 1 1 1 1 1 1 1 1 1 1 1 1 1 1 1 1 1 1 1 1 1 1 1 1 1 1 1 1 1 1 1 1 1 1 1 1 1 1 1 1 1 1 1 1 1 1 1 1 1 1 1 1 1 1 1 1 1 1 1 1 1 1 1 1 1 1 1 1 1 1 1 1 1 1 1 1 1 1 1 1 1 1 1 1 1 1 1 1 1 1 1 1 1 1 1 1 1 1 1 1 1 1 1 1 1 1 1 1 1 1 1 1 1 1 1 1 1 1 1 1 1 1 1 1 1 1 1 1 1 1 1 1 1 1 1 1 1 1 1 1 1 1 1 1 1 1 1 1 1 1 1 1 1 1 1 1 1 1 1 1 1 1 1 1 1 1 1 1 1 1 1 1 1 1 1 1 1 1 1 1 1 1 1 1 1 1 1 1 1 1 1 1 1 1 1 1 1 1 1 1 1 1 1 1 1 1 1 1 1 1 1 1 1 1 1 1 1 1 1 1 1 1 1 1 1 1 1 1 1 1 1 1 1 1 1 1 1 1 1 1 1 1 1 1 1 1 1 1 1 1 1 1 1 1 1 1 1 1 1 1 1 1 1 1 1 1 1 1 1 1 1 1 1 1 1 1 1 1 1 1 1 1 1 1 1 1 1 1 1 1 1 1 1 1 1 1 1 1 1 1 1 1 1 1 1 1 1 1 1 1 1 1 1 1 1 1 1 1 1 1 1 1 1 1 1 1 1 1 1 1 1 1 1 1 1 1 1 1 1 1 1 1 1 1 1 1 1 1 1 1 1 1 1 1 1 1 1 1 1 1 1 1 1 1 1 1 1 1 1 1 1 1 1 1 1 1 1 1 1 1 1 1 1 1 1 1 1 1 1 1 1 1 1 1 1 1 1 1 1 1 1 1 1 1 1 1 1 1 1 1 1 1 1 1 1 1 1 1 1 1 1 1 1 1 1 1 1 1 1 1 1 1 1 1 1 1 1 1 1 1 1 1 1 1 1 1 1 1 1 1 1 1 1 1 1 1 1 1 1 1 1 1 1 1 1 1 1 1 1 1 1 1 1 1 1 1 1 1 1 1 1 1 1 1 1 1 1 1 1 1 1 1 1 1 1 1 1 1 1 1 1 1 1 1 1 1 1 1 1 1 1 1 1 1 1 1 1 1 1 1 1 1 1 1 1 1 1 1 1 1 1 1 1 1 1 1 1 1 1 1 1 1 1 1 1 1 1 1 1 1 1 1 1 1 1 1 1 1 1 1 1 1 1 1 1 1 1 1 1 1 1 1 1 1 1 1 1 1 1 1 1 1 1 1 1 1 1 1 1 1 1 1 1 1 1 1 1 1 1 1 1 1 1 1 1 1 1 1 1 1 1 1 1 1 1 1 1 1 1 1 1 1 1 1 1 1 1 1 1 1 1 1 1 1 1 1 1 1 1 1 1 1 1 1 1 1 1 1 1 1 1 1 1 1 1 1 1 1 1 1 1 1 1 1 1 1 1 1 1 1 1 1 1 1 1 1 1 1 1 1 1 1 1 1 1 1 1 1 1 1 1 1 1 1 1 1 1 1 1 1 1 1 1 1 1 1 1 1 1 1 1 1 1 1 1 1 1 1 1 1 1 1 1 1 1 1 1 1 1 1 1 1 1 1 1 1 1 1 1 1 1 1 1 1 1 1 1 1 1 1 1 1 1 1 1 1 1 1 1 1 1 1 1 1 1 1 1 1 1 1 1 1 1 1 1 1 1 1 1 1 1 1 1 1 1 1 1 1 1 1 1 1 1 1 1 1 1 1 1 1 1 1 1 1 1 1 1 1 1 1 1 1 1 1 1 1 1 1 1 1 1 1 1 1 1 1 1 1 1 1 1 1 1 1 1 1 1 1 1 1 1 1 1 1 1 1 1 1 1 1 1 1 1 1 1 1 1 1 1 1 1 1 1 1 1 1 1 1 1 1 1 1 1 1 1 1 1 1 1 1 1 1 1 1 1 1 1 1 1 1 1 1 1 1 1 1 1 1 1 1 1 1 1 1 1 1 1 1 1 1 1 1 1 1 1 1 1 1 1 1 1 1 1 1 1 1 1 1 1 1 1 1 1 1 1 1 1 1 1 1 1 1 1 1 1 1 1 1 1 1 1 1 1 1 1 1 1 1 1 1 1 1 1 1 1 1 1 1 1 1 1 1 1 1 1 1 1 1 1 1 1 1 1 1 1 1 1 1 1 1 1 1 1 1 1 1 1 1 1 1 1 1 1 1 1 1 1 1 1 1 1 1 1 1 1 1 1 1 1 1 1 1 1 1 1 1 1 1 1 1 1 1 1 1 1 1 1 1 1 1 1 1 1 1 1 1 1 1 1 1 1 1 1 1 1 1 1 1 1 1 1 1 1 1 1 1 1 1 1 1 1 1 1 1 1 1 1 1 1 1 1 1 1 1 1 1 1 1 1 1 1 1 1 1 1 1 1 1 1 1 1 1 1 1 1 1 1 1 1 1 1 1 1 1 1 1 1 1 1 1 1 1 1 1 1 1 1 1 1 1 1 1 1 1 1 1 1 1 1 1 1 1 1 1 1 1 1 1 1 1 1 1 1 1 1 1 1 1 1 1 1</float_array>
          <technique_common>
            <accessor source="#geom-GlassF_Mdl__M_Obj_RailKingPilotHouseGlass-map-2-array" count="623" stride="3">
              <param name="R" type="float"/>
              <param name="G" type="float"/>
              <param name="B" type="float"/>
            </accessor>
          </technique_common>
        </source>
        <source id="geom-GlassF_Mdl__M_Obj_RailKingPilotHouseGlass-map0">
          <float_array id="geom-GlassF_Mdl__M_Obj_RailKingPilotHouseGlass-map0-array" count="1869">1 1 1 1 1 1 1 1 1 1 1 1 1 1 1 1 1 1 1 1 1 1 1 1 1 1 1 1 1 1 1 1 1 1 1 1 1 1 1 1 1 1 1 1 1 1 1 1 1 1 1 1 1 1 1 1 1 1 1 1 1 1 1 1 1 1 1 1 1 1 1 1 1 1 1 1 1 1 1 1 1 1 1 1 1 1 1 1 1 1 1 1 1 1 1 1 1 1 1 1 1 1 1 1 1 1 1 1 1 1 1 1 1 1 1 1 1 1 1 1 1 1 1 1 1 1 1 1 1 1 1 1 1 1 1 1 1 1 1 1 1 1 1 1 1 1 1 1 1 1 1 1 1 1 1 1 1 1 1 1 1 1 1 1 1 1 1 1 1 1 1 1 1 1 1 1 1 1 1 1 1 1 1 1 1 1 1 1 1 1 1 1 1 1 1 1 1 1 1 1 1 1 1 1 1 1 1 1 1 1 1 1 1 1 1 1 1 1 1 1 1 1 1 1 1 1 1 1 1 1 1 1 1 1 1 1 1 1 1 1 1 1 1 1 1 1 1 1 1 1 1 1 1 1 1 1 1 1 1 1 1 1 1 1 1 1 1 1 1 1 1 1 1 1 1 1 1 1 1 1 1 1 1 1 1 1 1 1 1 1 1 1 1 1 1 1 1 1 1 1 1 1 1 1 1 1 1 1 1 1 1 1 1 1 1 1 1 1 1 1 1 1 1 1 1 1 1 1 1 1 1 1 1 1 1 1 1 1 1 1 1 1 1 1 1 1 1 1 1 1 1 1 1 1 1 1 1 1 1 1 1 1 1 1 1 1 1 1 1 1 1 1 1 1 1 1 1 1 1 1 1 1 1 1 1 1 1 1 1 1 1 1 1 1 1 1 1 1 1 1 1 1 1 1 1 1 1 1 1 1 1 1 1 1 1 1 1 1 1 1 1 1 1 1 1 1 1 1 1 1 1 1 1 1 1 1 1 1 1 1 1 1 1 1 1 1 1 1 1 1 1 1 1 1 1 1 1 1 1 1 1 1 1 1 1 1 1 1 1 1 1 1 1 1 1 1 1 1 1 1 1 1 1 1 1 1 1 1 1 1 1 1 1 1 1 1 1 1 1 1 1 1 1 1 1 1 1 1 1 1 1 1 1 1 1 1 1 1 1 1 1 1 1 1 1 1 1 1 1 1 1 1 1 1 1 1 1 1 1 1 1 1 1 1 1 1 1 1 1 1 1 1 1 1 1 1 1 1 1 1 1 1 1 1 1 1 1 1 1 1 1 1 1 1 1 1 1 1 1 1 1 1 1 1 1 1 1 1 1 1 1 1 1 1 1 1 1 1 1 1 1 1 1 1 1 1 1 1 1 1 1 1 1 1 1 1 1 1 1 1 1 1 1 1 1 1 1 1 1 1 1 1 1 1 1 1 1 1 1 1 1 1 1 1 1 1 1 1 1 1 1 1 1 1 1 1 1 1 1 1 1 1 1 1 1 1 1 1 1 1 1 1 1 1 1 1 1 1 1 1 1 1 1 1 1 1 1 1 1 1 1 1 1 1 1 1 1 1 1 1 1 1 1 1 1 1 1 1 1 1 1 1 1 1 1 1 1 1 1 1 1 1 1 1 1 1 1 1 1 1 1 1 1 1 1 1 1 1 1 1 1 1 1 1 1 1 1 1 1 1 1 1 1 1 1 1 1 1 1 1 1 1 1 1 1 1 1 1 1 1 1 1 1 1 1 1 1 1 1 1 1 1 1 1 1 1 1 1 1 1 1 1 1 1 1 1 1 1 1 1 1 1 1 1 1 1 1 1 1 1 1 1 1 1 1 1 1 1 1 1 1 1 1 1 1 1 1 1 1 1 1 1 1 1 1 1 1 1 1 1 1 1 1 1 1 1 1 1 1 1 1 1 1 1 1 1 1 1 1 1 1 1 1 1 1 1 1 1 1 1 1 1 1 1 1 1 1 1 1 1 1 1 1 1 1 1 1 1 1 1 1 1 1 1 1 1 1 1 1 1 1 1 1 1 1 1 1 1 1 1 1 1 1 1 1 1 1 1 1 1 1 1 1 1 1 1 1 1 1 1 1 1 1 1 1 1 1 1 1 1 1 1 1 1 1 1 1 1 1 1 1 1 1 1 1 1 1 1 1 1 1 1 1 1 1 1 1 1 1 1 1 1 1 1 1 1 1 1 1 1 1 1 1 1 1 1 1 1 1 1 1 1 1 1 1 1 1 1 1 1 1 1 1 1 1 1 1 1 1 1 1 1 1 1 1 1 1 1 1 1 1 1 1 1 1 1 1 1 1 1 1 1 1 1 1 1 1 1 1 1 1 1 1 1 1 1 1 1 1 1 1 1 1 1 1 1 1 1 1 1 1 1 1 1 1 1 1 1 1 1 1 1 1 1 1 1 1 1 1 1 1 1 1 1 1 1 1 1 1 1 1 1 1 1 1 1 1 1 1 1 1 1 1 1 1 1 1 1 1 1 1 1 1 1 1 1 1 1 1 1 1 1 1 1 1 1 1 1 1 1 1 1 1 1 1 1 1 1 1 1 1 1 1 1 1 1 1 1 1 1 1 1 1 1 1 1 1 1 1 1 1 1 1 1 1 1 1 1 1 1 1 1 1 1 1 1 1 1 1 1 1 1 1 1 1 1 1 1 1 1 1 1 1 1 1 1 1 1 1 1 1 1 1 1 1 1 1 1 1 1 1 1 1 1 1 1 1 1 1 1 1 1 1 1 1 1 1 1 1 1 1 1 1 1 1 1 1 1 1 1 1 1 1 1 1 1 1 1 1 1 1 1 1 1 1 1 1 1 1 1 1 1 1 1 1 1 1 1 1 1 1 1 1 1 1 1 1 1 1 1 1 1 1 1 1 1 1 1 1 1 1 1 1 1 1 1 1 1 1 1 1 1 1 1 1 1 1 1 1 1 1 1 1 1 1 1 1 1 1 1 1 1 1 1 1 1 1 1 1 1 1 1 1 1 1 1 1 1 1 1 1 1 1 1 1 1 1 1 1 1 1 1 1 1 1 1 1 1 1 1 1 1 1 1 1 1 1 1 1 1 1 1 1 1 1 1 1 1 1 1 1 1 1 1 1 1 1 1 1 1 1 1 1 1 1 1 1 1 1 1 1 1 1 1 1 1 1 1 1 1 1 1 1 1 1 1 1 1 1 1 1 1 1 1 1 1 1 1 1 1 1 1 1 1 1 1 1 1 1 1 1 1 1 1 1 1 1 1 1 1 1 1 1 1 1 1 1 1 1 1 1 1 1 1 1 1 1 1 1 1 1 1 1 1 1 1 1 1 1 1 1 1 1 1 1 1 1 1 1 1 1 1 1 1 1 1 1 1 1 1 1 1 1 1 1 1 1 1 1 1 1 1 1 1 1 1 1 1 1 1 1 1 1 1 1 1 1 1 1 1 1 1 1 1 1 1 1 1 1 1 1 1 1 1 1 1 1 1 1 1 1 1 1 1 1 1 1 1 1 1 1 1 1 1 1 1 1 1 1 1 1 1 1 1 1 1 1 1 1 1 1 1 1 1 1 1 1 1 1 1 1 1 1 1 1 1 1 1 1 1 1 1 1 1 1 1 1 1 1 1 1 1 1 1 1 1 1 1 1 1 1 1 1 1 1 1 1 1 1 1 1 1 1 1 1 1 1 1 1 1 1 1 1 1 1 1 1 1 1 1 1 1 1 1 1 1 1 1 1 1 1 1 1 1 1 1 1 1 1 1 1 1 1 1 1 1 1 1 1 1 1 1 1 1 1 1 1 1 1 1 1 1 1 1 1 1 1 1 1 1 1 1 1 1 1 1 1 1 1 1 1 1 1 1 1 1 1 1 1 1 1 1 1 1 1 1 1 1 1 1 1 1 1 1 1 1 1 1 1 1 1 1 1 1 1 1 1 1 1 1 1 1 1 1 1 1 1 1 1 1 1 1 1 1 1 1 1 1 1 1 1 1 1 1 1 1 1 1 1 1 1 1 1 1 1 1 1 1 1 1 1 1 1 1 1 1 1 1 1 1 1 1 1 1 1 1 1 1 1 1 1 1 1 1 1 1 1 1 1 1 1 1 1 1 1 1 1 1 1 1 1 1 1 1 1 1 1 1 1 1 1 1 1 1 1 1 1 1 1 1 1 1 1 1 1 1 1 1 1 1 1 1 1 1 1 1 1 1 1</float_array>
          <technique_common>
            <accessor source="#geom-GlassF_Mdl__M_Obj_RailKingPilotHouseGlass-map0-array" count="623" stride="3">
              <param name="R" type="float"/>
              <param name="G" type="float"/>
              <param name="B" type="float"/>
            </accessor>
          </technique_common>
        </source>
        <source id="geom-GlassF_Mdl__M_Obj_RailKingPilotHouseGlass-map1">
          <float_array id="geom-GlassF_Mdl__M_Obj_RailKingPilotHouseGlass-map1-array" count="1869">0.04165649 0.04199219 0 0 0.04199219 0 0.02082825 0 0 0 0.08349609 0 0.04165649 0.08349609 0 0 0.125 0 0.0625 0 0 0.08331299 0.04199219 0 0.04165649 0.125 0 0 0.1669922 0 0.08331299 0.08349609 0 0.104126 0 0 0.125 0.04199219 0 0.04165649 0.1669922 0 0 0.2084961 0 0.08331299 0.125 0 0.125 0.08349609 0 0.145752 0 0 0.166626 0.04199219 0 0.04165649 0.2084961 0 0 0.25 0 0.08331299 0.1669922 0 0.125 0.125 0 0.166626 0.08349609 0 0.1875 0 0 0.208252 0.04199219 0 0.125 0.1669922 0 0.166626 0.125 0 0.208252 0.08349609 0 0.229126 0 0 0.25 0.04199219 0 0.270752 0 0 0.2915039 0.04199219 0 0.25 0.08349609 0 0.208252 0.125 0 0.166626 0.1669922 0 0.25 0.125 0 0.208252 0.1669922 0 0.2915039 0.08349609 0 0.3125 0 0 0.333252 0.04199219 0 0.3540039 0 0 0.3747559 0.04199219 0 0.333252 0.08349609 0 0.2915039 0.125 0 0.25 0.1669922 0 0.333252 0.125 0 0.2915039 0.1669922 0 0.3747559 0.08349609 0 0.395752 0 0 0.4165039 0.04199219 0 0.3747559 0.125 0 0.4165039 0.08349609 0 0.4375 0 0 0.458252 0.04199219 0 0.333252 0.1669922 0 0.4165039 0.125 0 0.458252 0.08349609 0 0.4790039 0 0 0.4997559 0.04199219 0 0.3747559 0.1669922 0 0.458252 0.125 0 0.4997559 0.08349609 0 0.5205078 0 0 0.5415039 0.04199219 0 0.4165039 0.1669922 0 0.4997559 0.125 0 0.5415039 0.08349609 0 0.5625 0 0 0.5830078 0.04199219 0 0.458252 0.1669922 0 0.5415039 0.125 0 0.5830078 0.08349609 0 0.6040039 0 0 0.625 0.04199219 0 0.4997559 0.1669922 0 0.5830078 0.125 0 0.625 0.08349609 0 0.6665039 0.04199219 0 0.6455078 0 0 0.5415039 0.1669922 0 0.625 0.125 0 0.5830078 0.1669922 0 0.6665039 0.08349609 0 0.6875 0 0 0.7080078 0.04199219 0 0.6665039 0.125 0 0.7080078 0.08349609 0 0.7290039 0 0 0.75 0.04199219 0 0.625 0.1669922 0 0.7080078 0.125 0 0.75 0.08349609 0 0.7705078 0 0 0.7915039 0.04199219 0 0.6665039 0.1669922 0 0.75 0.125 0 0.7915039 0.08349609 0 0.8125 0 0 0.8330078 0.04199219 0 0.7080078 0.1669922 0 0.7915039 0.125 0 0.8330078 0.08349609 0 0.8540039 0 0 0.875 0.04199219 0 0.75 0.1669922 0 0.8330078 0.125 0 0.875 0.08349609 0 0.8955078 0 0 0.9165039 0.04199219 0 0.7915039 0.1669922 0 0.875 0.125 0 0.9165039 0.08349609 0 0.9375 0 0 0.9580078 0.04199219 0 0.9790039 0 0 1 0.04199219 0 0.9580078 0.08349609 0 1 0.08349609 0 0.9165039 0.125 0 0.9580078 0.125 0 1 0.125 0 0.875 0.1669922 0 0.9580078 0.1669922 0 1 0.1669922 0 0.9165039 0.1669922 0 0.9580078 0.2084961 0 1 0.2084961 0 0.9165039 0.2084961 0 0.875 0.2084961 0 0.9580078 0.25 0 1 0.25 0 0.9165039 0.25 0 0.9580078 0.2919922 0 1 0.2919922 0 0.9165039 0.2919922 0 0.875 0.25 0 0.875 0.2919922 0 0.9165039 0.3334961 0 0.9580078 0.3334961 0 1 0.3334961 0 0.875 0.3334961 0 0.9580078 0.375 0 1 0.375 0 0.9165039 0.375 0 0.9580078 0.4169922 0 1 0.4169922 0 0.9165039 0.4169922 0 0.875 0.375 0 0.875 0.4169922 0 0.9165039 0.4584961 0 0.9580078 0.4584961 0 1 0.4584961 0 0.875 0.4584961 0 0.9580078 0.5 0 1 0.5 0 0.9165039 0.5 0 0.9580078 0.541748 0 1 0.541748 0 0.9165039 0.541748 0 0.875 0.5 0 0.875 0.541748 0 0.9165039 0.5834961 0 0.9580078 0.5834961 0 1 0.5834961 0 0.875 0.5834961 0 0.9580078 0.625 0 1 0.625 0 0.9165039 0.625 0 0.875 0.625 0 0.9580078 0.666748 0 1 0.666748 0 0.9165039 0.666748 0 0.875 0.666748 0 0.9580078 0.7084961 0 1 0.7084961 0 0.9165039 0.7084961 0 0.875 0.7084961 0 0.9580078 0.7501221 0 1 0.7501221 0 0.9165039 0.7501221 0 0.875 0.7501221 0 0.9580078 0.791748 0 1 0.791748 0 0.9165039 0.791748 0 0.875 0.791748 0 0.9580078 0.833374 0 1 0.833374 0 0.9165039 0.833374 0 0.875 0.833374 0 0.9580078 0.875061 0 1 0.875061 0 0.9165039 0.875061 0 0.875 0.875061 0 0.9580078 0.916687 0 1 0.916687 0 0.9165039 0.916687 0 0.9580078 0.9583435 0 1 0.9583435 0 0.9790039 1 0 0.9165039 0.9583435 0 0.9375 1 0 0.875 0.9583435 0 0.8955078 1 0 0.875 0.916687 0 0.8330078 0.9583435 0 0.8540039 1 0 0.8330078 0.916687 0 0.7915039 0.9583435 0 0.8125 1 0 0.8330078 0.875061 0 0.7915039 0.916687 0 0.75 0.9583435 0 0.7705078 1 0 0.8330078 0.833374 0 0.7915039 0.875061 0 0.75 0.916687 0 0.7080078 0.9583435 0 0.7290039 1 0 0.8330078 0.791748 0 0.7915039 0.833374 0 0.75 0.875061 0 0.8330078 0.7501221 0 0.7915039 0.791748 0 0.8330078 0.7084961 0 0.7915039 0.7501221 0 0.75 0.833374 0 0.8330078 0.666748 0 0.7915039 0.7084961 0 0.8330078 0.625 0 0.7915039 0.666748 0 0.8330078 0.5834961 0 0.7915039 0.625 0 0.8330078 0.541748 0 0.7915039 0.5834961 0 0.8330078 0.5 0 0.7915039 0.541748 0 0.8330078 0.4584961 0 0.7915039 0.5 0 0.8330078 0.4169922 0 0.7915039 0.4584961 0 0.8330078 0.375 0 0.7915039 0.4169922 0 0.8330078 0.3334961 0 0.7915039 0.375 0 0.8330078 0.2919922 0 0.7915039 0.3334961 0 0.8330078 0.25 0 0.7915039 0.2919922 0 0.8330078 0.2084961 0 0.7915039 0.25 0 0.8330078 0.1669922 0 0.7915039 0.2084961 0 0.75 0.2084961 0 0.75 0.25 0 0.7080078 0.2084961 0 0.7080078 0.25 0 0.75 0.2919922 0 0.6665039 0.2084961 0 0.6665039 0.25 0 0.625 0.2084961 0 0.625 0.25 0 0.5830078 0.2084961 0 0.5830078 0.25 0 0.5415039 0.2084961 0 0.5415039 0.25 0 0.4997559 0.2084961 0 0.4997559 0.25 0 0.458252 0.2084961 0 0.458252 0.25 0 0.4165039 0.2084961 0 0.4165039 0.25 0 0.3747559 0.2084961 0 0.3747559 0.25 0 0.333252 0.2084961 0 0.333252 0.25 0 0.2915039 0.2084961 0 0.2915039 0.25 0 0.25 0.2084961 0 0.25 0.25 0 0.208252 0.2084961 0 0.208252 0.25 0 0.166626 0.2084961 0 0.166626 0.25 0 0.125 0.2084961 0 0.125 0.25 0 0.08331299 0.2084961 0 0.08331299 0.25 0 0.04165649 0.25 0 0 0.2919922 0 0.04165649 0.2919922 0 0 0.3334961 0 0.08331299 0.2919922 0 0.04165649 0.3334961 0 0 0.375 0 0.125 0.2919922 0 0.08331299 0.3334961 0 0.04165649 0.375 0 0 0.4169922 0 0.166626 0.2919922 0 0.125 0.3334961 0 0.08331299 0.375 0 0.04165649 0.4169922 0 0 0.4584961 0 0.125 0.375 0 0.04165649 0.4584961 0 0 0.5 0 0.08331299 0.4169922 0 0.04165649 0.5 0 0 0.541748 0 0.08331299 0.4584961 0 0.04165649 0.541748 0 0 0.5834961 0 0.08331299 0.5 0 0.125 0.4169922 0 0.125 0.4584961 0 0.08331299 0.541748 0 0.04165649 0.5834961 0 0 0.625 0 0.125 0.5 0 0.04165649 0.625 0 0 0.666748 0 0.08331299 0.5834961 0 0.04165649 0.666748 0 0 0.7084961 0 0.08331299 0.625 0 0.125 0.541748 0 0.125 0.5834961 0 0.08331299 0.666748 0 0.04165649 0.7084961 0 0 0.7501221 0 0.125 0.625 0 0.04165649 0.7501221 0 0 0.791748 0 0.08331299 0.7084961 0 0.04165649 0.791748 0 0 0.833374 0 0.08331299 0.7501221 0 0.125 0.666748 0 0.125 0.7084961 0 0.08331299 0.791748 0 0.04165649 0.833374 0 0 0.875061 0 0.125 0.7501221 0 0.04165649 0.875061 0 0 0.916687 0 0.08331299 0.833374 0 0.04165649 0.916687 0 0 0.9583435 0 0.08331299 0.875061 0 0.04165649 0.9583435 0 0.02082825 1 0 0.125 0.791748 0 0.08331299 0.916687 0 0.08331299 0.9583435 0 0.0625 1 0 0.125 0.833374 0 0.125 0.875061 0 0.125 0.916687 0 0.125 0.9583435 0 0.104126 1 0 0.166626 0.833374 0 0.166626 0.875061 0 0.166626 0.916687 0 0.166626 0.9583435 0 0.145752 1 0 0.166626 0.791748 0 0.208252 0.916687 0 0.166626 0.7501221 0 0.208252 0.9583435 0 0.1875 1 0 0.166626 0.7084961 0 0.25 0.9583435 0 0.229126 1 0 0.166626 0.666748 0 0.25 0.916687 0 0.166626 0.625 0 0.2915039 0.9583435 0 0.270752 1 0 0.166626 0.5834961 0 0.2915039 0.916687 0 0.166626 0.541748 0 0.333252 0.9583435 0 0.3125 1 0 0.166626 0.5 0 0.333252 0.916687 0 0.166626 0.4584961 0 0.3747559 0.9583435 0 0.3540039 1 0 0.166626 0.4169922 0 0.3747559 0.916687 0 0.166626 0.375 0 0.4165039 0.9583435 0 0.395752 1 0 0.166626 0.3334961 0 0.4165039 0.916687 0 0.208252 0.2919922 0 0.208252 0.3334961 0 0.25 0.2919922 0 0.208252 0.375 0 0.25 0.3334961 0 0.2915039 0.2919922 0 0.208252 0.4169922 0 0.25 0.375 0 0.2915039 0.3334961 0 0.333252 0.2919922 0 0.2915039 0.375 0 0.3747559 0.2919922 0 0.333252 0.3334961 0 0.4165039 0.2919922 0 0.3747559 0.3334961 0 0.458252 0.2919922 0 0.4165039 0.3334961 0 0.333252 0.375 0 0.3747559 0.375 0 0.458252 0.3334961 0 0.4997559 0.2919922 0 0.4165039 0.375 0 0.5415039 0.2919922 0 0.4997559 0.3334961 0 0.5830078 0.2919922 0 0.5415039 0.3334961 0 0.458252 0.375 0 0.4997559 0.375 0 0.5830078 0.3334961 0 0.625 0.2919922 0 0.5415039 0.375 0 0.6665039 0.2919922 0 0.625 0.3334961 0 0.7080078 0.2919922 0 0.6665039 0.3334961 0 0.7080078 0.3334961 0 0.5830078 0.375 0 0.625 0.375 0 0.6665039 0.375 0 0.75 0.3334961 0 0.7080078 0.375 0 0.75 0.375 0 0.6665039 0.4169922 0 0.75 0.4169922 0 0.7080078 0.4169922 0 0.75 0.4584961 0 0.7080078 0.4584961 0 0.6665039 0.4584961 0 0.75 0.5 0 0.7080078 0.5 0 0.6665039 0.5 0 0.75 0.541748 0 0.7080078 0.541748 0 0.6665039 0.541748 0 0.75 0.5834961 0 0.7080078 0.5834961 0 0.6665039 0.5834961 0 0.75 0.625 0 0.7080078 0.625 0 0.6665039 0.625 0 0.75 0.666748 0 0.7080078 0.666748 0 0.6665039 0.666748 0 0.75 0.7084961 0 0.7080078 0.7084961 0 0.75 0.7501221 0 0.7080078 0.7501221 0 0.6665039 0.7084961 0 0.6665039 0.7501221 0 0.7080078 0.791748 0 0.75 0.791748 0 0.6665039 0.791748 0 0.7080078 0.833374 0 0.6665039 0.833374 0 0.7080078 0.875061 0 0.6665039 0.875061 0 0.7080078 0.916687 0 0.6665039 0.916687 0 0.6665039 0.9583435 0 0.6875 1 0 0.625 0.9583435 0 0.6455078 1 0 0.625 0.916687 0 0.5830078 0.9583435 0 0.6040039 1 0 0.625 0.875061 0 0.5830078 0.916687 0 0.5415039 0.9583435 0 0.5625 1 0 0.625 0.833374 0 0.5830078 0.875061 0 0.5415039 0.916687 0 0.4997559 0.9583435 0 0.5205078 1 0 0.625 0.791748 0 0.5830078 0.833374 0 0.5415039 0.875061 0 0.625 0.7501221 0 0.5830078 0.791748 0 0.625 0.7084961 0 0.5830078 0.7501221 0 0.5415039 0.833374 0 0.625 0.666748 0 0.5830078 0.7084961 0 0.625 0.625 0 0.5830078 0.666748 0 0.625 0.5834961 0 0.5830078 0.625 0 0.625 0.541748 0 0.5830078 0.5834961 0 0.625 0.5 0 0.5830078 0.541748 0 0.625 0.4584961 0 0.5830078 0.5 0 0.625 0.4169922 0 0.5830078 0.4584961 0 0.5830078 0.4169922 0 0.5415039 0.5 0 0.5415039 0.4169922 0 0.5415039 0.4584961 0 0.4997559 0.4169922 0 0.4997559 0.4584961 0 0.458252 0.4169922 0 0.458252 0.4584961 0 0.4997559 0.5 0 0.458252 0.5 0 0.4165039 0.4169922 0 0.4165039 0.4584961 0 0.3747559 0.4169922 0 0.3747559 0.4584961 0 0.4165039 0.5 0 0.3747559 0.5 0 0.333252 0.4169922 0 0.333252 0.4584961 0 0.2915039 0.4169922 0 0.2915039 0.4584961 0 0.333252 0.5 0 0.25 0.4169922 0 0.25 0.4584961 0 0.208252 0.4584961 0 0.208252 0.5 0 0.25 0.5 0 0.208252 0.541748 0 0.2915039 0.5 0 0.25 0.541748 0 0.208252 0.5834961 0 0.2915039 0.541748 0 0.25 0.5834961 0 0.208252 0.625 0 0.333252 0.541748 0 0.2915039 0.5834961 0 0.25 0.625 0 0.208252 0.666748 0 0.2915039 0.625 0 0.208252 0.7084961 0 0.25 0.666748 0 0.208252 0.7501221 0 0.25 0.7084961 0 0.208252 0.791748 0 0.25 0.7501221 0 0.2915039 0.666748 0 0.2915039 0.7084961 0 0.25 0.791748 0 0.208252 0.833374 0 0.2915039 0.7501221 0 0.208252 0.875061 0 0.25 0.833374 0 0.25 0.875061 0 0.2915039 0.791748 0 0.2915039 0.833374 0 0.2915039 0.875061 0 0.333252 0.791748 0 0.333252 0.875061 0 0.333252 0.833374 0 0.3747559 0.875061 0 0.3747559 0.833374 0 0.3747559 0.791748 0 0.4165039 0.875061 0 0.4165039 0.833374 0 0.4165039 0.791748 0 0.3747559 0.7501221 0 0.4165039 0.7501221 0 0.458252 0.791748 0 0.333252 0.7501221 0 0.333252 0.7084961 0 0.3747559 0.7084961 0 0.333252 0.666748 0 0.3747559 0.666748 0 0.4165039 0.7084961 0 0.333252 0.625 0 0.3747559 0.625 0 0.333252 0.5834961 0 0.3747559 0.5834961 0 0.3747559 0.541748 0 0.4165039 0.541748 0 0.4165039 0.5834961 0 0.458252 0.541748 0 0.4165039 0.625 0 0.458252 0.5834961 0 0.4997559 0.541748 0 0.4165039 0.666748 0 0.458252 0.625 0 0.458252 0.666748 0 0.4997559 0.5834961 0 0.4997559 0.625 0 0.458252 0.7084961 0 0.4997559 0.666748 0 0.458252 0.7501221 0 0.4997559 0.7084961 0 0.4997559 0.7501221 0 0.5415039 0.666748 0 0.5415039 0.7084961 0 0.4997559 0.791748 0 0.5415039 0.625 0 0.5415039 0.5834961 0 0.5415039 0.541748 0 0.5415039 0.7501221 0 0.5415039 0.791748 0 0.4997559 0.833374 0 0.458252 0.833374 0 0.458252 0.875061 0 0.4997559 0.875061 0 0.458252 0.916687 0 0.4997559 0.916687 0 0.458252 0.9583435 0 0.4375 1 0 0.4790039 1 0</float_array>
          <technique_common>
            <accessor source="#geom-GlassF_Mdl__M_Obj_RailKingPilotHouseGlass-map1-array" count="623" stride="3">
              <param name="S" type="float"/>
              <param name="T" type="float"/>
              <param name="P" type="float"/>
            </accessor>
          </technique_common>
        </source>
        <vertices id="geom-GlassF_Mdl__M_Obj_RailKingPilotHouseGlass-vertices">
          <input semantic="POSITION" source="#geom-GlassF_Mdl__M_Obj_RailKingPilotHouseGlass-positions"/>
        </vertices>
        <triangles material="M_Obj_RailKingPilotHouseGlass" count="1104">
          <input semantic="VERTEX" source="#geom-GlassF_Mdl__M_Obj_RailKingPilotHouseGlass-vertices" offset="0"/>
          <input semantic="NORMAL" source="#geom-GlassF_Mdl__M_Obj_RailKingPilotHouseGlass-normals" offset="1"/>
          <input semantic="COLOR" source="#geom-GlassF_Mdl__M_Obj_RailKingPilotHouseGlass-map0" offset="2" set="0"/>
          <input semantic="TEXCOORD" source="#geom-GlassF_Mdl__M_Obj_RailKingPilotHouseGlass-map1" offset="3" set="0"/>
          <p>0 0 0 0 1 1 1 1 2 2 2 2 3 3 3 3 1 1 1 1 0 0 0 0 4 4 4 4 3 3 3 3 0 0 0 0 4 4 4 4 5 5 5 5 3 3 3 3 0 0 0 0 6 6 6 6 7 7 7 7 4 4 4 4 0 0 0 0 7 7 7 7 4 4 4 4 8 8 8 8 5 5 5 5 5 5 5 5 8 8 8 8 9 9 9 9 4 4 4 4 7 7 7 7 10 10 10 10 4 4 4 4 10 10 10 10 8 8 8 8 7 7 7 7 11 11 11 11 12 12 12 12 7 7 7 7 12 12 12 12 10 10 10 10 8 8 8 8 13 13 13 13 9 9 9 9 9 9 9 9 13 13 13 13 14 14 14 14 10 10 10 10 15 15 15 15 8 8 8 8 8 8 8 8 15 15 15 15 13 13 13 13 10 10 10 10 12 12 12 12 16 16 16 16 10 10 10 10 16 16 16 16 15 15 15 15 12 12 12 12 17 17 17 17 18 18 18 18 12 12 12 12 18 18 18 18 16 16 16 16 13 13 13 13 19 19 19 19 14 14 14 14 14 14 14 14 19 19 19 19 20 20 20 20 15 15 15 15 21 21 21 21 13 13 13 13 13 13 13 13 21 21 21 21 19 19 19 19 16 16 16 16 22 22 22 22 15 15 15 15 15 15 15 15 22 22 22 22 21 21 21 21 16 16 16 16 18 18 18 18 23 23 23 23 16 16 16 16 23 23 23 23 22 22 22 22 18 18 18 18 24 24 24 24 25 25 25 25 18 18 18 18 25 25 25 25 23 23 23 23 22 22 22 22 26 26 26 26 21 21 21 21 23 23 23 23 27 27 27 27 22 22 22 22 22 22 22 22 27 27 27 27 26 26 26 26 23 23 23 23 25 25 25 25 28 28 28 28 23 23 23 23 28 28 28 28 27 27 27 27 25 25 25 25 29 29 29 29 30 30 30 30 25 25 25 25 30 30 30 30 28 28 28 28 30 30 30 30 31 31 31 31 32 32 32 32 28 28 28 28 30 30 30 30 33 33 33 33 30 30 30 30 32 32 32 32 33 33 33 33 28 28 28 28 34 34 34 34 27 27 27 27 28 28 28 28 33 33 33 33 34 34 34 34 27 27 27 27 34 34 34 34 35 35 35 35 27 27 27 27 35 35 35 35 26 26 26 26 33 33 33 33 36 36 36 36 34 34 34 34 34 34 34 34 37 37 37 37 35 35 35 35 34 34 34 34 36 36 36 36 37 37 37 37 33 33 33 33 32 32 32 32 38 38 38 38 33 33 33 33 38 38 38 38 36 36 36 36 32 32 32 32 39 39 39 39 40 40 40 40 32 32 32 32 40 40 40 40 38 38 38 38 40 40 40 40 41 41 41 41 42 42 42 42 38 38 38 38 40 40 40 40 43 43 43 43 40 40 40 40 42 42 42 42 43 43 43 43 38 38 38 38 44 44 44 44 36 36 36 36 38 38 38 38 43 43 43 43 44 44 44 44 36 36 36 36 44 44 44 44 45 45 45 45 36 36 36 36 45 45 45 45 37 37 37 37 44 44 44 44 43 43 43 43 46 46 46 46 44 44 44 44 47 47 47 47 45 45 45 45 44 44 44 44 46 46 46 46 47 47 47 47 42 42 42 42 48 48 48 48 43 43 43 43 48 48 48 48 46 46 46 46 43 43 43 43 42 42 42 42 49 49 49 49 50 50 50 50 42 42 42 42 50 50 50 50 48 48 48 48 48 48 48 48 51 51 51 51 46 46 46 46 48 48 48 48 50 50 50 50 52 52 52 52 48 48 48 48 52 52 52 52 51 51 51 51 50 50 50 50 53 53 53 53 54 54 54 54 50 50 50 50 54 54 54 54 52 52 52 52 46 46 46 46 51 51 51 51 55 55 55 55 47 47 47 47 46 46 46 46 55 55 55 55 52 52 52 52 56 56 56 56 51 51 51 51 52 52 52 52 54 54 54 54 57 57 57 57 52 52 52 52 57 57 57 57 56 56 56 56 54 54 54 54 58 58 58 58 59 59 59 59 54 54 54 54 59 59 59 59 57 57 57 57 51 51 51 51 56 56 56 56 60 60 60 60 51 51 51 51 60 60 60 60 55 55 55 55 57 57 57 57 61 61 61 61 56 56 56 56 57 57 57 57 59 59 59 59 62 62 62 62 57 57 57 57 62 62 62 62 61 61 61 61 59 59 59 59 63 63 63 63 64 64 64 64 59 59 59 59 64 64 64 64 62 62 62 62 56 56 56 56 61 61 61 61 65 65 65 65 56 56 56 56 65 65 65 65 60 60 60 60 62 62 62 62 66 66 66 66 61 61 61 61 62 62 62 62 64 64 64 64 67 67 67 67 62 62 62 62 67 67 67 67 66 66 66 66 64 64 64 64 68 68 68 68 69 69 69 69 64 64 64 64 69 69 69 69 67 67 67 67 61 61 61 61 66 66 66 66 70 70 70 70 61 61 61 61 70 70 70 70 65 65 65 65 67 67 67 67 71 71 71 71 66 66 66 66 67 67 67 67 69 69 69 69 72 72 72 72 67 67 67 67 72 72 72 72 71 71 71 71 69 69 69 69 73 73 73 73 74 74 74 74 69 69 69 69 74 74 74 74 72 72 72 72 66 66 66 66 71 71 71 71 75 75 75 75 66 66 66 66 75 75 75 75 70 70 70 70 76 76 76 76 71 71 71 71 72 72 72 72 77 77 77 77 72 72 72 72 74 74 74 74 76 76 76 76 72 72 72 72 77 77 77 77 78 78 78 78 74 74 74 74 79 79 79 79 77 77 77 77 74 74 74 74 78 78 78 78 80 80 80 80 71 71 71 71 76 76 76 76 80 80 80 80 75 75 75 75 71 71 71 71 76 76 76 76 77 77 77 77 81 81 81 81 80 80 80 80 76 76 76 76 82 82 82 82 82 82 82 82 76 76 76 76 81 81 81 81 77 77 77 77 78 78 78 78 83 83 83 83 81 81 81 81 77 77 77 77 83 83 83 83 78 78 78 78 84 84 84 84 85 85 85 85 83 83 83 83 78 78 78 78 85 85 85 85 81 81 81 81 83 83 83 83 86 86 86 86 83 83 83 83 85 85 85 85 87 87 87 87 83 83 83 83 87 87 87 87 86 86 86 86 85 85 85 85 88 88 88 88 89 89 89 89 85 85 85 85 89 89 89 89 87 87 87 87 81 81 81 81 86 86 86 86 90 90 90 90 82 82 82 82 81 81 81 81 90 90 90 90 86 86 86 86 87 87 87 87 91 91 91 91 89 89 89 89 92 92 92 92 87 87 87 87 87 87 87 87 92 92 92 92 91 91 91 91 89 89 89 89 93 93 93 93 94 94 94 94 89 89 89 89 94 94 94 94 92 92 92 92 86 86 86 86 91 91 91 91 95 95 95 95 86 86 86 86 95 95 95 95 90 90 90 90 91 91 91 91 92 92 92 92 96 96 96 96 94 94 94 94 97 97 97 97 92 92 92 92 92 92 92 92 97 97 97 97 96 96 96 96 94 94 94 94 98 98 98 98 99 99 99 99 94 94 94 94 99 99 99 99 97 97 97 97 100 100 100 100 91 91 91 91 96 96 96 96 95 95 95 95 91 91 91 91 100 100 100 100 97 97 97 97 101 101 101 101 96 96 96 96 99 99 99 99 102 102 102 102 97 97 97 97 97 97 97 97 102 102 102 102 101 101 101 101 99 99 99 99 103 103 103 103 104 104 104 104 99 99 99 99 104 104 104 104 102 102 102 102 96 96 96 96 101 101 101 101 105 105 105 105 100 100 100 100 96 96 96 96 105 105 105 105 101 101 101 101 102 102 102 102 106 106 106 106 102 102 102 102 104 104 104 104 107 107 107 107 102 102 102 102 107 107 107 107 106 106 106 106 104 104 104 104 108 108 108 108 109 109 109 109 104 104 104 104 109 109 109 109 107 107 107 107 101 101 101 101 106 106 106 106 110 110 110 110 101 101 101 101 110 110 110 110 105 105 105 105 106 106 106 106 107 107 107 107 111 111 111 111 107 107 107 107 109 109 109 109 112 112 112 112 107 107 107 107 112 112 112 112 111 111 111 111 109 109 109 109 113 113 113 113 114 114 114 114 109 109 109 109 114 114 114 114 112 112 112 112 114 114 114 114 115 115 115 115 116 116 116 116 114 114 114 114 116 116 116 116 117 117 117 117 114 114 114 114 117 117 117 117 112 112 112 112 116 116 116 116 118 118 118 118 117 117 117 117 112 112 112 112 117 117 117 117 119 119 119 119 112 112 112 112 119 119 119 119 111 111 111 111 118 118 118 118 120 120 120 120 117 117 117 117 117 117 117 117 120 120 120 120 119 119 119 119 118 118 118 118 121 121 121 121 120 120 120 120 111 111 111 111 119 119 119 119 122 122 122 122 121 121 121 121 123 123 123 123 120 120 120 120 121 121 121 121 124 124 124 124 123 123 123 123 119 119 119 119 120 120 120 120 125 125 125 125 125 125 125 125 120 120 120 120 123 123 123 123 122 122 122 122 119 119 119 119 125 125 125 125 123 123 123 123 124 124 124 124 126 126 126 126 124 124 124 124 127 127 127 127 126 126 126 126 125 125 125 125 123 123 123 123 128 128 128 128 123 123 123 123 126 126 126 126 128 128 128 128 122 122 122 122 125 125 125 125 129 129 129 129 125 125 125 125 128 128 128 128 129 129 129 129 126 126 126 126 127 127 127 127 130 130 130 130 127 127 127 127 131 131 131 131 130 130 130 130 128 128 128 128 126 126 126 126 132 132 132 132 126 126 126 126 130 130 130 130 132 132 132 132 130 130 130 130 131 131 131 131 133 133 133 133 131 131 131 131 134 134 134 134 133 133 133 133 132 132 132 132 130 130 130 130 135 135 135 135 130 130 130 130 133 133 133 133 135 135 135 135 128 128 128 128 132 132 132 132 136 136 136 136 129 129 129 129 128 128 128 128 136 136 136 136 137 137 137 137 132 132 132 132 135 135 135 135 136 136 136 136 132 132 132 132 137 137 137 137 135 135 135 135 133 133 133 133 138 138 138 138 133 133 133 133 134 134 134 134 139 139 139 139 133 133 133 133 139 139 139 139 138 138 138 138 134 134 134 134 140 140 140 140 139 139 139 139 135 135 135 135 138 138 138 138 141 141 141 141 137 137 137 137 135 135 135 135 141 141 141 141 139 139 139 139 140 140 140 140 142 142 142 142 140 140 140 140 143 143 143 143 142 142 142 142 138 138 138 138 139 139 139 139 144 144 144 144 139 139 139 139 142 142 142 142 144 144 144 144 143 143 143 143 145 145 145 145 142 142 142 142 143 143 143 143 146 146 146 146 145 145 145 145 144 144 144 144 142 142 142 142 147 147 147 147 142 142 142 142 145 145 145 145 147 147 147 147 138 138 138 138 144 144 144 144 148 148 148 148 141 141 141 141 138 138 138 138 148 148 148 148 144 144 144 144 147 147 147 147 149 149 149 149 148 148 148 148 144 144 144 144 149 149 149 149 150 150 150 150 147 147 147 147 145 145 145 145 145 145 145 145 146 146 146 146 151 151 151 151 150 150 150 150 145 145 145 145 151 151 151 151 151 151 151 151 146 146 146 146 152 152 152 152 153 153 153 153 147 147 147 147 150 150 150 150 149 149 149 149 147 147 147 147 153 153 153 153 151 151 151 151 152 152 152 152 154 154 154 154 152 152 152 152 155 155 155 155 154 154 154 154 150 150 150 150 151 151 151 151 156 156 156 156 151 151 151 151 154 154 154 154 156 156 156 156 154 154 154 154 155 155 155 155 157 157 157 157 155 155 155 155 158 158 158 158 157 157 157 157 159 159 159 159 156 156 156 156 154 154 154 154 159 159 159 159 154 154 154 154 157 157 157 157 160 160 160 160 150 150 150 150 156 156 156 156 160 160 160 160 153 153 153 153 150 150 150 150 161 161 161 161 156 156 156 156 159 159 159 159 161 161 161 161 160 160 160 160 156 156 156 156 159 159 159 159 157 157 157 157 162 162 162 162 157 157 157 157 158 158 158 158 163 163 163 163 157 157 157 157 163 163 163 163 162 162 162 162 158 158 158 158 164 164 164 164 163 163 163 163 165 165 165 165 159 159 159 159 162 162 162 162 165 165 165 165 161 161 161 161 159 159 159 159 163 163 163 163 164 164 164 164 166 166 166 166 164 164 164 164 167 167 167 167 166 166 166 166 163 163 163 163 168 168 168 168 162 162 162 162 163 163 163 163 166 166 166 166 168 168 168 168 165 165 165 165 162 162 162 162 169 169 169 169 169 169 169 169 162 162 162 162 168 168 168 168 166 166 166 166 167 167 167 167 170 170 170 170 167 167 167 167 171 171 171 171 170 170 170 170 168 168 168 168 166 166 166 166 172 172 172 172 166 166 166 166 170 170 170 170 172 172 172 172 169 169 169 169 168 168 168 168 173 173 173 173 173 173 173 173 168 168 168 168 172 172 172 172 170 170 170 170 171 171 171 171 174 174 174 174 171 171 171 171 175 175 175 175 174 174 174 174 172 172 172 172 170 170 170 170 176 176 176 176 170 170 170 170 174 174 174 174 176 176 176 176 173 173 173 173 172 172 172 172 177 177 177 177 177 177 177 177 172 172 172 172 176 176 176 176 174 174 174 174 175 175 175 175 178 178 178 178 175 175 175 175 179 179 179 179 178 178 178 178 176 176 176 176 174 174 174 174 180 180 180 180 174 174 174 174 178 178 178 178 180 180 180 180 177 177 177 177 176 176 176 176 181 181 181 181 181 181 181 181 176 176 176 176 180 180 180 180 178 178 178 178 179 179 179 179 182 182 182 182 179 179 179 179 183 183 183 183 182 182 182 182 180 180 180 180 178 178 178 178 184 184 184 184 178 178 178 178 182 182 182 182 184 184 184 184 181 181 181 181 180 180 180 180 185 185 185 185 185 185 185 185 180 180 180 180 184 184 184 184 182 182 182 182 183 183 183 183 186 186 186 186 186 186 186 186 183 183 183 183 187 187 187 187 184 184 184 184 182 182 182 182 188 188 188 188 188 188 188 188 182 182 182 182 186 186 186 186 185 185 185 185 184 184 184 184 189 189 189 189 189 189 189 189 184 184 184 184 188 188 188 188 186 186 186 186 187 187 187 187 190 190 190 190 190 190 190 190 187 187 187 187 191 191 191 191 188 188 188 188 186 186 186 186 192 192 192 192 192 192 192 192 186 186 186 186 190 190 190 190 189 189 189 189 188 188 188 188 193 193 193 193 193 193 193 193 188 188 188 188 192 192 192 192 190 190 190 190 191 191 191 191 194 194 194 194 194 194 194 194 191 191 191 191 195 195 195 195 192 192 192 192 190 190 190 190 196 196 196 196 196 196 196 196 190 190 190 190 194 194 194 194 194 194 194 194 195 195 195 195 197 197 197 197 195 195 195 195 198 198 198 198 197 197 197 197 197 197 197 197 198 198 198 198 199 199 199 199 194 194 194 194 197 197 197 197 200 200 200 200 200 200 200 200 197 197 197 197 201 201 201 201 196 196 196 196 194 194 194 194 200 200 200 200 202 202 202 202 200 200 200 200 203 203 203 203 196 196 196 196 200 200 200 200 202 202 202 202 204 204 204 204 192 192 192 192 196 196 196 196 204 204 204 204 196 196 196 196 202 202 202 202 193 193 193 193 192 192 192 192 204 204 204 204 205 205 205 205 202 202 202 202 206 206 206 206 204 204 204 204 202 202 202 202 205 205 205 205 207 207 207 207 193 193 193 193 204 204 204 204 207 207 207 207 204 204 204 204 205 205 205 205 208 208 208 208 205 205 205 205 209 209 209 209 207 207 207 207 205 205 205 205 208 208 208 208 210 210 210 210 193 193 193 193 207 207 207 207 210 210 210 210 189 189 189 189 193 193 193 193 211 211 211 211 207 207 207 207 208 208 208 208 211 211 211 211 210 210 210 210 207 207 207 207 212 212 212 212 208 208 208 208 213 213 213 213 211 211 211 211 208 208 208 208 212 212 212 212 214 214 214 214 189 189 189 189 210 210 210 210 185 185 185 185 189 189 189 189 214 214 214 214 215 215 215 215 210 210 210 210 211 211 211 211 214 214 214 214 210 210 210 210 215 215 215 215 216 216 216 216 211 211 211 211 212 212 212 212 216 216 216 216 215 215 215 215 211 211 211 211 217 217 217 217 212 212 212 212 218 218 218 218 216 216 216 216 212 212 212 212 217 217 217 217 219 219 219 219 185 185 185 185 214 214 214 214 181 181 181 181 185 185 185 185 219 219 219 219 214 214 214 214 215 215 215 215 220 220 220 220 219 219 219 219 214 214 214 214 220 220 220 220 221 221 221 221 215 215 215 215 216 216 216 216 220 220 220 220 215 215 215 215 221 221 221 221 222 222 222 222 181 181 181 181 219 219 219 219 177 177 177 177 181 181 181 181 222 222 222 222 219 219 219 219 220 220 220 220 223 223 223 223 222 222 222 222 219 219 219 219 223 223 223 223 224 224 224 224 177 177 177 177 222 222 222 222 173 173 173 173 177 177 177 177 224 224 224 224 222 222 222 222 223 223 223 223 225 225 225 225 224 224 224 224 222 222 222 222 225 225 225 225 223 223 223 223 220 220 220 220 226 226 226 226 226 226 226 226 220 220 220 220 221 221 221 221 227 227 227 227 173 173 173 173 224 224 224 224 169 169 169 169 173 173 173 173 227 227 227 227 227 227 227 227 224 224 224 224 228 228 228 228 224 224 224 224 225 225 225 225 228 228 228 228 229 229 229 229 169 169 169 169 227 227 227 227 165 165 165 165 169 169 169 169 229 229 229 229 230 230 230 230 227 227 227 227 228 228 228 228 230 230 230 230 229 229 229 229 227 227 227 227 231 231 231 231 165 165 165 165 229 229 229 229 231 231 231 231 161 161 161 161 165 165 165 165 232 232 232 232 229 229 229 229 230 230 230 230 232 232 232 232 231 231 231 231 229 229 229 229 233 233 233 233 161 161 161 161 231 231 231 231 233 233 233 233 160 160 160 160 161 161 161 161 232 232 232 232 234 234 234 234 231 231 231 231 234 234 234 234 233 233 233 233 231 231 231 231 235 235 235 235 160 160 160 160 233 233 233 233 235 235 235 235 153 153 153 153 160 160 160 160 234 234 234 234 236 236 236 236 233 233 233 233 236 236 236 236 235 235 235 235 233 233 233 233 237 237 237 237 153 153 153 153 235 235 235 235 237 237 237 237 149 149 149 149 153 153 153 153 236 236 236 236 238 238 238 238 235 235 235 235 238 238 238 238 237 237 237 237 235 235 235 235 237 237 237 237 239 239 239 239 149 149 149 149 239 239 239 239 148 148 148 148 149 149 149 149 238 238 238 238 240 240 240 240 237 237 237 237 240 240 240 240 239 239 239 239 237 237 237 237 239 239 239 239 241 241 241 241 148 148 148 148 241 241 241 241 141 141 141 141 148 148 148 148 240 240 240 240 242 242 242 242 239 239 239 239 242 242 242 242 241 241 241 241 239 239 239 239 241 241 241 241 243 243 243 243 141 141 141 141 243 243 243 243 137 137 137 137 141 141 141 141 242 242 242 242 244 244 244 244 241 241 241 241 244 244 244 244 243 243 243 243 241 241 241 241 243 243 243 243 245 245 245 245 137 137 137 137 136 136 136 136 137 137 137 137 245 245 245 245 246 246 246 246 243 243 243 243 244 244 244 244 246 246 246 246 245 245 245 245 243 243 243 243 247 247 247 247 136 136 136 136 245 245 245 245 129 129 129 129 136 136 136 136 247 247 247 247 248 248 248 248 245 245 245 245 246 246 246 246 248 248 248 248 247 247 247 247 245 245 245 245 249 249 249 249 129 129 129 129 247 247 247 247 122 122 122 122 129 129 129 129 249 249 249 249 250 250 250 250 247 247 247 247 248 248 248 248 250 250 250 250 249 249 249 249 247 247 247 247 251 251 251 251 122 122 122 122 249 249 249 249 111 111 111 111 122 122 122 122 251 251 251 251 106 106 106 106 111 111 111 111 251 251 251 251 106 106 106 106 251 251 251 251 110 110 110 110 252 252 252 252 251 251 251 251 249 249 249 249 110 110 110 110 251 251 251 251 252 252 252 252 252 252 252 252 249 249 249 249 250 250 250 250 110 110 110 110 252 252 252 252 253 253 253 253 105 105 105 105 110 110 110 110 253 253 253 253 252 252 252 252 250 250 250 250 254 254 254 254 253 253 253 253 252 252 252 252 254 254 254 254 255 255 255 255 105 105 105 105 253 253 253 253 100 100 100 100 105 105 105 105 255 255 255 255 256 256 256 256 253 253 253 253 254 254 254 254 255 255 255 255 253 253 253 253 256 256 256 256 254 254 254 254 250 250 250 250 257 257 257 257 250 250 250 250 248 248 248 248 257 257 257 257 258 258 258 258 100 100 100 100 255 255 255 255 258 258 258 258 95 95 95 95 100 100 100 100 259 259 259 259 258 258 258 258 255 255 255 255 259 259 259 259 255 255 255 255 256 256 256 256 260 260 260 260 95 95 95 95 258 258 258 258 90 90 90 90 95 95 95 95 260 260 260 260 261 261 261 261 258 258 258 258 259 259 259 259 260 260 260 260 258 258 258 258 261 261 261 261 262 262 262 262 90 90 90 90 260 260 260 260 262 262 262 262 82 82 82 82 90 90 90 90 263 263 263 263 260 260 260 260 261 261 261 261 263 263 263 263 262 262 262 262 260 260 260 260 264 264 264 264 82 82 82 82 262 262 262 262 264 264 264 264 80 80 80 80 82 82 82 82 265 265 265 265 262 262 262 262 263 263 263 263 265 265 265 265 264 264 264 264 262 262 262 262 266 266 266 266 80 80 80 80 264 264 264 264 266 266 266 266 75 75 75 75 80 80 80 80 267 267 267 267 264 264 264 264 265 265 265 265 267 267 267 267 266 266 266 266 264 264 264 264 266 266 266 266 268 268 268 268 75 75 75 75 70 70 70 70 75 75 75 75 268 268 268 268 269 269 269 269 266 266 266 266 267 267 267 267 269 269 269 269 268 268 268 268 266 266 266 266 70 70 70 70 268 268 268 268 270 270 270 270 65 65 65 65 70 70 70 70 270 270 270 270 269 269 269 269 271 271 271 271 268 268 268 268 270 270 270 270 268 268 268 268 271 271 271 271 65 65 65 65 270 270 270 270 272 272 272 272 60 60 60 60 65 65 65 65 272 272 272 272 270 270 270 270 271 271 271 271 273 273 273 273 272 272 272 272 270 270 270 270 273 273 273 273 60 60 60 60 272 272 272 272 274 274 274 274 55 55 55 55 60 60 60 60 274 274 274 274 272 272 272 272 273 273 273 273 275 275 275 275 274 274 274 274 272 272 272 272 275 275 275 275 276 276 276 276 55 55 55 55 274 274 274 274 47 47 47 47 55 55 55 55 276 276 276 276 277 277 277 277 274 274 274 274 275 275 275 275 276 276 276 276 274 274 274 274 277 277 277 277 47 47 47 47 276 276 276 276 278 278 278 278 45 45 45 45 47 47 47 47 278 278 278 278 276 276 276 276 277 277 277 277 279 279 279 279 278 278 278 278 276 276 276 276 279 279 279 279 45 45 45 45 278 278 278 278 280 280 280 280 37 37 37 37 45 45 45 45 280 280 280 280 278 278 278 278 279 279 279 279 281 281 281 281 280 280 280 280 278 278 278 278 281 281 281 281 37 37 37 37 280 280 280 280 282 282 282 282 35 35 35 35 37 37 37 37 282 282 282 282 280 280 280 280 281 281 281 281 283 283 283 283 282 282 282 282 280 280 280 280 283 283 283 283 35 35 35 35 282 282 282 282 284 284 284 284 26 26 26 26 35 35 35 35 284 284 284 284 282 282 282 282 283 283 283 283 285 285 285 285 284 284 284 284 282 282 282 282 285 285 285 285 26 26 26 26 284 284 284 284 286 286 286 286 21 21 21 21 26 26 26 26 286 286 286 286 21 21 21 21 286 286 286 286 19 19 19 19 286 286 286 286 284 284 284 284 287 287 287 287 284 284 284 284 285 285 285 285 287 287 287 287 19 19 19 19 286 286 286 286 288 288 288 288 286 286 286 286 287 287 287 287 288 288 288 288 19 19 19 19 288 288 288 288 20 20 20 20 20 20 20 20 288 288 288 288 289 289 289 289 288 288 288 288 290 290 290 290 289 289 289 289 288 288 288 288 287 287 287 287 290 290 290 290 289 289 289 289 290 290 290 290 291 291 291 291 287 287 287 287 292 292 292 292 290 290 290 290 287 287 287 287 285 285 285 285 292 292 292 292 290 290 290 290 293 293 293 293 291 291 291 291 290 290 290 290 292 292 292 292 293 293 293 293 291 291 291 291 293 293 293 293 294 294 294 294 285 285 285 285 295 295 295 295 292 292 292 292 285 285 285 285 283 283 283 283 295 295 295 295 292 292 292 292 296 296 296 296 293 293 293 293 292 292 292 292 295 295 295 295 296 296 296 296 293 293 293 293 297 297 297 297 294 294 294 294 293 293 293 293 296 296 296 296 297 297 297 297 294 294 294 294 297 297 297 297 298 298 298 298 283 283 283 283 299 299 299 299 295 295 295 295 283 283 283 283 281 281 281 281 299 299 299 299 295 295 295 295 300 300 300 300 296 296 296 296 295 295 295 295 299 299 299 299 300 300 300 300 296 296 296 296 301 301 301 301 297 297 297 297 296 296 296 296 300 300 300 300 301 301 301 301 297 297 297 297 302 302 302 302 298 298 298 298 297 297 297 297 301 301 301 301 302 302 302 302 298 298 298 298 302 302 302 302 303 303 303 303 300 300 300 300 304 304 304 304 301 301 301 301 302 302 302 302 305 305 305 305 303 303 303 303 303 303 303 303 305 305 305 305 306 306 306 306 301 301 301 301 307 307 307 307 302 302 302 302 302 302 302 302 307 307 307 307 305 305 305 305 301 301 301 301 304 304 304 304 307 307 307 307 305 305 305 305 308 308 308 308 306 306 306 306 306 306 306 306 308 308 308 308 309 309 309 309 307 307 307 307 310 310 310 310 305 305 305 305 305 305 305 305 310 310 310 310 308 308 308 308 308 308 308 308 311 311 311 311 309 309 309 309 309 309 309 309 311 311 311 311 312 312 312 312 310 310 310 310 313 313 313 313 308 308 308 308 308 308 308 308 313 313 313 313 311 311 311 311 307 307 307 307 314 314 314 314 310 310 310 310 304 304 304 304 314 314 314 314 307 307 307 307 310 310 310 310 315 315 315 315 313 313 313 313 314 314 314 314 315 315 315 315 310 310 310 310 313 313 313 313 316 316 316 316 311 311 311 311 311 311 311 311 317 317 317 317 312 312 312 312 311 311 311 311 316 316 316 316 317 317 317 317 312 312 312 312 317 317 317 317 318 318 318 318 313 313 313 313 319 319 319 319 316 316 316 316 315 315 315 315 319 319 319 319 313 313 313 313 317 317 317 317 320 320 320 320 318 318 318 318 318 318 318 318 320 320 320 320 321 321 321 321 316 316 316 316 322 322 322 322 317 317 317 317 317 317 317 317 322 322 322 322 320 320 320 320 320 320 320 320 323 323 323 323 321 321 321 321 321 321 321 321 323 323 323 323 324 324 324 324 322 322 322 322 325 325 325 325 320 320 320 320 320 320 320 320 325 325 325 325 323 323 323 323 316 316 316 316 326 326 326 326 322 322 322 322 319 319 319 319 326 326 326 326 316 316 316 316 322 322 322 322 327 327 327 327 325 325 325 325 326 326 326 326 327 327 327 327 322 322 322 322 325 325 325 325 328 328 328 328 323 323 323 323 323 323 323 323 329 329 329 329 324 324 324 324 323 323 323 323 328 328 328 328 329 329 329 329 324 324 324 324 329 329 329 329 330 330 330 330 325 325 325 325 331 331 331 331 328 328 328 328 327 327 327 327 331 331 331 331 325 325 325 325 329 329 329 329 332 332 332 332 330 330 330 330 330 330 330 330 332 332 332 332 333 333 333 333 328 328 328 328 334 334 334 334 329 329 329 329 329 329 329 329 334 334 334 334 332 332 332 332 332 332 332 332 335 335 335 335 333 333 333 333 333 333 333 333 335 335 335 335 336 336 336 336 334 334 334 334 337 337 337 337 332 332 332 332 332 332 332 332 337 337 337 337 335 335 335 335 328 328 328 328 338 338 338 338 334 334 334 334 331 331 331 331 338 338 338 338 328 328 328 328 334 334 334 334 339 339 339 339 337 337 337 337 338 338 338 338 339 339 339 339 334 334 334 334 337 337 337 337 340 340 340 340 335 335 335 335 335 335 335 335 341 341 341 341 336 336 336 336 335 335 335 335 340 340 340 340 341 341 341 341 336 336 336 336 341 341 341 341 342 342 342 342 337 337 337 337 343 343 343 343 340 340 340 340 339 339 339 339 343 343 343 343 337 337 337 337 341 341 341 341 344 344 344 344 342 342 342 342 342 342 342 342 344 344 344 344 345 345 345 345 340 340 340 340 346 346 346 346 341 341 341 341 341 341 341 341 346 346 346 346 344 344 344 344 344 344 344 344 347 347 347 347 345 345 345 345 345 345 345 345 347 347 347 347 348 348 348 348 346 346 346 346 349 349 349 349 344 344 344 344 344 344 344 344 349 349 349 349 347 347 347 347 348 348 348 348 350 350 350 350 351 351 351 351 347 347 347 347 350 350 350 350 348 348 348 348 340 340 340 340 352 352 352 352 346 346 346 346 343 343 343 343 352 352 352 352 340 340 340 340 347 347 347 347 353 353 353 353 350 350 350 350 349 349 349 349 353 353 353 353 347 347 347 347 350 350 350 350 354 354 354 354 355 355 355 355 353 353 353 353 354 354 354 354 350 350 350 350 346 346 346 346 356 356 356 356 349 349 349 349 352 352 352 352 356 356 356 356 346 346 346 346 349 349 349 349 357 357 357 357 353 353 353 353 356 356 356 356 357 357 357 357 349 349 349 349 353 353 353 353 358 358 358 358 354 354 354 354 357 357 357 357 358 358 358 358 353 353 353 353 354 354 354 354 359 359 359 359 360 360 360 360 358 358 358 358 359 359 359 359 354 354 354 354 356 356 356 356 361 361 361 361 357 357 357 357 357 357 357 357 362 362 362 362 358 358 358 358 361 361 361 361 362 362 362 362 357 357 357 357 358 358 358 358 363 363 363 363 359 359 359 359 362 362 362 362 363 363 363 363 358 358 358 358 359 359 359 359 364 364 364 364 365 365 365 365 363 363 363 363 364 364 364 364 359 359 359 359 366 366 366 366 361 361 361 361 356 356 356 356 352 352 352 352 366 366 366 366 356 356 356 356 363 363 363 363 367 367 367 367 364 364 364 364 368 368 368 368 366 366 366 366 352 352 352 352 343 343 343 343 368 368 368 368 352 352 352 352 364 364 364 364 369 369 369 369 370 370 370 370 367 367 367 367 369 369 369 369 364 364 364 364 371 371 371 371 368 368 368 368 343 343 343 343 339 339 339 339 371 371 371 371 343 343 343 343 369 369 369 369 372 372 372 372 373 373 373 373 374 374 374 374 371 371 371 371 339 339 339 339 338 338 338 338 374 374 374 374 339 339 339 339 375 375 375 375 372 372 372 372 369 369 369 369 367 367 367 367 375 375 375 375 369 369 369 369 376 376 376 376 374 374 374 374 338 338 338 338 331 331 331 331 376 376 376 376 338 338 338 338 372 372 372 372 377 377 377 377 378 378 378 378 379 379 379 379 376 376 376 376 331 331 331 331 327 327 327 327 379 379 379 379 331 331 331 331 380 380 380 380 377 377 377 377 372 372 372 372 375 375 375 375 380 380 380 380 372 372 372 372 381 381 381 381 379 379 379 379 327 327 327 327 326 326 326 326 381 381 381 381 327 327 327 327 377 377 377 377 382 382 382 382 383 383 383 383 384 384 384 384 381 381 381 381 326 326 326 326 319 319 319 319 384 384 384 384 326 326 326 326 385 385 385 385 382 382 382 382 377 377 377 377 380 380 380 380 385 385 385 385 377 377 377 377 386 386 386 386 384 384 384 384 319 319 319 319 315 315 315 315 386 386 386 386 319 319 319 319 382 382 382 382 387 387 387 387 388 388 388 388 389 389 389 389 386 386 386 386 315 315 315 315 314 314 314 314 389 389 389 389 315 315 315 315 382 382 382 382 390 390 390 390 387 387 387 387 385 385 385 385 390 390 390 390 382 382 382 382 391 391 391 391 389 389 389 389 314 314 314 314 304 304 304 304 391 391 391 391 314 314 314 314 387 387 387 387 392 392 392 392 393 393 393 393 394 394 394 394 391 391 391 391 304 304 304 304 300 300 300 300 394 394 394 394 304 304 304 304 299 299 299 299 394 394 394 394 300 300 300 300 387 387 387 387 395 395 395 395 392 392 392 392 390 390 390 390 395 395 395 395 387 387 387 387 299 299 299 299 396 396 396 396 394 394 394 394 281 281 281 281 396 396 396 396 299 299 299 299 281 281 281 281 279 279 279 279 396 396 396 396 396 396 396 396 397 397 397 397 394 394 394 394 394 394 394 394 397 397 397 397 391 391 391 391 279 279 279 279 398 398 398 398 396 396 396 396 396 396 396 396 398 398 398 398 397 397 397 397 279 279 279 279 277 277 277 277 398 398 398 398 397 397 397 397 399 399 399 399 391 391 391 391 391 391 391 391 399 399 399 399 389 389 389 389 398 398 398 398 400 400 400 400 397 397 397 397 397 397 397 397 400 400 400 400 399 399 399 399 277 277 277 277 401 401 401 401 398 398 398 398 398 398 398 398 401 401 401 401 400 400 400 400 277 277 277 277 275 275 275 275 401 401 401 401 399 399 399 399 402 402 402 402 389 389 389 389 389 389 389 389 402 402 402 402 386 386 386 386 400 400 400 400 403 403 403 403 399 399 399 399 399 399 399 399 403 403 403 403 402 402 402 402 401 401 401 401 404 404 404 404 400 400 400 400 400 400 400 400 404 404 404 404 403 403 403 403 401 401 401 401 275 275 275 275 405 405 405 405 401 401 401 401 405 405 405 405 404 404 404 404 405 405 405 405 275 275 275 275 273 273 273 273 404 404 404 404 406 406 406 406 403 403 403 403 405 405 405 405 273 273 273 273 407 407 407 407 407 407 407 407 273 273 273 273 271 271 271 271 404 404 404 404 405 405 405 405 408 408 408 408 408 408 408 408 405 405 405 405 407 407 407 407 404 404 404 404 408 408 408 408 406 406 406 406 407 407 407 407 271 271 271 271 409 409 409 409 409 409 409 409 271 271 271 271 269 269 269 269 408 408 408 408 407 407 407 407 410 410 410 410 410 410 410 410 407 407 407 407 409 409 409 409 409 409 409 409 269 269 269 269 411 411 411 411 411 411 411 411 269 269 269 269 267 267 267 267 410 410 410 410 409 409 409 409 412 412 412 412 412 412 412 412 409 409 409 409 411 411 411 411 413 413 413 413 408 408 408 408 410 410 410 410 406 406 406 406 408 408 408 408 413 413 413 413 414 414 414 414 410 410 410 410 412 412 412 412 413 413 413 413 410 410 410 410 414 414 414 414 412 412 412 412 411 411 411 411 415 415 415 415 411 411 411 411 267 267 267 267 416 416 416 416 415 415 415 415 411 411 411 411 416 416 416 416 416 416 416 416 267 267 267 267 265 265 265 265 417 417 417 417 412 412 412 412 415 415 415 415 414 414 414 414 412 412 412 412 417 417 417 417 416 416 416 416 265 265 265 265 418 418 418 418 418 418 418 418 265 265 265 265 263 263 263 263 415 415 415 415 416 416 416 416 419 419 419 419 419 419 419 419 416 416 416 416 418 418 418 418 418 418 418 418 263 263 263 263 420 420 420 420 420 420 420 420 263 263 263 263 261 261 261 261 419 419 419 419 418 418 418 418 421 421 421 421 421 421 421 421 418 418 418 418 420 420 420 420 422 422 422 422 415 415 415 415 419 419 419 419 417 417 417 417 415 415 415 415 422 422 422 422 423 423 423 423 419 419 419 419 421 421 421 421 422 422 422 422 419 419 419 419 423 423 423 423 421 421 421 421 420 420 420 420 424 424 424 424 420 420 420 420 261 261 261 261 425 425 425 425 424 424 424 424 420 420 420 420 425 425 425 425 261 261 261 261 259 259 259 259 425 425 425 425 426 426 426 426 421 421 421 421 424 424 424 424 423 423 423 423 421 421 421 421 426 426 426 426 425 425 425 425 259 259 259 259 427 427 427 427 427 427 427 427 259 259 259 259 256 256 256 256 424 424 424 424 425 425 425 425 428 428 428 428 425 425 425 425 427 427 427 427 428 428 428 428 427 427 427 427 256 256 256 256 429 429 429 429 256 256 256 256 254 254 254 254 429 429 429 429 429 429 429 429 254 254 254 254 257 257 257 257 430 430 430 430 427 427 427 427 429 429 429 429 428 428 428 428 427 427 427 427 430 430 430 430 431 431 431 431 429 429 429 429 257 257 257 257 430 430 430 430 429 429 429 429 431 431 431 431 424 424 424 424 428 428 428 428 432 432 432 432 426 426 426 426 424 424 424 424 432 432 432 432 428 428 428 428 430 430 430 430 433 433 433 433 432 432 432 432 428 428 428 428 433 433 433 433 434 434 434 434 430 430 430 430 431 431 431 431 433 433 433 433 430 430 430 430 434 434 434 434 431 431 431 431 257 257 257 257 435 435 435 435 257 257 257 257 248 248 248 248 435 435 435 435 248 248 248 248 246 246 246 246 435 435 435 435 431 431 431 431 435 435 435 435 436 436 436 436 434 434 434 434 431 431 431 431 436 436 436 436 437 437 437 437 435 435 435 435 246 246 246 246 436 436 436 436 435 435 435 435 437 437 437 437 437 437 437 437 246 246 246 246 244 244 244 244 438 438 438 438 434 434 434 434 436 436 436 436 437 437 437 437 244 244 244 244 439 439 439 439 439 439 439 439 244 244 244 244 242 242 242 242 440 440 440 440 436 436 436 436 437 437 437 437 440 440 440 440 437 437 437 437 439 439 439 439 440 440 440 440 438 438 438 438 436 436 436 436 439 439 439 439 242 242 242 242 441 441 441 441 441 441 441 441 242 242 242 242 240 240 240 240 442 442 442 442 440 440 440 440 439 439 439 439 442 442 442 442 439 439 439 439 441 441 441 441 443 443 443 443 438 438 438 438 440 440 440 440 443 443 443 443 440 440 440 440 442 442 442 442 441 441 441 441 240 240 240 240 444 444 444 444 444 444 444 444 240 240 240 240 238 238 238 238 442 442 442 442 441 441 441 441 445 445 445 445 445 445 445 445 441 441 441 441 444 444 444 444 446 446 446 446 443 443 443 443 442 442 442 442 446 446 446 446 442 442 442 442 445 445 445 445 444 444 444 444 238 238 238 238 447 447 447 447 447 447 447 447 238 238 238 238 236 236 236 236 445 445 445 445 444 444 444 444 448 448 448 448 448 448 448 448 444 444 444 444 447 447 447 447 449 449 449 449 446 446 446 446 445 445 445 445 449 449 449 449 445 445 445 445 448 448 448 448 447 447 447 447 236 236 236 236 450 450 450 450 450 450 450 450 236 236 236 236 234 234 234 234 448 448 448 448 447 447 447 447 451 451 451 451 451 451 451 451 447 447 447 447 450 450 450 450 449 449 449 449 448 448 448 448 452 452 452 452 452 452 452 452 448 448 448 448 451 451 451 451 450 450 450 450 234 234 234 234 453 453 453 453 453 453 453 453 234 234 234 234 232 232 232 232 451 451 451 451 450 450 450 450 454 454 454 454 454 454 454 454 450 450 450 450 453 453 453 453 452 452 452 452 451 451 451 451 455 455 455 455 455 455 455 455 451 451 451 451 454 454 454 454 456 456 456 456 453 453 453 453 232 232 232 232 456 456 456 456 232 232 232 232 230 230 230 230 454 454 454 454 453 453 453 453 457 457 457 457 457 457 457 457 453 453 453 453 456 456 456 456 455 455 455 455 454 454 454 454 458 458 458 458 454 454 454 454 457 457 457 457 458 458 458 458 456 456 456 456 230 230 230 230 459 459 459 459 230 230 230 230 228 228 228 228 459 459 459 459 457 457 457 457 456 456 456 456 460 460 460 460 460 460 460 460 456 456 456 456 459 459 459 459 459 459 459 459 228 228 228 228 461 461 461 461 228 228 228 228 225 225 225 225 461 461 461 461 460 460 460 460 459 459 459 459 462 462 462 462 459 459 459 459 461 461 461 461 462 462 462 462 463 463 463 463 457 457 457 457 460 460 460 460 458 458 458 458 457 457 457 457 463 463 463 463 464 464 464 464 460 460 460 460 462 462 462 462 463 463 463 463 460 460 460 460 464 464 464 464 462 462 462 462 461 461 461 461 465 465 465 465 461 461 461 461 225 225 225 225 466 466 466 466 461 461 461 461 466 466 466 466 465 465 465 465 225 225 225 225 223 223 223 223 466 466 466 466 466 466 466 466 223 223 223 223 226 226 226 226 467 467 467 467 462 462 462 462 465 465 465 465 464 464 464 464 462 462 462 462 467 467 467 467 465 465 465 465 466 466 466 466 468 468 468 468 466 466 466 466 226 226 226 226 468 468 468 468 467 467 467 467 465 465 465 465 469 469 469 469 465 465 465 465 468 468 468 468 469 469 469 469 468 468 468 468 226 226 226 226 470 470 470 470 226 226 226 226 221 221 221 221 470 470 470 470 468 468 468 468 471 471 471 471 469 469 469 469 468 468 468 468 470 470 470 470 471 471 471 471 470 470 470 470 221 221 221 221 472 472 472 472 221 221 221 221 216 216 216 216 472 472 472 472 472 472 472 472 216 216 216 216 217 217 217 217 470 470 470 470 472 472 472 472 473 473 473 473 471 471 471 471 470 470 470 470 473 473 473 473 472 472 472 472 217 217 217 217 474 474 474 474 474 474 474 474 217 217 217 217 475 475 475 475 473 473 473 473 472 472 472 472 474 474 474 474 476 476 476 476 474 474 474 474 477 477 477 477 473 473 473 473 474 474 474 474 476 476 476 476 471 471 471 471 473 473 473 473 478 478 478 478 478 478 478 478 473 473 473 473 476 476 476 476 479 479 479 479 476 476 476 476 480 480 480 480 479 479 479 479 478 478 478 478 476 476 476 476 471 471 471 471 478 478 478 478 481 481 481 481 469 469 469 469 471 471 471 471 481 481 481 481 482 482 482 482 478 478 478 478 479 479 479 479 482 482 482 482 481 481 481 481 478 478 478 478 483 483 483 483 479 479 479 479 484 484 484 484 482 482 482 482 479 479 479 479 483 483 483 483 485 485 485 485 469 469 469 469 481 481 481 481 485 485 485 485 467 467 467 467 469 469 469 469 486 486 486 486 481 481 481 481 482 482 482 482 486 486 486 486 485 485 485 485 481 481 481 481 487 487 487 487 482 482 482 482 483 483 483 483 486 486 486 486 482 482 482 482 487 487 487 487 488 488 488 488 483 483 483 483 489 489 489 489 488 488 488 488 487 487 487 487 483 483 483 483 490 490 490 490 467 467 467 467 485 485 485 485 490 490 490 490 464 464 464 464 467 467 467 467 491 491 491 491 485 485 485 485 486 486 486 486 490 490 490 490 485 485 485 485 491 491 491 491 492 492 492 492 486 486 486 486 487 487 487 487 492 492 492 492 491 491 491 491 486 486 486 486 493 493 493 493 464 464 464 464 490 490 490 490 493 493 493 493 463 463 463 463 464 464 464 464 494 494 494 494 490 490 490 490 491 491 491 491 493 493 493 493 490 490 490 490 494 494 494 494 495 495 495 495 463 463 463 463 493 493 493 493 495 495 495 495 458 458 458 458 463 463 463 463 496 496 496 496 493 493 493 493 494 494 494 494 495 495 495 495 493 493 493 493 496 496 496 496 494 494 494 494 491 491 491 491 497 497 497 497 492 492 492 492 497 497 497 497 491 491 491 491 498 498 498 498 458 458 458 458 495 495 495 495 455 455 455 455 458 458 458 458 498 498 498 498 498 498 498 498 495 495 495 495 499 499 499 499 499 499 499 499 495 495 495 495 496 496 496 496 500 500 500 500 455 455 455 455 498 498 498 498 452 452 452 452 455 455 455 455 500 500 500 500 501 501 501 501 498 498 498 498 499 499 499 499 500 500 500 500 498 498 498 498 501 501 501 501 502 502 502 502 452 452 452 452 500 500 500 500 502 502 502 502 449 449 449 449 452 452 452 452 503 503 503 503 500 500 500 500 501 501 501 501 502 502 502 502 500 500 500 500 503 503 503 503 502 502 502 502 504 504 504 504 449 449 449 449 504 504 504 504 446 446 446 446 449 449 449 449 505 505 505 505 502 502 502 502 503 503 503 503 505 505 505 505 504 504 504 504 502 502 502 502 506 506 506 506 446 446 446 446 504 504 504 504 506 506 506 506 443 443 443 443 446 446 446 446 507 507 507 507 504 504 504 504 505 505 505 505 507 507 507 507 506 506 506 506 504 504 504 504 506 506 506 506 508 508 508 508 443 443 443 443 508 508 508 508 438 438 438 438 443 443 443 443 509 509 509 509 506 506 506 506 507 507 507 507 509 509 509 509 508 508 508 508 506 506 506 506 510 510 510 510 438 438 438 438 508 508 508 508 510 510 510 510 434 434 434 434 438 438 438 438 433 433 433 433 434 434 434 434 510 510 510 510 511 511 511 511 510 510 510 510 508 508 508 508 511 511 511 511 508 508 508 508 509 509 509 509 512 512 512 512 433 433 433 433 510 510 510 510 512 512 512 512 510 510 510 510 511 511 511 511 432 432 432 432 433 433 433 433 512 512 512 512 511 511 511 511 509 509 509 509 513 513 513 513 514 514 514 514 432 432 432 432 512 512 512 512 514 514 514 514 426 426 426 426 432 432 432 432 515 515 515 515 512 512 512 512 511 511 511 511 515 515 515 515 514 514 514 514 512 512 512 512 515 515 515 515 511 511 511 511 513 513 513 513 516 516 516 516 426 426 426 426 514 514 514 514 516 516 516 516 423 423 423 423 426 426 426 426 517 517 517 517 514 514 514 514 515 515 515 515 517 517 517 517 516 516 516 516 514 514 514 514 518 518 518 518 423 423 423 423 516 516 516 516 518 518 518 518 422 422 422 422 423 423 423 423 519 519 519 519 516 516 516 516 517 517 517 517 519 519 519 519 518 518 518 518 516 516 516 516 520 520 520 520 517 517 517 517 515 515 515 515 520 520 520 520 515 515 515 515 513 513 513 513 521 521 521 521 519 519 519 519 517 517 517 517 521 521 521 521 517 517 517 517 520 520 520 520 522 522 522 522 422 422 422 422 518 518 518 518 522 522 522 522 417 417 417 417 422 422 422 422 523 523 523 523 518 518 518 518 519 519 519 519 523 523 523 523 522 522 522 522 518 518 518 518 524 524 524 524 417 417 417 417 522 522 522 522 524 524 524 524 414 414 414 414 417 417 417 417 525 525 525 525 522 522 522 522 523 523 523 523 525 525 525 525 524 524 524 524 522 522 522 522 526 526 526 526 523 523 523 523 519 519 519 519 526 526 526 526 519 519 519 519 521 521 521 521 527 527 527 527 525 525 525 525 523 523 523 523 527 527 527 527 523 523 523 523 526 526 526 526 528 528 528 528 414 414 414 414 524 524 524 524 528 528 528 528 413 413 413 413 414 414 414 414 529 529 529 529 524 524 524 524 525 525 525 525 529 529 529 529 528 528 528 528 524 524 524 524 530 530 530 530 413 413 413 413 528 528 528 528 406 406 406 406 413 413 413 413 530 530 530 530 531 531 531 531 528 528 528 528 529 529 529 529 530 530 530 530 528 528 528 528 531 531 531 531 532 532 532 532 529 529 529 529 525 525 525 525 532 532 532 532 525 525 525 525 527 527 527 527 406 406 406 406 530 530 530 530 533 533 533 533 403 403 403 403 406 406 406 406 533 533 533 533 403 403 403 403 533 533 533 533 402 402 402 402 533 533 533 533 530 530 530 530 534 534 534 534 530 530 530 530 531 531 531 531 534 534 534 534 402 402 402 402 533 533 533 533 535 535 535 535 533 533 533 533 534 534 534 534 535 535 535 535 402 402 402 402 535 535 535 535 386 386 386 386 386 386 386 386 535 535 535 535 384 384 384 384 535 535 535 535 536 536 536 536 384 384 384 384 535 535 535 535 534 534 534 534 536 536 536 536 384 384 384 384 536 536 536 536 381 381 381 381 534 534 534 534 537 537 537 537 536 536 536 536 534 534 534 534 531 531 531 531 537 537 537 537 536 536 536 536 538 538 538 538 381 381 381 381 536 536 536 536 537 537 537 537 538 538 538 538 381 381 381 381 538 538 538 538 379 379 379 379 531 531 531 531 539 539 539 539 537 537 537 537 531 531 531 531 529 529 529 529 539 539 539 539 539 539 539 539 529 529 529 529 532 532 532 532 537 537 537 537 540 540 540 540 538 538 538 538 537 537 537 537 539 539 539 539 540 540 540 540 538 538 538 538 541 541 541 541 379 379 379 379 538 538 538 538 540 540 540 540 541 541 541 541 379 379 379 379 541 541 541 541 376 376 376 376 539 539 539 539 542 542 542 542 540 540 540 540 539 539 539 539 532 532 532 532 542 542 542 542 540 540 540 540 543 543 543 543 541 541 541 541 540 540 540 540 542 542 542 542 543 543 543 543 541 541 541 541 544 544 544 544 376 376 376 376 541 541 541 541 543 543 543 543 544 544 544 544 376 376 376 376 544 544 544 544 374 374 374 374 542 542 542 542 532 532 532 532 545 545 545 545 545 545 545 545 532 532 532 532 527 527 527 527 542 542 542 542 546 546 546 546 543 543 543 543 542 542 542 542 545 545 545 545 546 546 546 546 543 543 543 543 547 547 547 547 544 544 544 544 543 543 543 543 546 546 546 546 547 547 547 547 544 544 544 544 548 548 548 548 374 374 374 374 544 544 544 544 547 547 547 547 548 548 548 548 374 374 374 374 548 548 548 548 371 371 371 371 546 546 546 546 549 549 549 549 547 547 547 547 548 548 548 548 550 550 550 550 371 371 371 371 371 371 371 371 550 550 550 550 368 368 368 368 547 547 547 547 551 551 551 551 548 548 548 548 548 548 548 548 551 551 551 551 550 550 550 550 547 547 547 547 549 549 549 549 551 551 551 551 550 550 550 550 552 552 552 552 368 368 368 368 368 368 368 368 552 552 552 552 366 366 366 366 551 551 551 551 553 553 553 553 550 550 550 550 550 550 550 550 553 553 553 553 552 552 552 552 552 552 552 552 554 554 554 554 366 366 366 366 366 366 366 366 554 554 554 554 361 361 361 361 553 553 553 553 555 555 555 555 552 552 552 552 552 552 552 552 555 555 555 555 554 554 554 554 551 551 551 551 556 556 556 556 553 553 553 553 549 549 549 549 556 556 556 556 551 551 551 551 553 553 553 553 557 557 557 557 555 555 555 555 556 556 556 556 557 557 557 557 553 553 553 553 555 555 555 555 558 558 558 558 554 554 554 554 554 554 554 554 559 559 559 559 361 361 361 361 554 554 554 554 558 558 558 558 559 559 559 559 361 361 361 361 559 559 559 559 362 362 362 362 555 555 555 555 560 560 560 560 558 558 558 558 557 557 557 557 560 560 560 560 555 555 555 555 559 559 559 559 561 561 561 561 362 362 362 362 362 362 362 362 561 561 561 561 363 363 363 363 561 561 561 561 367 367 367 367 363 363 363 363 558 558 558 558 562 562 562 562 559 559 559 559 559 559 559 559 562 562 562 562 561 561 561 561 561 561 561 561 563 563 563 563 367 367 367 367 562 562 562 562 563 563 563 563 561 561 561 561 563 563 563 563 375 375 375 375 367 367 367 367 558 558 558 558 564 564 564 564 562 562 562 562 560 560 560 560 564 564 564 564 558 558 558 558 562 562 562 562 565 565 565 565 563 563 563 563 564 564 564 564 565 565 565 565 562 562 562 562 563 563 563 563 566 566 566 566 375 375 375 375 565 565 565 565 566 566 566 566 563 563 563 563 566 566 566 566 380 380 380 380 375 375 375 375 564 564 564 564 567 567 567 567 565 565 565 565 566 566 566 566 568 568 568 568 380 380 380 380 568 568 568 568 385 385 385 385 380 380 380 380 565 565 565 565 569 569 569 569 566 566 566 566 569 569 569 569 568 568 568 568 566 566 566 566 567 567 567 567 569 569 569 569 565 565 565 565 568 568 568 568 570 570 570 570 385 385 385 385 385 385 385 385 570 570 570 570 390 390 390 390 569 569 569 569 571 571 571 571 568 568 568 568 568 568 568 568 571 571 571 571 570 570 570 570 567 567 567 567 572 572 572 572 569 569 569 569 569 569 569 569 572 572 572 572 571 571 571 571 570 570 570 570 573 573 573 573 390 390 390 390 390 390 390 390 573 573 573 573 395 395 395 395 571 571 571 571 574 574 574 574 570 570 570 570 570 570 570 570 574 574 574 574 573 573 573 573 572 572 572 572 575 575 575 575 571 571 571 571 571 571 571 571 575 575 575 575 574 574 574 574 567 567 567 567 576 576 576 576 572 572 572 572 572 572 572 572 577 577 577 577 575 575 575 575 576 576 576 576 577 577 577 577 572 572 572 572 575 575 575 575 578 578 578 578 574 574 574 574 579 579 579 579 576 576 576 576 567 567 567 567 579 579 579 579 567 567 567 567 564 564 564 564 560 560 560 560 579 579 579 579 564 564 564 564 560 560 560 560 580 580 580 580 579 579 579 579 557 557 557 557 580 580 580 580 560 560 560 560 579 579 579 579 581 581 581 581 576 576 576 576 579 579 579 579 580 580 580 580 581 581 581 581 557 557 557 557 582 582 582 582 580 580 580 580 556 556 556 556 582 582 582 582 557 557 557 557 580 580 580 580 583 583 583 583 581 581 581 581 580 580 580 580 582 582 582 582 583 583 583 583 581 581 581 581 584 584 584 584 576 576 576 576 584 584 584 584 577 577 577 577 576 576 576 576 556 556 556 556 585 585 585 585 582 582 582 582 549 549 549 549 585 585 585 585 556 556 556 556 582 582 582 582 585 585 585 585 586 586 586 586 582 582 582 582 586 586 586 586 583 583 583 583 549 549 549 549 587 587 587 587 585 585 585 585 546 546 546 546 587 587 587 587 549 549 549 549 546 546 546 546 545 545 545 545 587 587 587 587 585 585 585 585 587 587 587 587 588 588 588 588 585 585 585 585 588 588 588 588 586 586 586 586 587 587 587 587 545 545 545 545 589 589 589 589 587 587 587 587 589 589 589 589 588 588 588 588 545 545 545 545 527 527 527 527 589 589 589 589 589 589 589 589 527 527 527 527 526 526 526 526 589 589 589 589 526 526 526 526 590 590 590 590 588 588 588 588 589 589 589 589 590 590 590 590 590 590 590 590 526 526 526 526 521 521 521 521 588 588 588 588 590 590 590 590 591 591 591 591 586 586 586 586 588 588 588 588 591 591 591 591 590 590 590 590 521 521 521 521 592 592 592 592 591 591 591 591 590 590 590 590 592 592 592 592 592 592 592 592 521 521 521 521 520 520 520 520 586 586 586 586 591 591 591 591 593 593 593 593 583 583 583 583 586 586 586 586 593 593 593 593 591 591 591 591 592 592 592 592 594 594 594 594 593 593 593 593 591 591 591 591 594 594 594 594 592 592 592 592 520 520 520 520 595 595 595 595 592 592 592 592 595 595 595 595 594 594 594 594 520 520 520 520 513 513 513 513 595 595 595 595 583 583 583 583 593 593 593 593 596 596 596 596 581 581 581 581 583 583 583 583 596 596 596 596 581 581 581 581 596 596 596 596 584 584 584 584 593 593 593 593 597 597 597 597 596 596 596 596 593 593 593 593 594 594 594 594 597 597 597 597 596 596 596 596 598 598 598 598 584 584 584 584 596 596 596 596 597 597 597 597 598 598 598 598 594 594 594 594 599 599 599 599 597 597 597 597 594 594 594 594 595 595 595 595 599 599 599 599 597 597 597 597 600 600 600 600 598 598 598 598 597 597 597 597 599 599 599 599 600 600 600 600 598 598 598 598 601 601 601 601 584 584 584 584 584 584 584 584 601 601 601 601 577 577 577 577 598 598 598 598 600 600 600 600 602 602 602 602 598 598 598 598 602 602 602 602 601 601 601 601 577 577 577 577 601 601 601 601 603 603 603 603 577 577 577 577 603 603 603 603 575 575 575 575 603 603 603 603 578 578 578 578 575 575 575 575 601 601 601 601 604 604 604 604 603 603 603 603 601 601 601 601 602 602 602 602 604 604 604 604 603 603 603 603 605 605 605 605 578 578 578 578 604 604 604 604 605 605 605 605 603 603 603 603 602 602 602 602 606 606 606 606 604 604 604 604 604 604 604 604 607 607 607 607 605 605 605 605 606 606 606 606 607 607 607 607 604 604 604 604 605 605 605 605 608 608 608 608 578 578 578 578 606 606 606 606 501 501 501 501 607 607 607 607 503 503 503 503 501 501 501 501 606 606 606 606 501 501 501 501 499 499 499 499 607 607 607 607 609 609 609 609 503 503 503 503 606 606 606 606 602 602 602 602 609 609 609 609 606 606 606 606 602 602 602 602 600 600 600 600 609 609 609 609 505 505 505 505 503 503 503 503 609 609 609 609 600 600 600 600 610 610 610 610 609 609 609 609 610 610 610 610 505 505 505 505 609 609 609 609 600 600 600 600 599 599 599 599 610 610 610 610 507 507 507 507 505 505 505 505 610 610 610 610 599 599 599 599 611 611 611 611 610 610 610 610 611 611 611 611 507 507 507 507 610 610 610 610 595 595 595 595 611 611 611 611 599 599 599 599 611 611 611 611 509 509 509 509 507 507 507 507 513 513 513 513 611 611 611 611 595 595 595 595 513 513 513 513 509 509 509 509 611 611 611 611 499 499 499 499 612 612 612 612 607 607 607 607 607 607 607 607 612 612 612 612 605 605 605 605 499 499 499 499 496 496 496 496 612 612 612 612 605 605 605 605 612 612 612 612 608 608 608 608 496 496 496 496 613 613 613 613 612 612 612 612 608 608 608 608 612 612 612 612 613 613 613 613 496 496 496 496 494 494 494 494 613 613 613 613 613 613 613 613 494 494 494 494 497 497 497 497 608 608 608 608 613 613 613 613 614 614 614 614 613 613 613 613 497 497 497 497 614 614 614 614 608 608 608 608 614 614 614 614 615 615 615 615 608 608 608 608 615 615 615 615 578 578 578 578 574 574 574 574 578 578 578 578 615 615 615 615 574 574 574 574 615 615 615 615 573 573 573 573 615 615 615 615 616 616 616 616 573 573 573 573 615 615 615 615 614 614 614 614 616 616 616 616 573 573 573 573 616 616 616 616 395 395 395 395 614 614 614 614 497 497 497 497 617 617 617 617 614 614 614 614 617 617 617 617 616 616 616 616 617 617 617 617 497 497 497 497 492 492 492 492 616 616 616 616 618 618 618 618 395 395 395 395 616 616 616 616 617 617 617 617 618 618 618 618 392 392 392 392 395 395 395 395 618 618 618 618 619 619 619 619 617 617 617 617 492 492 492 492 618 618 618 618 617 617 617 617 619 619 619 619 619 619 619 619 492 492 492 492 487 487 487 487 488 488 488 488 619 619 619 619 487 487 487 487 392 392 392 392 618 618 618 618 620 620 620 620 618 618 618 618 619 619 619 619 620 620 620 620 620 620 620 620 619 619 619 619 488 488 488 488 392 392 392 392 620 620 620 620 621 621 621 621 620 620 620 620 488 488 488 488 622 622 622 622</p>
        </triangles>
      </mesh>
    </geometry>
    <geometry id="geom-NejiA_Mdl__M_Obj_RailKingPilotHouse" name="NejiA_Mdl__M_Obj_RailKingPilotHouse">
      <mesh>
        <source id="geom-NejiA_Mdl__M_Obj_RailKingPilotHouse-positions">
          <float_array id="geom-NejiA_Mdl__M_Obj_RailKingPilotHouse-positions-array" count="4779">2.08945 8.79789 8.278849 -6.31055 8.79789 8.278849 2.08945 0.3978896 8.278849 -6.31055 0.3978896 8.278849 -5.062064 -5.881113 8.342194 0.5514898 0.367722 8.342194 -11.3109 -0.2675524 8.342194 -5.69734 5.981283 8.342194 9.744455 -9.699262 0.06174088 6.902066 -11.89082 0.06174088 6.839699 -11.78337 0 9.656405 -9.611621 0 11.92277 -6.846714 0.06174088 9.744455 -9.699262 0.06174088 11.81503 -6.784847 0 13.28857 -3.527578 0.06174088 11.92277 -6.846714 0.06174088 13.1685 -3.495704 0 13.74878 0.03195448 0.06174088 13.28857 -3.527578 0.06174088 13.62455 0.03166647 0 13.27203 3.589312 0.06174088 13.74878 0.03195448 0.06174088 13.15211 3.55688 0 11.89081 6.902063 0.06174088 13.27203 3.589312 0.06174088 11.78337 6.839697 0 9.699262 9.744452 0.06174088 11.89081 6.902063 0.06174088 9.611621 9.656404 0 6.846718 11.92277 0.06174088 9.699262 9.744452 0.06174088 6.78485 11.81504 0 3.527582 13.28857 0.06174088 6.846718 11.92277 0.06174088 3.495708 13.1685 0 -0.03195192 13.74878 0.06174088 3.527582 13.28857 0.06174088 -0.03166296 13.62455 0 -3.58931 13.27204 0.06174088 -0.03195192 13.74878 0.06174088 -3.556878 13.15211 0 -6.902063 11.89082 0.06174088 -3.58931 13.27204 0.06174088 -6.839697 11.78338 0 -9.744452 9.699265 0.06174088 -6.902063 11.89082 0.06174088 -9.656402 9.611625 0 -11.92277 6.846723 0.06174088 -9.744452 9.699265 0.06174088 -11.81504 6.784857 0 -13.28857 3.527584 0.06174088 -11.92277 6.846723 0.06174088 -13.1685 3.49571 0 -13.74878 -0.03194933 0.06174088 -13.28857 3.527584 0.06174088 -13.62455 -0.03166036 0 -13.27203 -3.589308 0.06174088 -13.74878 -0.03194933 0.06174088 -13.15211 -3.556876 0 -11.89082 -6.902061 0.06174088 -13.27203 -3.589308 0.06174088 -11.78337 -6.839694 0 -9.699265 -9.74445 0.06174088 -11.89082 -6.902061 0.06174088 -9.611623 -9.656401 0 -6.846718 -11.92277 0.06174088 -9.699265 -9.74445 0.06174088 -6.784852 -11.81504 0 -3.527583 -13.28857 0.06174088 -6.846718 -11.92277 0.06174088 -3.495708 -13.1685 0 0.0319538 -13.74878 0.06174088 -3.527583 -13.28857 0.06174088 0.03166483 -13.62455 0 3.589312 -13.27203 0.06174088 0.0319538 -13.74878 0.06174088 3.55688 -13.15211 0 6.902066 -11.89082 0.06174088 3.589312 -13.27203 0.06174088 5.751787 -9.909127 8.173848 2.991128 -11.06015 8.173849 3.018843 -11.16263 8.067689 5.80508 -10.00094 8.067689 3.028987 -11.20014 7.922672 5.824587 -10.03455 7.922672 6.91502 -11.91314 0.1980467 3.589312 -13.27203 0.06174088 6.902066 -11.89082 0.06174088 3.596049 -13.29694 0.1980467 0.0319538 -13.74878 0.06174088 3.589312 -13.27203 0.06174088 0.03201388 -13.77459 0.1980467 0.02696608 -11.60246 7.922672 3.018843 -11.16263 8.067689 -3.527583 -13.28857 0.06174088 0.0319538 -13.74878 0.06174088 0.02687548 -11.56361 8.067689 2.991128 -11.06015 8.173849 0.02662848 -11.45745 8.173849 -3.534204 -13.31351 0.1980467 -2.976893 -11.2141 7.922672 0.02687548 -11.56361 8.067689 -6.846718 -11.92277 0.06174088 -3.527583 -13.28857 0.06174088 -2.966924 -11.17654 8.067689 0.02662848 -11.45745 8.173849 -2.939685 -11.07394 8.173849 -6.85957 -11.94515 0.1980467 -5.777881 -10.06151 7.922672 -2.966924 -11.17654 8.067689 -9.699265 -9.74445 0.06174088 -6.846718 -11.92277 0.06174088 -5.758531 -10.02781 8.067689 -2.939685 -11.07394 8.173849 -5.705664 -9.935756 8.173848 -9.717469 -9.76274 0.1980467 -8.185116 -8.223248 7.922672 -5.758531 -10.02781 8.067689 -11.89082 -6.902061 0.06174088 -9.699265 -9.74445 0.06174088 -8.157703 -8.195708 8.067689 -5.705664 -9.935756 8.173848 -8.082812 -8.120466 8.173849 -11.91314 -6.915016 0.1980467 -10.03455 -5.824583 7.922672 -8.157703 -8.195708 8.067689 -13.27203 -3.589308 0.06174088 -11.89082 -6.902061 0.06174088 -10.00094 -5.805076 8.067689 -8.082812 -8.120466 8.173849 -9.909129 -5.751782 8.173848 -13.29695 -3.596045 0.1980467 -11.20014 -3.028982 7.922672 -10.00094 -5.805076 8.067689 -13.74878 -0.03194933 0.06174088 -13.27203 -3.589308 0.06174088 -11.16263 -3.018838 8.067689 -9.909129 -5.751782 8.173848 -11.06015 -2.991125 8.173849 -13.77459 -0.03200941 0.1980467 -11.60247 -0.02696276 7.922672 -11.16263 -3.018838 8.067689 -13.28857 3.527584 0.06174088 -13.74878 -0.03194933 0.06174088 -11.56361 -0.02687168 8.067689 -11.06015 -2.991125 8.173849 -11.45745 -0.02662468 8.173849 -13.31352 3.534206 0.1980467 -11.2141 2.976895 7.922672 -11.56361 -0.02687168 8.067689 -11.92277 6.846723 0.06174088 -13.28857 3.527584 0.06174088 -11.17654 2.966926 8.067689 -11.45745 -0.02662468 8.173849 -11.07394 2.939687 8.173849 -11.94515 6.859574 0.1980467 -10.06151 5.777884 7.922672 -11.17654 2.966926 8.067689 -9.744452 9.699265 0.06174088 -11.92277 6.846723 0.06174088 -10.02782 5.758533 8.067689 -11.07394 2.939687 8.173849 -9.935757 5.705667 8.173847 -9.762741 9.717471 0.1980467 -8.223249 8.185118 7.922672 -10.02782 5.758533 8.067689 -6.902063 11.89082 0.06174088 -9.744452 9.699265 0.06174088 -8.195709 8.157706 8.067689 -9.935757 5.705667 8.173847 -8.120466 8.082816 8.173848 -6.915018 11.91314 0.1980467 -5.824585 10.03455 7.922672 -8.195709 8.157706 8.067689 -3.58931 13.27204 0.06174088 -6.902063 11.89082 0.06174088 -5.805078 10.00094 8.067689 -8.120466 8.082816 8.173848 -5.751785 9.909131 8.173848 -3.596047 13.29695 0.1980467 -3.028985 11.20014 7.922673 -5.805078 10.00094 8.067689 -0.03195192 13.74878 0.06174088 -3.58931 13.27204 0.06174088 -3.018841 11.16263 8.067689 -5.751785 9.909131 8.173848 -2.991126 11.06016 8.173848 -0.032012 13.77459 0.1980467 -0.0269642 11.60247 7.922671 -3.018841 11.16263 8.067689 3.527582 13.28857 0.06174088 -0.03195192 13.74878 0.06174088 -0.02687456 11.56361 8.067688 -2.991126 11.06016 8.173848 -0.02662756 11.45745 8.173848 3.534203 13.31352 0.1980467 2.976893 11.2141 7.922672 -0.02687456 11.56361 8.067688 6.846718 11.92277 0.06174088 3.527582 13.28857 0.06174088 2.966924 11.17655 8.067689 -0.02662756 11.45745 8.173848 2.939685 11.07394 8.173849 6.859568 11.94515 0.1980467 5.777879 10.06151 7.922671 2.966924 11.17655 8.067689 9.699262 9.744452 0.06174088 6.846718 11.92277 0.06174088 5.758529 10.02782 8.067689 2.939685 11.07394 8.173849 5.705664 9.935757 8.173847 9.717467 9.762742 0.1980467 8.185114 8.223249 7.922672 5.758529 10.02782 8.067689 11.89081 6.902063 0.06174088 9.699262 9.744452 0.06174088 8.157701 8.19571 8.067689 5.705664 9.935757 8.173847 8.082809 8.120469 8.17385 11.91313 6.915019 0.1980467 10.03454 5.824585 7.922672 8.157701 8.19571 8.067689 13.27203 3.589312 0.06174088 11.89081 6.902063 0.06174088 10.00094 5.805079 8.067689 8.082809 8.120469 8.17385 9.909125 5.751786 8.173849 13.29694 3.596049 0.1980467 11.20014 3.028986 7.922673 10.00094 5.805079 8.067689 13.74878 0.03195448 0.06174088 13.27203 3.589312 0.06174088 11.16263 3.018841 8.06769 9.909125 5.751786 8.173849 11.06015 2.991127 8.173849 13.77458 0.03201552 0.1980467 11.60246 0.02696657 7.922672 11.16263 3.018841 8.06769 13.28857 -3.527578 0.06174088 13.74878 0.03195448 0.06174088 11.5636 0.0268774 8.067689 11.06015 2.991127 8.173849 11.45745 0.0266304 8.173849 13.31351 -3.534199 0.1980467 11.2141 -2.976891 7.922672 11.5636 0.0268774 8.067689 11.92277 -6.846714 0.06174088 13.28857 -3.527578 0.06174088 11.94515 -6.859565 0.1980467 10.06151 -5.777876 7.922672 11.17654 -2.96692 8.067689 11.45745 0.0266304 8.173849 11.07393 -2.939682 8.173849 11.17654 -2.96692 8.067689 10.02781 -5.758526 8.067689 11.07393 -2.939682 8.173849 9.935754 -5.70566 8.173848 8.973526 -5.675141 9.288655 6.159804 -8.510946 10.35907 6.267579 -8.405017 10.92301 9.081302 -5.569212 9.852588 6.197609 -8.140851 11.43893 9.011332 -5.305044 10.36851 5.961993 -7.76412 11.81763 8.775715 -4.928315 10.74722 5.601471 -7.339972 11.99364 8.415193 -4.504164 10.92322 5.178381 -6.941738 11.93651 7.992104 -4.105932 10.8661 4.765879 -6.638285 11.65613 7.579601 -3.802477 10.58571 4.43529 -6.482075 11.20097 7.249012 -3.646269 10.13056 4.243776 -6.500122 10.64974 7.057498 -3.664315 9.579328 4.224452 -6.689306 10.09775 7.038175 -3.853499 9.027337 4.380659 -7.016913 9.640447 7.194381 -4.181107 8.57003 4.685387 -7.426298 9.356895 7.499109 -4.590492 8.286478 5.085946 -7.846676 9.296127 7.899669 -5.010869 8.225711 5.513076 -8.205357 9.468653 8.326797 -5.369551 8.398235 5.892922 -8.440325 9.844637 8.706644 -5.604518 8.77422 6.159804 -8.510946 10.35907 8.973526 -5.675141 9.288655 8.819866 -8.759623 5.347797 9.333032 -9.270407 2.772922 11.40911 -6.551742 2.772922 10.78123 -6.191179 5.347797 12.71607 -3.375602 2.772922 12.01626 -3.189833 5.347797 13.15645 0.03057885 2.772922 12.43241 0.02889633 5.347797 5.80508 -10.00094 8.067689 8.120472 -8.082811 8.173849 5.751787 -9.909127 8.173848 8.195712 -8.157702 8.067689 8.223251 -8.185114 7.922672 9.762745 -9.717467 0.1980467 6.902066 -11.89082 0.06174088 9.744455 -9.699262 0.06174088 11.94515 -6.859565 0.1980467 9.744455 -9.699262 0.06174088 11.92277 -6.846714 0.06174088 10.06151 -5.777876 7.922672 10.02781 -5.758526 8.067689 8.195712 -8.157702 8.067689 9.935754 -5.70566 8.173848 8.120472 -8.082811 8.173849 3.78936 -11.4729 6.602474 2.345061 -13.17329 1.802855 4.492039 -12.72127 1.744522 1.979645 -11.85392 6.651643 0.03072773 -13.32991 1.823065 0.0274746 -11.98603 6.668691 -1.92589 -11.8585 6.652234 -2.285023 -13.17873 1.803555 -3.739093 -11.48174 6.603615 -4.436137 -12.73175 1.745874 9.55822 0.6968284 8.449991 9.337954 0.7545476 8.212706 9.388569 0.6443868 8.449991 9.537842 0.8163352 8.212706 9.735663 0.7035718 8.449991 9.746911 0.8242831 8.212706 9.908807 0.6641631 8.449991 9.950912 0.7778478 8.212706 10.06585 0.5812821 8.449991 10.13594 0.6801963 8.212706 10.19609 0.4605803 8.449991 10.2894 0.5379825 8.212706 10.29065 0.3102827 8.449991 10.40081 0.3608975 8.212706 10.34309 0.1406326 8.449991 10.4626 0.1610098 8.212706 10.34984 -0.03681183 8.449991 10.47055 -0.04805851 8.212706 10.31043 -0.2099552 8.449991 10.42411 -0.2520599 8.212706 10.22755 -0.3669977 8.449991 10.32646 -0.4370918 8.212706 10.10685 -0.4972382 8.449991 10.18425 -0.5905457 8.212706 9.956549 -0.5918007 8.449991 10.00716 -0.7019615 8.212706 9.786899 -0.6442423 8.449991 9.807277 -0.7637491 8.212706 9.609455 -0.6509876 8.449991 9.598208 -0.7716961 8.212706 9.436312 -0.611577 8.449991 9.394206 -0.7252626 8.212706 9.279268 -0.528697 8.449991 9.209174 -0.6276093 8.212706 9.149028 -0.4079952 8.449991 9.055721 -0.4853964 8.212706 9.054464 -0.2576971 8.449991 8.944304 -0.3083115 8.212706 9.002024 -0.08804607 8.449991 8.882517 -0.1084242 8.212706 8.995279 0.08939743 8.449991 8.874569 0.1006451 8.212706 9.034689 0.2625408 8.449991 8.921003 0.304646 8.212706 9.117569 0.4195833 8.449991 9.018656 0.4896779 8.212706 9.23827 0.5498238 8.449991 9.16087 0.6431317 8.212706 9.388569 0.6443868 8.449991 9.337954 0.7545476 8.212706 -0.5864387 10.31212 8.449992 -0.7911472 10.21241 8.212706 -0.6809778 10.16181 8.449991 -0.6797585 10.38951 8.212706 -0.4562173 10.43285 8.44999 -0.5263276 10.53175 8.212705 -0.299187 10.51575 8.44999 -0.3413106 10.62943 8.212706 -0.1260502 10.55519 8.449992 -0.1373162 10.6759 8.212707 0.05139397 10.54847 8.449991 0.07175302 10.66798 8.212706 0.221054 10.49606 8.449991 0.2716503 10.60623 8.212706 0.3713665 10.40152 8.44999 0.4487533 10.49484 8.212705 0.4920883 10.2713 8.44999 0.590992 10.34141 8.212705 0.5749941 10.11427 8.449992 0.688673 10.15639 8.212705 0.6144323 9.94113 8.449991 0.7351398 9.952396 8.212706 0.6077156 9.763686 8.44999 0.7272263 9.743327 8.212705 0.5553007 9.594026 8.449992 0.6654701 9.543429 8.212705 0.460762 9.443713 8.44999 0.5540814 9.366326 8.212707 0.3305402 9.322991 8.449992 0.4006507 9.224088 8.212707 0.1735101 9.240085 8.44999 0.2156336 9.126407 8.212705 3.73349e-4 9.200646 8.449992 0.01163958 9.07994 8.212705 -0.1770706 9.207364 8.449992 -0.1974301 9.087853 8.212707 -0.3467303 9.259778 8.449992 -0.3973275 9.14961 8.212707 -0.4970436 9.354318 8.449992 -0.5744305 9.260999 8.212707 -0.6177664 9.484539 8.449991 -0.7166691 9.414429 8.212706 -0.7006721 9.641569 8.449991 -0.8143501 9.599445 8.212706 -0.7401094 9.814706 8.449992 -0.860817 9.803439 8.212705 -0.7333927 9.992149 8.449991 -0.8529024 10.01251 8.212706 -0.6809778 10.16181 8.449991 -0.7911472 10.21241 8.212706 -9.849696 0.6287599 8.449991 -10.07702 0.6156459 8.212706 -9.994866 0.5264974 8.449991 -9.905979 0.7361341 8.212706 -9.683006 0.6899638 8.449991 -9.709579 0.808248 8.212706 -9.506155 0.7059407 8.449991 -9.501209 0.8270717 8.212706 -9.331194 0.6755996 8.449991 -9.295066 0.7913241 8.212706 -9.170049 0.6010098 8.449991 -9.1052 0.7034402 8.212706 -9.033699 0.4872546 8.449991 -8.94455 0.5694098 8.212706 -8.931437 0.3420858 8.449991 -8.82406 0.3983679 8.212706 -8.870234 0.175395 8.449991 -8.751949 0.2019691 8.212706 -8.854256 -0.001456261 8.449991 -8.733124 -0.006402016 8.212706 -8.884596 -0.1764164 8.449991 -8.768871 -0.2125444 8.212706 -8.959187 -0.3375626 8.449991 -8.856756 -0.4024105 8.212706 -9.072943 -0.4739113 8.449991 -8.990786 -0.5630617 8.212706 -9.218111 -0.5761738 8.449991 -9.161829 -0.6835489 8.212706 -9.384802 -0.6373777 8.449991 -9.358228 -0.755662 8.212706 -9.561653 -0.6533556 8.449991 -9.566599 -0.7744865 8.212706 -9.736613 -0.6230145 8.449991 -9.772741 -0.7387381 8.212706 -9.897758 -0.5484247 8.449991 -9.962608 -0.6508541 8.212706 -10.03411 -0.4346695 8.449991 -10.12326 -0.5168247 8.212706 -10.13637 -0.2895002 8.449991 -10.24375 -0.3457823 8.212706 -10.19757 -0.1228094 8.449991 -10.31586 -0.1493835 8.212706 -10.21355 0.05404186 8.449991 -10.33468 0.05898762 8.212706 -10.18321 0.229002 8.449991 -10.29893 0.26513 8.212706 -10.10862 0.3901472 8.449991 -10.21105 0.4549971 8.212706 -9.994866 0.5264974 8.449991 -10.07702 0.6156459 8.212706 0.3457799 -9.250185 8.449991 0.2363691 -9.050489 8.212706 0.1911096 -9.162956 8.449991 0.4186058 -9.153265 8.212706 0.4726028 -9.374474 8.449991 0.5680332 -9.299704 8.212706 0.562937 -9.527351 8.449991 0.6744666 -9.479828 8.212706 0.610625 -9.698399 8.449991 0.7306545 -9.681362 8.212706 0.6124177 -9.875961 8.449991 0.7327666 -9.890572 8.212706 0.5681934 -10.04794 8.449991 0.6806593 -10.0932 8.212706 0.4809646 -10.20261 8.449991 0.5778847 -10.27543 8.212706 0.356677 -10.32943 8.449991 0.431446 -10.42486 8.212706 0.2037992 -10.41976 8.449991 0.2513208 -10.53129 8.212706 0.03275107 -10.46745 8.449991 0.04978846 -10.58748 8.212706 -0.1448116 -10.46925 8.449991 -0.15942 -10.58959 8.212706 -0.3167877 -10.42502 8.449991 -0.3620472 -10.53749 8.212706 -0.471457 -10.33779 8.449991 -0.5442839 -10.43471 8.212706 -0.5982802 -10.2135 8.449991 -0.6937099 -10.28827 8.212706 -0.6886149 -10.06063 8.449991 -0.8001446 -10.10815 8.212706 -0.7363031 -9.889578 8.449991 -0.8563316 -9.906614 8.212706 -0.7380953 -9.712015 8.449991 -0.8584442 -9.697407 8.212706 -0.6938705 -9.540041 8.449991 -0.8063374 -9.49478 8.212706 -0.6066427 -9.38537 8.449991 -0.7035618 -9.312544 8.212706 -0.4823542 -9.258547 8.449991 -0.5571222 -9.163116 8.212706 -0.3294764 -9.168213 8.449991 -0.3769989 -9.056683 8.212706 -0.1584282 -9.120523 8.449991 -0.1754656 -9.000494 8.212706 0.0191326 -9.118731 8.449991 0.03374384 -8.998383 8.212706 0.1911096 -9.162956 8.449991 0.2363691 -9.050489 8.212706 7.270292 -5.761691 7.629839 7.299349 -4.56758 7.822083 7.842694 -5.137807 7.739655 6.633736 -5.09364 7.726408 6.885995 -4.012261 8.206713 7.299349 -4.56758 7.822083 6.14947 -4.443056 8.17702 6.674107 -3.567873 8.827034 6.885995 -4.012261 8.206713 5.901231 -3.922431 8.90376 6.70032 -3.311253 9.57579 6.674107 -3.567873 8.827034 5.931941 -3.621786 9.780968 6.960101 -3.286772 10.32351 6.70032 -3.311253 9.57579 6.236289 -3.593106 10.65697 7.408533 -3.498664 10.94092 6.960101 -3.286772 10.32351 6.761652 -3.841349 11.38029 7.96808 -3.910292 11.32125 7.408533 -3.498664 10.94092 7.417188 -4.323592 11.82586 8.541987 -4.45048 11.39874 7.96808 -3.910292 11.32125 8.089551 -4.95645 11.91665 9.031022 -5.025826 11.15999 8.541987 -4.45048 11.39874 8.662482 -5.630498 11.63694 9.350628 -5.536846 10.64629 9.031022 -5.025826 11.15999 9.036917 -6.229185 11.03512 9.445541 -5.895182 9.946459 9.350628 -5.536846 10.64629 9.148112 -6.648994 10.21523 9.299347 -6.03887 9.181503 9.445541 -5.895182 9.946459 8.976839 -6.817333 9.319038 8.937329 -5.943071 8.483689 9.299347 -6.03887 9.181503 8.552717 -6.705102 8.501513 8.42208 -5.624346 7.97368 8.937329 -5.943071 8.483689 7.949076 -6.331697 7.90401 7.842694 -5.137807 7.739655 8.42208 -5.624346 7.97368 7.270292 -5.761691 7.629839 6.130122 -6.91081 8.063591 6.808905 -7.480817 8.337762 6.88965 -8.002256 9.262693 6.375147 -7.684059 8.753971 7.412547 -7.854221 8.935266 6.375147 -7.684059 8.753971 5.796872 -7.198527 8.520691 7.251424 -8.098034 9.959087 6.88965 -8.002256 9.262693 7.83667 -7.966455 9.752791 7.397812 -7.954695 10.72284 7.251424 -8.098034 9.959087 8.007942 -7.798114 10.64898 7.303353 -7.596896 11.42182 7.397812 -7.954695 10.72284 7.896747 -7.378305 11.46887 6.984293 -7.086486 11.935 7.303353 -7.596896 11.42182 7.522312 -6.779617 12.0707 6.495821 -6.511804 12.17347 6.949381 -6.10557 12.3504 6.277018 -5.472713 12.25961 5.922525 -5.972366 12.09593 5.621481 -4.990469 11.81404 5.922525 -5.972366 12.09593 5.36367 -5.561548 11.7159 5.096119 -4.742226 11.09072 5.36367 -5.561548 11.7159 4.915956 -5.350379 11.09926 4.791771 -4.770906 10.21472 4.915956 -5.350379 11.09926 4.656742 -5.375262 10.35279 4.761061 -5.07155 9.337512 4.656742 -5.375262 10.35279 4.630712 -5.631748 9.605597 5.0093 -5.592175 8.610772 4.630712 -5.631748 9.605597 4.842237 -6.075409 8.98674 5.493566 -6.24276 8.16016 4.842237 -6.075409 8.98674 5.254703 -6.629565 8.603032 6.130122 -6.91081 8.063591 5.796872 -7.198527 8.520691 5.544571 -7.441498 8.701469 5.038569 -7.95147 8.893966 4.520091 -7.407339 8.972622 5.026092 -6.897367 8.780125 4.125653 -6.877434 9.339647 5.716209 -7.231642 8.881941 4.631655 -6.367461 9.147151 3.923461 -6.453382 9.931581 5.268488 -6.761768 8.949862 5.254703 -6.629565 8.603032 5.796872 -7.198527 8.520691 4.92788 -6.30418 9.2668 4.842237 -6.075409 8.98674 4.753281 -5.937999 9.777952 4.630712 -5.631748 9.605597 4.429462 -5.943409 9.739086 3.948475 -6.208507 10.64607 4.77488 -5.726539 10.39494 4.656742 -5.375262 10.35279 4.454475 -5.698534 10.45358 4.196368 -6.185144 11.35958 4.988944 -5.706368 11.01107 4.915956 -5.350379 11.09926 4.70237 -5.675172 11.16708 4.624279 -6.387341 11.94873 5.358458 -5.88097 11.51982 5.36367 -5.561548 11.7159 5.13028 -5.877368 11.75623 5.158218 -6.780131 12.31165 5.819529 -6.220156 11.83321 5.922525 -5.972366 12.09593 5.66422 -6.270159 12.11916 5.705862 -7.295598 12.3856 6.292435 -6.665276 11.89707 6.495821 -6.511804 12.17347 6.211863 -6.785625 12.1931 6.172517 -7.844613 12.15778 6.695406 -7.139368 11.70034 6.984293 -7.086486 11.935 7.303353 -7.596896 11.42182 6.678518 -7.334641 11.96528 6.477496 -8.332247 11.66759 6.958765 -7.560452 11.27704 7.397812 -7.954695 10.72284 6.983497 -7.822274 11.47509 6.568066 -8.674185 10.99978 7.036973 -7.855725 10.70037 7.251424 -8.098034 9.959087 7.074067 -8.164212 10.80728 6.428564 -8.811298 10.26983 6.916509 -7.974128 10.07004 6.88965 -8.002256 9.262693 6.934565 -8.301326 10.07733 6.083112 -8.719885 9.603951 6.618202 -7.895188 9.495032 6.589113 -8.209911 9.411453 5.591443 -8.415745 9.117279 6.193632 -7.632555 9.074778 5.716209 -7.231642 8.881941 5.544571 -7.441498 8.701469 6.097444 -7.905772 8.924783 5.038569 -7.95147 8.893966 -1.624488 -5.311462 8.349916 -2.683086 -7.125125 8.310344 -0.8694241 -8.183722 8.349916 0.1891739 -6.370061 8.45617 -0.5658896 -3.497801 8.376606 0.9442379 -9.242321 8.376606 1.247772 -4.556399 8.511266 2.002836 -7.42866 8.511266 3.816498 -8.487258 8.45617 2.7579 -10.30092 8.349916 4.571562 -11.35952 8.310344 5.63016 -9.545856 8.349916 6.688758 -7.732195 8.376606 4.875096 -6.673596 8.511266 3.061434 -5.614998 8.578123 5.933694 -4.859935 8.45617 7.747357 -5.918533 8.349916 4.120033 -3.801336 8.511266 8.805954 -4.104872 8.310344 6.992292 -3.046273 8.349916 5.178631 -1.987675 8.376606 2.306371 -2.742738 8.45617 3.364969 -0.9290762 8.349916 0.4927084 -1.68414 8.349916 1.551307 0.1295223 8.310344 8.570581 6.148413 8.340758 7.728902 8.07236 8.302464 5.804955 7.23068 8.340758 6.646634 5.306732 8.443406 9.412262 4.224464 8.366551 3.881006 6.389 8.366551 7.488314 3.382784 8.496618 4.722686 4.465053 8.496618 2.798739 3.623372 8.443406 1.957059 5.547321 8.340758 0.0331111 4.705641 8.302465 0.8747911 2.781693 8.340758 1.716471 0.8577447 8.366551 3.640419 1.699425 8.496618 5.564366 2.541104 8.561208 4.482099 -0.2245226 8.443407 2.558151 -1.066203 8.340758 6.406046 0.617157 8.496618 3.399831 -2.99015 8.302465 5.323778 -2.148471 8.340758 7.247726 -1.306791 8.366551 8.329994 1.458837 8.443406 9.171674 -0.4651108 8.340758 10.25394 2.300517 8.340759 11.09562 0.3765688 8.302465 -6.167171 -6.984974 8.518969 -4.834158 -8.249681 8.440841 -3.569451 -6.91667 8.518969 -4.902462 -5.651962 8.565329 -7.500182 -5.720265 8.555193 -2.304743 -5.583658 8.555193 -6.235474 -4.387254 8.609185 -3.637754 -4.318951 8.609185 -2.373047 -2.985939 8.565329 -1.040035 -4.250647 8.518969 0.2246728 -2.917635 8.440841 -1.108339 -1.652926 8.518969 -2.44135 -0.3882189 8.555193 -3.706058 -1.721231 8.609185 -4.970766 -3.054242 8.616576 -5.03907 -0.4565229 8.565329 -3.774362 0.8764887 8.518969 -6.303778 -1.789535 8.609185 -5.107374 2.141196 8.440841 -6.372082 0.8081846 8.518969 -7.636789 -0.524827 8.555193 -7.568485 -3.122546 8.565329 -8.901498 -1.857839 8.518969 -8.833194 -4.455558 8.518969 -10.16621 -3.19085 8.440841 0.7300075 11.35895 8.413294 -1.289579 11.93451 8.330795 -1.865136 9.914919 8.413294 0.1544479 9.339357 8.469954 2.749594 10.78339 8.457035 -2.440699 7.895332 8.457033 2.174035 8.7638 8.526735 -0.421109 7.319772 8.526733 -0.9966714 5.300179 8.469954 -3.016258 5.875744 8.413294 -3.591797 3.856158 8.330797 -1.572232 3.280592 8.413294 0.4473556 2.705032 8.457034 1.022916 4.724619 8.526734 1.598476 6.744206 8.537518 3.042505 4.14906 8.469954 2.466942 2.129474 8.413294 3.618062 6.168646 8.526735 4.486532 1.553913 8.330796 5.062089 3.5735 8.413294 5.637649 5.593088 8.457033 4.193622 8.188233 8.469954 6.21323 7.612673 8.413294 4.769202 10.20782 8.413294 6.788789 9.632259 8.330795 -1.293737 -2.856537 8.456518 -0.371783 -4.446004 8.377736 1.217685 -3.524052 8.456518 0.2957314 -1.934584 8.504095 -2.21569 -1.267069 8.493078 2.807153 -2.602098 8.493078 -0.6262224 -0.3451157 8.548504 1.885199 -1.01263 8.548504 3.474667 -0.09067631 8.504095 4.396621 -1.680144 8.456518 5.986088 -0.7581902 8.377736 5.064135 0.8312769 8.456518 4.142181 2.420745 8.493078 2.552713 1.498792 8.548504 0.9632455 0.576838 8.556533 1.63076 3.088259 8.504095 3.220228 4.010213 8.456518 0.04129195 2.166306 8.548504 2.298274 5.599681 8.377736 0.7088062 4.677727 8.456518 -0.8806616 3.755774 8.493078 -1.548176 1.244352 8.504095 -2.470129 2.83382 8.456518 -3.137644 0.3223982 8.456518 -4.059597 1.911866 8.377736 -7.123958 8.363887 8.481328 -9.143544 8.939446 8.394263 -9.719104 6.919859 8.481329 -7.699517 6.344299 8.550574 -5.104371 7.788326 8.528219 -10.29466 4.900272 8.528219 -5.67993 5.76874 8.613794 -8.275077 4.324713 8.613794 -8.850636 2.305126 8.550574 -10.87022 2.880686 8.481329 -11.44578 0.8610983 8.394264 -9.426196 0.2855387 8.481329 -7.40661 -0.2900209 8.528219 -6.83105 1.729566 8.613794 -6.25549 3.749153 8.632356 -4.811463 1.154006 8.550573 -5.387023 -0.8655806 8.481329 -4.235903 3.173594 8.613794 -3.367435 -1.44114 8.394264 -2.791876 0.5784464 8.481329 -2.216316 2.598033 8.528219 -3.660343 5.19318 8.550574 -1.640757 4.61762 8.481329 -3.084783 7.212767 8.481329 -1.065197 6.637207 8.394264 8.120472 -8.082811 8.173849 8.017691 -7.980507 8.212706 5.751787 -9.909127 8.173848 5.678987 -9.783709 8.212706 2.991128 -11.06015 8.173849 5.751787 -9.909127 8.173848 2.95327 -10.92017 8.212706 0.02662848 -11.45745 8.173849 2.991128 -11.06015 8.173849 0.02629183 -11.31243 8.212706 -2.939685 -11.07394 8.173849 0.02662848 -11.45745 8.173849 -2.902478 -10.93377 8.212706 -5.705664 -9.935756 8.173848 -2.939685 -11.07394 8.173849 -5.633448 -9.809999 8.212706 -8.082812 -8.120466 8.173849 -5.705664 -9.935756 8.173848 -7.980508 -8.017687 8.212706 -9.909129 -5.751782 8.173848 -8.082812 -8.120466 8.173849 -9.78371 -5.678984 8.212706 -11.06015 -2.991125 8.173849 -9.909129 -5.751782 8.173848 -10.92017 -2.953266 8.212706 -11.45745 -0.02662468 8.173849 -11.06015 -2.991125 8.173849 -11.31243 -0.02628803 8.212706 -11.07394 2.939687 8.173849 -11.45745 -0.02662468 8.173849 -10.93378 2.902481 8.212706 -9.935757 5.705667 8.173847 -11.07394 2.939687 8.173849 -9.809999 5.633451 8.212706 -8.120466 8.082816 8.173848 -9.935757 5.705667 8.173847 -8.017689 7.980511 8.212706 -5.751785 9.909131 8.173848 -8.120466 8.082816 8.173848 -5.678985 9.783711 8.212707 -2.991126 11.06016 8.173848 -5.751785 9.909131 8.173848 -2.953268 10.92017 8.212705 -0.02662756 11.45745 8.173848 -2.991126 11.06016 8.173848 -0.02628995 11.31243 8.212705 2.939685 11.07394 8.173849 -0.02662756 11.45745 8.173848 2.902478 10.93378 8.212706 5.705664 9.935757 8.173847 2.939685 11.07394 8.173849 5.633448 9.81 8.212705 8.082809 8.120469 8.17385 5.705664 9.935757 8.173847 7.980506 8.01769 8.212707 9.909125 5.751786 8.173849 8.082809 8.120469 8.17385 9.783706 5.678986 8.212706 11.06015 2.991127 8.173849 9.909125 5.751786 8.173849 10.92016 2.953269 8.212706 11.45745 0.0266304 8.173849 11.06015 2.991127 8.173849 11.31243 0.02629375 8.212706 11.07393 -2.939682 8.173849 11.45745 0.0266304 8.173849 10.93377 -2.902475 8.212706 9.935754 -5.70566 8.173848 11.07393 -2.939682 8.173849 9.809998 -5.633444 8.212706 8.120472 -8.082811 8.173849 9.935754 -5.70566 8.173848 0 2.86102e-6 8.212706 4.685387 -7.426298 9.356895 4.520091 -7.407339 8.972622 5.038569 -7.95147 8.893966 4.125653 -6.877434 9.339647 5.085946 -7.846676 9.296127 4.380659 -7.016913 9.640447 5.591443 -8.415745 9.117279 3.923461 -6.453382 9.931581 5.513076 -8.205357 9.468653 4.224452 -6.689306 10.09775 6.083112 -8.719885 9.603951 3.948475 -6.208507 10.64607 5.892922 -8.440325 9.844637 4.243776 -6.500122 10.64974 6.428564 -8.811298 10.26983 4.196368 -6.185144 11.35958 6.159804 -8.510946 10.35907 4.43529 -6.482075 11.20097 6.568066 -8.674185 10.99978 4.624279 -6.387341 11.94873 6.267579 -8.405017 10.92301 4.765879 -6.638285 11.65613 6.477496 -8.332247 11.66759 5.158218 -6.780131 12.31165 6.197609 -8.140851 11.43893 5.178381 -6.941738 11.93651 6.172517 -7.844613 12.15778 5.705862 -7.295598 12.3856 5.961993 -7.76412 11.81763 5.601471 -7.339972 11.99364 5.678586 3.574559 8.480016 5.601878 3.607221 8.597856 5.821026 3.909082 8.597855 5.536152 3.240034 8.597856 5.883352 3.855155 8.488182 5.618223 3.232477 8.488183 6.168849 4.090617 8.597856 5.646349 2.863476 8.597856 6.208403 4.02389 8.496351 5.721863 2.881211 8.496351 6.620594 4.096833 8.597856 5.954954 2.533513 8.597856 6.629619 4.030389 8.488183 6.009103 2.573058 8.488183 7.100332 3.959081 8.597856 6.386738 2.28315 8.597856 7.076361 3.902773 8.480016 6.410717 2.339453 8.480016 7.477971 3.66917 8.488183 6.857455 2.211839 8.488183 7.532121 3.708715 8.597856 6.866477 2.145396 8.597856 7.765212 3.361018 8.496351 7.278671 2.218338 8.496351 7.840728 3.378749 8.597856 7.318225 2.151609 8.597856 7.868852 3.009751 8.488183 7.603718 2.387074 8.488183 7.950922 3.002194 8.597857 7.666049 2.333146 8.597856 7.808485 2.667671 8.480015 7.885197 2.635008 8.597856 -3.039887 -5.793882 8.270166 -2.043952 -5.566713 8.371737 -2.089336 -5.739994 8.184347 -1.207797 -5.949579 8.270166 -3.190397 -5.701214 8.402876 -3.236883 -5.970537 8.212706 -1.01108 -5.865838 8.402875 -1.117519 -6.180372 8.212706 -2.028746 -5.50867 8.596381 -3.529022 -5.922724 8.387306 -3.369401 -6.242029 8.184347 -3.265688 -5.656236 8.596381 -3.674693 -6.206285 8.371737 -3.625675 -5.892579 8.596381 -3.627863 -6.512384 8.387306 -3.34852 -6.531483 8.212706 -3.776958 -6.194312 8.596381 -3.395002 -6.800806 8.402876 -3.234705 -6.744526 8.270166 -3.723713 -6.519992 8.596381 -3.473111 -6.827823 8.596381 -2.466058 -7.178295 8.371737 -2.420672 -7.005016 8.184347 -1.537629 -7.00203 8.270166 -3.674693 -6.206286 8.821027 -1.423536 -7.12216 8.402875 -1.317097 -6.807627 8.212706 -2.481265 -7.236339 8.596381 -1.050271 -6.874527 8.387306 -1.14061 -6.502979 8.184347 -1.368233 -7.182208 8.596381 -0.8353183 -6.538724 8.371737 -0.9669441 -6.914718 8.596381 -0.8128619 -6.180382 8.387306 -0.7330474 -6.550698 8.596381 -0.9129838 -5.82375 8.596381 -0.7036891 -6.162728 8.596381 -0.8128619 -6.180382 8.805458 -0.8353183 -6.538724 8.821027 -1.01108 -5.865839 8.789888 -1.117519 -6.180372 8.980057 -1.050271 -6.874527 8.805458 -1.14061 -6.502978 9.008416 -1.423536 -7.12216 8.789888 -1.317097 -6.807627 8.980057 -2.164682 -6.027654 9.121294 -2.466058 -7.178296 8.821027 -1.207797 -5.949579 8.922598 -2.043952 -5.566712 8.821027 -2.089336 -5.739994 9.008416 -3.039887 -5.793882 8.922598 -3.190397 -5.701214 8.789888 -3.236883 -5.970537 8.980057 -3.529022 -5.922724 8.805458 -3.369401 -6.24203 9.008416 -2.255004 -6.372505 9.159105 -3.627863 -6.512384 8.805458 -3.34852 -6.531483 8.980057 -3.395002 -6.800806 8.789888 -3.234705 -6.744526 8.922598 -2.345328 -6.717355 9.121294 -2.420672 -7.005017 9.008416 -1.537629 -7.00203 8.922598 7.808485 2.667671 8.715694 7.666049 2.333146 8.597856 7.885197 2.635008 8.597856 7.950922 3.002194 8.597857 7.603718 2.387074 8.707528 7.318225 2.151609 8.597856 7.868852 3.009751 8.707528 7.840728 3.378749 8.597856 7.199294 2.927056 8.873203 7.278671 2.218338 8.699361 6.866477 2.145396 8.597856 7.765212 3.361018 8.699361 7.532121 3.708715 8.597856 6.857455 2.211839 8.707528 6.386738 2.28315 8.597856 7.035144 2.629167 8.854536 6.410717 2.339453 8.715695 6.601103 2.78659 8.873203 6.009103 2.573058 8.707528 5.954954 2.533513 8.597856 6.743535 3.121115 8.893038 6.186796 2.990385 8.854536 5.721863 2.881211 8.699361 5.646349 2.863476 8.597856 5.618223 3.232477 8.707528 5.536152 3.240034 8.597856 6.287776 3.315172 8.873203 5.678586 3.574559 8.715695 5.601878 3.607221 8.597856 5.821026 3.909082 8.597855 5.883352 3.855155 8.707527 6.168849 4.090617 8.597856 6.451931 3.613062 8.854536 6.208403 4.02389 8.699362 6.620594 4.096833 8.597856 6.629619 4.030389 8.707528 7.100332 3.959081 8.597856 6.885972 3.455638 8.873203 7.076361 3.902773 8.715695 7.477971 3.66917 8.707528 7.300274 3.251845 8.854536 -4.005536 -5.852141 8.380091 -4.531121 -7.126755 8.51718 -4.686733 -6.941734 8.264263 -5.604542 -7.749987 8.380091 -3.78614 -5.758465 8.559208 -4.046745 -5.497397 8.302538 -5.665514 -8.032032 8.559208 -5.929235 -7.669665 8.302538 -4.478995 -7.188736 8.820381 -3.766441 -5.21268 8.538194 -4.242711 -5.139825 8.264263 -3.677913 -5.710531 8.820381 -3.965456 -4.831209 8.51718 -3.657915 -5.12965 8.820381 -4.339292 -4.644334 8.538194 -4.577981 -4.93732 8.302538 -3.872583 -4.727832 8.820381 -4.273003 -4.532772 8.820381 -3.965456 -4.831209 9.12358 -3.766441 -5.21268 9.102566 -3.78614 -5.758465 9.081553 -4.242711 -5.139825 9.376497 -4.046745 -5.497397 9.338222 -4.339292 -4.644334 9.102566 -4.807513 -4.569124 8.820381 -4.577981 -4.93732 9.338222 -4.838591 -4.676253 8.559208 -4.838591 -4.676253 9.081553 -4.901454 -4.896767 8.380091 -5.564439 -5.898123 8.111914 -6.030506 -5.343962 8.820381 -5.978377 -5.405939 8.51718 -5.822766 -5.590963 8.264263 -6.507473 -6.566495 8.380091 -6.465039 -6.961006 8.302538 -6.728757 -6.59864 8.559208 -6.746655 -7.202953 8.538194 -6.26679 -7.392872 8.264263 -6.838024 -6.612807 8.820381 -6.544045 -7.701484 8.51718 -6.855875 -7.263474 8.820381 -6.16661 -8.005424 8.538194 -6.636917 -7.804863 8.820381 -5.695557 -8.172932 8.820381 -6.232211 -8.139498 8.820381 -6.16661 -8.005424 9.102566 -6.544045 -7.701484 9.12358 -5.665514 -8.032032 9.081553 -6.746655 -7.202953 9.102566 -5.929235 -7.669665 9.338222 -6.26679 -7.392872 9.376497 -6.728757 -6.59864 9.081553 -6.465039 -6.961007 9.338222 -5.978377 -5.405939 9.12358 -6.507473 -6.566495 9.260671 -4.901454 -4.896767 9.260671 -5.822766 -5.590963 9.376497 -5.564439 -5.898124 9.528848 -5.254752 -6.26635 9.579882 -4.945065 -6.634574 9.528848 -4.005536 -5.852141 9.260671 -5.604542 -7.749988 9.260671 -4.686733 -6.941734 9.376497 -4.531121 -7.126756 9.12358 3.792614 -10.25752 8.596382 3.556062 -10.04572 8.821026 3.49038 -10.12502 8.596382 3.319514 -9.833923 8.596382 3.838372 -10.17296 8.805457 4.187236 -10.21473 8.596382 3.397392 -9.769227 8.805457 3.31706 -9.403294 8.596382 3.752145 -9.809011 9.008415 4.207064 -10.13449 8.789887 5.069616 -9.604757 8.596382 4.006375 -9.948967 8.980057 3.395757 -9.364593 8.789887 3.866189 -8.285149 8.596382 3.596446 -9.550117 8.980057 4.467903 -8.944955 9.159106 4.247049 -9.969377 8.922599 3.555396 -9.288722 8.922599 5.029185 -9.560425 8.821026 4.708109 -9.208353 9.121294 4.908485 -9.428074 9.008415 5.54926 -8.65515 8.789887 5.629731 -8.641415 8.596382 5.386393 -8.685525 8.922599 5.343254 -8.394718 8.980057 5.544554 -8.207234 8.805457 5.62361 -8.159185 8.596382 5.183656 -8.080894 9.008415 5.379741 -7.844185 8.821026 5.445423 -7.764891 8.596382 4.227692 -8.681551 9.121294 4.925532 -7.886009 8.980057 5.091286 -7.630385 8.805457 5.135868 -7.529182 8.596382 4.737582 -7.520376 8.596382 4.71953 -7.625579 8.789887 4.682768 -7.836194 8.922599 3.90662 -8.329483 8.821026 4.027318 -8.461834 9.008415 5.091286 -7.630386 8.387306 4.737582 -7.520376 8.596382 5.135868 -7.529182 8.596382 5.445423 -7.764891 8.596382 4.71953 -7.62558 8.402876 3.866189 -8.285149 8.596382 5.379741 -7.844183 8.371737 5.62361 -8.159185 8.596382 4.925532 -7.886011 8.212706 5.544554 -8.207235 8.387306 5.629731 -8.641415 8.596382 5.183656 -8.080894 8.184347 5.54926 -8.655149 8.402876 5.069616 -9.604757 8.596382 5.343254 -8.394718 8.212706 4.227692 -8.681553 8.071468 5.386393 -8.685523 8.270165 4.467903 -8.944954 8.033657 4.708109 -9.208353 8.071468 5.029185 -9.560425 8.371737 4.908485 -9.428072 8.184347 4.247049 -9.969377 8.270165 4.207064 -10.13449 8.402876 4.187236 -10.21473 8.596382 4.006375 -9.948967 8.212706 3.838372 -10.17296 8.387306 3.792614 -10.25752 8.596382 3.752145 -9.809011 8.184347 3.556062 -10.04572 8.371737 3.49038 -10.12502 8.596382 3.319514 -9.833923 8.596382 3.397392 -9.769228 8.387306 3.31706 -9.403294 8.596382 3.596446 -9.550119 8.212706 3.395757 -9.364592 8.402876 3.555396 -9.288722 8.270165 3.90662 -8.329485 8.371737 4.027318 -8.461836 8.184347 4.682768 -7.836194 8.270165 -9.788767 1.815245 8.270166 -9.437544 2.774481 8.371737 -9.316845 2.642128 8.184347 -8.661396 3.26777 8.270166 -9.948406 1.739374 8.402876 -9.747717 1.553849 8.212706 -8.624636 3.478384 8.402875 -8.418631 3.217956 8.212706 -9.477976 2.818816 8.596381 -9.946772 1.334737 8.387306 -9.59202 1.294953 8.184347 -10.0271 1.700672 8.596381 -9.788101 1.05824 8.371737 -10.02465 1.27004 8.596381 -9.505789 0.9310007 8.387306 -9.337788 1.154999 8.212706 -9.853785 0.9789486 8.596381 -9.137098 0.96947 8.402875 -9.097109 1.134589 8.270166 -9.551548 0.8464394 8.596381 -9.156926 0.8892326 8.596381 -8.31498 1.54354 8.371737 -8.435677 1.675894 8.184347 -7.957772 2.418441 8.270166 -9.788101 1.05824 8.821027 -7.794905 2.448816 8.402874 -8.00091 2.709244 8.212706 -8.274546 1.499206 8.596381 -7.799609 2.896731 8.387306 -8.160507 3.023069 8.184347 -7.714434 2.462549 8.596381 -7.964424 3.25978 8.371737 -7.720553 2.944777 8.596381 -8.252874 3.473575 8.387306 -7.898742 3.339073 8.596381 -8.606583 3.583588 8.596382 -8.208294 3.574783 8.59638 -8.252874 3.473575 8.805458 -7.964424 3.25978 8.821027 -8.624636 3.478384 8.789888 -8.418633 3.217954 8.980057 -7.799609 2.896731 8.805458 -8.160507 3.023069 9.008415 -7.794905 2.448816 8.789888 -8.00091 2.709244 8.980057 -9.116472 2.422412 9.121294 -8.31498 1.54354 8.821028 -8.661396 3.26777 8.922598 -9.437544 2.774481 8.821027 -9.316845 2.642128 9.008416 -9.788767 1.815245 8.922598 -9.948406 1.739374 8.789888 -9.747717 1.553849 8.980057 -9.946772 1.334737 8.805458 -9.59202 1.294953 9.008416 -8.876262 2.15901 9.159105 -9.505789 0.9310007 8.805458 -9.337788 1.154999 8.980057 -9.137098 0.96947 8.789888 -9.097109 1.134589 8.922598 -8.636051 1.895608 9.121294 -8.435677 1.675894 9.008416 -7.957772 2.418441 8.922598 -6.438726 4.609678 8.270165 -7.068796 3.805624 8.371737 -7.142769 3.968761 8.184347 -7.95928 3.575899 8.270165 -6.263463 4.632589 8.402876 -6.397114 4.870986 8.212706 -8.059235 3.386904 8.402876 -8.174825 3.698191 8.212706 -7.044015 3.750977 8.596382 -6.140162 5.017988 8.387306 -6.465332 5.165294 8.184347 -6.176661 4.645119 8.596382 -6.205775 5.329949 8.371737 -6.046122 5.055496 8.596382 -6.435048 5.538091 8.387306 -6.663967 5.376865 8.212706 -6.118832 5.385106 8.596382 -6.797619 5.615262 8.402876 -6.886601 5.470542 8.270165 -6.365428 5.604406 8.596382 -6.754001 5.685467 8.596382 -7.756759 5.322882 8.371737 -7.682786 5.159746 8.184347 -8.3665 4.600896 8.270165 -6.205775 5.329949 8.821026 -8.530789 4.622259 8.402876 -8.415198 4.310971 8.212706 -7.781537 5.37753 8.596382 -8.664525 4.194747 8.387306 -8.360221 3.963215 8.184347 -8.611575 4.634025 8.596382 -8.619779 3.798557 8.371737 -8.75455 4.173437 8.596382 -8.411371 3.506188 8.387306 -8.706723 3.7434 8.596382 -8.108871 3.292404 8.596382 -8.485003 3.423677 8.596382 -8.411371 3.506188 8.805458 -8.619779 3.798557 8.821026 -8.059235 3.386904 8.789887 -8.174825 3.698191 8.980057 -8.664525 4.194747 8.805456 -8.360221 3.963215 9.008415 -8.530789 4.622259 8.789887 -8.415198 4.310971 8.980057 -7.265566 4.239586 9.121294 -7.756759 5.322882 8.821026 -7.95928 3.575899 8.922599 -7.068796 3.805624 8.821026 -7.142769 3.968761 9.008415 -6.438726 4.609678 8.922599 -6.263463 4.632589 8.789886 -6.397114 4.870986 8.980057 -6.140162 5.017988 8.805456 -6.465332 5.165294 9.008415 -7.412777 4.564253 9.159107 -6.435048 5.538091 8.805457 -6.663967 5.376865 8.980057 -6.797619 5.615262 8.789888 -6.886604 5.470541 8.922598 -7.559989 4.888921 9.121294 -7.682786 5.159746 9.008415 -8.366496 4.600896 8.922599 7.194381 -4.181107 8.57003 8.051201 -4.653815 9.56996 7.038175 -3.853499 9.027337 7.499109 -4.590492 8.286478 7.057498 -3.664315 9.579328 7.899669 -5.010869 8.225711 7.249012 -3.646269 10.13056 8.326797 -5.369551 8.398235 7.579601 -3.802477 10.58571 8.706644 -5.604518 8.77422 7.992104 -4.105932 10.8661 8.973526 -5.675141 9.288655 8.415193 -4.504164 10.92322 9.081302 -5.569212 9.852588 8.775715 -4.928315 10.74722 9.011332 -5.305044 10.36851 1.596346 -6.982814 8.182156 2.210454 -7.115179 8.291827 2.18648 -7.171484 8.173988 2.731483 -7.466142 8.182156 1.576647 -6.911823 8.291827 1.05538 -6.938322 8.190322 2.796313 -7.431146 8.291827 3.138475 -7.825284 8.190322 0.9963771 -6.863317 8.291827 0.6578757 -7.07621 8.182156 3.233441 -7.815835 8.291827 3.314573 -8.207401 8.182156 0.5711347 -7.011889 8.291827 0.428701 -7.346413 8.173988 3.421052 -8.22535 8.291827 3.278618 -8.559875 8.173988 3.138475 -7.825283 8.393333 3.381262 -8.603581 8.291827 2.731483 -7.466142 8.4015 3.314573 -8.2074 8.4015 2.55379 -7.883469 8.548508 2.18648 -7.171484 8.409667 3.278618 -8.559876 8.409667 1.996094 -7.61862 8.567175 1.596346 -6.982814 8.4015 1.05538 -6.938322 8.393333 1.418653 -7.40014 8.548508 0.6578757 -7.076209 8.4015 1.853658 -7.953144 8.587009 1.243825 -7.693483 8.567175 0.428701 -7.346414 8.409667 0.3260576 -7.302707 8.291827 0.2862645 -7.680936 8.291827 0.3927413 -7.698884 8.182156 0.3927413 -7.698884 8.4015 0.4738773 -8.090455 8.291827 0.5688385 -8.081004 8.190322 1.153526 -8.02282 8.548508 0.5688385 -8.081004 8.393332 0.9110001 -8.475142 8.291827 0.9758301 -8.440144 8.182156 0.9758301 -8.440145 8.4015 1.496861 -8.79111 8.291827 1.520833 -8.734802 8.173988 2.11097 -8.923473 8.182156 1.711222 -8.287668 8.567175 1.520833 -8.734803 8.409667 2.130668 -8.994466 8.291827 2.651934 -8.967961 8.190322 2.11097 -8.923474 8.4015 2.288661 -8.506145 8.548508 2.651934 -8.967962 8.393333 2.710936 -9.042972 8.291827 3.049443 -8.830082 8.182156 3.049443 -8.830081 8.4015 2.463491 -8.212805 8.567175 3.136178 -8.894399 8.291827 7.468068 -0.9305048 8.194177 8.084943 -0.8117094 8.303848 8.084943 -0.8729067 8.186008 8.701818 -0.9305048 8.194177 7.422131 -0.8729067 8.303848 6.952912 -1.101498 8.202343 8.747755 -0.8729067 8.303848 9.216973 -1.101498 8.202343 6.869239 -1.0556 8.303848 6.641193 -1.384087 8.194177 9.300647 -1.0556 8.303848 9.528692 -1.384087 8.194177 6.536193 -1.358888 8.303848 6.536193 -1.722473 8.186008 9.633693 -1.358888 8.303848 9.633693 -1.722473 8.186008 9.216973 -1.101498 8.405354 9.745256 -1.722473 8.303848 8.701818 -0.9305048 8.413521 9.528692 -1.384087 8.413521 8.701818 -1.384087 8.560528 8.084943 -0.8729067 8.421688 9.633693 -1.722473 8.421688 8.084943 -1.358888 8.579196 7.468068 -0.9305048 8.413521 6.952912 -1.101498 8.405354 7.468068 -1.384087 8.560528 6.641193 -1.384087 8.413521 8.084943 -1.722473 8.59903 7.422131 -1.722473 8.579196 6.536193 -1.722473 8.421688 6.424629 -1.722473 8.303848 6.536193 -2.086059 8.303848 6.641193 -2.06086 8.194177 6.641193 -2.06086 8.413521 6.869239 -2.389347 8.303848 6.952912 -2.343449 8.202343 7.468068 -2.06086 8.560528 6.952912 -2.343449 8.405354 7.422131 -2.57204 8.303848 7.468068 -2.514441 8.194177 7.468068 -2.514441 8.413521 8.084943 -2.633237 8.303848 8.084943 -2.57204 8.186008 8.701818 -2.514441 8.194177 8.084943 -2.086059 8.579196 8.084943 -2.57204 8.421688 8.747755 -2.57204 8.303848 9.216973 -2.343449 8.202343 8.701818 -2.514441 8.413521 8.701818 -2.06086 8.560528 9.216973 -2.343449 8.405354 9.300647 -2.389347 8.303848 9.528692 -2.06086 8.194177 9.528692 -2.06086 8.413521 8.747755 -1.722473 8.579196 9.633693 -2.086059 8.303848 10.31043 -0.2099552 8.449991 9.67256 0.0262928 8.454256 10.22755 -0.3669977 8.449991 10.34984 -0.03681183 8.449991 10.10685 -0.4972382 8.449991 10.34309 0.1406326 8.449991 9.956549 -0.5918007 8.449991 10.29065 0.3102827 8.449991 9.786899 -0.6442423 8.449991 10.19609 0.4605803 8.449991 9.609455 -0.6509876 8.449991 10.06585 0.5812821 8.449991 9.436312 -0.611577 8.449991 9.908807 0.6641631 8.449991 9.279268 -0.528697 8.449991 9.735663 0.7035718 8.449991 9.149028 -0.4079952 8.449991 9.55822 0.6968284 8.449991 9.054464 -0.2576971 8.449991 9.388569 0.6443868 8.449991 9.002024 -0.08804607 8.449991 9.23827 0.5498238 8.449991 8.995279 0.08939743 8.449991 9.117569 0.4195833 8.449991 9.034689 0.2625408 8.449991 0.5749941 10.11427 8.449992 -0.06283846 9.877918 8.454256 0.6144323 9.94113 8.449991 0.4920883 10.2713 8.44999 0.6077156 9.763686 8.44999 0.3713665 10.40152 8.44999 0.5553007 9.594026 8.449992 0.221054 10.49606 8.449991 0.460762 9.443713 8.44999 0.05139397 10.54847 8.449991 0.3305402 9.322991 8.449992 -0.1260502 10.55519 8.449992 0.1735101 9.240085 8.44999 -0.299187 10.51575 8.44999 3.73349e-4 9.200646 8.449992 -0.4562173 10.43285 8.44999 -0.1770706 9.207364 8.449992 -0.5864387 10.31212 8.449992 -0.3467303 9.259778 8.449992 -0.6809778 10.16181 8.449991 -0.4970436 9.354318 8.449992 -0.7333927 9.992149 8.449991 -0.6177664 9.484539 8.449991 -0.7401094 9.814706 8.449992 -0.7006721 9.641569 8.449991 -8.854256 -0.001456261 8.449991 -9.533904 0.0262928 8.454256 -8.884596 -0.1764164 8.449991 -8.870234 0.175395 8.449991 -8.959187 -0.3375626 8.449991 -8.931437 0.3420858 8.449991 -9.072943 -0.4739113 8.449991 -9.033699 0.4872546 8.449991 -9.218111 -0.5761738 8.449991 -9.170049 0.6010098 8.449991 -9.384802 -0.6373777 8.449991 -9.331194 0.6755996 8.449991 -9.561653 -0.6533556 8.449991 -9.506155 0.7059407 8.449991 -9.736613 -0.6230145 8.449991 -9.683006 0.6899638 8.449991 -9.897758 -0.5484247 8.449991 -9.849696 0.6287599 8.449991 -10.03411 -0.4346695 8.449991 -9.994866 0.5264974 8.449991 -10.13637 -0.2895002 8.449991 -10.10862 0.3901472 8.449991 -10.19757 -0.1228094 8.449991 -10.18321 0.229002 8.449991 -10.21355 0.05404186 8.449991 0.2037992 -10.41976 8.449991 -0.06283846 -9.793989 8.454256 0.03275107 -10.46745 8.449991 0.356677 -10.32943 8.449991 -0.1448116 -10.46925 8.449991 0.4809646 -10.20261 8.449991 -0.3167877 -10.42502 8.449991 0.5681934 -10.04794 8.449991 -0.471457 -10.33779 8.449991 0.6124177 -9.875961 8.449991 -0.5982802 -10.2135 8.449991 0.610625 -9.698399 8.449991 -0.6886149 -10.06063 8.449991 0.562937 -9.527351 8.449991 -0.7363031 -9.889578 8.449991 0.4726028 -9.374474 8.449991 -0.7380953 -9.712015 8.449991 0.3457799 -9.250185 8.449991 -0.6938705 -9.540041 8.449991 0.1911096 -9.162956 8.449991 -0.6066427 -9.38537 8.449991 0.0191326 -9.118731 8.449991 -0.4823542 -9.258547 8.449991 -0.1584282 -9.120523 8.449991 -0.3294764 -9.168213 8.449991 6.885995 -4.012261 8.206713 6.674107 -3.567873 8.827034 7.466709 -3.7936 9.050107 7.590841 -4.053939 8.686701 7.299349 -4.56758 7.822083 7.482066 -3.643264 9.488755 6.70032 -3.311253 9.57579 7.832999 -4.379264 8.461371 7.842694 -5.137807 7.739655 7.634255 -3.628921 9.926799 6.960101 -3.286772 10.32351 8.151309 -4.713323 8.413083 8.42208 -5.624346 7.97368 7.896963 -3.753055 10.2885 7.408533 -3.498664 10.94092 8.490735 -4.998355 8.550182 8.937329 -5.943071 8.483689 8.224764 -3.994202 10.5113 7.96808 -3.910292 11.32125 8.792586 -5.185075 8.848964 9.299347 -6.03887 9.181503 8.56098 -4.310662 10.5567 8.541987 -4.45048 11.39874 9.004668 -5.241198 9.257768 9.445541 -5.895182 9.946459 8.847474 -4.64772 10.41684 9.031022 -5.025826 11.15999 9.090314 -5.15702 9.705906 9.350628 -5.536846 10.64629 9.034711 -4.947094 10.11589 8.273425 -4.429779 9.485258</float_array>
          <technique_common>
            <accessor source="#geom-NejiA_Mdl__M_Obj_RailKingPilotHouse-positions-array" count="1593" stride="3">
              <param name="X" type="float"/>
              <param name="Y" type="float"/>
              <param name="Z" type="float"/>
            </accessor>
          </technique_common>
        </source>
        <source id="geom-NejiA_Mdl__M_Obj_RailKingPilotHouse-normals">
          <float_array id="geom-NejiA_Mdl__M_Obj_RailKingPilotHouse-normals-array" count="4779">0 0 1 0 0 1 0 0 1 0 0 1 0 0 1 0 0 1 0 0 1 0 0 1 0.5746889 -0.5727815 -0.5845118 0.4066791 -0.7019733 -0.5846757 0.222923 -0.3851919 -0.8955068 0.3150041 -0.3130014 -0.8959925 0.7035275 -0.4045021 -0.5843178 0.5746889 -0.5727815 -0.5845118 0.3853818 -0.2210628 -0.8958862 0.7842784 -0.2072988 -0.5847518 0.7035274 -0.404502 -0.5843177 0.4301963 -0.1134141 -0.8955827 0.8113609 0.001954972 -0.5845425 0.7842783 -0.2072988 -0.5847518 0.444117 0.001955737 -0.8959666 0.7828607 0.2113791 -0.5851905 0.8113608 0.001954971 -0.5845424 0.4301062 0.1153467 -0.8953791 0.7019928 0.4066904 -0.5846443 0.7828608 0.2113791 -0.5851906 0.3851919 0.222923 -0.8955068 0.5727815 0.5746889 -0.5845118 0.7019928 0.4066904 -0.5846443 0.3130014 0.3150041 -0.8959925 0.4045021 0.7035275 -0.5843178 0.5727815 0.5746889 -0.5845118 0.2210628 0.3853818 -0.8958862 0.2072959 0.7842675 -0.5847675 0.404502 0.7035274 -0.5843177 0.1134141 0.4301963 -0.8955827 -0.001954924 0.811341 -0.5845699 0.2072959 0.7842675 -0.5847675 -0.001956124 0.4441202 -0.895965 -0.211382 0.7828717 -0.5851749 -0.001954924 0.811341 -0.5845699 -0.1153442 0.4300971 -0.895384 -0.4066791 0.7019733 -0.5846757 -0.211382 0.7828716 -0.5851748 -0.222923 0.3851919 -0.8955068 -0.5746889 0.5727815 -0.5845118 -0.4066791 0.7019733 -0.5846757 -0.3150041 0.3130014 -0.8959925 -0.7035275 0.4045021 -0.5843178 -0.5746889 0.5727815 -0.5845118 -0.3853818 0.2210628 -0.8958862 -0.7842784 0.2072988 -0.5847518 -0.7035274 0.404502 -0.5843177 -0.4301963 0.1134141 -0.8955827 -0.8113607 -0.001955344 -0.5845427 -0.7842783 0.2072988 -0.5847518 -0.4441171 -0.00195611 -0.8959666 -0.7828607 -0.2113791 -0.5851905 -0.8113606 -0.001955343 -0.5845426 -0.4301062 -0.1153467 -0.8953791 -0.7019928 -0.4066904 -0.5846443 -0.7828608 -0.2113791 -0.5851906 -0.3851919 -0.222923 -0.8955068 -0.5727815 -0.5746889 -0.5845118 -0.7019928 -0.4066904 -0.5846443 -0.3130014 -0.3150041 -0.8959925 -0.4045021 -0.7035275 -0.5843178 -0.5727815 -0.5746889 -0.5845118 -0.2210628 -0.3853818 -0.8958862 -0.2072959 -0.7842675 -0.5847675 -0.404502 -0.7035274 -0.5843177 -0.1134141 -0.4301963 -0.8955827 0.001954924 -0.811341 -0.5845699 -0.2072959 -0.7842675 -0.5847675 0.001956124 -0.4441202 -0.895965 0.211382 -0.7828717 -0.5851749 0.001954924 -0.811341 -0.5845699 0.1153442 -0.4300971 -0.895384 0.4066791 -0.7019733 -0.5846757 0.211382 -0.7828716 -0.5851748 0.260311 -0.4480459 0.8552737 0.1351196 -0.4994754 0.855726 0.2270976 -0.8419251 0.4894781 0.4385358 -0.7537647 0.489413 0.2505374 -0.9296684 0.2700883 0.483736 -0.8324493 0.2702361 0.4854932 -0.8339497 0.2623437 0.211382 -0.7828717 -0.5851749 0.4066791 -0.7019733 -0.5846757 0.2524076 -0.9314309 0.2621586 0.001954924 -0.811341 -0.5845699 0.211382 -0.7828716 -0.5851748 0.001957215 -0.9649971 0.2622533 0.001957093 -0.9628354 0.2700822 0.2270976 -0.8419251 0.4894781 -0.2072959 -0.7842675 -0.5847675 0.001954924 -0.811341 -0.5845699 0.001956076 -0.8722684 0.4890235 0.1351196 -0.4994754 0.855726 0.001958686 -0.5170171 0.8559728 -0.2482869 -0.93259 0.261972 -0.246875 -0.9305617 0.2703846 0.001956076 -0.8722684 0.4890235 -0.4045021 -0.7035275 -0.5843178 -0.2072959 -0.7842675 -0.5847675 -0.2230164 -0.8432426 0.4890865 0.001958686 -0.5170172 0.8559729 -0.1330634 -0.5009727 0.8551728 -0.4809166 -0.8367167 0.2619627 -0.4792677 -0.8351181 0.2699636 -0.2230164 -0.8432426 0.4890865 -0.5727815 -0.5746889 -0.5845118 -0.404502 -0.7035274 -0.5843177 -0.4347679 -0.7558485 0.4895609 -0.1330634 -0.5009727 0.8551728 -0.2584696 -0.4482683 0.8557155 -0.6813846 -0.6832919 0.2623498 -0.6788483 -0.6828533 0.2699564 -0.4347679 -0.7558485 0.4895609 -0.7019928 -0.4066904 -0.5846443 -0.5727815 -0.5746889 -0.5845118 -0.6146641 -0.6185743 0.4894424 -0.2584696 -0.4482683 0.8557155 -0.3660842 -0.3662749 0.8554678 -0.8339602 -0.4854993 0.2622993 -0.8323908 -0.4838128 0.270279 -0.6146641 -0.6185743 0.4894424 -0.7828607 -0.2113791 -0.5851905 -0.7019928 -0.4066904 -0.5846443 -0.753749 -0.4385743 0.4894028 -0.3660842 -0.3662749 0.8554678 -0.4481165 -0.2603444 0.8552265 -0.9314192 -0.2524044 0.262203 -0.9296462 -0.2506268 0.2700819 -0.753749 -0.4385743 0.4894028 -0.8113607 -0.001955344 -0.5845427 -0.7828608 -0.2113791 -0.5851906 -0.8418883 -0.2271611 0.4895121 -0.4481166 -0.2603444 0.8552266 -0.4993387 -0.1350389 0.8558185 -0.9649903 -0.001957946 0.2622784 -0.9628354 -0.001955044 0.2700822 -0.8418883 -0.2271611 0.4895121 -0.7842784 0.2072988 -0.5847518 -0.8113606 -0.001955343 -0.5845426 -0.8723139 -0.002002689 0.4889421 -0.4993387 -0.1350389 0.8558185 -0.5170869 -0.002002734 0.8559305 -0.93259 0.2482869 0.261972 -0.9305865 0.2468562 0.2703164 -0.8723139 -0.002002689 0.4889421 -0.7035275 0.4045021 -0.5843178 -0.7842783 0.2072988 -0.5847518 -0.8432106 0.223057 0.4891232 -0.517087 -0.002002735 0.8559306 -0.5009711 0.1330869 0.8551701 -0.8367167 0.4809166 0.2619627 -0.8351362 0.4792234 0.2699864 -0.8432106 0.223057 0.4891232 -0.5746889 0.5727815 -0.5845118 -0.7035274 0.404502 -0.5843177 -0.7558894 0.4347366 0.4895256 -0.5009711 0.1330869 0.8551701 -0.4484207 0.2584475 0.8556423 -0.6832919 0.6813846 0.2623498 -0.6828024 0.6788925 0.269974 -0.7558894 0.4347366 0.4895256 -0.4066791 0.7019733 -0.5846757 -0.5746889 0.5727815 -0.5845118 -0.6186032 0.6146928 0.4893699 -0.4484207 0.2584475 0.8556423 -0.36605 0.36605 0.8555787 -0.4854932 0.8339497 0.2623437 -0.4838128 0.8323908 0.270279 -0.6186032 0.6146928 0.4893699 -0.211382 0.7828717 -0.5851749 -0.4066791 0.7019733 -0.5846757 -0.4385358 0.7537647 0.489413 -0.36605 0.36605 0.8555787 -0.2603212 0.4481587 0.8552116 -0.2524076 0.9314309 0.2621586 -0.2505374 0.9296684 0.2700883 -0.4385358 0.7537647 0.489413 -0.001954924 0.811341 -0.5845699 -0.211382 0.7828716 -0.5851748 -0.2271264 0.8419367 0.4894448 -0.2603212 0.4481587 0.8552116 -0.1351105 0.4992508 0.8558585 -0.001957215 0.9649971 0.2622533 -0.001957093 0.9628354 0.2700822 -0.2271264 0.8419367 0.4894448 0.2072959 0.7842675 -0.5847675 -0.001954924 0.811341 -0.5845699 -0.001955568 0.8722327 0.4890873 -0.1351105 0.4992508 0.8558585 -0.00195843 0.5170448 0.8559561 0.2482869 0.93259 0.261972 0.2468467 0.9305505 0.270449 -0.001955568 0.8722327 0.4890873 0.4045021 0.7035275 -0.5843178 0.2072959 0.7842675 -0.5847675 0.2230447 0.8432544 0.4890532 -0.00195843 0.5170448 0.8559561 0.1330634 0.5009727 0.8551728 0.4809166 0.8367167 0.2619627 0.4792234 0.8351362 0.2699864 0.2230447 0.8432544 0.4890532 0.5727815 0.5746889 -0.5845118 0.404502 0.7035274 -0.5843177 0.4347163 0.7558541 0.4895982 0.1330634 0.5009727 0.8551728 0.2584053 0.4483475 0.8556935 0.6813846 0.6832919 0.2623498 0.67891 0.68282 0.2698855 0.4347163 0.7558541 0.4895982 0.7019928 0.4066904 -0.5846443 0.5727815 0.5746889 -0.5845118 0.6146641 0.6185743 0.4894424 0.2584053 0.4483475 0.8556935 0.3661695 0.3661695 0.8554764 0.8339602 0.4854993 0.2622993 0.8323693 0.4838004 0.2703674 0.6146641 0.6185743 0.4894424 0.7828607 0.2113791 -0.5851905 0.7019928 0.4066904 -0.5846443 0.7537296 0.4385154 0.4894856 0.3661695 0.3661695 0.8554764 0.4481587 0.2603212 0.8552116 0.9314192 0.2524044 0.262203 0.9296924 0.2505439 0.2699999 0.7537296 0.4385154 0.4894856 0.8113609 0.001954972 -0.5845425 0.7828608 0.2113791 -0.5851906 0.8419367 0.2271264 0.4894448 0.4481587 0.2603212 0.8552116 0.4993323 0.1351325 0.8558075 0.9649895 0.001957944 0.2622811 0.9628354 0.001955044 0.2700822 0.8419367 0.2271264 0.4894448 0.7842784 -0.2072988 -0.5847518 0.8113608 0.001954971 -0.5845424 0.8723141 0.001907323 0.4889422 0.4993323 0.1351325 0.8558075 0.517087 0.001907366 0.8559307 0.93259 -0.2482869 0.261972 0.9305853 -0.2468083 0.2703637 0.8723141 0.001907323 0.4889422 0.7035275 -0.4045021 -0.5843178 0.7842783 -0.2072988 -0.5847518 0.8367167 -0.4809166 0.2619627 0.8351278 -0.4792663 0.269936 0.8432106 -0.223057 0.4891232 0.517087 0.001907366 0.8559307 0.5009744 -0.13304 0.8551755 0.8432106 -0.223057 0.4891232 0.755905 -0.4346979 0.4895358 0.5009744 -0.13304 0.8551755 0.4484207 -0.2584475 0.8556423 -0.7472796 0.6201582 0.2386984 -0.7381955 0.6323302 0.2350018 -0.8140413 0.5576356 -0.1624172 -0.8239457 0.5440521 -0.1584951 -0.7632195 0.3718347 -0.5284268 -0.7750593 0.3581085 -0.5206164 -0.5972726 0.1055693 -0.7950602 -0.6082309 0.09393343 -0.7881826 -0.3423228 -0.1935013 -0.9194413 -0.3542792 -0.2056059 -0.9122569 -0.04305796 -0.4755926 -0.8786113 -0.05669312 -0.4867311 -0.8717102 0.2466784 -0.6891544 -0.681334 0.2346003 -0.6999862 -0.6745235 0.4809377 -0.7995601 -0.3597258 0.4675744 -0.8099348 -0.3540902 0.6142837 -0.7884651 0.03127922 0.6030235 -0.7969428 0.03528405 0.6286001 -0.6539233 0.4210061 0.6168515 -0.6637734 0.4229648 0.5184298 -0.4225832 0.743407 0.5068755 -0.4324892 0.7456744 0.3033103 -0.1351331 0.9432613 0.2916839 -0.1448644 0.9454812 0.01955096 0.1625114 0.9865129 0.009775588 0.1525946 0.9882405 -0.2816142 0.4165563 0.8643925 -0.291456 0.4049484 0.8666431 -0.5495882 0.5828706 0.5985104 -0.5593826 0.5693001 0.6024854 -0.7381955 0.6323303 0.2350018 -0.7472796 0.6201582 0.2386984 0.7652258 -0.5852681 0.2681247 0.7652258 -0.5852681 0.2681247 0.8351713 -0.4791959 0.2699262 0.835166 -0.4791928 0.2699483 0.9305634 -0.2468978 0.2703574 0.9305853 -0.2468082 0.2703637 0.9554265 -0.1233385 0.2682309 0.9554237 -0.123362 0.2682301 0.4385358 -0.7537647 0.489413 0.3661353 -0.3659445 0.8555873 0.260311 -0.4480459 0.8552737 0.6186106 -0.6146048 0.4894711 0.6828024 -0.6788925 0.269974 0.6832919 -0.6813846 0.2623498 0.4066791 -0.7019733 -0.5846757 0.5746889 -0.5727815 -0.5845118 0.8367167 -0.4809166 0.2619627 0.5746889 -0.5727815 -0.5845118 0.7035274 -0.404502 -0.5843177 0.8351278 -0.4792663 0.269936 0.755905 -0.4346979 0.4895358 0.6186106 -0.6146048 0.4894711 0.4484207 -0.2584475 0.8556423 0.3661353 -0.3659445 0.8555873 0.2052567 -0.9402375 0.2717047 0.1370034 -0.9530632 0.2700012 0.2052285 -0.9402176 0.2717943 0.1331408 -0.9535498 0.2702154 0.00195808 -0.9633397 0.2682779 0.00195844 -0.963326 0.2683271 -0.1290406 -0.954228 0.26981 -0.1350638 -0.9532908 0.2701753 -0.2033915 -0.940608 0.2718245 -0.2033732 -0.9406189 0.2718001 -0.08602444 0.5085647 0.8567157 -0.3723144 0.8091925 0.4545211 -0.215258 0.4678069 0.8572169 -0.148673 0.8785442 0.4539344 0.04701484 0.5127764 0.8572339 0.08220468 0.8870381 0.4543191 0.1799655 0.4831983 0.856815 0.3091701 0.835627 0.454028 0.2974449 0.4207048 0.8570496 0.5151569 0.7267221 0.4544099 0.3971166 0.3286894 0.8568907 0.6850821 0.5695984 0.4541148 0.4677687 0.2152403 0.8572421 0.8092069 0.3722733 0.4545292 0.5086 0.08602236 0.8566949 0.8785333 0.1486793 0.4539534 0.5127786 -0.04691968 0.8572378 0.8870279 -0.08220815 0.4543383 0.4832348 -0.1799614 0.8567953 0.835588 -0.3092687 0.4540327 0.4206775 -0.297364 0.8570911 0.7266997 -0.5151747 0.4544257 0.3286344 -0.3972032 0.8568717 0.5696356 -0.6850314 0.4541444 0.2152403 -0.4677687 0.8572421 0.3723144 -0.8091925 0.4545211 0.08602236 -0.5086 0.8566949 0.1486793 -0.8785333 0.4539534 -0.04701484 -0.5127764 0.8572339 -0.0822012 -0.8870482 0.4542999 -0.1799614 -0.4832348 0.8567953 -0.3091824 -0.8356125 0.4540461 -0.297439 -0.4207441 0.8570324 -0.5151747 -0.7266997 0.4544257 -0.3971104 -0.3287319 0.8568773 -0.6850821 -0.5695984 0.4541148 -0.4677591 -0.2153313 0.8572246 -0.8091925 -0.3723144 0.4545211 -0.5086 -0.08602236 0.8566949 -0.8785333 -0.1486793 0.4539534 -0.5127764 0.04701484 0.8572339 -0.8870279 0.08220815 0.4543383 -0.4832348 0.1799614 0.8567953 -0.8356003 0.3092255 0.4540394 -0.4206656 0.2974509 0.8570668 -0.7266997 0.5151747 0.4544257 -0.3286138 0.3971306 0.8569133 -0.5695984 0.6850821 0.4541148 -0.215258 0.4678069 0.8572169 -0.3723144 0.8091925 0.4545211 -0.3971804 0.3286698 0.8568687 -0.8098712 0.3716492 0.4538564 -0.4677547 0.2152421 0.8572492 -0.6858397 0.5682886 0.4546118 -0.2973805 0.4205998 0.8571235 -0.5151393 0.7266748 0.4545055 -0.1799581 0.4831942 0.8568188 -0.3092119 0.8356442 0.4539679 -0.04697791 0.5128613 0.8571851 -0.08224725 0.8870637 0.4542614 0.08606378 0.5085981 0.8566918 0.1487062 0.8785297 0.4539515 0.2152816 0.4677643 0.8572342 0.3716631 0.8098242 0.4539288 0.3286492 0.3970861 0.8569202 0.568236 0.685837 0.4546817 0.4206263 0.2973978 0.8571045 0.7266709 0.5151501 0.4544994 0.4832423 0.1799797 0.8567871 0.8355801 0.3091659 0.4541173 0.5127676 0.04701512 0.8572391 0.8870355 0.08220555 0.4543239 0.5085276 -0.08601715 0.8567384 0.878498 -0.1486713 0.4540244 0.4677548 -0.2152421 0.8572493 0.809801 -0.371617 0.4540078 0.397118 -0.3286157 0.8569183 0.6858397 -0.5682886 0.4546118 0.2974291 -0.4206685 0.8570728 0.5151839 -0.7267378 0.4543542 0.1799596 -0.4831942 0.8568186 0.3091865 -0.8355715 0.4541191 0.04697065 -0.5127774 0.8572358 0.08224048 -0.8869869 0.4544126 -0.08607783 -0.5086813 0.8566411 -0.1487055 -0.8785298 0.4539516 -0.2152801 -0.4677645 0.8572344 -0.3716953 -0.8098943 0.4537774 -0.3287029 -0.3971511 0.8568696 -0.5682832 -0.6858978 0.4545312 -0.420695 -0.2974464 0.8570539 -0.7267339 -0.5151948 0.454348 -0.4832423 -0.1799797 0.8567871 -0.8356524 -0.3091927 0.4539658 -0.5127676 -0.04701512 0.8572391 -0.8869587 -0.08219843 0.4544753 -0.5085276 0.08601715 0.8567384 -0.878498 0.1486713 0.4540244 -0.4677547 0.2152422 0.8572493 -0.8098712 0.3716492 0.4538564 -0.2387878 0.4560714 0.8573093 -0.6029851 0.6558166 0.4542176 -0.3499976 0.3793706 0.8564926 -0.4132209 0.7892013 0.4543236 -0.1134901 0.5028376 0.8568982 -0.1957846 0.8691579 0.4541288 0.0215519 0.5146707 0.8571171 0.03719159 0.8902618 0.4539282 0.1544908 0.4927016 0.8563747 0.2663547 0.8500367 0.4544147 0.2757073 0.436163 0.8565904 0.4762512 0.752618 0.4546988 0.3793643 0.3500394 0.8564784 0.6558166 0.602985 0.4542176 0.4560336 0.238793 0.8573279 0.7891833 0.4132364 0.4543407 0.502802 0.1134929 0.8569188 0.8691579 0.1957846 0.4541288 0.5146707 -0.0215519 0.8571171 0.8902519 -0.03719317 0.4539474 0.4926728 -0.1544013 0.8564075 0.8500235 -0.2663655 0.4544331 0.4361244 -0.2757131 0.8566083 0.752618 -0.4762512 0.4546988 0.3499976 -0.3793706 0.8564927 0.602985 -0.6558166 0.4542176 0.238793 -0.4560336 0.8573279 0.4132053 -0.7892193 0.4543065 0.1134874 -0.5028731 0.8568776 0.1957846 -0.8691579 0.4541288 -0.0215519 -0.5146707 0.8571171 -0.03719317 -0.8902519 0.4539474 -0.1544872 -0.4927377 0.8563547 -0.2663439 -0.85005 0.4543962 -0.2757131 -0.4361244 0.8566083 -0.4762512 -0.752618 0.4546988 -0.379358 -0.3500813 0.8564641 -0.6558166 -0.602985 0.4542176 -0.4560336 -0.238793 0.8573279 -0.7891833 -0.4132364 0.4543407 -0.502802 -0.1134929 0.8569188 -0.8691742 -0.1956929 0.4541373 -0.5146707 0.0215519 0.8571171 -0.8902519 0.03719317 0.4539474 -0.4926655 0.1544944 0.8563949 -0.8500127 0.2664098 0.4544273 -0.436113 0.2758012 0.8565857 -0.752618 0.4762512 0.4546988 -0.3499976 0.3793706 0.8564926 -0.6029851 0.6558166 0.4542176 0.3090796 0.4127578 0.8567967 0.3328906 0.8262897 0.4543449 0.1918359 0.4776107 0.8573722 0.5345359 0.7126948 0.454244 0.4050009 0.3188315 0.8569252 0.7008272 0.5500854 0.4541447 0.4736614 0.2015996 0.8573229 0.8200449 0.348379 0.4540467 0.5105641 0.07228974 0.8567955 0.8822366 0.1252163 0.4538497 0.5123379 -0.06265642 0.8564953 0.8844866 -0.1077654 0.4539496 0.4776376 -0.1916964 0.8573884 0.8263236 -0.3328302 0.4543275 0.4127442 -0.3091767 0.8567684 0.7127001 -0.5345355 0.454236 0.3189003 -0.40503 0.8568859 0.5500369 -0.7008928 0.4541022 0.2015879 -0.4737447 0.8572795 0.348367 -0.8200545 0.4540388 0.07237677 -0.5105917 0.8567717 0.1251958 -0.8822388 0.4538509 -0.06257398 -0.5123932 0.8564682 -0.1076133 -0.884531 0.453899 -0.1918359 -0.4776107 0.8573722 -0.3328381 -0.8263502 0.4542733 -0.3090796 -0.4127578 0.8567967 -0.5345339 -0.7126958 0.4542447 -0.4049762 -0.3190028 0.856873 -0.7008272 -0.5500854 0.4541447 -0.4736614 -0.2015996 0.8573229 -0.8200449 -0.348379 0.4540467 -0.5105571 -0.07247946 0.8567836 -0.8822366 -0.1252163 0.4538497 -0.512344 0.06246644 0.8565055 -0.8844866 0.1077654 0.4539496 -0.4776201 0.1918801 0.857357 -0.8262711 0.3329997 0.4542986 -0.4127685 0.3090042 0.8568189 -0.7126275 0.5346717 0.4541897 -0.3189003 0.40503 0.8568859 -0.5501125 0.7007945 0.4541622 -0.2015894 0.4737446 0.8572793 -0.348367 0.8200545 0.4540388 -0.07238419 0.5104507 0.8568552 -0.1251958 0.8822388 0.4538509 0.06257974 0.5122526 0.8565519 0.1076318 0.8844895 0.4539756 0.1918359 0.4776107 0.8573722 0.3328906 0.8262897 0.4543449 -0.02741802 -0.1703732 -0.9849981 0.1251703 0.4693529 -0.8740941 0.3462907 0.2366621 -0.9077851 -0.3095133 0.1274102 -0.9423206 -0.04305924 0.6945747 -0.7181309 0.1251703 0.4693528 -0.8740939 -0.524775 0.4170543 -0.7420762 -0.1292317 0.8752468 -0.4660925 -0.04305924 0.6945747 -0.7181309 -0.6361985 0.6479288 -0.4188554 -0.1193057 0.9798138 -0.1604095 -0.1292317 0.8752468 -0.4660925 -0.6220739 0.7824799 -0.02737011 -0.01368569 0.9896614 0.1427699 -0.1193057 0.9798138 -0.1604095 -0.4873268 0.7946001 0.3621095 0.170137 0.9036146 0.3931081 -0.01368569 0.9896613 0.1427699 -0.2525404 0.6851399 0.6832325 0.397341 0.7360321 0.5480664 0.170137 0.9036146 0.3931081 0.03909966 0.4693867 0.8821266 0.6303176 0.5167288 0.5793886 0.397341 0.7360321 0.5480664 0.3386588 0.1879742 0.9219414 0.829091 0.2816086 0.4830165 0.6303176 0.5167288 0.5793886 0.5924934 -0.1115753 0.7978111 0.9588559 0.07429369 0.2739997 0.8290908 0.2816086 0.4830165 0.7591053 -0.3776453 0.5302293 0.9974717 -0.07038284 -0.009823079 0.9588559 0.07429369 0.2739997 0.8090781 -0.5641803 0.1646003 0.9381399 -0.1293197 -0.3212011 0.9974717 -0.07038284 -0.009823079 0.7320766 -0.6401498 -0.2329638 0.7910901 -0.09012418 -0.6050242 0.9381399 -0.1293197 -0.3212011 0.5442647 -0.5892784 -0.5970986 0.5815457 0.039148 -0.8125713 0.7910901 -0.09012418 -0.6050242 0.2759982 -0.4227712 -0.8631858 0.3462907 0.2366621 -0.9077851 0.5815457 0.039148 -0.8125713 -0.02741802 -0.1703732 -0.9849981 -0.1977884 -0.3427443 -0.9183715 0.1037572 -0.5951736 -0.7968707 -0.08422277 -0.9596436 -0.2683111 -0.2914819 -0.8312384 -0.4733719 0.3719857 -0.7616146 -0.5306315 -0.2914819 -0.8312384 -0.473372 -0.522595 -0.6361736 -0.5676069 0.06065791 -0.9980897 0.01173101 -0.08422276 -0.9596435 -0.268311 0.5602822 -0.8109761 -0.1685281 0.1173074 -0.9405575 0.3187328 0.06065791 -0.9980897 0.01173101 0.6362973 -0.7360525 0.230982 0.0802466 -0.7967443 0.5989649 0.1173074 -0.9405575 0.3187328 0.5868074 -0.5496134 0.5946277 -0.04892556 -0.5926383 0.8039814 0.0802466 -0.7967443 0.5989649 0.4209253 -0.2839863 0.861495 -0.2444701 -0.361913 0.8995852 0.1662809 0.01564099 0.9859544 -0.1330826 0.2976357 0.9453582 -0.4734123 -0.1467731 0.8685266 -0.4246339 0.5108005 0.7475084 -0.4734123 -0.1467731 0.8685266 -0.697129 0.01955013 0.7166792 -0.6577848 0.6206398 0.4267614 -0.697129 0.01955013 0.7166792 -0.8767237 0.1036657 0.4696904 -0.7925858 0.6086251 0.0371927 -0.8767237 0.1036657 0.4696904 -0.9807063 0.09593918 0.1703254 -0.8061391 0.475501 -0.3521912 -0.9807063 0.09593918 0.1703254 -0.9913469 -0.007820148 -0.1310352 -0.6963108 0.244517 -0.6748058 -0.9913469 -0.007820148 -0.1310352 -0.9062238 -0.1858701 -0.3797509 -0.4816609 -0.04501415 -0.8752009 -0.9062238 -0.1858701 -0.3797509 -0.7403613 -0.4073275 -0.5347425 -0.1977884 -0.3427443 -0.9183715 -0.522595 -0.6361736 -0.5676069 0.04110552 -0.09975956 -0.9941622 -0.3701721 -0.5052614 -0.7795407 -0.6320929 -0.230979 -0.739667 -0.2369864 0.193976 -0.951951 -0.8317679 0.0371921 -0.5538762 -0.2720922 -0.4130499 -0.869112 -0.4482796 0.4776055 -0.7556046 -0.9330692 0.2524296 -0.2562442 -0.5477523 -0.1232169 -0.8275175 -0.7403613 -0.4073275 -0.5347425 -0.522595 -0.6361736 -0.5676069 -0.7586018 0.160313 -0.6315244 -0.9062238 -0.1858701 -0.3797509 -0.8659811 0.3869998 -0.3167142 -0.991347 -0.007820148 -0.1310352 -0.5575783 0.7062117 -0.4363158 -0.9198264 0.3778293 0.1056625 -0.8528376 0.5181689 0.06456845 -0.9807063 0.09593917 0.1703254 -0.542571 0.8383409 -0.05292678 -0.7940278 0.3910293 0.4654202 -0.7204982 0.5306826 0.4463837 -0.8767236 0.1036657 0.4696904 -0.4090251 0.8512414 0.3287652 -0.5757762 0.2917266 0.7637915 -0.4909115 0.4243917 0.7608532 -0.697129 0.01955013 0.7166792 -0.1778894 0.7430255 0.6451887 -0.3054602 0.0919337 0.9477564 -0.2054189 0.2152416 0.9547116 -0.4734123 -0.1467731 0.8685266 0.1076734 0.5323588 0.839643 -0.02737131 -0.1682334 0.9853672 0.08611977 -0.06075116 0.9944308 -0.2444701 -0.361913 0.8995851 0.4030733 0.2563495 0.8785311 0.2092254 -0.4459152 0.8702784 0.336503 -0.3540029 0.8726096 -0.04892556 -0.5926383 0.8039815 0.08024661 -0.7967443 0.5989649 0.6517485 -0.03929183 0.7574168 0.3634848 -0.6939775 0.6215094 0.4991402 -0.6147225 0.6107171 0.1173074 -0.9405575 0.3187328 0.8165392 -0.2996457 0.4934331 0.409107 -0.8672306 0.2838001 0.5458843 -0.7983224 0.2543454 0.06065791 -0.9980897 0.01173101 0.8649572 -0.4833346 0.1350438 0.3366694 -0.9376773 -0.08611032 0.4717493 -0.8710171 -0.1370472 -0.08422276 -0.9596435 -0.268311 0.7890583 -0.5582051 -0.2565036 0.1604151 -0.8920109 -0.4225917 0.2859086 -0.822589 -0.4915319 0.6029277 -0.5108959 -0.6127508 -0.08997545 -0.739544 -0.6670676 0.02345983 -0.6594501 -0.7513822 -0.2720922 -0.4130499 -0.869112 0.04110552 -0.09975956 -0.9941622 0.3383624 -0.3481852 -0.87423 -0.3701721 -0.5052614 -0.7795407 -0.0528698 0 0.9986014 -0.04699434 -0.0117307 0.9988263 -0.04699106 -0.02565316 0.998566 -0.04895994 -0.01173071 0.9987319 -0.04893981 0.02937223 0.9983698 -0.02936007 -0.04911226 0.9983616 -0.037146 0.02145789 0.9990795 -0.02150552 -0.03719358 0.9990766 0.01175463 -0.04883058 0.9987379 0 -0.05273904 0.9986084 0.01173069 -0.04701813 0.9988252 0.02546252 -0.04701507 0.9985696 0.04892183 -0.02946754 0.9983678 0.03714592 -0.02155321 0.9990773 0 0 1 0.04897325 0.01182606 0.9987301 0.05288168 0 0.9986008 0.02150559 0.03709834 0.9990802 0.04701813 0.01173069 0.9988252 0.0469675 0.02546258 0.9985719 0.02937226 0.04892197 0.9983706 -0.01175457 0.04892573 0.9987333 0 0.05283414 0.9986034 -0.02545359 0.04701509 0.9985699 -0.01175453 0.04701811 0.9988249 0.0293742 0.04110482 0.998723 0.01764213 0.04501127 0.9988307 0.005865082 0.05092608 0.9986852 0.01764377 0.04506315 0.9988284 0.05092483 0.02155246 0.99847 -0.02152862 0.05092485 0.9984704 0.03910108 0.01759549 0.9990804 -0.01759549 0.03910108 0.9990804 -0.04503936 0.01764379 0.9988294 -0.04112862 0.02937418 0.998722 -0.04504716 0.01764379 0.9988291 -0.05091418 0.005912768 0.9986855 -0.0509011 -0.02150482 0.9984722 -0.03910108 -0.01759549 0.9990804 0 0 1 -0.01764542 -0.04511504 0.998826 -0.0293742 -0.04110482 0.998723 0.01759549 -0.03910108 0.9990804 -0.0176199 -0.04511076 0.9988266 -0.005865082 -0.05092608 0.9986852 0.02155256 -0.05082971 0.9984748 0.04501557 -0.01764381 0.9988305 0.04110482 -0.0293742 0.998723 0.05093093 -0.005865641 0.998685 0.04501556 -0.01764381 0.9988305 0 -0.04110297 0.9991549 0.001955051 -0.04711195 0.9988877 0.003909997 -0.04110266 0.9991473 0 -0.03318781 0.9994492 -0.01954986 -0.01954986 0.9996178 0.01954986 -0.01954986 0.9996178 -0.01368587 -0.015641 0.9997841 0.01566483 -0.01373355 0.999783 0.03325926 0 0.9994468 0.04105536 0 0.9991569 0.04700787 0.002002744 0.9988926 0.04105505 0.003910005 0.9991493 0.01954986 0.01954986 0.9996178 0.01368587 0.015641 0.9997841 0 0 1 0 0.03328308 0.999446 0 0.04110297 0.9991549 -0.01564099 0.01373355 0.9997834 -0.001955059 0.04701679 0.9988922 -0.003909997 0.04110266 0.9991473 -0.01954986 0.01954986 0.9996178 -0.03323544 0 0.9994476 -0.04110297 0 0.9991549 -0.04110266 -0.003909997 0.9991473 -0.04701678 -0.002002743 0.9988921 -0.01954983 0.03909966 0.9990441 -0.02350583 0.04109944 0.9988785 -0.02346347 0.03519521 0.999105 -0.01759958 0.03127754 0.9993559 0.007820811 0.02937573 0.9995378 -0.02934631 0.007819327 0.9995388 0.005865737 0.02155539 0.9997505 -0.02151852 0.005864623 0.9997513 -0.03129543 -0.01759697 0.9993554 -0.03909966 -0.01954983 0.9990441 -0.04113108 -0.02351028 0.998877 -0.03519185 -0.02346123 0.9991052 -0.007823045 -0.02937293 0.9995379 -0.005865184 -0.02150567 0.9997516 0 0 1 0.01759362 -0.03127756 0.999356 0.01954983 -0.03909966 0.9990441 0.02153156 -0.00586574 0.999751 0.02350807 -0.04110336 0.9988783 0.02346123 -0.03519185 0.9991052 0.02932249 -0.007819331 0.9995394 0.03128051 0.01764297 0.999355 0.03909966 0.01954983 0.9990441 0.03519185 0.02346123 0.9991052 0.04115101 0.02346037 0.9988775 -0.01368491 -0.03909975 0.9991416 -0.01175155 -0.04701811 0.9988249 -0.007819845 -0.04100651 0.9991283 -0.009778592 -0.03318939 0.9994013 -0.02348396 -0.01373275 0.9996299 0.01368506 -0.02355546 0.9996289 -0.01760659 -0.009822498 0.9997968 0.00978675 -0.01754701 0.9997982 0.03326083 -0.009823271 0.9993985 0.03909978 -0.01363724 0.9991423 0.04701807 -0.01182605 0.9988241 0.04105411 -0.00781983 0.9991263 0.02346015 0.01368509 0.9996311 0.01761851 0.00977482 0.999797 0 0 1 0.009775596 0.03323703 0.9993997 0.01368491 0.03909975 0.9991416 -0.009782265 0.01764235 0.9997966 0.01175453 0.04701811 0.9988249 0.00781983 0.04105411 0.9991263 -0.01369104 0.02346014 0.999631 -0.03324895 0.009727911 0.9993998 -0.03909975 0.01368491 0.9991416 -0.04105411 0.00781983 0.9991263 -0.0470181 0.01177837 0.9988247 -0.01959636 0.04500964 0.9987943 -0.02546244 0.04501226 0.9986619 -0.02737037 0.04110323 0.99878 -0.0215076 0.03714949 0.9990782 0.009774942 0.03518979 0.9993328 -0.03518644 0.009774012 0.9993331 0.007819766 0.02736918 0.9995949 -0.02736918 0.007819766 0.9995949 -0.03719354 -0.02155318 0.9990757 -0.04500964 -0.01959636 0.9987943 -0.04501232 -0.02541479 0.9986631 -0.04110323 -0.02737037 0.99878 -0.009774942 -0.03518979 0.9993328 -0.007819766 -0.02736918 0.9995949 0 0 1 0.02150351 -0.03714242 0.9990786 0.01959822 -0.04501393 0.9987941 0.02736918 -0.007819766 0.9995949 0.02546234 -0.04510744 0.9986576 0.02741802 -0.04110318 0.9987787 0.03518979 -0.009774942 0.9993328 0.03714949 0.0215076 0.9990782 0.04505391 0.01960006 0.9987923 0.04113089 0.0274206 0.9987774 0.04503605 0.02546242 0.9986607 0.3661353 -0.3659445 0.8555873 0.005913006 -0.005817635 0.9999655 0.260311 -0.4480459 0.8552737 0.003910252 -0.005817692 0.9999754 0.1351196 -0.4994754 0.855726 0.260311 -0.4480459 0.8552737 0.001955112 -0.007725076 0.9999682 0.001958686 -0.5170172 0.8559729 0.1351196 -0.4994754 0.855726 0 -0.007725091 0.9999701 -0.1330634 -0.5009727 0.8551728 0.001958686 -0.5170171 0.8559728 -0.001955109 -0.007915807 0.9999667 -0.2584696 -0.4482683 0.8557155 -0.1330634 -0.5009727 0.8551728 -0.003910202 -0.007725033 0.9999625 -0.3660842 -0.3662749 0.8554678 -0.2584696 -0.4482683 0.8557155 -0.005865316 -0.006008372 0.9999648 -0.4481166 -0.2603444 0.8552266 -0.3660842 -0.3662749 0.8554678 -0.005913061 -0.00391025 0.9999748 -0.4993387 -0.1350389 0.8558185 -0.4481165 -0.2603444 0.8552265 -0.007820442 -0.001907425 0.9999676 -0.517087 -0.002002735 0.8559306 -0.4993387 -0.1350389 0.8558185 -0.007820456 0 0.9999694 -0.5009711 0.1330869 0.8551701 -0.5170869 -0.002002734 0.8559305 -0.007820442 0.001955111 0.9999675 -0.4484207 0.2584475 0.8556423 -0.5009711 0.1330869 0.8551701 -0.007820398 0.003910199 0.9999617 -0.36605 0.36605 0.8555787 -0.4484207 0.2584475 0.8556423 -0.005913568 0.005865878 0.9999653 -0.2603212 0.4481587 0.8552116 -0.36605 0.36605 0.8555787 -0.003910623 0.005913625 0.9999748 -0.1351105 0.4992508 0.8558585 -0.2603212 0.4481587 0.8552116 -0.001954924 0.007819696 0.9999675 -0.00195843 0.5170448 0.8559561 -0.1351105 0.4992508 0.8558585 0 0.007819712 0.9999695 0.1330634 0.5009727 0.8551728 -0.00195843 0.5170448 0.8559561 0.001955297 0.007821187 0.9999675 0.2584053 0.4483475 0.8556935 0.1330634 0.5009727 0.8551728 0.003909826 0.007819652 0.9999618 0.3661695 0.3661695 0.8554764 0.2584053 0.4483475 0.8556935 0.005865878 0.005913568 0.9999653 0.4481587 0.2603212 0.8552116 0.3661695 0.3661695 0.8554764 0.005913061 0.00391025 0.9999748 0.4993323 0.1351325 0.8558075 0.4481587 0.2603212 0.8552116 0.007820442 0.001955111 0.9999675 0.517087 0.001907366 0.8559307 0.4993323 0.1351325 0.8558075 0.007820456 0 0.9999694 0.5009744 -0.13304 0.8551755 0.517087 0.001907366 0.8559307 0.007820441 -0.002002796 0.9999674 0.4484207 -0.2584475 0.8556423 0.5009744 -0.13304 0.8551755 0.007820398 -0.003910199 0.9999617 0.3661353 -0.3659445 0.8555873 0.4484207 -0.2584475 0.8556423 0 0 1 0.3033104 -0.1351331 0.9432614 -0.632093 -0.230979 -0.739667 -0.3701721 -0.5052613 -0.7795407 -0.8317679 0.0371921 -0.5538762 0.01955096 0.1625114 0.9865129 0.5184298 -0.4225832 0.743407 -0.08997545 -0.739544 -0.6670676 -0.9330692 0.2524296 -0.2562442 -0.2816142 0.4165563 0.8643925 0.6286001 -0.6539233 0.4210061 0.1604151 -0.8920109 -0.4225917 -0.9198264 0.3778293 0.1056625 -0.5495882 0.5828706 0.5985104 0.6142837 -0.7884651 0.03127922 0.3366694 -0.9376773 -0.08611032 -0.7940278 0.3910293 0.4654202 -0.7381956 0.6323304 0.2350018 0.4809377 -0.7995601 -0.3597258 0.409107 -0.8672306 0.2838001 -0.5757762 0.2917266 0.7637915 -0.8140413 0.5576356 -0.1624172 0.2466784 -0.6891544 -0.681334 0.3634848 -0.6939775 0.6215094 -0.3054602 0.0919337 0.9477564 -0.7632195 0.3718347 -0.5284268 -0.04305796 -0.4755926 -0.8786113 0.2092254 -0.4459152 0.8702784 -0.02737131 -0.1682334 0.9853672 -0.5972726 0.1055693 -0.7950602 -0.3423229 -0.1935014 -0.9194414 -0.7404228 0.3153759 -0.593559 -0.920163 0.3915354 9.53685e-5 -0.6595942 0.7516218 9.53653e-5 -0.9988941 -0.04701688 0 -0.5143893 0.6161514 -0.5964571 -0.800373 -0.05674375 -0.5968108 -0.2544886 0.9670758 -9.53677e-5 -0.8744361 -0.4851409 0 -0.170219 0.8041775 -0.5694947 -0.6982326 -0.4342079 -0.5691528 0.1252201 0.992129 0 -0.6277953 -0.7783785 0 0.1311205 0.8531413 -0.5049331 -0.5240099 -0.6862818 -0.5044114 0.3915758 0.9201459 -9.53667e-5 -0.3915586 -0.9201533 0 0.3447714 0.8090445 -0.4760039 -0.3447581 -0.8090611 -0.4759856 0.5240099 0.6862818 -0.5044114 -0.1311321 -0.8531694 -0.5048825 0.6277953 0.7783785 0 -0.1252201 -0.992129 0 0.6982326 0.4342079 -0.5691528 0.1702282 -0.8042212 -0.5694302 0.8744361 0.4851409 0 0.2544886 -0.9670758 -9.53677e-5 0.800373 0.05674375 -0.5968108 0.5143752 -0.6160868 -0.596536 0.9988941 0.04701687 -1.90738e-4 0.659618 -0.7516011 0 0.7405066 -0.3154116 -0.5934353 0.9201459 -0.3915758 0 -0.1487877 0.7204556 -0.6773523 0.0704486 0.8768525 -0.4755697 0.04694504 0.7237499 -0.6884637 0.2777067 0.6063129 -0.7451603 -0.2092655 0.8702509 -0.44595 -0.3972377 0.4559614 -0.7964305 0.3795675 0.7688869 -0.5145304 0.4896291 0.1664124 -0.8559033 0.08029861 0.9967709 0 -0.5657865 0.5383448 -0.6245562 -0.5071919 0.1018484 -0.855794 -0.2623002 0.9649863 0 -0.7202467 0.1213087 -0.6830292 -0.7451846 0.6668584 0 -0.7048727 -0.3288436 -0.6285033 -0.5164579 -0.2837157 -0.807946 -0.987693 0.1564058 0 -0.442152 -0.7689683 -0.4617243 -0.336459 -0.6338676 -0.6964246 -0.9134967 -0.4068462 0 -0.5222445 -0.8527958 0 -0.1428768 -0.8690382 -0.4736654 -0.1038087 -0.7168855 -0.6894194 0.1311848 -0.6951065 -0.7068362 -0.7202384 0.1214027 0.6830213 0.1837495 -0.8562102 -0.4828461 0.3971365 -0.4597556 -0.7942968 -0.1662931 -0.9860764 0 0.5557716 -0.5577862 -0.6164353 0.4909693 -0.177962 -0.8528063 0.2291603 -0.9733887 0 0.6961474 -0.2287927 -0.680465 0.71773 -0.6963216 0 0.707376 0.1861588 -0.6818829 0.9496883 -0.313197 0 0.4836366 0.8752689 0 0.9714903 0.2370791 0 0.707376 0.1861588 0.6818829 0.6961474 -0.2287927 0.680465 0.3795397 0.7689258 0.5144928 0.2523547 0.1584131 0.9545798 0.5557716 -0.5577862 0.6164353 0.2424152 -0.06847131 0.9677534 0.1837495 -0.8562102 0.4828461 0.1917714 -0.2778998 0.9412734 0.02739416 0.2152432 0.9761763 -0.1429005 -0.8689915 0.4737439 0.2307671 0.4792003 0.8468256 0.07045449 0.8768305 0.4756095 0.05085197 0.5417535 0.8389978 -0.129176 0.5715408 0.8103424 -0.2092655 0.8702509 0.44595 -0.1899913 0.276273 0.9421128 -0.5657865 0.5383448 0.6245562 -0.2427386 0.04701705 0.9689517 0.001954969 -0.003909938 0.9999905 -0.7048727 -0.3288436 0.6285033 -0.2583326 -0.189881 0.9472114 -0.442152 -0.7689683 0.4617243 -0.273679 -0.4945724 0.824923 -0.02935003 -0.2212577 0.9747737 -0.08025297 -0.5401697 0.8377208 0.1135976 -0.5483775 0.8284792 0.3403003 -0.1447123 0.9291147 0.659618 -0.7516011 0 0.9201459 -0.3915758 0 0.9988941 0.04701687 -1.90738e-4 0.2427664 -0.3131978 0.9181349 0.2544886 -0.9670758 -9.53677e-5 0.3952958 0.0410604 0.9176357 0.8744361 0.4851409 0 0.1428097 -0.06065239 0.9878901 0.1037595 -0.4619586 0.8808112 -0.1252201 -0.992129 0 0.405199 0.2447024 0.8808715 0.6277953 0.7783785 0 -0.04701586 -0.4622908 0.8854811 -0.3915586 -0.9201533 0 0.04896504 -0.215408 0.9752958 -0.1819098 -0.426427 0.8860412 -0.08024908 -0.1898227 0.9785334 -0.3015516 -0.3544806 0.8851046 -0.6277953 -0.7783785 0 0 0 1 -0.1899663 -0.1135793 0.9751987 -0.405199 -0.2447024 0.8808715 -0.8744361 -0.4851409 0 -0.3952605 -0.04110442 0.917649 -0.9988941 -0.04701688 0 -0.1428097 0.06065239 0.9878901 -0.3403281 0.1447718 0.9290952 -0.920163 0.3915354 9.53685e-5 -0.6595942 0.7516218 9.53653e-5 -0.2427415 0.3132134 0.9181362 -0.2544886 0.9670758 -9.53677e-5 -0.04897415 0.2154481 0.9752864 -0.1037595 0.4619586 0.8808112 0.1252201 0.992129 0 0.04701481 0.4623282 0.8854616 0.3915758 0.9201459 -9.53667e-5 0.08024835 0.1898687 0.9785244 0.1819135 0.4263879 0.8860592 0.3015618 0.3543971 0.8851346 0.1899663 0.1135793 0.9751987 0.6750086 -0.293455 -0.6769398 0.6752983 -0.5637182 -0.4755985 0.563572 -0.4559502 -0.6888368 0.33444 -0.5769494 -0.7451708 0.8316192 -0.3307308 -0.4461242 0.6023418 0.06055842 -0.7959379 0.4084838 -0.7543072 -0.5139666 -0.1467776 -0.497079 -0.8552011 0.768741 -0.6395605 0 0.7659701 0.1507764 -0.624945 0.3758449 0.3562945 -0.8554501 0.939498 -0.3425547 0 0.5146208 0.518531 -0.682855 0.9747815 0.2231614 0 0.1389951 0.7654025 -0.6283624 -0.03132828 0.4896176 -0.8713743 0.6982187 0.7158846 0 0.1957402 0.9806558 0 0.5146208 0.518531 0.682855 0.7659591 0.1508697 0.624936 0.8316192 -0.3307308 0.4461242 0.1800468 0.1703197 0.9688005 0.3367084 -0.003910223 0.9416009 0.1389951 0.7654025 0.6283624 -0.3948571 0.9187425 0 -0.005865082 0.3209105 0.9470914 -0.3721091 0.8049649 -0.4621324 -0.3721091 0.8049649 0.4621324 -0.2463937 0.5083331 -0.8251591 -0.2739035 0.2405239 -0.9311956 -0.7090591 0.7051491 0 -0.6277564 0.6179812 -0.4733088 -0.3935855 0.3779451 -0.8380024 -0.5132712 0.2233521 -0.8286535 -0.5169835 0.02145753 -0.8557264 -0.8052935 0.34407 -0.4828233 -0.775654 -0.1331382 -0.6169564 -0.4285468 -0.2973648 -0.8531834 -0.9275333 0.3737408 0 -0.5886928 -0.4361076 -0.6806254 -0.9829149 -0.1840611 0 -0.2565514 -0.6853452 -0.6815302 -0.8039591 -0.5946846 0 0.4346197 -0.900614 0 -0.3680176 -0.9298189 0 -0.2565514 -0.6853452 0.6815302 -0.5886928 -0.4361076 0.6806254 0.4084838 -0.7543072 0.5139666 -0.7756441 -0.1332319 0.6169485 -0.01564042 -0.2973587 0.9546378 -0.1955132 -0.158318 0.9678378 -0.8052935 0.34407 0.4828233 -0.3367084 0.003910223 0.9416009 -0.6277564 0.6179812 0.4733088 -0.5132712 0.2233521 0.8286535 -0.2463818 0.5084038 0.8251191 -0.3935855 0.3779451 0.8380024 -0.1644061 0.1507692 0.9748022 -0.003909945 0 0.9999924 0.1604068 -0.1467693 0.9760782 0.5418122 -0.2249644 0.8098336 0.2581263 -0.4652283 0.8467193 0.4127514 -0.3540049 0.8392358 0.675371 -0.5635881 0.4756496 -0.1564829 -0.9876807 0 -0.4933662 -0.5382872 0.6832546 -0.6688647 -0.7433842 0 -0.9650456 -0.2620823 0 -0.1077686 -0.7699255 0.6289679 0.430659 -0.9025148 0 -0.7598144 -0.180244 0.6246552 -0.9523555 0.3049903 0 -0.1722324 -0.1780498 0.9688314 0.4036188 -0.7894981 0.4623685 0.7358702 -0.6771227 0 0.0195516 -0.3207416 0.946965 -0.8438764 0.2976396 0.4464117 -0.7930527 0.609153 0 -0.3366947 -0.009822845 0.9415626 0.003909945 0 0.9999924 0.2658795 -0.4986672 0.8250086 -0.5498614 0.2035217 0.8100811 0.6515154 -0.5927202 0.4735086 0.1702819 -0.1449614 0.9746745 0.4090542 -0.36194 0.8376599 0.8181944 -0.3111981 0.4834395 0.9415682 -0.3368227 0 0.5226404 -0.2034292 0.8279272 0.3366947 0.009822845 0.9415626 0.769644 0.1645048 0.6169168 0.9747826 0.2231562 0 0.1896921 0.1642282 0.9680114 0.5714011 0.4580173 0.6809706 0.7793592 0.6265774 0 -0.1662673 0.1389455 0.9762424 0.003910308 0.2972788 0.9547828 0.2290736 0.6951364 0.6814035 0.3291606 0.944274 0 -0.4713108 0.8819672 0 -0.4381281 0.7371922 0.5143844 -0.2758963 0.4539462 0.8472391 -0.6970249 0.5364481 0.4757938 -0.4265997 0.3363776 0.8395611 0.2290433 0.695235 -0.6813131 -0.4713108 0.8819672 0 0.3291606 0.944274 0 0.7793592 0.6265774 0 -0.4380665 0.7372793 -0.5143121 -0.7930527 0.609153 0 0.5714511 0.4578666 -0.68103 0.9747826 0.2231562 0 0.003910086 0.2974527 -0.9547287 0.769644 0.1645048 -0.6169168 0.9415682 -0.3368227 0 0.1896921 0.1642282 -0.9680114 0.8181944 -0.3111981 -0.4834395 0.7358702 -0.6771227 0 0.3366947 0.009822845 -0.9415626 -0.1662629 0.1391325 -0.9762166 0.5226201 -0.2036121 -0.8278952 0.003909945 -1.90729e-4 -0.9999923 0.1702866 -0.1447746 -0.9747013 0.6515154 -0.5927202 -0.4735086 0.409026 -0.3621058 -0.8376021 0.2658795 -0.4986672 -0.8250086 0.403558 -0.78957 -0.4622989 0.430659 -0.9025148 0 0.0195516 -0.3207416 -0.946965 -0.1077527 -0.7700031 -0.6288756 -0.1564829 -0.9876807 0 -0.1722324 -0.1780498 -0.9688314 -0.4933156 -0.5384226 -0.6831844 -0.6688647 -0.7433842 0 -0.9650456 -0.2620823 0 -0.7598405 -0.1800595 -0.6246767 -0.9523555 0.3049903 0 -0.3366953 -0.009632127 -0.9415644 -0.8439243 0.2974657 -0.446437 -0.5498614 0.2035217 -0.8100811 -0.6969537 0.536584 -0.475745 -0.4265723 0.3365467 -0.8395073 -0.2758963 0.4539462 -0.8472391 -0.6851058 0.2681678 -0.6772859 -0.6970372 0.5364392 -0.4757858 -0.5814232 0.4326815 -0.6890094 -0.3577913 0.563054 -0.7449535 -0.8438952 0.2975902 -0.4464091 -0.598832 -0.08416456 -0.7964399 -0.4380281 0.7372947 -0.5143229 0.1273156 0.5013471 -0.8558282 -0.7931395 0.60904 -9.53637e-5 -0.7598175 -0.180155 -0.6246773 -0.3621942 -0.3700141 -0.8555145 -0.9523417 0.3050336 9.53677e-5 -0.4933283 -0.5383887 -0.683202 -0.964999 -0.2622539 0 -0.1077582 -0.7698987 -0.6290025 -0.04301183 -0.5884324 -0.8074017 -0.6689858 -0.7432752 0 0.4035884 -0.789534 -0.4623337 0.3480955 -0.6278118 -0.696191 -0.1564988 -0.9876782 0 0.4306775 -0.9025059 0 0.6514511 -0.5928006 -0.4734965 0.5458016 -0.4773261 -0.6886657 0.6553279 -0.2679868 -0.7062072 -0.4933283 -0.5383887 0.683202 0.81822 -0.3112555 -0.4833592 0.6011207 0.08225711 -0.7949136 0.7358465 -0.6771485 0 0.769644 0.1645048 -0.6169168 0.4166611 0.3149039 -0.8527772 0.9415984 -0.3367381 0 0.5714262 0.4579419 -0.6810004 0.9747827 0.2231562 0 0.2290736 0.6951364 -0.6814035 0.779336 0.6266063 9.53666e-5 -0.471291 0.8819778 -9.53644e-5 0.3291161 0.9442895 9.53683e-5 0.2290736 0.6951364 0.6814035 0.5714262 0.4579419 0.6810004 -0.4380281 0.7372947 0.5143229 0.003910197 0.2973657 0.9547557 0.769644 0.1645048 0.6169168 0.1896731 0.1642594 0.9680098 0.8181822 -0.3112412 0.4834324 0.3366949 0.009775166 0.9415631 -0.1663137 0.1389444 0.9762347 0.6514806 -0.5928274 0.4734226 -0.2758963 0.4539462 0.8472391 -0.6970372 0.5364392 0.4757858 -0.4265723 0.3365467 0.8395073 -0.5499 0.2034706 0.8100677 -0.8438952 0.2975902 0.4464091 -0.3366526 -0.009775324 0.9415782 -0.7598175 -0.180155 0.6246773 -0.1722295 -0.1781422 0.968815 0.003909945 0 0.9999924 -0.1077711 -0.7699911 0.6288872 0.0195507 -0.3208699 0.9469215 0.4035884 -0.789534 0.4623337 0.2658922 -0.4985955 0.8250479 0.170238 -0.1448692 0.9746959 0.4090402 -0.3620229 0.837631 0.5225839 -0.2035502 0.8279332 0.5695764 -0.4658177 -0.6771976 0.498429 -0.7252088 -0.4750167 0.4189446 -0.5912717 -0.6891177 0.1662814 -0.6456222 -0.7453339 0.7104967 -0.5441261 -0.4462301 0.5964623 -0.1036621 -0.7959189 0.1895895 -0.8365591 -0.514028 -0.2759941 -0.4384052 -0.8553528 0.5673017 -0.8235101 0 0.778769 -0.06260861 -0.6241787 0.4581406 0.2408481 -0.8556281 0.8122844 -0.5832617 0 0.6357853 0.3599477 -0.6827992 0.9988941 -0.04701688 0 0.3407387 0.6990723 -0.6286454 0.2229718 0.5456992 -0.8077722 0.8653262 0.5012092 0 -0.1410066 0.8755093 -0.4621697 -0.1369536 0.704367 -0.696499 0.4542379 0.8908805 0 -0.1309861 0.9913842 0 -0.4363621 0.7650999 -0.4735084 -0.3718049 0.6222654 -0.6888736 -0.54044 0.4562317 -0.7069494 0.6358681 0.3599946 0.6826974 -0.6821503 0.5492106 -0.4827408 -0.5970616 0.1076637 -0.7949378 -0.4912887 0.8709968 0 -0.7829484 0.08220481 -0.6166314 -0.4931333 -0.1702268 -0.8531368 -0.792209 0.6102499 0 -0.6847031 -0.2601967 -0.6807932 -0.9961141 0.08807193 0 -0.4324804 -0.5909294 -0.6810017 -0.9345339 -0.3558744 0 0.1761488 -0.9843636 0 -0.6047121 -0.7964442 0 -0.4325085 -0.5909677 0.6809505 -0.6847031 -0.2601967 0.6807932 0.1895895 -0.8365591 0.514028 -0.09584205 -0.2817088 0.9547012 -0.7829484 0.08220481 0.6166314 -0.2307906 -0.09775221 0.9680807 -0.6821503 0.5492106 0.4827408 -0.3229986 0.09398144 0.9417216 0.1153915 -0.1838635 0.9761552 -0.4363621 0.7650999 0.4735084 0.1212116 -0.5181298 0.8466696 0.498429 -0.7252088 0.4750167 0.3031313 -0.4517644 0.8390592 0.4598024 -0.3639129 0.8100304 0.7104664 -0.5441028 0.4463064 0.3230413 -0.09397997 0.941707 0.7787226 -0.06260487 0.6242368 0.2191781 0.1154773 0.9688271 -0.003910311 0.001955155 0.9999905 0.3407592 0.6991143 0.6285877 0.08020341 0.3110862 0.9469914 -0.1410066 0.8755093 0.4621697 -0.09973867 0.555428 0.8255616 -0.117435 0.1898603 0.9747626 -0.2779831 0.4698057 0.8378592 -0.4346023 0.3543006 0.8280048 0.5068755 -0.4324892 0.7456744 -0.681097 -0.6851023 0.2583439 0.6168514 -0.6637734 0.4229648 0.2916839 -0.1448644 0.9454813 0.6030235 -0.7969428 0.03528405 0.009775589 0.1525946 0.9882405 0.4675744 -0.8099347 -0.3540902 -0.2914561 0.4049485 0.8666431 0.2346003 -0.6999863 -0.6745235 -0.5593826 0.5693001 0.6024854 -0.05669312 -0.4867311 -0.8717103 -0.7472796 0.6201582 0.2386984 -0.3542791 -0.2056059 -0.9122569 -0.8239458 0.5440521 -0.1584951 -0.6082309 0.09393343 -0.7881826 -0.7750593 0.3581085 -0.5206164 0.1897228 0.841051 -0.5065951 0.3915384 0.9201618 0 0.3447924 0.8090379 -0.476 0.4736305 0.7202331 -0.5068908 0.1840409 0.9829186 0 -0.04694481 0.804046 -0.5927109 0.5810511 0.8138672 0 0.6125813 0.5226038 -0.5929836 -0.1507335 0.9885744 0 -0.383552 0.6301817 -0.6750993 0.8163622 0.5775403 0 0.7200714 0.160498 -0.6750833 -0.5832882 0.8122653 0 -0.6553726 0.2777985 -0.7023638 0.9900433 0.1407638 0 0.6553726 -0.2777985 -0.7023638 0.3426721 0.2799172 0.8967844 0.9202146 -0.3914143 0 0.2681053 0.3679326 0.8903624 0.3246916 0.07620167 0.9427453 0.1604761 0.1292201 0.9785446 0.1800094 0.4225811 0.8882691 0.2721112 -0.1154917 0.95531 0.08023942 0.189685 0.9785608 0.07828087 0.4482047 0.8904969 -0.03522784 0.4422376 0.8962059 -0.01761986 0.2036179 0.9788919 -0.1701379 0.2874516 0.9425629 0 0 1 -0.1096591 0.0470155 0.9928567 -0.2721112 0.1154917 0.95531 -0.9201464 0.3915748 0 -0.9900165 -0.1409515 0 -0.7200767 -0.1604065 -0.6750995 -0.3246916 -0.07620167 0.9427453 -0.8163622 -0.5775403 0 -0.6125775 -0.5226057 -0.5929857 -0.1604801 -0.1290326 0.9785687 -0.3426669 -0.2799179 0.8967862 -0.5810549 -0.8138644 0 -0.4736073 -0.720275 -0.5068531 -0.2680998 -0.3679331 0.8903639 -0.391504 -0.9201764 0 -0.3447819 -0.8090412 -0.4760019 -0.1897191 -0.841077 -0.5065534 -0.08023652 -0.1898689 0.9785255 -0.1800051 -0.4225037 0.8883067 -0.1840352 -0.9829196 0 0.04694481 -0.804046 -0.5927109 -0.07829269 -0.4482042 0.890496 0.01761952 -0.2037093 0.9788729 0.03521594 -0.4422377 0.8962063 0.1507277 -0.9885753 0 0.3835852 -0.6301213 -0.6751367 0.1701391 -0.2875388 0.9425361 0.1096709 -0.04701543 0.9928554 0.5833294 -0.8122357 0 -0.1546784 0.8478705 -0.5071393 0 1 0 0 0.8794617 -0.4759698 0.1546784 0.8478705 -0.5071393 -0.2152893 0.9765504 0 -0.3584023 0.7207148 -0.5933952 0.2152438 0.9765604 0 0.3584023 0.7207148 -0.5933952 -0.5245018 0.8514094 0 -0.5994021 0.4289755 -0.6757938 0.5245018 0.8514094 0 0.5994021 0.4289755 -0.6757938 -0.8550684 0.5185152 0 -0.7119775 0 -0.7022023 0.8550684 0.5185152 0 0.7120011 0 -0.7021784 0.2054219 0.3932961 0.8961697 1 0 0 0.1036668 0.444041 0.8899893 0.2698005 0.1975104 0.9424422 0.09784912 0.1800576 0.9787772 0 0.4596823 0.8880834 0.2956402 0 0.9552994 0 0.2055154 0.978654 -0.1036668 0.444041 0.8899893 -0.2054676 0.3932922 0.8961609 -0.09789634 0.1800568 0.9787726 -0.2698448 0.1975079 0.9424301 0 0 1 -0.1194442 0 0.9928409 -0.2955967 0 0.9553128 -1 0 0 -0.8550684 -0.5185152 0 -0.5994021 -0.4289755 -0.6757938 -0.2698448 -0.1975079 0.9424301 -0.5245443 -0.8513831 0 -0.3584023 -0.7207148 -0.5933952 -0.09789467 -0.1801491 0.9787559 -0.2054676 -0.3932922 0.8961609 -0.2152893 -0.9765504 0 -0.1546784 -0.8478705 -0.5071393 -0.1036668 -0.444041 0.8899893 0 -1 0 0 -0.8794617 -0.4759698 0.1546784 -0.8478705 -0.5071393 0 -0.2055154 0.978654 0 -0.4596823 0.8880834 0.2152438 -0.9765604 0 0.3584023 -0.7207148 -0.5933952 0.1036668 -0.444041 0.8899893 0.09784743 -0.1801499 0.9787604 0.2054219 -0.3932961 0.8961697 0.5245443 -0.8513831 0 0.5994021 -0.4289755 -0.6757938 0.2698005 -0.1975104 0.9424422 0.1194912 0 0.9928353 0.8550684 -0.5185152 0 0.4832348 -0.1799613 0.8567953 0 0 1 0.4206775 -0.297364 0.8570911 0.5127787 -0.04691968 0.8572379 0.3286344 -0.3972032 0.8568718 0.5086 0.08602235 0.8566949 0.2152404 -0.4677687 0.8572422 0.4677687 0.2152404 0.8572422 0.08602235 -0.5086 0.8566949 0.3971167 0.3286894 0.8568907 -0.04701484 -0.5127764 0.857234 0.2974449 0.4207048 0.8570496 -0.1799613 -0.4832348 0.8567953 0.1799655 0.4831983 0.856815 -0.297439 -0.4207441 0.8570324 0.04701484 0.5127764 0.857234 -0.3971104 -0.3287319 0.8568773 -0.08602444 0.5085647 0.8567157 -0.4677591 -0.2153313 0.8572246 -0.215258 0.4678069 0.8572169 -0.5086 -0.08602235 0.8566949 -0.3286138 0.3971306 0.8569133 -0.5127764 0.04701484 0.857234 -0.4206656 0.2974509 0.8570668 -0.4832348 0.1799613 0.8567953 0.4832423 0.1799797 0.8567871 0 0 1 0.5127676 0.04701512 0.8572392 0.4206263 0.2973978 0.8571045 0.5085276 -0.08601715 0.8567385 0.3286492 0.3970861 0.8569203 0.4677547 -0.2152422 0.8572493 0.2152816 0.4677643 0.8572342 0.397118 -0.3286157 0.8569184 0.08606378 0.5085982 0.8566919 0.2974292 -0.4206686 0.8570729 -0.04697791 0.5128613 0.8571852 0.1799596 -0.4831941 0.8568185 -0.1799582 0.4831943 0.8568188 0.04697065 -0.5127774 0.8572357 -0.2973806 0.4205998 0.8571236 -0.08607783 -0.5086813 0.8566411 -0.3971804 0.3286698 0.8568687 -0.2152801 -0.4677645 0.8572345 -0.4677547 0.2152422 0.8572493 -0.3287029 -0.397151 0.8568696 -0.5085276 0.08601715 0.8567385 -0.420695 -0.2974464 0.8570539 -0.5127676 -0.04701512 0.8572392 -0.4832423 -0.1799797 0.8567871 0.5146707 -0.0215519 0.857117 0 0 1 0.4926727 -0.1544013 0.8564075 0.5028019 0.1134928 0.8569187 0.4361244 -0.2757131 0.8566083 0.4560337 0.238793 0.857328 0.3499976 -0.3793706 0.8564926 0.3793643 0.3500394 0.8564785 0.238793 -0.4560337 0.857328 0.2757073 0.4361631 0.8565905 0.1134874 -0.5028732 0.8568776 0.1544908 0.4927016 0.8563748 -0.0215519 -0.5146707 0.857117 0.0215519 0.5146707 0.857117 -0.1544871 -0.4927377 0.8563547 -0.1134901 0.5028376 0.8568982 -0.2757131 -0.4361244 0.8566083 -0.2387878 0.4560714 0.8573093 -0.379358 -0.3500812 0.8564641 -0.3499976 0.3793706 0.8564926 -0.4560337 -0.238793 0.857328 -0.436113 0.2758012 0.8565858 -0.5028019 -0.1134928 0.8569187 -0.4926655 0.1544944 0.8563949 -0.5146707 0.0215519 0.857117 0.201588 -0.4737447 0.8572796 0 1.9073e-4 1 0.07237677 -0.5105917 0.8567718 0.3189003 -0.40503 0.8568859 -0.06257398 -0.5123932 0.8564683 0.4127442 -0.3091767 0.8567684 -0.1918359 -0.4776107 0.8573722 0.4776376 -0.1916964 0.8573884 -0.3090796 -0.4127579 0.8567968 0.5123379 -0.06265642 0.8564952 -0.4049763 -0.3190028 0.8568732 0.5105641 0.07228974 0.8567955 -0.4736613 -0.2015996 0.8573229 0.4736613 0.2015996 0.8573229 -0.5105571 -0.07247947 0.8567837 0.4050009 0.3188315 0.8569252 -0.512344 0.06246644 0.8565055 0.3090796 0.4127579 0.8567968 -0.4776201 0.1918801 0.8573571 0.1918359 0.4776107 0.8573722 -0.4127685 0.3090042 0.8568189 0.06257973 0.5122526 0.8565519 -0.3189003 0.40503 0.8568859 -0.07238419 0.5104507 0.8568552 -0.2015894 0.4737446 0.8572794 -0.04305924 0.6945747 -0.7181309 -0.1292317 0.8752468 -0.4660925 0.4478277 0.8193645 -0.3578998 0.4794153 0.7534078 -0.4500419 0.1251703 0.4693529 -0.874094 0.4520673 0.8572162 -0.2466082 -0.1193057 0.9798138 -0.1604095 0.5397997 0.6708395 -0.5085181 0.3462907 0.2366621 -0.9077851 0.4908648 0.86042 -0.1368547 -0.01368569 0.9896613 0.1427699 0.6221075 0.5849127 -0.5204416 0.5815457 0.039148 -0.8125713 0.5572701 0.8291103 -0.04501266 0.170137 0.9036146 0.3931081 0.7083341 0.512629 -0.485257 0.7910901 -0.09012417 -0.6050242 0.6395398 0.7686685 0.0117303 0.397341 0.7360322 0.5480665 0.7847259 0.4657045 -0.4090532 0.9381398 -0.1293197 -0.3212011 0.7261913 0.6870924 0.02345936 0.6303176 0.5167288 0.5793886 0.8379709 0.4522201 -0.3054536 0.9974717 -0.07038285 -0.00982308 0.7980642 0.6024583 -0.01173063 0.829091 0.2816086 0.4830165 0.8594742 0.473798 -0.1918844 0.9588559 0.07429368 0.2739997 0.8455933 0.5265051 -0.08811641 0.6811415 0.6850518 -0.2583608</float_array>
          <technique_common>
            <accessor source="#geom-NejiA_Mdl__M_Obj_RailKingPilotHouse-normals-array" count="1593" stride="3">
              <param name="X" type="float"/>
              <param name="Y" type="float"/>
              <param name="Z" type="float"/>
            </accessor>
          </technique_common>
        </source>
        <source id="geom-NejiA_Mdl__M_Obj_RailKingPilotHouse-map-2">
          <float_array id="geom-NejiA_Mdl__M_Obj_RailKingPilotHouse-map-2-array" count="4779">1 1 1 1 1 1 1 1 1 1 1 1 1 1 1 1 1 1 1 1 1 1 1 1 1 1 1 1 1 1 1 1 1 1 1 1 1 1 1 1 1 1 1 1 1 1 1 1 1 1 1 1 1 1 1 1 1 1 1 1 1 1 1 1 1 1 1 1 1 1 1 1 1 1 1 1 1 1 1 1 1 1 1 1 1 1 1 1 1 1 1 1 1 1 1 1 1 1 1 1 1 1 1 1 1 1 1 1 1 1 1 1 1 1 1 1 1 1 1 1 1 1 1 1 1 1 1 1 1 1 1 1 1 1 1 1 1 1 1 1 1 1 1 1 1 1 1 1 1 1 1 1 1 1 1 1 1 1 1 1 1 1 1 1 1 1 1 1 1 1 1 1 1 1 1 1 1 1 1 1 1 1 1 1 1 1 1 1 1 1 1 1 1 1 1 1 1 1 1 1 1 1 1 1 1 1 1 1 1 1 1 1 1 1 1 1 1 1 1 1 1 1 1 1 1 1 1 1 1 1 1 1 1 1 1 1 1 1 1 1 1 1 1 1 1 1 1 1 1 1 1 1 1 1 1 1 1 1 1 1 1 1 1 1 1 1 1 1 1 1 1 1 1 1 1 1 1 1 1 1 1 1 1 1 1 1 1 1 1 1 1 1 1 1 1 1 1 1 1 1 1 1 1 1 1 1 1 1 1 1 1 1 1 1 1 1 1 1 1 1 1 1 1 1 1 1 1 1 1 1 1 1 1 1 1 1 1 1 1 1 1 1 1 1 1 1 1 1 1 1 1 1 1 1 1 1 1 1 1 1 1 1 1 1 1 1 1 1 1 1 1 1 1 1 1 1 1 1 1 1 1 1 1 1 1 1 1 1 1 1 1 1 1 1 1 1 1 1 1 1 1 1 1 1 1 1 1 1 1 1 1 1 1 1 1 1 1 1 1 1 1 1 1 1 1 1 1 1 1 1 1 1 1 1 1 1 1 1 1 1 1 1 1 1 1 1 1 1 1 1 1 1 1 1 1 1 1 1 1 1 1 1 1 1 1 1 1 1 1 1 1 1 1 1 1 1 1 1 1 1 1 1 1 1 1 1 1 1 1 1 1 1 1 1 1 1 1 1 1 1 1 1 1 1 1 1 1 1 1 1 1 1 1 1 1 1 1 1 1 1 1 1 1 1 1 1 1 1 1 1 1 1 1 1 1 1 1 1 1 1 1 1 1 1 1 1 1 1 1 1 1 1 1 1 1 1 1 1 1 1 1 1 1 1 1 1 1 1 1 1 1 1 1 1 1 1 1 1 1 1 1 1 1 1 1 1 1 1 1 1 1 1 1 1 1 1 1 1 1 1 1 1 1 1 1 1 1 1 1 1 1 1 1 1 1 1 1 1 1 1 1 1 1 1 1 1 1 1 1 1 1 1 1 1 1 1 1 1 1 1 1 1 1 1 1 1 1 1 1 1 1 1 1 1 1 1 1 1 1 1 1 1 1 1 1 1 1 1 1 1 1 1 1 1 1 1 1 1 1 1 1 1 1 1 1 1 1 1 1 1 1 1 1 1 1 1 1 1 1 1 1 1 1 1 1 1 1 1 1 1 1 1 1 1 1 1 1 1 1 1 1 1 1 1 1 1 1 1 1 1 1 1 1 1 1 1 1 1 1 1 1 1 1 1 1 1 1 1 1 1 1 1 1 1 1 1 1 1 1 1 1 1 1 1 1 1 1 1 1 1 1 1 1 1 1 1 1 1 1 1 1 1 1 1 1 1 1 1 1 1 1 1 1 1 1 1 1 1 1 1 1 1 1 1 1 1 1 1 1 1 1 1 1 1 1 1 1 1 1 1 1 1 1 1 1 1 1 1 1 1 1 1 1 1 1 1 1 1 1 1 1 1 1 1 1 1 1 1 1 1 1 1 1 1 1 1 1 1 1 1 1 1 1 1 1 1 1 1 1 1 1 1 1 1 1 1 1 1 1 1 1 1 1 1 1 1 1 1 1 1 1 1 1 1 1 1 1 1 1 1 1 1 1 1 1 1 1 1 1 1 1 1 1 1 1 1 1 1 1 1 1 1 1 1 1 1 1 1 1 1 1 1 1 1 1 1 1 1 1 1 1 1 1 1 1 1 1 1 1 1 1 1 1 1 1 1 1 1 1 1 1 1 1 1 1 1 1 1 1 1 1 1 1 1 1 1 1 1 1 1 1 1 1 1 1 1 1 1 1 1 1 1 1 1 1 1 1 1 1 1 1 1 1 1 1 1 1 1 1 1 1 1 1 1 1 1 1 1 1 1 1 1 1 1 1 1 1 1 1 1 1 1 1 1 1 1 1 1 1 1 1 1 1 1 1 1 1 1 1 1 1 1 1 1 1 1 1 1 1 1 1 1 1 1 1 1 1 1 1 1 1 1 1 1 1 1 1 1 1 1 1 1 1 1 1 1 1 1 1 1 1 1 1 1 1 1 1 1 1 1 1 1 1 1 1 1 1 1 1 1 1 1 1 1 1 1 1 1 1 1 1 1 1 1 1 1 1 1 1 1 1 1 1 1 1 1 1 1 1 1 1 1 1 1 1 1 1 1 1 1 1 1 1 1 1 1 1 1 1 1 1 1 1 1 1 1 1 1 1 1 1 1 1 1 1 1 1 1 1 1 1 1 1 1 1 1 1 1 1 1 1 1 1 1 1 1 1 1 1 1 1 1 1 1 1 1 1 1 1 1 1 1 1 1 1 1 1 1 1 1 1 1 1 1 1 1 1 1 1 1 1 1 1 1 1 1 1 1 1 1 1 1 1 1 1 1 1 1 1 1 1 1 1 1 1 1 1 1 1 1 1 1 1 1 1 1 1 1 1 1 1 1 1 1 1 1 1 1 1 1 1 1 1 1 1 1 1 1 1 1 1 1 1 1 1 1 1 1 1 1 1 1 1 1 1 1 1 1 1 1 1 1 1 1 1 1 1 1 1 1 1 1 1 1 1 1 1 1 1 1 1 1 1 1 1 1 1 1 1 1 1 1 1 1 1 1 1 1 1 1 1 1 1 1 1 1 1 1 1 1 1 1 1 1 1 1 1 1 1 1 1 1 1 1 1 1 1 1 1 1 1 1 1 1 1 1 1 1 1 1 1 1 1 1 1 1 1 1 1 1 1 1 1 1 1 1 1 1 1 1 1 1 1 1 1 1 1 1 1 1 1 1 1 1 1 1 1 1 1 1 1 1 1 1 1 1 1 1 1 1 1 1 1 1 1 1 1 1 1 1 1 1 1 1 1 1 1 1 1 1 1 1 1 1 1 1 1 1 1 1 1 1 1 1 1 1 1 1 1 1 1 1 1 1 1 1 1 1 1 1 1 1 1 1 1 1 1 1 1 1 1 1 1 1 1 1 1 1 1 1 1 1 1 1 1 1 1 1 1 1 1 1 1 1 1 1 1 1 1 1 1 1 1 1 1 1 1 1 1 1 1 1 1 1 1 1 1 1 1 1 1 1 1 1 1 1 1 1 1 1 1 1 1 1 1 1 1 1 1 1 1 1 1 1 1 1 1 1 1 1 1 1 1 1 1 1 1 1 1 1 1 1 1 1 1 1 1 1 1 1 1 1 1 1 1 1 1 1 1 1 1 1 1 1 1 1 1 1 1 1 1 1 1 1 1 1 1 1 1 1 1 1 1 1 1 1 1 1 1 1 1 1 1 1 1 1 1 1 1 1 1 1 1 1 1 1 1 1 1 1 1 1 1 1 1 1 1 1 1 1 1 1 1 1 1 1 1 1 1 1 1 1 1 1 1 1 1 1 1 1 1 1 1 1 1 1 1 1 1 1 1 1 1 1 1 1 1 1 1 1 1 1 1 1 1 1 1 1 1 1 1 1 1 1 1 1 1 1 1 1 1 1 1 1 1 1 1 1 1 1 1 1 1 1 1 1 1 1 1 1 1 1 1 1 1 1 1 1 1 1 1 1 1 1 1 1 1 1 1 1 1 1 1 1 1 1 1 1 1 1 1 1 1 1 1 1 1 1 1 1 1 1 1 1 1 1 1 1 1 1 1 1 1 1 1 1 1 1 1 1 1 1 1 1 1 1 1 1 1 1 1 1 1 1 1 1 1 1 1 1 1 1 1 1 1 1 1 1 1 1 1 1 1 1 1 1 1 1 1 1 1 1 1 1 1 1 1 1 1 1 1 1 1 1 1 1 1 1 1 1 1 1 1 1 1 1 1 1 1 1 1 1 1 1 1 1 1 1 1 1 1 1 1 1 1 1 1 1 1 1 1 1 1 1 1 1 1 1 1 1 1 1 1 1 1 1 1 1 1 1 1 1 1 1 1 1 1 1 1 1 1 1 1 1 1 1 1 1 1 1 1 1 1 1 1 1 1 1 1 1 1 1 1 1 1 1 1 1 1 1 1 1 1 1 1 1 1 1 1 1 1 1 1 1 1 1 1 1 1 1 1 1 1 1 1 1 1 1 1 1 1 1 1 1 1 1 1 1 1 1 1 1 1 1 1 1 1 1 1 1 1 1 1 1 1 1 1 1 1 1 1 1 1 1 1 1 1 1 1 1 1 1 1 1 1 1 1 1 1 1 1 1 1 1 1 1 1 1 1 1 1 1 1 1 1 1 1 1 1 1 1 1 1 1 1 1 1 1 1 1 1 1 1 1 1 1 1 1 1 1 1 1 1 1 1 1 1 1 1 1 1 1 1 1 1 1 1 1 1 1 1 1 1 1 1 1 1 1 1 1 1 1 1 1 1 1 1 1 1 1 1 1 1 1 1 1 1 1 1 1 1 1 1 1 1 1 1 1 1 1 1 1 1 1 1 1 1 1 1 1 1 1 1 1 1 1 1 1 1 1 1 1 1 1 1 1 1 1 1 1 1 1 1 1 1 1 1 1 1 1 1 1 1 1 1 1 1 1 1 1 1 1 1 1 1 1 1 1 1 1 1 1 1 1 1 1 1 1 1 1 1 1 1 1 1 1 1 1 1 1 1 1 1 1 1 1 1 1 1 1 1 1 1 1 1 1 1 1 1 1 1 1 1 1 1 1 1 1 1 1 1 1 1 1 1 1 1 1 1 1 1 1 1 1 1 1 1 1 1 1 1 1 1 1 1 1 1 1 1 1 1 1 1 1 1 1 1 1 1 1 1 1 1 1 1 1 1 1 1 1 1 1 1 1 1 1 1 1 1 1 1 1 1 1 1 1 1 1 1 1 1 1 1 1 1 1 1 1 1 1 1 1 1 1 1 1 1 1 1 1 1 1 1 1 1 1 1 1 1 1 1 1 1 1 1 1 1 1 1 1 1 1 1 1 1 1 1 1 1 1 1 1 1 1 1 1 1 1 1 1 1 1 1 1 1 1 1 1 1 1 1 1 1 1 1 1 1 1 1 1 1 1 1 1 1 1 1 1 1 1 1 1 1 1 1 1 1 1 1 1 1 1 1 1 1 1 1 1 1 1 1 1 1 1 1 1 1 1 1 1 1 1 1 1 1 1 1 1 1 1 1 1 1 1 1 1 1 1 1 1 1 1 1 1 1 1 1 1 1 1 1 1 1 1 1 1 1 1 1 1 1 1 1 1 1 1 1 1 1 1 1 1 1 1 1 1 1 1 1 1 1 1 1 1 1 1 1 1 1 1 1 1 1 1 1 1 1 1 1 1 1 1 1 1 1 1 1 1 1 1 1 1 1 1 1 1 1 1 1 1 1 1 1 1 1 1 1 1 1 1 1 1 1 1 1 1 1 1 1 1 1 1 1 1 1 1 1 1 1 1 1 1 1 1 1 1 1 1 1 1 1 1 1 1 1 1 1 1 1 1 1 1 1 1 1 1 1 1 1 1 1 1 1 1 1 1 1 1 1 1 1 1 1 1 1 1 1 1 1 1 1 1 1 1 1 1 1 1 1 1 1 1 1 1 1 1 1 1 1 1 1 1 1 1 1 1 1 1 1 1 1 1 1 1 1 1 1 1 1 1 1 1 1 1 1 1 1 1 1 1 1 1 1 1 1 1 1 1 1 1 1 1 1 1 1 1 1 1 1 1 1 1 1 1 1 1 1 1 1 1 1 1 1 1 1 1 1 1 1 1 1 1 1 1 1 1 1 1 1 1 1 1 1 1 1 1 1 1 1 1 1 1 1 1 1 1 1 1 1 1 1 1 1 1 1 1 1 1 1 1 1 1 1 1 1 1 1 1 1 1 1 1 1 1 1 1 1 1 1 1 1 1 1 1 1 1 1 1 1 1 1 1 1 1 1 1 1 1 1 1 1 1 1 1 1 1 1 1 1 1 1 1 1 1 1 1 1 1 1 1 1 1 1 1 1 1 1 1 1 1 1 1 1 1 1 1 1 1 1 1 1 1 1 1 1 1 1 1 1 1 1 1 1 1 1 1 1 1 1 1 1 1 1 1 1 1 1 1 1 1 1 1 1 1 1 1 1 1 1 1 1 1 1 1 1 1 1 1 1 1 1 1 1 1 1 1 1 1 1 1 1 1 1 1 1 1 1 1 1 1 1 1 1 1 1 1 1 1 1 1 1 1 1 1 1 1 1 1 1 1 1 1 1 1 1 1 1 1 1 1 1 1 1 1 1 1 1 1 1 1 1 1 1 1 1 1 1 1 1 1 1 1 1 1 1 1 1 1 1 1 1 1 1 1 1 1 1 1 1 1 1 1 1 1 1 1 1 1 1 1 1 1 1 1 1 1 1 1 1 1 1 1 1 1 1 1 1 1 1 1 1 1 1 1 1 1 1 1 1 1 1 1 1 1 1 1 1 1 1 1 1 1 1 1 1 1 1 1 1 1 1 1 1 1 1 1 1 1 1 1 1 1 1 1 1 1 1 1 1 1 1 1 1 1 1 1 1 1 1 1 1 1 1 1 1 1 1 1 1 1 1 1 1 1 1 1 1 1 1 1 1 1 1 1 1 1 1 1 1 1 1 1 1 1 1 1 1 1 1 1 1 1 1 1 1 1 1 1 1 1 1 1 1 1 1 1 1 1 1 1 1 1 1 1 1 1 1 1 1 1 1 1 1 1 1 1 1 1 1 1 1 1 1 1 1 1 1 1 1 1 1 1 1 1 1 1 1 1 1 1 1 1 1 1 1 1 1 1 1 1 1 1 1 1 1 1 1 1 1 1 1 1 1 1 1 1 1 1 1 1 1 1 1 1 1 1 1 1 1 1 1 1 1 1 1 1 1 1 1 1 1 1 1 1 1 1 1 1 1 1 1 1 1 1 1 1 1 1 1 1 1 1 1 1 1 1 1 1 1 1 1 1 1 1 1 1 1 1 1 1 1 1 1 1 1 1 1 1 1 1 1 1 1 1 1 1 1 1 1 1 1 1 1 1 1 1 1 1 1 1 1 1 1 1 1 1 1 1 1 1 1 1 1 1 1 1 1 1 1 1 1 1 1 1 1 1 1 1 1 1 1 1 1 1 1 1 1 1 1 1 1 1 1 1 1 1 1 1 1 1 1 1 1 1 1 1 1 1 1 1 1 1 1 1 1 1 1 1 1 1 1 1 1 1 1 1 1 1 1 1 1 1 1 1 1 1 1 1 1 1 1 1 1 1 1 1 1 1 1 1 1 1 1 1 1 1 1 1 1 1 1 1 1 1 1 1 1 1 1 1 1 1 1 1 1 1 1 1 1 1 1 1 1 1 1 1 1 1 1 1 1 1 1 1 1 1 1 1 1 1 1 1 1 1 1 1 1 1 1 1 1 1 1 1 1 1 1 1 1 1 1 1 1 1 1 1 1 1 1 1 1 1 1 1 1 1 1 1 1 1 1 1 1 1 1 1 1 1 1 1 1 1 1 1 1 1 1 1 1 1 1 1 1 1 1 1 1 1 1 1 1 1 1 1 1 1 1 1 1 1 1 1 1 1 1 1 1 1 1 1 1 1 1 1 1 1 1 1 1 1 1 1 1 1 1 1 1 1 1 1 1 1 1 1 1 1 1 1 1 1 1 1 1 1 1 1 1 1 1 1 1 1 1 1 1 1 1 1 1 1 1 1 1 1 1 1 1 1 1 1 1 1 1 1 1 1 1 1 1 1 1 1 1 1 1 1 1 1 1 1 1 1 1 1 1 1 1 1 1 1 1 1 1 1 1 1 1 1 1 1 1 1 1 1 1 1 1 1 1 1 1 1 1 1 1 1 1 1 1 1 1 1 1 1 1 1 1 1 1 1 1 1 1 1 1 1 1 1 1 1 1 1 1 1 1 1 1 1 1 1 1 1 1 1 1 1 1 1 1 1 1 1 1 1 1 1 1 1 1 1 1 1 1 1 1 1 1 1 1 1 1 1 1 1 1 1 1 1 1 1 1 1 1 1 1 1 1 1 1 1 1 1 1 1 1 1 1 1 1 1 1 1 1 1 1 1 1 1 1 1 1 1 1 1 1 1 1 1 1 1 1 1 1 1 1 1 1 1 1 1 1 1 1 1 1 1 1 1 1 1 1 1 1 1 1 1 1 1 1 1 1 1 1 1 1 1 1 1 1 1 1 1 1 1 1 1 1 1 1 1 1 1 1 1 1 1 1 1 1 1 1 1 1 1 1 1 1 1 1 1 1 1 1 1 1 1 1 1 1 1 1 1 1 1 1 1 1 1 1 1 1 1 1 1 1 1 1 1 1 1 1 1 1 1 1 1 1 1 1 1 1 1 1 1 1 1 1 1 1 1 1 1 1 1 1 1 1 1 1 1 1 1 1 1 1 1 1 1 1 1 1 1 1 1 1 1 1 1 1 1 1 1 1 1 1 1 1 1 1 1 1 1 1 1 1 1 1 1 1 1 1 1 1 1 1 1 1 1 1 1 1 1 1 1 1 1 1 1 1 1 1 1 1 1 1 1 1 1 1 1 1 1 1 1 1 1 1 1 1 1 1 1 1 1 1 1 1 1 1 1 1 1 1 1 1 1 1 1 1 1 1 1 1 1 1 1 1 1 1 1 1 1 1 1 1 1 1 1 1 1 1 1 1 1 1 1 1 1 1 1 1 1 1 1 1 1 1 1 1 1 1 1 1 1 1 1 1 1 1 1 1 1 1 1 1 1 1 1 1 1 1 1 1 1 1 1 1 1 1 1 1 1 1 1 1 1 1 1 1 1 1 1 1 1 1 1 1 1 1 1 1 1 1 1 1 1 1 1 1 1 1 1 1 1 1 1 1 1 1 1 1 1 1 1 1 1 1 1 1 1 1 1 1 1 1 1 1 1 1 1 1 1 1 1 1 1 1 1 1 1 1 1 1 1 1 1 1 1 1 1 1 1 1 1 1 1 1 1 1 1 1 1 1 1 1 1 1 1 1 1 1 1 1 1 1 1 1 1 1 1 1 1 1 1 1 1 1 1 1 1 1 1 1 1 1 1 1 1 1 1 1 1 1 1 1 1 1 1 1 1 1 1 1 1 1 1 1 1 1 1 1 1 1 1 1 1 1 1 1 1 1 1 1 1 1 1 1 1 1 1 1 1 1 1 1 1 1 1 1 1 1 1 1 1 1 1 1 1 1 1 1 1 1 1 1 1 1 1 1 1 1 1 1 1 1 1 1 1 1 1 1 1 1 1 1 1 1 1 1 1 1 1 1 1 1 1 1 1 1 1 1 1 1 1 1 1 1 1 1 1 1 1 1 1 1 1 1 1 1 1 1 1 1 1 1 1 1 1 1 1 1 1 1 1 1 1 1 1 1 1 1 1 1 1 1 1 1 1 1 1 1 1 1 1 1 1 1 1 1 1 1 1 1 1 1 1 1 1 1 1 1 1 1 1 1 1 1 1 1 1 1 1 1 1 1 1 1 1 1 1 1 1 1 1 1 1 1 1 1 1 1 1 1 1 1 1 1 1 1 1 1 1 1 1 1 1 1 1 1 1 1 1 1 1 1 1 1 1 1 1 1 1 1 1 1 1 1 1 1 1 1 1 1 1 1 1 1 1 1 1 1 1 1 1 1 1 1 1 1 1 1 1 1 1 1 1 1 1 1 1 1 1 1 1 1 1 1 1 1 1 1 1 1 1 1 1 1 1 1 1 1 1 1 1 1 1 1 1 1 1 1 1 1 1 1 1 1 1 1 1 1 1 1 1 1 1 1 1 1 1 1 1 1 1 1 1 1 1 1 1 1 1 1 1 1 1 1 1 1 1 1 1 1 1 1 1 1 1 1 1 1 1 1 1 1 1 1 1 1 1 1 1 1 1 1 1 1 1 1 1 1 1 1 1 1 1 1 1 1 1 1 1 1 1 1 1 1 1 1 1 1 1 1 1 1 1 1 1 1 1 1 1 1 1 1 1 1 1 1 1 1 1 1 1 1 1 1 1 1 1 1 1 1 1 1 1 1 1 1 1 1 1 1 1 1 1 1 1 1 1 1 1 1 1 1 1 1 1 1 1 1 1 1 1 1 1 1 1 1 1 1 1 1 1 1 1 1 1 1 1 1 1 1 1 1 1 1 1 1 1 1 1 1 1 1 1 1 1 1 1 1 1 1 1 1 1 1 1 1 1 1 1 1 1 1 1 1 1 1 1 1 1 1 1 1 1 1 1 1 1 1 1 1 1 1 1 1 1 1 1 1 1 1 1 1 1 1 1 1 1 1 1 1 1 1 1 1 1 1 1 1 1 1 1 1 1 1 1 1 1 1 1 1 1 1 1 1 1 1 1 1 1 1 1 1 1 1 1 1 1 1 1 1 1 1 1 1 1 1 1 1 1 1 1 1 1 1 1 1</float_array>
          <technique_common>
            <accessor source="#geom-NejiA_Mdl__M_Obj_RailKingPilotHouse-map-2-array" count="1593" stride="3">
              <param name="R" type="float"/>
              <param name="G" type="float"/>
              <param name="B" type="float"/>
            </accessor>
          </technique_common>
        </source>
        <source id="geom-NejiA_Mdl__M_Obj_RailKingPilotHouse-map0">
          <float_array id="geom-NejiA_Mdl__M_Obj_RailKingPilotHouse-map0-array" count="4779">1 1 1 1 1 1 1 1 1 1 1 1 1 1 1 1 1 1 1 1 1 1 1 1 1 1 1 1 1 1 1 1 1 1 1 1 1 1 1 1 1 1 1 1 1 1 1 1 1 1 1 1 1 1 1 1 1 1 1 1 1 1 1 1 1 1 1 1 1 1 1 1 1 1 1 1 1 1 1 1 1 1 1 1 1 1 1 1 1 1 1 1 1 1 1 1 1 1 1 1 1 1 1 1 1 1 1 1 1 1 1 1 1 1 1 1 1 1 1 1 1 1 1 1 1 1 1 1 1 1 1 1 1 1 1 1 1 1 1 1 1 1 1 1 1 1 1 1 1 1 1 1 1 1 1 1 1 1 1 1 1 1 1 1 1 1 1 1 1 1 1 1 1 1 1 1 1 1 1 1 1 1 1 1 1 1 1 1 1 1 1 1 1 1 1 1 1 1 1 1 1 1 1 1 1 1 1 1 1 1 1 1 1 1 1 1 1 1 1 1 1 1 1 1 1 1 1 1 1 1 1 1 1 1 1 1 1 1 1 1 1 1 1 1 1 1 1 1 1 1 1 1 1 1 1 1 1 1 1 1 1 1 1 1 1 1 1 1 1 1 1 1 1 1 1 1 1 1 1 1 1 1 1 1 1 1 1 1 1 1 1 1 1 1 1 1 1 1 1 1 1 1 1 1 1 1 1 1 1 1 1 1 1 1 1 1 1 1 1 1 1 1 1 1 1 1 1 1 1 1 1 1 1 1 1 1 1 1 1 1 1 1 1 1 1 1 1 1 1 1 1 1 1 1 1 1 1 1 1 1 1 1 1 1 1 1 1 1 1 1 1 1 1 1 1 1 1 1 1 1 1 1 1 1 1 1 1 1 1 1 1 1 1 1 1 1 1 1 1 1 1 1 1 1 1 1 1 1 1 1 1 1 1 1 1 1 1 1 1 1 1 1 1 1 1 1 1 1 1 1 1 1 1 1 1 1 1 1 1 1 1 1 1 1 1 1 1 1 1 1 1 1 1 1 1 1 1 1 1 1 1 1 1 1 1 1 1 1 1 1 1 1 1 1 1 1 1 1 1 1 1 1 1 1 1 1 1 1 1 1 1 1 1 1 1 1 1 1 1 1 1 1 1 1 1 1 1 1 1 1 1 1 1 1 1 1 1 1 1 1 1 1 1 1 1 1 1 1 1 1 1 1 1 1 1 1 1 1 1 1 1 1 1 1 1 1 1 1 1 1 1 1 1 1 1 1 1 1 1 1 1 1 1 1 1 1 1 1 1 1 1 1 1 1 1 1 1 1 1 1 1 1 1 1 1 1 1 1 1 1 1 1 1 1 1 1 1 1 1 1 1 1 1 1 1 1 1 1 1 1 1 1 1 1 1 1 1 1 1 1 1 1 1 1 1 1 1 1 1 1 1 1 1 1 1 1 1 1 1 1 1 1 1 1 1 1 1 1 1 1 1 1 1 1 1 1 1 1 1 1 1 1 1 1 1 1 1 1 1 1 1 1 1 1 1 1 1 1 1 1 1 1 1 1 1 1 1 1 1 1 1 1 1 1 1 1 1 1 1 1 1 1 1 1 1 1 1 1 1 1 1 1 1 1 1 1 1 1 1 1 1 1 1 1 1 1 1 1 1 1 1 1 1 1 1 1 1 1 1 1 1 1 1 1 1 1 1 1 1 1 1 1 1 1 1 1 1 1 1 1 1 1 1 1 1 1 1 1 1 1 1 1 1 1 1 1 1 1 1 1 1 1 1 1 1 1 1 1 1 1 1 1 1 1 1 1 1 1 1 1 1 1 1 1 1 1 1 1 1 1 1 1 1 1 1 1 1 1 1 1 1 1 1 1 1 1 1 1 1 1 1 1 1 1 1 1 1 1 1 1 1 1 1 1 1 1 1 1 1 1 1 1 1 1 1 1 1 1 1 1 1 1 1 1 1 1 1 1 1 1 1 1 1 1 1 1 1 1 1 1 1 1 1 1 1 1 1 1 1 1 1 1 1 1 1 1 1 1 1 1 1 1 1 1 1 1 1 1 1 1 1 1 1 1 1 1 1 1 1 1 1 1 1 1 1 1 1 1 1 1 1 1 1 1 1 1 1 1 1 1 1 1 1 1 1 1 1 1 1 1 1 1 1 1 1 1 1 1 1 1 1 1 1 1 1 1 1 1 1 1 1 1 1 1 1 1 1 1 1 1 1 1 1 1 1 1 1 1 1 1 1 1 1 1 1 1 1 1 1 1 1 1 1 1 1 1 1 1 1 1 1 1 1 1 1 1 1 1 1 1 1 1 1 1 1 1 1 1 1 1 1 1 1 1 1 1 1 1 1 1 1 1 1 1 1 1 1 1 1 1 1 1 1 1 1 1 1 1 1 1 1 1 1 1 1 1 1 1 1 1 1 1 1 1 1 1 1 1 1 1 1 1 1 1 1 1 1 1 1 1 1 1 1 1 1 1 1 1 1 1 1 1 1 1 1 1 1 1 1 1 1 1 1 1 1 1 1 1 1 1 1 1 1 1 1 1 1 1 1 1 1 1 1 1 1 1 1 1 1 1 1 1 1 1 1 1 1 1 1 1 1 1 1 1 1 1 1 1 1 1 1 1 1 1 1 1 1 1 1 1 1 1 1 1 1 1 1 1 1 1 1 1 1 1 1 1 1 1 1 1 1 1 1 1 1 1 1 1 1 1 1 1 1 1 1 1 1 1 1 1 1 1 1 1 1 1 1 1 1 1 1 1 1 1 1 1 1 1 1 1 1 1 1 1 1 1 1 1 1 1 1 1 1 1 1 1 1 1 1 1 1 1 1 1 1 1 1 1 1 1 1 1 1 1 1 1 1 1 1 1 1 1 1 1 1 1 1 1 1 1 1 1 1 1 1 1 1 1 1 1 1 1 1 1 1 1 1 1 1 1 1 1 1 1 1 1 1 1 1 1 1 1 1 1 1 1 1 1 1 1 1 1 1 1 1 1 1 1 1 1 1 1 1 1 1 1 1 1 1 1 1 1 1 1 1 1 1 1 1 1 1 1 1 1 1 1 1 1 1 1 1 1 1 1 1 1 1 1 1 1 1 1 1 1 1 1 1 1 1 1 1 1 1 1 1 1 1 1 1 1 1 1 1 1 1 1 1 1 1 1 1 1 1 1 1 1 1 1 1 1 1 1 1 1 1 1 1 1 1 1 1 1 1 1 1 1 1 1 1 1 1 1 1 1 1 1 1 1 1 1 1 1 1 1 1 1 1 1 1 1 1 1 1 1 1 1 1 1 1 1 1 1 1 1 1 1 1 1 1 1 1 1 1 1 1 1 1 1 1 1 1 1 1 1 1 1 1 1 1 1 1 1 1 1 1 1 1 1 1 1 1 1 1 1 1 1 1 1 1 1 1 1 1 1 1 1 1 1 1 1 1 1 1 1 1 1 1 1 1 1 1 1 1 1 1 1 1 1 1 1 1 1 1 1 1 1 1 1 1 1 1 1 1 1 1 1 1 1 1 1 1 1 1 1 1 1 1 1 1 1 1 1 1 1 1 1 1 1 1 1 1 1 1 1 1 1 1 1 1 1 1 1 1 1 1 1 1 1 1 1 1 1 1 1 1 1 1 1 1 1 1 1 1 1 1 1 1 1 1 1 1 1 1 1 1 1 1 1 1 1 1 1 1 1 1 1 1 1 1 1 1 1 1 1 1 1 1 1 1 1 1 1 1 1 1 1 1 1 1 1 1 1 1 1 1 1 1 1 1 1 1 1 1 1 1 1 1 1 1 1 1 1 1 1 1 1 1 1 1 1 1 1 1 1 1 1 1 1 1 1 1 1 1 1 1 1 1 1 1 1 1 1 1 1 1 1 1 1 1 1 1 1 1 1 1 1 1 1 1 1 1 1 1 1 1 1 1 1 1 1 1 1 1 1 1 1 1 1 1 1 1 1 1 1 1 1 1 1 1 1 1 1 1 1 1 1 1 1 1 1 1 1 1 1 1 1 1 1 1 1 1 1 1 1 1 1 1 1 1 1 1 1 1 1 1 1 1 1 1 1 1 1 1 1 1 1 1 1 1 1 1 1 1 1 1 1 1 1 1 1 1 1 1 1 1 1 1 1 1 1 1 1 1 1 1 1 1 1 1 1 1 1 1 1 1 1 1 1 1 1 1 1 1 1 1 1 1 1 1 1 1 1 1 1 1 1 1 1 1 1 1 1 1 1 1 1 1 1 1 1 1 1 1 1 1 1 1 1 1 1 1 1 1 1 1 1 1 1 1 1 1 1 1 1 1 1 1 1 1 1 1 1 1 1 1 1 1 1 1 1 1 1 1 1 1 1 1 1 1 1 1 1 1 1 1 1 1 1 1 1 1 1 1 1 1 1 1 1 1 1 1 1 1 1 1 1 1 1 1 1 1 1 1 1 1 1 1 1 1 1 1 1 1 1 1 1 1 1 1 1 1 1 1 1 1 1 1 1 1 1 1 1 1 1 1 1 1 1 1 1 1 1 1 1 1 1 1 1 1 1 1 1 1 1 1 1 1 1 1 1 1 1 1 1 1 1 1 1 1 1 1 1 1 1 1 1 1 1 1 1 1 1 1 1 1 1 1 1 1 1 1 1 1 1 1 1 1 1 1 1 1 1 1 1 1 1 1 1 1 1 1 1 1 1 1 1 1 1 1 1 1 1 1 1 1 1 1 1 1 1 1 1 1 1 1 1 1 1 1 1 1 1 1 1 1 1 1 1 1 1 1 1 1 1 1 1 1 1 1 1 1 1 1 1 1 1 1 1 1 1 1 1 1 1 1 1 1 1 1 1 1 1 1 1 1 1 1 1 1 1 1 1 1 1 1 1 1 1 1 1 1 1 1 1 1 1 1 1 1 1 1 1 1 1 1 1 1 1 1 1 1 1 1 1 1 1 1 1 1 1 1 1 1 1 1 1 1 1 1 1 1 1 1 1 1 1 1 1 1 1 1 1 1 1 1 1 1 1 1 1 1 1 1 1 1 1 1 1 1 1 1 1 1 1 1 1 1 1 1 1 1 1 1 1 1 1 1 1 1 1 1 1 1 1 1 1 1 1 1 1 1 1 1 1 1 1 1 1 1 1 1 1 1 1 1 1 1 1 1 1 1 1 1 1 1 1 1 1 1 1 1 1 1 1 1 1 1 1 1 1 1 1 1 1 1 1 1 1 1 1 1 1 1 1 1 1 1 1 1 1 1 1 1 1 1 1 1 1 1 1 1 1 1 1 1 1 1 1 1 1 1 1 1 1 1 1 1 1 1 1 1 1 1 1 1 1 1 1 1 1 1 1 1 1 1 1 1 1 1 1 1 1 1 1 1 1 1 1 1 1 1 1 1 1 1 1 1 1 1 1 1 1 1 1 1 1 1 1 1 1 1 1 1 1 1 1 1 1 1 1 1 1 1 1 1 1 1 1 1 1 1 1 1 1 1 1 1 1 1 1 1 1 1 1 1 1 1 1 1 1 1 1 1 1 1 1 1 1 1 1 1 1 1 1 1 1 1 1 1 1 1 1 1 1 1 1 1 1 1 1 1 1 1 1 1 1 1 1 1 1 1 1 1 1 1 1 1 1 1 1 1 1 1 1 1 1 1 1 1 1 1 1 1 1 1 1 1 1 1 1 1 1 1 1 1 1 1 1 1 1 1 1 1 1 1 1 1 1 1 1 1 1 1 1 1 1 1 1 1 1 1 1 1 1 1 1 1 1 1 1 1 1 1 1 1 1 1 1 1 1 1 1 1 1 1 1 1 1 1 1 1 1 1 1 1 1 1 1 1 1 1 1 1 1 1 1 1 1 1 1 1 1 1 1 1 1 1 1 1 1 1 1 1 1 1 1 1 1 1 1 1 1 1 1 1 1 1 1 1 1 1 1 1 1 1 1 1 1 1 1 1 1 1 1 1 1 1 1 1 1 1 1 1 1 1 1 1 1 1 1 1 1 1 1 1 1 1 1 1 1 1 1 1 1 1 1 1 1 1 1 1 1 1 1 1 1 1 1 1 1 1 1 1 1 1 1 1 1 1 1 1 1 1 1 1 1 1 1 1 1 1 1 1 1 1 1 1 1 1 1 1 1 1 1 1 1 1 1 1 1 1 1 1 1 1 1 1 1 1 1 1 1 1 1 1 1 1 1 1 1 1 1 1 1 1 1 1 1 1 1 1 1 1 1 1 1 1 1 1 1 1 1 1 1 1 1 1 1 1 1 1 1 1 1 1 1 1 1 1 1 1 1 1 1 1 1 1 1 1 1 1 1 1 1 1 1 1 1 1 1 1 1 1 1 1 1 1 1 1 1 1 1 1 1 1 1 1 1 1 1 1 1 1 1 1 1 1 1 1 1 1 1 1 1 1 1 1 1 1 1 1 1 1 1 1 1 1 1 1 1 1 1 1 1 1 1 1 1 1 1 1 1 1 1 1 1 1 1 1 1 1 1 1 1 1 1 1 1 1 1 1 1 1 1 1 1 1 1 1 1 1 1 1 1 1 1 1 1 1 1 1 1 1 1 1 1 1 1 1 1 1 1 1 1 1 1 1 1 1 1 1 1 1 1 1 1 1 1 1 1 1 1 1 1 1 1 1 1 1 1 1 1 1 1 1 1 1 1 1 1 1 1 1 1 1 1 1 1 1 1 1 1 1 1 1 1 1 1 1 1 1 1 1 1 1 1 1 1 1 1 1 1 1 1 1 1 1 1 1 1 1 1 1 1 1 1 1 1 1 1 1 1 1 1 1 1 1 1 1 1 1 1 1 1 1 1 1 1 1 1 1 1 1 1 1 1 1 1 1 1 1 1 1 1 1 1 1 1 1 1 1 1 1 1 1 1 1 1 1 1 1 1 1 1 1 1 1 1 1 1 1 1 1 1 1 1 1 1 1 1 1 1 1 1 1 1 1 1 1 1 1 1 1 1 1 1 1 1 1 1 1 1 1 1 1 1 1 1 1 1 1 1 1 1 1 1 1 1 1 1 1 1 1 1 1 1 1 1 1 1 1 1 1 1 1 1 1 1 1 1 1 1 1 1 1 1 1 1 1 1 1 1 1 1 1 1 1 1 1 1 1 1 1 1 1 1 1 1 1 1 1 1 1 1 1 1 1 1 1 1 1 1 1 1 1 1 1 1 1 1 1 1 1 1 1 1 1 1 1 1 1 1 1 1 1 1 1 1 1 1 1 1 1 1 1 1 1 1 1 1 1 1 1 1 1 1 1 1 1 1 1 1 1 1 1 1 1 1 1 1 1 1 1 1 1 1 1 1 1 1 1 1 1 1 1 1 1 1 1 1 1 1 1 1 1 1 1 1 1 1 1 1 1 1 1 1 1 1 1 1 1 1 1 1 1 1 1 1 1 1 1 1 1 1 1 1 1 1 1 1 1 1 1 1 1 1 1 1 1 1 1 1 1 1 1 1 1 1 1 1 1 1 1 1 1 1 1 1 1 1 1 1 1 1 1 1 1 1 1 1 1 1 1 1 1 1 1 1 1 1 1 1 1 1 1 1 1 1 1 1 1 1 1 1 1 1 1 1 1 1 1 1 1 1 1 1 1 1 1 1 1 1 1 1 1 1 1 1 1 1 1 1 1 1 1 1 1 1 1 1 1 1 1 1 1 1 1 1 1 1 1 1 1 1 1 1 1 1 1 1 1 1 1 1 1 1 1 1 1 1 1 1 1 1 1 1 1 1 1 1 1 1 1 1 1 1 1 1 1 1 1 1 1 1 1 1 1 1 1 1 1 1 1 1 1 1 1 1 1 1 1 1 1 1 1 1 1 1 1 1 1 1 1 1 1 1 1 1 1 1 1 1 1 1 1 1 1 1 1 1 1 1 1 1 1 1 1 1 1 1 1 1 1 1 1 1 1 1 1 1 1 1 1 1 1 1 1 1 1 1 1 1 1 1 1 1 1 1 1 1 1 1 1 1 1 1 1 1 1 1 1 1 1 1 1 1 1 1 1 1 1 1 1 1 1 1 1 1 1 1 1 1 1 1 1 1 1 1 1 1 1 1 1 1 1 1 1 1 1 1 1 1 1 1 1 1 1 1 1 1 1 1 1 1 1 1 1 1 1 1 1 1 1 1 1 1 1 1 1 1 1 1 1 1 1 1 1 1 1 1 1 1 1 1 1 1 1 1 1 1 1 1 1 1 1 1 1 1 1 1 1 1 1 1 1 1 1 1 1 1 1 1 1 1 1 1 1 1 1 1 1 1 1 1 1 1 1 1 1 1 1 1 1 1 1 1 1 1 1 1 1 1 1 1 1 1 1 1 1 1 1 1 1 1 1 1 1 1 1 1 1 1 1 1 1 1 1 1 1 1 1 1 1 1 1 1 1 1 1 1 1 1 1 1 1 1 1 1 1 1 1 1 1 1 1 1 1 1 1 1 1 1 1 1 1 1 1 1 1 1 1 1 1 1 1 1 1 1 1 1 1 1 1 1 1 1 1 1 1 1 1 1 1 1 1 1 1 1 1 1 1 1 1 1 1 1 1 1 1 1 1 1 1 1 1 1 1 1 1 1 1 1 1 1 1 1 1 1 1 1 1 1 1 1 1 1 1 1 1 1 1 1 1 1 1 1 1 1 1 1 1 1 1 1 1 1 1 1 1 1 1 1 1 1 1 1 1 1 1 1 1 1 1 1 1 1 1 1 1 1 1 1 1 1 1 1 1 1 1 1 1 1 1 1 1 1 1 1 1 1 1 1 1 1 1 1 1 1 1 1 1 1 1 1 1 1 1 1 1 1 1 1 1 1 1 1 1 1 1 1 1 1 1 1 1 1 1 1 1 1 1 1 1 1 1 1 1 1 1 1 1 1 1 1 1 1 1 1 1 1 1 1 1 1 1 1 1 1 1 1 1 1 1 1 1 1 1 1 1 1 1 1 1 1 1 1 1 1 1 1 1 1 1 1 1 1 1 1 1 1 1 1 1 1 1 1 1 1 1 1 1 1 1 1 1 1 1 1 1 1 1 1 1 1 1 1 1 1 1 1 1 1 1 1 1 1 1 1 1 1 1 1 1 1 1 1 1 1 1 1 1 1 1 1 1 1 1 1 1 1 1 1 1 1 1 1 1 1 1 1 1 1 1 1 1 1 1 1 1 1 1 1 1 1 1 1 1 1 1 1 1 1 1 1 1 1 1 1 1 1 1 1 1 1 1 1 1 1 1 1 1 1 1 1 1 1 1 1 1 1 1 1 1 1 1 1 1 1 1 1 1 1 1 1 1 1 1 1 1 1 1 1 1 1 1 1 1 1 1 1 1 1 1 1 1 1 1 1 1 1 1 1 1 1 1 1 1 1 1 1 1 1 1 1 1 1 1 1 1 1 1 1 1 1 1 1 1 1 1 1 1 1 1 1 1 1 1 1 1 1 1 1 1 1 1 1 1 1 1 1 1 1 1 1 1 1 1 1 1 1 1 1 1 1 1 1 1 1 1 1 1 1 1 1 1 1 1 1 1 1 1 1 1 1 1 1 1 1 1 1 1 1 1 1 1 1 1 1 1 1 1 1 1 1 1 1 1 1 1 1 1 1 1 1 1 1 1 1 1 1 1 1 1 1 1 1 1 1 1 1 1 1 1 1 1 1 1 1 1 1 1 1 1 1 1 1 1 1 1 1 1 1 1 1 1 1 1 1 1 1 1 1 1 1 1 1 1 1 1 1 1 1 1 1 1 1 1 1 1 1 1 1 1 1 1 1 1 1 1 1 1 1 1 1 1 1 1 1 1 1 1 1 1 1 1 1 1 1 1 1 1 1 1 1 1 1 1 1 1 1 1 1 1 1 1 1 1 1 1 1 1 1 1 1 1 1 1 1 1 1 1 1 1 1 1 1 1 1 1 1 1 1 1 1 1 1 1 1 1 1 1 1 1 1 1 1 1 1 1 1 1 1 1 1 1 1 1 1 1 1 1 1 1 1 1 1 1 1 1 1 1 1 1 1 1 1 1 1 1 1 1 1 1 1 1 1 1 1 1 1 1 1 1 1 1 1 1 1 1 1 1 1 1 1 1 1 1 1 1 1 1 1 1 1 1 1 1 1 1 1 1 1 1 1 1 1 1 1 1 1 1 1 1 1 1 1 1 1 1 1 1 1 1 1 1 1 1 1 1 1 1 1 1 1 1 1 1 1 1 1 1 1 1 1 1 1 1 1 1 1 1 1 1 1 1 1 1 1 1 1 1 1 1 1 1 1 1 1 1 1 1 1 1 1 1 1 1 1 1 1 1 1 1 1 1 1 1 1 1 1 1 1 1 1 1 1 1 1 1 1 1 1 1 1 1 1 1 1 1 1 1 1 1 1 1 1 1 1 1 1 1 1 1 1 1 1 1 1 1 1 1 1 1 1 1 1 1 1 1 1 1 1 1 1 1 1 1 1 1 1 1 1 1 1 1 1 1 1 1 1 1 1 1 1 1 1 1 1 1 1 1 1 1 1 1 1 1 1 1 1 1 1 1 1 1 1 1 1 1 1 1 1 1 1 1 1 1 1 1 1 1 1 1 1 1 1 1 1 1 1 1 1 1 1 1 1 1 1 1 1 1 1 1 1 1 1 1 1 1 1 1 1 1 1 1 1 1 1 1 1 1 1 1 1 1 1 1 1 1 1 1 1 1 1 1 1 1 1 1 1 1 1 1 1 1 1 1 1 1 1 1 1 1 1 1 1 1 1 1 1 1 1 1 1 1 1 1 1 1 1 1 1 1 1 1 1 1 1 1</float_array>
          <technique_common>
            <accessor source="#geom-NejiA_Mdl__M_Obj_RailKingPilotHouse-map0-array" count="1593" stride="3">
              <param name="R" type="float"/>
              <param name="G" type="float"/>
              <param name="B" type="float"/>
            </accessor>
          </technique_common>
        </source>
        <source id="geom-NejiA_Mdl__M_Obj_RailKingPilotHouse-map1">
          <float_array id="geom-NejiA_Mdl__M_Obj_RailKingPilotHouse-map1-array" count="4779">0.9951172 0.996172 0 0.4978027 0.996172 0 0.9951172 0.5063477 0 0.4978027 0.5063477 0 0.9951172 0.996172 0 0.4978027 0.996172 0 0.9951172 0.5063477 0 0.4978027 0.5063477 0 0.1708984 0.6931152 0 0.168335 0.7128906 0 0.1672363 0.7126465 0 0.1697998 0.6931152 0 0.168335 0.6733398 0 0.1708984 0.6931152 0 0.1672363 0.673584 0 0.1606445 0.6550293 0 0.168335 0.6733398 0 0.159668 0.6555176 0 0.1485596 0.6391602 0 0.1606445 0.6547852 0 0.1477051 0.6398926 0 0.1326904 0.6269531 0 0.1484375 0.638916 0 0.1320801 0.6279297 0 0.1143188 0.6191406 0 0.1325684 0.6269531 0 0.1139526 0.6203613 0 0.09448242 0.6166992 0 0.1141968 0.6191406 0 0.09448242 0.6176758 0 0.07470703 0.6191406 0 0.09442139 0.6166992 0 0.07495117 0.6203613 0 0.0562439 0.6269531 0 0.07458496 0.6191406 0 0.05679321 0.6279297 0 0.04040527 0.638916 0 0.05618286 0.6269531 0 0.04119873 0.6398926 0 0.02825928 0.6547852 0 0.04034424 0.6391602 0 0.02923584 0.6555176 0 0.02059937 0.6733398 0 0.02819824 0.6550293 0 0.02171326 0.673584 0 0.01799011 0.6931152 0 0.02056885 0.6733398 0 0.01913452 0.6931152 0 0.02058411 0.7128906 0 0.01797485 0.6931152 0 0.02171326 0.7126465 0 0.02822876 0.7314453 0 0.02059937 0.7128906 0 0.02923584 0.7307129 0 0.04037476 0.7473145 0 0.02825928 0.7314453 0 0.04119873 0.7463379 0 0.05621338 0.7592773 0 0.04043579 0.7473145 0 0.05679321 0.7583008 0 0.074646 0.7669678 0 0.05627441 0.7593994 0 0.07495117 0.7657471 0 0.09442139 0.7695313 0 0.07470703 0.7669678 0 0.09448242 0.7683105 0 0.1142578 0.7669678 0 0.09454346 0.7695313 0 0.1139526 0.7657471 0 0.1326904 0.7592773 0 0.1143188 0.7669678 0 0.1320801 0.7583008 0 0.1484375 0.7473145 0 0.1326904 0.7592773 0 0.1477051 0.7463379 0 0.1606445 0.7314453 0 0.1485596 0.7470703 0 0.159668 0.7307129 0 0.168335 0.7128906 0 0.1607666 0.7314453 0 1.724609 0.253418 0 1.603516 0.253418 0 1.600586 0.2509766 0 1.725586 0.2509766 0 1.600586 0.2480469 0 1.725586 0.2480469 0 1.725586 0.009765625 0 1.600586 0.003417969 0 1.725586 0.003417969 0 1.600586 0.009765625 0 1.475586 0.003417969 0 1.599609 0.003417969 0 1.475586 0.009765625 0 1.475586 0.2480469 0 1.600586 0.2509766 0 1.349609 0.003417969 0 1.474609 0.003417969 0 1.475586 0.2509766 0 1.599609 0.253418 0 1.477539 0.253418 0 1.349609 0.009765625 0 1.349609 0.2480469 0 1.474609 0.2509766 0 1.224609 0.003417969 0 1.349609 0.003417969 0 1.350586 0.2509766 0 1.474609 0.253418 0 1.352539 0.253418 0 1.224609 0.009765625 0 1.224609 0.2480469 0 1.349609 0.2509766 0 1.099609 0.003417969 0 1.224609 0.003417969 0 1.224609 0.2509766 0 1.349609 0.253418 0 1.227539 0.253418 0 1.099609 0.009765625 0 1.099609 0.2480469 0 1.224609 0.2509766 0 0.9746094 0.003417969 0 1.098633 0.003417969 0 1.099609 0.2509766 0 1.223633 0.253418 0 1.101563 0.253418 0 0.9741211 0.009765625 0 0.9741211 0.2480469 0 1.099609 0.2509766 0 0.8491211 0.003417969 0 0.9741211 0.003417969 0 0.9746094 0.2509766 0 1.098633 0.253418 0 0.9770508 0.253418 0 0.8491211 0.009765625 0 0.8491211 0.2480469 0 0.9741211 0.2509766 0 0.7241211 0.003417969 0 0.8486328 0.003417969 0 0.8491211 0.2509766 0 0.9736328 0.253418 0 0.8515625 0.253418 0 0.7236328 0.009765625 0 0.7236328 0.2480469 0 0.8491211 0.2509766 0 0.5986328 0.003417969 0 0.7236328 0.003417969 0 0.7241211 0.2509766 0 0.8481445 0.253418 0 0.7265625 0.253418 0 0.5986328 0.009765625 0 0.5986328 0.2480469 0 0.7236328 0.2509766 0 0.4736328 0.003417969 0 0.5981445 0.003417969 0 0.5986328 0.2509766 0 0.7231445 0.253418 0 0.6010742 0.253418 0 0.4733887 0.009765625 0 0.4733887 0.2480469 0 0.5986328 0.2509766 0 0.3483887 0.003417969 0 0.4731445 0.003417969 0 0.4736328 0.2509766 0 0.5976563 0.253418 0 0.4760742 0.253418 0 0.3481445 0.009765625 0 0.3481445 0.2480469 0 0.4733887 0.2509766 0 0.2231445 0.003417969 0 0.3476562 0.003417969 0 0.3483887 0.2509766 0 0.4726562 0.253418 0 0.3508301 0.253418 0 0.2229004 0.009765625 0 0.2229004 0.2480469 0 0.3481445 0.2509766 0 0.09790039 0.003417969 0 0.2225342 0.003417969 0 0.2231445 0.2509766 0 0.3474121 0.253418 0 0.2255859 0.253418 0 0.09771729 0.009765625 0 0.09771729 0.2480469 0 0.2227783 0.2509766 0 -0.02734375 0.003417969 0 0.09735107 0.003417969 0 0.09790039 0.2509766 0 0.222168 0.253418 0 0.1002808 0.253418 0 -0.02752686 0.009765625 0 -0.02752686 0.2480469 0 0.09759521 0.2509766 0 -0.1525879 0.003417969 0 -0.02789307 0.003417969 0 -0.02731323 0.2509766 0 0.09692383 0.253418 0 -0.02493286 0.253418 0 -0.15271 0.009765625 0 -0.15271 0.2480469 0 -0.02763367 0.2509766 0 -0.277832 0.003417969 0 -0.1530762 0.003417969 0 -0.1524658 0.2509766 0 -0.02828979 0.253418 0 -0.1501465 0.253418 0 -0.277832 0.009765625 0 -0.277832 0.2480469 0 -0.152832 0.2509766 0 -0.4030762 0.003417969 0 -0.2783203 0.003417969 0 -0.277832 0.2509766 0 -0.1535645 0.253418 0 -0.2753906 0.253418 0 -0.4033203 0.009765625 0 -0.4033203 0.2480469 0 -0.2780762 0.2509766 0 -0.5283203 0.003417969 0 -0.4035645 0.003417969 0 -0.4030762 0.2509766 0 -0.2788086 0.253418 0 -0.4006348 0.253418 0 -0.5283203 0.009765625 0 -0.5283203 0.2480469 0 -0.4033203 0.2509766 0 -0.6533203 0.003417969 0 -0.5288086 0.003417969 0 -0.5283203 0.2509766 0 -0.4040527 0.253418 0 -0.5258789 0.253418 0 -0.6538086 0.009765625 0 -0.6538086 0.2480469 0 -0.5283203 0.2509766 0 -0.7788086 0.003417969 0 -0.6538086 0.003417969 0 -0.6533203 0.2509766 0 -0.5292969 0.253418 0 -0.6508789 0.253418 0 -0.7788086 0.009765625 0 -0.7788086 0.2480469 0 -0.6538086 0.2509766 0 -0.9038086 0.003417969 0 -0.7792969 0.003417969 0 -0.7788086 0.2509766 0 -0.6542969 0.253418 0 -0.7763672 0.253418 0 -0.9042969 0.009765625 0 -0.9042969 0.2480469 0 -0.7788086 0.2509766 0 -1.048828 0.003417969 0 -0.9042969 0.003417969 0 -1.048828 0.009765625 0 -1.048828 0.2480469 0 -0.9038086 0.2509766 0 -0.7797852 0.253418 0 -0.9013672 0.253418 0 -0.9042969 0.2509766 0 -1.048828 0.2509766 0 -0.9047852 0.253418 0 -1.048828 0.253418 0 0.09216309 0.9654846 0 0.07946777 0.9654846 0 0.07946777 0.9638672 0 0.09216309 0.9638672 0 0.07946777 0.9622498 0 0.09216309 0.9622498 0 0.07946777 0.9606628 0 0.09216309 0.9606628 0 0.07946777 0.9590759 0 0.09216309 0.9590759 0 0.07946777 0.9574585 0 0.09216309 0.9574585 0 0.07946777 0.9558716 0 0.09216309 0.9558716 0 0.07946777 0.9542542 0 0.09216309 0.9542542 0 0.07946777 0.9526367 0 0.09216309 0.9526367 0 0.07946777 0.9510193 0 0.09216309 0.9510193 0 0.07946777 0.9493713 0 0.09216309 0.9493713 0 0.07946777 0.9477539 0 0.09216309 0.9477539 0 0.07946777 0.946106 0 0.09216309 0.946106 0 0.07946777 0.9444885 0 0.09216309 0.9444885 0 0.07946777 0.9428711 0 0.09216309 0.9428711 0 0.07946777 0.9412537 0 0.09216309 0.9412537 0 0 0.7487793 0 0 0.6655273 0 0.111084 0.6655273 0 0.111084 0.7487793 0 0.2137451 0.6655273 0 0.2137451 0.7487793 0 0.3259277 0.6655273 0 0.3259277 0.7487793 0 1.725586 0.2509766 0 1.850586 0.253418 0 1.728516 0.253418 0 1.850586 0.2509766 0 1.850586 0.2480469 0 1.850586 0.009765625 0 1.725586 0.003417969 0 1.850586 0.003417969 0 1.950195 0.009765625 0 1.851563 0.003417969 0 1.950195 0.003417969 0 1.950195 0.2480469 0 1.950195 0.2509766 0 1.851563 0.2509766 0 1.950195 0.253418 0 1.853516 0.253418 0 0.4836426 0.6506348 0 0.3562012 0.2641602 0 0.4836426 0.2641602 0 0.3562012 0.6506348 0 0.2327881 0.2641602 0 0.232666 0.6506348 0 0.1094971 0.6506348 0 0.1094971 0.2641602 0 0.008049011 0.6506348 0 0.008049011 0.2641602 0 0.3691406 0.9390869 0 0.3745117 0.8768311 0 0.3745117 0.9390869 0 0.3691406 0.8768311 0 0.3640137 0.9390869 0 0.3640137 0.8768311 0 0.3588867 0.9390869 0 0.3588867 0.8768311 0 0.3537598 0.9390869 0 0.3537598 0.8768311 0 0.3483887 0.9390869 0 0.3483887 0.8768311 0 0.3432617 0.9390869 0 0.3432617 0.8768311 0 0.3381348 0.9390869 0 0.3381348 0.8768311 0 0.3330078 0.9390869 0 0.3330078 0.8768311 0 0.3276367 0.9390869 0 0.3276367 0.8768311 0 0.3225098 0.9390869 0 0.3225098 0.8768311 0 0.3173828 0.9390869 0 0.3173828 0.8768311 0 0.3122559 0.9390869 0 0.3122559 0.8768311 0 0.3068848 0.9390869 0 0.3068848 0.8768311 0 0.3017578 0.9390869 0 0.3017578 0.8768311 0 0.2966309 0.9390869 0 0.2966309 0.8768311 0 0.2915039 0.9390869 0 0.2915039 0.8768311 0 0.2861328 0.9390869 0 0.2861328 0.8768311 0 0.2810059 0.9390869 0 0.2810059 0.8768311 0 0.2758789 0.9390869 0 0.2758789 0.8768311 0 0.270752 0.9390869 0 0.270752 0.8768311 0 0.2653809 0.9390869 0 0.2653809 0.8768311 0 0.2602539 0.9390869 0 0.2602539 0.8768311 0 0.255127 0.9390869 0 0.255127 0.8768311 0 0.25 0.9390869 0 0.25 0.8768311 0 0.3691406 0.9390869 0 0.3745117 0.8768311 0 0.3745117 0.9390869 0 0.3691406 0.8768311 0 0.3640137 0.9390869 0 0.3640137 0.8768311 0 0.3588867 0.9390869 0 0.3588867 0.8768311 0 0.3537598 0.9390869 0 0.3537598 0.8768311 0 0.3483887 0.9390869 0 0.3483887 0.8768311 0 0.3432617 0.9390869 0 0.3432617 0.8768311 0 0.3381348 0.9390869 0 0.3381348 0.8768311 0 0.3330078 0.9390869 0 0.3330078 0.8768311 0 0.3276367 0.9390869 0 0.3276367 0.8768311 0 0.3225098 0.9390869 0 0.3225098 0.8768311 0 0.3173828 0.9390869 0 0.3173828 0.8768311 0 0.3122559 0.9390869 0 0.3122559 0.8768311 0 0.3068848 0.9390869 0 0.3068848 0.8768311 0 0.3017578 0.9390869 0 0.3017578 0.8768311 0 0.2966309 0.9390869 0 0.2966309 0.8768311 0 0.2915039 0.9390869 0 0.2915039 0.8768311 0 0.2861328 0.9390869 0 0.2861328 0.8768311 0 0.2810059 0.9390869 0 0.2810059 0.8768311 0 0.2758789 0.9390869 0 0.2758789 0.8768311 0 0.270752 0.9390869 0 0.270752 0.8768311 0 0.2653809 0.9390869 0 0.2653809 0.8768311 0 0.2602539 0.9390869 0 0.2602539 0.8768311 0 0.255127 0.9390869 0 0.255127 0.8768311 0 0.25 0.9390869 0 0.25 0.8768311 0 0.3691406 0.9390869 0 0.3745117 0.8768311 0 0.3745117 0.9390869 0 0.3691406 0.8768311 0 0.3640137 0.9390869 0 0.3640137 0.8768311 0 0.3588867 0.9390869 0 0.3588867 0.8768311 0 0.3537598 0.9390869 0 0.3537598 0.8768311 0 0.3483887 0.9390869 0 0.3483887 0.8768311 0 0.3432617 0.9390869 0 0.3432617 0.8768311 0 0.3381348 0.9390869 0 0.3381348 0.8768311 0 0.3330078 0.9390869 0 0.3330078 0.8768311 0 0.3276367 0.9390869 0 0.3276367 0.8768311 0 0.3225098 0.9390869 0 0.3225098 0.8768311 0 0.3173828 0.9390869 0 0.3173828 0.8768311 0 0.3122559 0.9390869 0 0.3122559 0.8768311 0 0.3068848 0.9390869 0 0.3068848 0.8768311 0 0.3017578 0.9390869 0 0.3017578 0.8768311 0 0.2966309 0.9390869 0 0.2966309 0.8768311 0 0.2915039 0.9390869 0 0.2915039 0.8768311 0 0.2861328 0.9390869 0 0.2861328 0.8768311 0 0.2810059 0.9390869 0 0.2810059 0.8768311 0 0.2758789 0.9390869 0 0.2758789 0.8768311 0 0.270752 0.9390869 0 0.270752 0.8768311 0 0.2653809 0.9390869 0 0.2653809 0.8768311 0 0.2602539 0.9390869 0 0.2602539 0.8768311 0 0.255127 0.9390869 0 0.255127 0.8768311 0 0.25 0.9390869 0 0.25 0.8768311 0 0.3691406 0.9390869 0 0.3745117 0.8768311 0 0.3745117 0.9390869 0 0.3691406 0.8768311 0 0.3640137 0.9390869 0 0.3640137 0.8768311 0 0.3588867 0.9390869 0 0.3588867 0.8768311 0 0.3537598 0.9390869 0 0.3537598 0.8768311 0 0.3483887 0.9390869 0 0.3483887 0.8768311 0 0.3432617 0.9390869 0 0.3432617 0.8768311 0 0.3381348 0.9390869 0 0.3381348 0.8768311 0 0.3330078 0.9390869 0 0.3330078 0.8768311 0 0.3276367 0.9390869 0 0.3276367 0.8768311 0 0.3225098 0.9390869 0 0.3225098 0.8768311 0 0.3173828 0.9390869 0 0.3173828 0.8768311 0 0.3122559 0.9390869 0 0.3122559 0.8768311 0 0.3068848 0.9390869 0 0.3068848 0.8768311 0 0.3017578 0.9390869 0 0.3017578 0.8768311 0 0.2966309 0.9390869 0 0.2966309 0.8768311 0 0.2915039 0.9390869 0 0.2915039 0.8768311 0 0.2861328 0.9390869 0 0.2861328 0.8768311 0 0.2810059 0.9390869 0 0.2810059 0.8768311 0 0.2758789 0.9390869 0 0.2758789 0.8768311 0 0.270752 0.9390869 0 0.270752 0.8768311 0 0.2653809 0.9390869 0 0.2653809 0.8768311 0 0.2602539 0.9390869 0 0.2602539 0.8768311 0 0.255127 0.9390869 0 0.255127 0.8768311 0 0.25 0.9390869 0 0.25 0.8768311 0 0.2498779 0.7714844 0 0.230957 0.7523193 0 0.2498779 0.7524414 0 0.2304687 0.7714844 0 0.2148437 0.7523193 0 0.229248 0.7524414 0 0.2142334 0.7714844 0 0.1986084 0.7523193 0 0.2130127 0.7524414 0 0.1981201 0.7714844 0 0.1824951 0.7523193 0 0.1968994 0.7524414 0 0.1818848 0.7714844 0 0.1662598 0.7523193 0 0.1806641 0.7524414 0 0.1656494 0.7714844 0 0.1501465 0.7523193 0 0.1645508 0.7524414 0 0.1495361 0.7714844 0 0.1339111 0.7523193 0 0.1483154 0.7524414 0 0.1333008 0.7714844 0 0.1177979 0.7523193 0 0.1322021 0.7524414 0 0.1171875 0.7714844 0 0.1016235 0.7523193 0 0.1160278 0.7524414 0 0.1010132 0.7714844 0 0.08544922 0.7523193 0 0.09985352 0.7524414 0 0.08483887 0.7714844 0 0.0692749 0.7523193 0 0.0836792 0.7524414 0 0.06866455 0.7714844 0 0.05310059 0.7523193 0 0.06750488 0.7524414 0 0.05252075 0.7714844 0 0.03692627 0.7523193 0 0.05133057 0.7524414 0 0.03634644 0.7714844 0 0.02075195 0.7523193 0 0.03515625 0.7524414 0 0.02017212 0.7714844 0 -6.68168e-5 0.7523193 0 0.01898193 0.7524414 0 -6.67572e-5 0.7714844 0 -6.67572e-5 0.861084 0 0.02017212 0.861084 0 0.03631592 0.8759155 0 0.02017212 0.8759155 0 0.03634644 0.861084 0 0.02015686 0.8759155 0 -6.67572e-5 0.8759155 0 0.05249023 0.8759155 0 0.03631592 0.8759155 0 0.05252075 0.861084 0 0.06866455 0.8759155 0 0.05252075 0.8759155 0 0.06866455 0.861084 0 0.08483887 0.8759155 0 0.06866455 0.8759155 0 0.08483887 0.861084 0 0.1010132 0.8759155 0 0.08483887 0.8759155 0 0.1010132 0.861084 0 0.1171875 0.8759155 0 0.1171875 0.861084 0 0.1333008 0.861084 0 0.1333008 0.8759155 0 0.1495361 0.861084 0 0.1334229 0.8759155 0 0.1495361 0.8759155 0 0.1656494 0.861084 0 0.1495361 0.8759155 0 0.1656494 0.8759155 0 0.1818848 0.861084 0 0.1657715 0.8759155 0 0.1818848 0.8759155 0 0.1981201 0.861084 0 0.1818848 0.8759155 0 0.1981201 0.8759155 0 0.2142334 0.861084 0 0.1981201 0.8759155 0 0.2142334 0.8759155 0 0.2304687 0.861084 0 0.2142334 0.8759155 0 0.2304687 0.8759155 0 0.2498779 0.861084 0 0.2498779 0.8759155 0 0.2498779 0.9104614 0 0.2498779 0.9257202 0 0.2301025 0.9257202 0 0.2303467 0.9104614 0 0.2139893 0.9257202 0 0.2498779 0.8998413 0 0.2141113 0.9104614 0 0.1977539 0.9256592 0 0.2303467 0.8997803 0 0.2303467 0.8760376 0 0.2498779 0.8760376 0 0.2142334 0.8997803 0 0.2142334 0.8760376 0 0.197998 0.8997803 0 0.197998 0.8760376 0 0.197998 0.9104614 0 0.1816406 0.9256592 0 0.1818848 0.8997803 0 0.1818848 0.8759766 0 0.1817627 0.9104614 0 0.1654053 0.9256592 0 0.1656494 0.8997803 0 0.1656494 0.8759766 0 0.1656494 0.9104614 0 0.149292 0.9256592 0 0.1495361 0.8997803 0 0.1495361 0.8759766 0 0.1494141 0.9104614 0 0.1330566 0.9256592 0 0.1333008 0.8997803 0 0.1333008 0.8759155 0 0.1331787 0.9104004 0 0.1169434 0.9256592 0 0.1171875 0.8997803 0 0.1171875 0.8759155 0 0.1170654 0.9104004 0 0.100769 0.9256592 0 0.1010132 0.8997192 0 0.1010132 0.8759155 0 0.08483887 0.8759155 0 0.1008911 0.9104004 0 0.08453369 0.9256592 0 0.08483887 0.8997192 0 0.06866455 0.8759155 0 0.0847168 0.9104004 0 0.06835937 0.9255981 0 0.06866455 0.8997192 0 0.05249023 0.8759155 0 0.06854248 0.9104004 0 0.05221558 0.9255981 0 0.05249023 0.8997192 0 0.03631592 0.8759155 0 0.05239868 0.9104004 0 0.03604126 0.9255981 0 0.03631592 0.8997192 0 0.03622437 0.9104004 0 0.0198822 0.9255981 0 0.0201416 0.8997192 0 -6.68168e-5 0.8997192 0 -6.67572e-5 0.9103394 0 0.02005005 0.9104004 0 -6.67572e-5 0.9255981 0 0.4978027 0.6286621 0 0.4978027 0.5063477 0 0.6225586 0.5063477 0 0.6225586 0.6286621 0 0.4978027 0.7512207 0 0.746582 0.5063477 0 0.6225586 0.7512207 0 0.746582 0.6286621 0 0.8701172 0.6286621 0 0.8701172 0.5063477 0 0.9951172 0.5063477 0 0.9951172 0.6286621 0 0.9951172 0.7512207 0 0.8701172 0.7512207 0 0.746582 0.7512207 0 0.8701172 0.8737793 0 0.9951172 0.8737793 0 0.746582 0.8737793 0 0.9951172 0.996172 0 0.8701172 0.996172 0 0.746582 0.996172 0 0.6225586 0.8737793 0 0.6225586 0.996172 0 0.4978027 0.8737793 0 0.4978027 0.996172 0 0.4978027 0.6286621 0 0.4978027 0.5063477 0 0.6220703 0.5063477 0 0.6220703 0.6286621 0 0.4978027 0.7512207 0 0.7460938 0.5063477 0 0.6220703 0.7512207 0 0.7460938 0.6286621 0 0.8706055 0.6286621 0 0.8706055 0.5063477 0 0.9951172 0.5063477 0 0.9951172 0.6286621 0 0.9951172 0.7512207 0 0.8706055 0.7512207 0 0.7460938 0.7512207 0 0.8706055 0.8737793 0 0.9951172 0.8737793 0 0.7460938 0.8737793 0 0.9951172 0.996172 0 0.8706055 0.996172 0 0.7460938 0.996172 0 0.6220703 0.8737793 0 0.6220703 0.996172 0 0.4978027 0.8737793 0 0.4978027 0.996172 0 0.4978027 0.6286621 0 0.4978027 0.5063477 0 0.6220703 0.5063477 0 0.6220703 0.6286621 0 0.4978027 0.7512207 0 0.7460938 0.5063477 0 0.6220703 0.7512207 0 0.7460938 0.6286621 0 0.8706055 0.6286621 0 0.8706055 0.5063477 0 0.9951172 0.5063477 0 0.9951172 0.6286621 0 0.9951172 0.7512207 0 0.8706055 0.7512207 0 0.7460938 0.7512207 0 0.8706055 0.8737793 0 0.9951172 0.8737793 0 0.7460938 0.8737793 0 0.9951172 0.996172 0 0.8706055 0.996172 0 0.7460938 0.996172 0 0.6220703 0.8737793 0 0.6220703 0.996172 0 0.4978027 0.8737793 0 0.4978027 0.996172 0 0.4978027 0.6286621 0 0.4978027 0.5063477 0 0.6220703 0.5063477 0 0.6220703 0.6286621 0 0.4978027 0.7512207 0 0.7460938 0.5063477 0 0.6220703 0.7512207 0 0.7460938 0.6286621 0 0.8706055 0.6286621 0 0.8706055 0.5063477 0 0.9951172 0.5063477 0 0.9951172 0.6286621 0 0.9951172 0.7512207 0 0.8706055 0.7512207 0 0.7460938 0.7512207 0 0.8706055 0.8737793 0 0.9951172 0.8737793 0 0.7460938 0.8737793 0 0.9951172 0.996172 0 0.8706055 0.996172 0 0.7460938 0.996172 0 0.6220703 0.8737793 0 0.6220703 0.996172 0 0.4978027 0.8737793 0 0.4978027 0.996172 0 0.4978027 0.6286621 0 0.4978027 0.5063477 0 0.6220703 0.5063477 0 0.6220703 0.6286621 0 0.4978027 0.7512207 0 0.7460938 0.5063477 0 0.6220703 0.7512207 0 0.7460938 0.6286621 0 0.8706055 0.6286621 0 0.8706055 0.5063477 0 0.9951172 0.5063477 0 0.9951172 0.6286621 0 0.9951172 0.7512207 0 0.8706055 0.7512207 0 0.7460938 0.7512207 0 0.8706055 0.8737793 0 0.9951172 0.8737793 0 0.7460938 0.8737793 0 0.9951172 0.996172 0 0.8706055 0.996172 0 0.7460938 0.996172 0 0.6220703 0.8737793 0 0.6220703 0.996172 0 0.4978027 0.8737793 0 0.4978027 0.996172 0 0.4978027 0.6286621 0 0.4978027 0.5063477 0 0.6220703 0.5063477 0 0.6220703 0.6286621 0 0.4978027 0.7512207 0 0.7460938 0.5063477 0 0.6220703 0.7512207 0 0.7460938 0.6286621 0 0.8706055 0.6286621 0 0.8706055 0.5063477 0 0.9951172 0.5063477 0 0.9951172 0.6286621 0 0.9951172 0.7512207 0 0.8706055 0.7512207 0 0.7460938 0.7512207 0 0.8706055 0.8737793 0 0.9951172 0.8737793 0 0.7460938 0.8737793 0 0.9951172 0.996172 0 0.8706055 0.996172 0 0.7460938 0.996172 0 0.6220703 0.8737793 0 0.6220703 0.996172 0 0.4978027 0.8737793 0 0.4978027 0.996172 0 0.9604492 0.3740234 0 0.9589844 0.3735352 0 0.956543 0.34375 0 0.9550781 0.3442383 0 0.9453125 0.315918 0 0.956543 0.34375 0 0.9438477 0.3168945 0 0.9267578 0.2919922 0 0.9453125 0.315918 0 0.9257813 0.293457 0 0.902832 0.2739258 0 0.9267578 0.2919922 0 0.9018555 0.2753906 0 0.875 0.262207 0 0.902832 0.2739258 0 0.8745117 0.2636719 0 0.8452148 0.2583008 0 0.875 0.262207 0 0.8452148 0.2597656 0 0.8154297 0.262207 0 0.8452148 0.2583008 0 0.815918 0.2636719 0 0.7875977 0.2739258 0 0.8154297 0.262207 0 0.7880859 0.2753906 0 0.7636719 0.2919922 0 0.7875977 0.2739258 0 0.7646484 0.293457 0 0.7451172 0.315918 0 0.7636719 0.2919922 0 0.746582 0.3168945 0 0.7333984 0.34375 0 0.7451172 0.315918 0 0.7353516 0.3442383 0 0.7294922 0.3740234 0 0.7333984 0.34375 0 0.7314453 0.3735352 0 0.7333984 0.4038086 0 0.7294922 0.3740234 0 0.7353516 0.4033203 0 0.7451172 0.4316406 0 0.7333984 0.4038086 0 0.746582 0.4306641 0 0.7636719 0.4555664 0 0.7451172 0.4316406 0 0.7646484 0.4541016 0 0.7875977 0.4736328 0 0.7636719 0.4555664 0 0.7880859 0.472168 0 0.8154297 0.4853516 0 0.7875977 0.4736328 0 0.815918 0.4838867 0 0.8452148 0.4892578 0 0.8154297 0.4853516 0 0.8452148 0.4873047 0 0.875 0.4853516 0 0.8452148 0.4892578 0 0.8745117 0.4838867 0 0.902832 0.4736328 0 0.875 0.4853516 0 0.9018555 0.472168 0 0.9267578 0.4555664 0 0.902832 0.4736328 0 0.9257813 0.4541016 0 0.9453125 0.4316406 0 0.9267578 0.4555664 0 0.9438477 0.4306641 0 0.956543 0.4038086 0 0.9453125 0.4316406 0 0.9550781 0.4033203 0 0.9604492 0.3740234 0 0.956543 0.4038086 0 0.8452148 0.3691406 0 0.05453491 0.9628906 0 0.0715332 0.963562 0 0.06860352 0.9774017 0 0.06860352 0.949707 0 0.05307007 0.9698029 0 0.05307007 0.9559631 0 0.06030273 0.9888535 0 0.06030273 0.9382629 0 0.04888916 0.9755249 0 0.04888916 0.9502258 0 0.04803467 0.9959373 0 0.04803467 0.9312134 0 0.04275513 0.9790649 0 0.04275513 0.9466858 0 0.03393555 0.9974155 0 0.03393555 0.9296875 0 0.03573608 0.9798126 0 0.03573608 0.9459534 0 0.02047729 0.993042 0 0.02047729 0.934082 0 0.0289917 0.9776154 0 0.0289917 0.9481201 0 0.009963989 0.9835663 0 0.009963989 0.9435425 0 0.02372742 0.9728851 0 0.02372742 0.9528809 0 0.004203796 0.9706268 0 0.004203796 0.9564819 0 0.02085876 0.9664307 0 0.02085876 0.9593506 0 0.859375 0.7810059 0 0.8554688 0.7824707 0 0.8657227 0.7961426 0 0.8525391 0.7658691 0 0.8686523 0.7937012 0 0.8564453 0.7655029 0 0.8823242 0.8044434 0 0.8574219 0.7487793 0 0.8842773 0.8013916 0 0.8613281 0.7495117 0 0.9038086 0.8046875 0 0.8720703 0.7338867 0 0.9042969 0.8016357 0 0.875 0.7355957 0 0.9262695 0.7984619 0 0.8925781 0.7224121 0 0.925293 0.7958984 0 0.894043 0.7250977 0 0.9443359 0.7852783 0 0.9150391 0.7192383 0 0.9467773 0.7871094 0 0.9155273 0.7163086 0 0.9580078 0.7712402 0 0.9350586 0.7194824 0 0.9614258 0.7720947 0 0.9370117 0.7165527 0 0.9628906 0.7553711 0 0.9501953 0.7270508 0 0.9667969 0.7550049 0 0.953125 0.7246094 0 0.9599609 0.7399902 0 0.9633789 0.7385254 0 0.7192383 0.9872894 0 0.7705078 0.9831696 0 0.7695313 0.9909286 0 0.8183594 0.9792023 0 0.7167969 0.9793701 0 0.7021484 0.9744415 0 0.8198242 0.9707031 0 0.8334961 0.9628601 0 0.7705078 0.9768829 0 0.7026367 0.9630432 0 0.6884766 0.9508362 0 0.7197266 0.9728699 0 0.7001953 0.9484253 0 0.7099609 0.9591675 0 0.699707 0.93396 0 0.6953125 0.9254761 0 0.7070313 0.9475098 0 0.7084961 0.9165649 0 0.7084961 0.9090576 0 0.7075195 0.9356079 0 0.7133789 0.9213257 0 0.7553711 0.9019775 0 0.7548828 0.8944092 0 0.8066406 0.8934937 0 0.7148438 0.9466858 0 0.8076172 0.9008789 0 0.8266602 0.907959 0 0.7563477 0.90802 0 0.8251953 0.9190063 0 0.8417969 0.9360352 0 0.8046875 0.9072876 0 0.8295898 0.9379578 0 0.8178711 0.9227295 0 0.8291016 0.9551697 0 0.8222656 0.9384155 0 0.8154297 0.9656372 0 0.8212891 0.9525757 0 0.8134766 0.9508057 0 0.8139648 0.938446 0 0.8081055 0.9621582 0 0.8017578 0.9499817 0 0.8100586 0.9247437 0 0.8017578 0.9382935 0 0.7988281 0.9129639 0 0.7983398 0.9267578 0 0.7661133 0.9542236 0 0.7578125 0.9141846 0 0.800293 0.9585266 0 0.7695313 0.9704895 0 0.7680664 0.9651489 0 0.7338867 0.9634094 0 0.7265625 0.967926 0 0.7290039 0.9558716 0 0.7177734 0.9575806 0 0.7260742 0.9456177 0 0.7641602 0.9420166 0 0.715332 0.9356689 0 0.7265625 0.9351807 0 0.7211914 0.9243164 0 0.7290039 0.9271851 0 0.7617188 0.9299927 0 0.7592773 0.9192505 0 0.7924805 0.9185181 0 0.9599609 0.7399902 0 0.953125 0.7246094 0 0.9633789 0.7385254 0 0.9667969 0.7550049 0 0.9501953 0.7270508 0 0.9370117 0.7165527 0 0.9628906 0.7553711 0 0.9614258 0.7720947 0 0.9311523 0.7515869 0 0.9350586 0.7194824 0 0.9155273 0.7163086 0 0.9580078 0.7712402 0 0.9467773 0.7871094 0 0.9150391 0.7192383 0 0.8925781 0.7224121 0 0.9233398 0.7380371 0 0.894043 0.7250977 0 0.902832 0.7453613 0 0.875 0.7355957 0 0.8720703 0.7338867 0 0.909668 0.760376 0 0.8833008 0.7545166 0 0.8613281 0.7495117 0 0.8574219 0.7487793 0 0.8564453 0.7655029 0 0.8525391 0.7658691 0 0.8881836 0.769165 0 0.859375 0.7810059 0 0.8554688 0.7824707 0 0.8657227 0.7961426 0 0.8686523 0.7937012 0 0.8823242 0.8044434 0 0.8959961 0.7827148 0 0.8842773 0.8013916 0 0.9038086 0.8046875 0 0.9042969 0.8016357 0 0.9262695 0.7984619 0 0.9165039 0.7756348 0 0.925293 0.7958984 0 0.9443359 0.7852783 0 0.9360352 0.7663574 0 0.6733398 0.890564 0 0.6323242 0.8414307 0 0.6401367 0.8369141 0 0.5927734 0.795166 0 0.6679688 0.8966675 0 0.6728516 0.9177856 0 0.5854492 0.7991943 0 0.5639648 0.7921143 0 0.6274414 0.8448486 0 0.6625977 0.9221191 0 0.65625 0.9448242 0 0.659668 0.897522 0 0.6489258 0.9326172 0 0.6547852 0.9160156 0 0.6342773 0.9408875 0 0.6235352 0.950531 0 0.6455078 0.9256592 0 0.6337891 0.930481 0 0.640625 0.916748 0 0.6484375 0.907959 0 0.6494141 0.8925781 0 0.6328125 0.9044189 0 0.6376953 0.8956299 0 0.6303711 0.9212036 0 0.6186523 0.9276733 0 0.6240234 0.9085693 0 0.6166992 0.9348145 0 0.6171875 0.9182739 0 0.6103516 0.9382935 0 0.5639648 0.9064941 0 0.5791016 0.8968506 0 0.574707 0.9008179 0 0.5708008 0.9035034 0 0.5380859 0.8597412 0 0.5253906 0.8432617 0 0.5429688 0.8552246 0 0.5371094 0.8321533 0 0.5356445 0.8061523 0 0.550293 0.8535156 0 0.5488281 0.8137207 0 0.5478516 0.8338623 0 0.5634766 0.8005371 0 0.5561523 0.8183594 0 0.5839844 0.8066406 0 0.5683594 0.8095703 0 0.5742188 0.817627 0 0.5639648 0.8255615 0 0.5878906 0.8172607 0 0.5571289 0.8382568 0 0.5834961 0.8303223 0 0.5742188 0.8364258 0 0.559082 0.8552246 0 0.5693359 0.847168 0 0.5839844 0.8920288 0 0.5688477 0.857666 0 0.6152344 0.9083862 0 0.5888672 0.8862915 0 0.5957031 0.8790894 0 0.6035156 0.8704834 0 0.6118164 0.8618164 0 0.6386719 0.8862915 0 0.5922852 0.8294678 0 0.6186523 0.8546143 0 0.6225586 0.8493652 0 0.8115234 0.7938232 0 0.7998047 0.8043213 0 0.7963867 0.8005371 0 0.7880859 0.8146973 0 0.8134766 0.7978516 0 0.8310547 0.7955322 0 0.7919922 0.817749 0 0.7880859 0.8354492 0 0.8095703 0.8154297 0 0.8320313 0.7993164 0 0.8725586 0.8276367 0 0.8222656 0.8084717 0 0.7924805 0.8372803 0 0.8188477 0.8869019 0 0.8022461 0.828125 0 0.8466797 0.8563232 0 0.8344727 0.807251 0 0.800293 0.8406982 0 0.8706055 0.8297119 0 0.8574219 0.8441162 0 0.8652344 0.8358154 0 0.9008789 0.8692627 0 0.9052734 0.869873 0 0.8930664 0.8679199 0 0.8911133 0.881958 0 0.9013672 0.8908081 0 0.9052734 0.8930054 0 0.8833008 0.8972168 0 0.8935547 0.9084473 0 0.8964844 0.9121704 0 0.8354492 0.8685303 0 0.8706055 0.9068604 0 0.8789063 0.9190063 0 0.8813477 0.9238281 0 0.8613281 0.9246826 0 0.8603516 0.9196167 0 0.8583984 0.9095459 0 0.8203125 0.8848877 0 0.8261719 0.8787231 0 0.8789063 0.9190063 0 0.8613281 0.9246826 0 0.8813477 0.9238281 0 0.8964844 0.9121704 0 0.8603516 0.9196167 0 0.8188477 0.8869019 0 0.8935547 0.9084473 0 0.9052734 0.8930054 0 0.8706055 0.9068604 0 0.9013672 0.8908081 0 0.9052734 0.869873 0 0.8833008 0.8972168 0 0.9008789 0.8692627 0 0.8725586 0.8276367 0 0.8911133 0.881958 0 0.8354492 0.8685303 0 0.8930664 0.8679199 0 0.8466797 0.8563232 0 0.8574219 0.8441162 0 0.8706055 0.8297119 0 0.8652344 0.8358154 0 0.8344727 0.807251 0 0.8320313 0.7993164 0 0.8310547 0.7955322 0 0.8222656 0.8084717 0 0.8134766 0.7978516 0 0.8115234 0.7938232 0 0.8095703 0.8154297 0 0.7998047 0.8043213 0 0.7963867 0.8005371 0 0.7880859 0.8146973 0 0.7919922 0.817749 0 0.7880859 0.8354492 0 0.8022461 0.828125 0 0.7924805 0.8372803 0 0.800293 0.8406982 0 0.8203125 0.8848877 0 0.8261719 0.8787231 0 0.8583984 0.9095459 0 0.7924805 0.6191406 0 0.8208008 0.65625 0 0.8154297 0.6586914 0 0.8457031 0.6918945 0 0.7973633 0.6135254 0 0.7944336 0.5998535 0 0.8530273 0.6889648 0 0.8652344 0.6955566 0 0.824707 0.6540527 0 0.8032227 0.5949707 0 0.8061523 0.578125 0 0.8037109 0.612793 0 0.8134766 0.5859375 0 0.8100586 0.598877 0 0.8242188 0.5788574 0 0.8291016 0.5715332 0 0.8173828 0.5908203 0 0.8417969 0.5773926 0 0.8476563 0.5739746 0 0.8266602 0.5859375 0 0.8408203 0.5834961 0 0.8740234 0.6071777 0 0.8789063 0.6037598 0 0.90625 0.6420898 0 0.8217773 0.5966797 0 0.9008789 0.6464844 0 0.9042969 0.6643066 0 0.8710938 0.6101074 0 0.8950195 0.6687012 0 0.8896484 0.6894531 0 0.8945313 0.6472168 0 0.8828125 0.6809082 0 0.8886719 0.6645508 0 0.8691406 0.6884766 0 0.8789063 0.6755371 0 0.8544922 0.6831055 0 0.8671875 0.6811523 0 0.8652344 0.6745605 0 0.875 0.6689453 0 0.8540039 0.6757813 0 0.8603516 0.6652832 0 0.8833008 0.6594238 0 0.8691406 0.659668 0 0.887207 0.6452637 0 0.8764648 0.6513672 0 0.8398438 0.6401367 0 0.8676758 0.6135254 0 0.8530273 0.6679688 0 0.8286133 0.6506348 0 0.8320313 0.6469727 0 0.8178711 0.6191406 0 0.8110352 0.6157227 0 0.8212891 0.6120605 0 0.8144531 0.6040039 0 0.828125 0.6047363 0 0.8486328 0.6323242 0 0.8305664 0.5917969 0 0.8359375 0.6000977 0 0.8417969 0.5910645 0 0.8432617 0.5981445 0 0.8569336 0.6242676 0 0.8642578 0.6171875 0 0.8798828 0.6430664 0 0.5317383 0.7194824 0 0.565918 0.748291 0 0.5610352 0.7518311 0 0.6015625 0.772583 0 0.5351563 0.7128906 0 0.5283203 0.7011719 0 0.6074219 0.7678223 0 0.6210938 0.7705078 0 0.5693359 0.744873 0 0.5351563 0.6938477 0 0.5332031 0.6774902 0 0.5405273 0.7104492 0 0.5419922 0.6828613 0 0.5424805 0.6955566 0 0.550293 0.6730957 0 0.5527344 0.6650391 0 0.5473633 0.6862793 0 0.5664063 0.666748 0 0.5708008 0.6618652 0 0.5546875 0.6789551 0 0.5668945 0.6728516 0 0.6079102 0.6835938 0 0.6113281 0.6791992 0 0.6445313 0.7094727 0 0.5527344 0.6904297 0 0.640625 0.7148438 0 0.6489258 0.7307129 0 0.6049805 0.6872559 0 0.6416016 0.7370605 0 0.6425781 0.7579346 0 0.6347656 0.7172852 0 0.6333008 0.7519531 0 0.6342773 0.7351074 0 0.6225586 0.7629395 0 0.628418 0.748291 0 0.6079102 0.7618408 0 0.6191406 0.7565918 0 0.6152344 0.7509766 0 0.6225586 0.7431641 0 0.6049805 0.755249 0 0.6079102 0.7436523 0 0.6279297 0.7319336 0 0.6147461 0.736084 0 0.6274414 0.7175293 0 0.6191406 0.7263184 0 0.5810547 0.7268066 0 0.6025391 0.6911621 0 0.6015625 0.748291 0 0.5722656 0.7412109 0 0.5751953 0.7365723 0 0.5556641 0.7124023 0 0.5483398 0.7111816 0 0.5566406 0.704834 0 0.5483398 0.6992188 0 0.5610352 0.6962891 0 0.5878906 0.7160645 0 0.5595703 0.6833496 0 0.5673828 0.6896973 0 0.5703125 0.6794434 0 0.5737305 0.685791 0 0.5942383 0.7053223 0 0.6000977 0.6955566 0 0.6201172 0.7175293 0 0.08343506 0.967804 0 0.08654785 0.9748535 0 0.08081055 0.969696 0 0.08654785 0.9671326 0 0.07922363 0.9724884 0 0.08966064 0.967804 0 0.07885742 0.9756927 0 0.09228516 0.969696 0 0.07989502 0.9787598 0 0.09387207 0.9724884 0 0.08203125 0.9811554 0 0.09423828 0.9756927 0 0.08496094 0.9824677 0 0.09326172 0.9787598 0 0.08813477 0.9824677 0 0.09106445 0.9811554 0 0.7285156 0.7258301 0 0.6992188 0.7412109 0 0.6967773 0.7358398 0 0.6689453 0.7543945 0 0.730957 0.7314453 0 0.7568359 0.7253418 0 0.671875 0.7597656 0 0.6508789 0.7766113 0 0.7587891 0.730957 0 0.7802734 0.7329102 0 0.6542969 0.78125 0 0.6425781 0.7994385 0 0.7773438 0.7390137 0 0.793457 0.7490234 0 0.6489258 0.8009033 0 0.6469727 0.8198242 0 0.6606445 0.7819824 0 0.6523438 0.8171387 0 0.6772461 0.7629395 0 0.6557617 0.7993164 0 0.6884766 0.7818604 0 0.7021484 0.7468262 0 0.6586914 0.8139648 0 0.7124023 0.7687988 0 0.7299805 0.7375488 0 0.7548828 0.7365723 0 0.737793 0.7581787 0 0.7719727 0.7431641 0 0.7202148 0.7844238 0 0.7460938 0.7718506 0 0.78125 0.7548828 0 0.7880859 0.751709 0 0.7910156 0.7679443 0 0.7978516 0.7694092 0 0.784668 0.7695313 0 0.7861328 0.7875977 0 0.7895508 0.7923584 0 0.7514648 0.7869873 0 0.7792969 0.7868652 0 0.7680664 0.809082 0 0.7714844 0.8144531 0 0.7626953 0.8060303 0 0.7412109 0.8277588 0 0.7436523 0.8331299 0 0.7119141 0.8431396 0 0.7275391 0.8000488 0 0.7382813 0.8221436 0 0.7094727 0.8374023 0 0.6831055 0.8436279 0 0.7104492 0.8312988 0 0.7026367 0.8106689 0 0.6850586 0.8323975 0 0.6816406 0.8380127 0 0.6601563 0.8360596 0 0.668457 0.8256836 0 0.6938477 0.7971191 0 0.6630859 0.8299561 0 0.6860352 0.7116699 0 0.7182617 0.7099609 0 0.7182617 0.7155762 0 0.7509766 0.7119141 0 0.6860352 0.7060547 0 0.6591797 0.7016602 0 0.7509766 0.7062988 0 0.777832 0.7021484 0 0.659668 0.6962891 0 0.6401367 0.6860352 0 0.7773438 0.6967773 0 0.796875 0.6867676 0 0.6455078 0.6818848 0 0.6347656 0.6665039 0 0.7915039 0.6826172 0 0.8027344 0.6672363 0 0.7719727 0.6931152 0 0.796875 0.6672363 0 0.7475586 0.701416 0 0.7851563 0.6809082 0 0.7470703 0.6813965 0 0.7182617 0.7043457 0 0.7890625 0.6672363 0 0.71875 0.682373 0 0.6894531 0.7011719 0 0.6655273 0.692627 0 0.6904297 0.6811523 0 0.6523438 0.6804199 0 0.71875 0.666748 0 0.6884766 0.666748 0 0.6479492 0.6665039 0 0.640625 0.6665039 0 0.6455078 0.651123 0 0.640625 0.6469727 0 0.6523438 0.652832 0 0.6601563 0.6369629 0 0.659668 0.6315918 0 0.6904297 0.6523438 0 0.6655273 0.640625 0 0.6865234 0.6274414 0 0.6865234 0.6218262 0 0.6894531 0.6323242 0 0.71875 0.6237793 0 0.71875 0.6181641 0 0.7514648 0.6220703 0 0.71875 0.6513672 0 0.71875 0.6293945 0 0.7514648 0.6276855 0 0.7783203 0.6320801 0 0.7480469 0.6325684 0 0.7470703 0.6525879 0 0.7719727 0.6411133 0 0.7773438 0.6374512 0 0.796875 0.6477051 0 0.7851563 0.6533203 0 0.7490234 0.6669922 0 0.7919922 0.6518555 0 0.3625488 0.9489746 0 0.3410645 0.9703979 0 0.3562012 0.9441528 0 0.3674316 0.9552917 0 0.348877 0.9411011 0 0.3703613 0.962616 0 0.3410645 0.940033 0 0.3713379 0.9704742 0 0.333252 0.94104 0 0.3703613 0.9783325 0 0.3259277 0.9440613 0 0.3671875 0.9856415 0 0.3195801 0.9488831 0 0.3625488 0.9919205 0 0.3146973 0.9551697 0 0.3562012 0.9967308 0 0.3117676 0.9624634 0 0.348877 0.9997468 0 0.3105469 0.9703217 0 0.3410645 1.000763 0 0.3117676 0.9781952 0 0.3330078 0.9997101 0 0.3146973 0.9855194 0 0.3256836 0.9966602 0 0.3195801 0.9918213 0 0.3625488 0.9489746 0 0.3410645 0.9703979 0 0.3562012 0.9441528 0 0.3674316 0.9552917 0 0.348877 0.9411011 0 0.3703613 0.962616 0 0.3410645 0.940033 0 0.3713379 0.9704742 0 0.333252 0.94104 0 0.3703613 0.9783325 0 0.3259277 0.9440613 0 0.3671875 0.9856415 0 0.3195801 0.9488831 0 0.3625488 0.9919205 0 0.3146973 0.9551697 0 0.3562012 0.9967308 0 0.3117676 0.9624634 0 0.348877 0.9997466 0 0.3105469 0.9703217 0 0.3410645 1.000763 0 0.3117676 0.9781952 0 0.3330078 0.9997101 0 0.3146973 0.9855194 0 0.3256836 0.9966602 0 0.3195801 0.9918213 0 0.3625488 0.9489746 0 0.3410645 0.9703979 0 0.3562012 0.9441528 0 0.3674316 0.9552917 0 0.348877 0.9411011 0 0.3703613 0.962616 0 0.3410645 0.940033 0 0.3713379 0.9704742 0 0.333252 0.94104 0 0.3703613 0.9783325 0 0.3259277 0.9440613 0 0.3671875 0.9856415 0 0.3195801 0.9488831 0 0.3625488 0.9919205 0 0.3146973 0.9551697 0 0.3562012 0.9967308 0 0.3117676 0.9624634 0 0.348877 0.9997466 0 0.3105469 0.9703217 0 0.3410645 1.000763 0 0.3117676 0.9781952 0 0.3330078 0.9997101 0 0.3146973 0.9855194 0 0.3256836 0.9966602 0 0.3195801 0.9918213 0 0.3625488 0.9489746 0 0.3410645 0.9703979 0 0.3562012 0.9441528 0 0.3674316 0.9552917 0 0.348877 0.9411011 0 0.3703613 0.962616 0 0.3410645 0.940033 0 0.3713379 0.9704742 0 0.333252 0.94104 0 0.3703613 0.9783325 0 0.3259277 0.9440613 0 0.3671875 0.9856415 0 0.3195801 0.9488831 0 0.3625488 0.9919205 0 0.3146973 0.9551697 0 0.3562012 0.9967308 0 0.3117676 0.9624634 0 0.348877 0.9997466 0 0.3105469 0.9703217 0 0.3410645 1.000763 0 0.3117676 0.9781952 0 0.3330078 0.9997101 0 0.3146973 0.9855194 0 0.3256836 0.9966602 0 0.3195801 0.9918213 0 0.1625977 0.9498291 0 0.1706543 0.9388428 0 0.1796875 0.9489136 0 0.1750488 0.9553528 0 0.15979 0.9631348 0 0.1866455 0.9449158 0 0.1824951 0.9320679 0 0.1733398 0.9631348 0 0.1625977 0.9764252 0 0.1945801 0.9440918 0 0.1960449 0.9306641 0 0.1750488 0.9709167 0 0.1706543 0.9874115 0 0.2022705 0.9465637 0 0.2089844 0.9348755 0 0.1796875 0.977356 0 0.1824951 0.9942017 0 0.2081299 0.9518738 0 0.2192383 0.9439392 0 0.1866455 0.9813385 0 0.1960449 0.9956207 0 0.2114258 0.9591675 0 0.2247314 0.9563293 0 0.1945801 0.9821625 0 0.2089844 0.9914246 0 0.2114258 0.9671021 0 0.2247314 0.9699249 0 0.2022705 0.9797058 0 0.2192383 0.9823303 0 0.2081299 0.9743805 0 0.192627 0.9631348 0</float_array>
          <technique_common>
            <accessor source="#geom-NejiA_Mdl__M_Obj_RailKingPilotHouse-map1-array" count="1593" stride="3">
              <param name="S" type="float"/>
              <param name="T" type="float"/>
              <param name="P" type="float"/>
            </accessor>
          </technique_common>
        </source>
        <vertices id="geom-NejiA_Mdl__M_Obj_RailKingPilotHouse-vertices">
          <input semantic="POSITION" source="#geom-NejiA_Mdl__M_Obj_RailKingPilotHouse-positions"/>
        </vertices>
        <triangles material="M_Obj_RailKingPilotHouse" count="1978">
          <input semantic="VERTEX" source="#geom-NejiA_Mdl__M_Obj_RailKingPilotHouse-vertices" offset="0"/>
          <input semantic="NORMAL" source="#geom-NejiA_Mdl__M_Obj_RailKingPilotHouse-normals" offset="1"/>
          <input semantic="COLOR" source="#geom-NejiA_Mdl__M_Obj_RailKingPilotHouse-map0" offset="2" set="0"/>
          <input semantic="TEXCOORD" source="#geom-NejiA_Mdl__M_Obj_RailKingPilotHouse-map1" offset="3" set="0"/>
          <p>0 0 0 0 1 1 1 1 2 2 2 2 1 1 1 1 3 3 3 3 2 2 2 2 4 4 4 4 5 5 5 5 6 6 6 6 5 5 5 5 7 7 7 7 6 6 6 6 8 8 8 8 9 9 9 9 10 10 10 10 8 8 8 8 10 10 10 10 11 11 11 11 11 11 11 11 12 12 12 12 13 13 13 13 11 11 11 11 14 14 14 14 12 12 12 12 14 14 14 14 15 15 15 15 16 16 16 16 14 14 14 14 17 17 17 17 15 15 15 15 17 17 17 17 18 18 18 18 19 19 19 19 17 17 17 17 20 20 20 20 18 18 18 18 20 20 20 20 21 21 21 21 22 22 22 22 20 20 20 20 23 23 23 23 21 21 21 21 23 23 23 23 24 24 24 24 25 25 25 25 23 23 23 23 26 26 26 26 24 24 24 24 26 26 26 26 27 27 27 27 28 28 28 28 26 26 26 26 29 29 29 29 27 27 27 27 29 29 29 29 30 30 30 30 31 31 31 31 29 29 29 29 32 32 32 32 30 30 30 30 32 32 32 32 33 33 33 33 34 34 34 34 32 32 32 32 35 35 35 35 33 33 33 33 35 35 35 35 36 36 36 36 37 37 37 37 35 35 35 35 38 38 38 38 36 36 36 36 38 38 38 38 39 39 39 39 40 40 40 40 38 38 38 38 41 41 41 41 39 39 39 39 41 41 41 41 42 42 42 42 43 43 43 43 41 41 41 41 44 44 44 44 42 42 42 42 44 44 44 44 45 45 45 45 46 46 46 46 47 47 47 47 45 45 45 45 44 44 44 44 48 48 48 48 49 49 49 49 47 47 47 47 50 50 50 50 48 48 48 48 47 47 47 47 51 51 51 51 52 52 52 52 50 50 50 50 53 53 53 53 51 51 51 51 50 50 50 50 54 54 54 54 55 55 55 55 53 53 53 53 56 56 56 56 54 54 54 54 53 53 53 53 57 57 57 57 58 58 58 58 56 56 56 56 59 59 59 59 57 57 57 57 56 56 56 56 60 60 60 60 61 61 61 61 59 59 59 59 62 62 62 62 60 60 60 60 59 59 59 59 63 63 63 63 64 64 64 64 62 62 62 62 65 65 65 65 63 63 63 63 62 62 62 62 66 66 66 66 67 67 67 67 65 65 65 65 68 68 68 68 66 66 66 66 65 65 65 65 69 69 69 69 70 70 70 70 68 68 68 68 71 71 71 71 69 69 69 69 68 68 68 68 72 72 72 72 73 73 73 73 71 71 71 71 74 74 74 74 72 72 72 72 71 71 71 71 75 75 75 75 76 76 76 76 74 74 74 74 77 77 77 77 75 75 75 75 74 74 74 74 10 10 10 10 78 78 78 78 77 77 77 77 78 78 78 78 79 79 79 79 77 77 77 77 80 80 80 80 81 81 81 81 82 82 82 82 83 83 83 83 80 80 80 80 82 82 82 82 83 83 83 83 82 82 82 82 84 84 84 84 85 85 85 85 83 83 83 83 84 84 84 84 85 85 85 85 84 84 84 84 86 86 86 86 86 86 86 86 87 87 87 87 88 88 88 88 86 86 86 86 89 89 89 89 87 87 87 87 86 86 86 86 84 84 84 84 89 89 89 89 89 89 89 89 90 90 90 90 91 91 91 91 89 89 89 89 92 92 92 92 90 90 90 90 89 89 89 89 84 84 84 84 93 93 93 93 89 89 89 89 93 93 93 93 92 92 92 92 93 93 93 93 84 84 84 84 94 94 94 94 92 92 92 92 95 95 95 95 96 96 96 96 93 93 93 93 94 94 94 94 97 97 97 97 94 94 94 94 98 98 98 98 97 97 97 97 97 97 97 97 98 98 98 98 99 99 99 99 92 92 92 92 100 100 100 100 95 95 95 95 93 93 93 93 101 101 101 101 92 92 92 92 92 92 92 92 101 101 101 101 100 100 100 100 93 93 93 93 102 102 102 102 101 101 101 101 100 100 100 100 103 103 103 103 104 104 104 104 101 101 101 101 102 102 102 102 105 105 105 105 102 102 102 102 106 106 106 106 105 105 105 105 105 105 105 105 106 106 106 106 107 107 107 107 100 100 100 100 108 108 108 108 103 103 103 103 101 101 101 101 109 109 109 109 100 100 100 100 100 100 100 100 109 109 109 109 108 108 108 108 101 101 101 101 110 110 110 110 109 109 109 109 108 108 108 108 111 111 111 111 112 112 112 112 109 109 109 109 110 110 110 110 113 113 113 113 110 110 110 110 114 114 114 114 113 113 113 113 113 113 113 113 114 114 114 114 115 115 115 115 108 108 108 108 116 116 116 116 111 111 111 111 109 109 109 109 117 117 117 117 108 108 108 108 108 108 108 108 117 117 117 117 116 116 116 116 109 109 109 109 118 118 118 118 117 117 117 117 116 116 116 116 119 119 119 119 120 120 120 120 117 117 117 117 118 118 118 118 121 121 121 121 118 118 118 118 122 122 122 122 121 121 121 121 121 121 121 121 122 122 122 122 123 123 123 123 116 116 116 116 124 124 124 124 119 119 119 119 117 117 117 117 125 125 125 125 116 116 116 116 116 116 116 116 125 125 125 125 124 124 124 124 117 117 117 117 126 126 126 126 125 125 125 125 124 124 124 124 127 127 127 127 128 128 128 128 125 125 125 125 126 126 126 126 129 129 129 129 126 126 126 126 130 130 130 130 129 129 129 129 129 129 129 129 130 130 130 130 131 131 131 131 124 124 124 124 132 132 132 132 127 127 127 127 125 125 125 125 133 133 133 133 124 124 124 124 124 124 124 124 133 133 133 133 132 132 132 132 125 125 125 125 134 134 134 134 133 133 133 133 132 132 132 132 135 135 135 135 136 136 136 136 133 133 133 133 134 134 134 134 137 137 137 137 134 134 134 134 138 138 138 138 137 137 137 137 137 137 137 137 138 138 138 138 139 139 139 139 132 132 132 132 140 140 140 140 135 135 135 135 133 133 133 133 141 141 141 141 132 132 132 132 132 132 132 132 141 141 141 141 140 140 140 140 133 133 133 133 142 142 142 142 141 141 141 141 140 140 140 140 143 143 143 143 144 144 144 144 141 141 141 141 142 142 142 142 145 145 145 145 142 142 142 142 146 146 146 146 145 145 145 145 145 145 145 145 146 146 146 146 147 147 147 147 140 140 140 140 148 148 148 148 143 143 143 143 141 141 141 141 149 149 149 149 140 140 140 140 140 140 140 140 149 149 149 149 148 148 148 148 141 141 141 141 150 150 150 150 149 149 149 149 148 148 148 148 151 151 151 151 152 152 152 152 149 149 149 149 150 150 150 150 153 153 153 153 150 150 150 150 154 154 154 154 153 153 153 153 153 153 153 153 154 154 154 154 155 155 155 155 148 148 148 148 156 156 156 156 151 151 151 151 149 149 149 149 157 157 157 157 148 148 148 148 148 148 148 148 157 157 157 157 156 156 156 156 149 149 149 149 158 158 158 158 157 157 157 157 156 156 156 156 159 159 159 159 160 160 160 160 157 157 157 157 158 158 158 158 161 161 161 161 158 158 158 158 162 162 162 162 161 161 161 161 161 161 161 161 162 162 162 162 163 163 163 163 156 156 156 156 164 164 164 164 159 159 159 159 157 157 157 157 165 165 165 165 156 156 156 156 156 156 156 156 165 165 165 165 164 164 164 164 157 157 157 157 166 166 166 166 165 165 165 165 164 164 164 164 167 167 167 167 168 168 168 168 165 165 165 165 166 166 166 166 169 169 169 169 166 166 166 166 170 170 170 170 169 169 169 169 169 169 169 169 170 170 170 170 171 171 171 171 164 164 164 164 172 172 172 172 167 167 167 167 165 165 165 165 173 173 173 173 164 164 164 164 164 164 164 164 173 173 173 173 172 172 172 172 165 165 165 165 174 174 174 174 173 173 173 173 172 172 172 172 175 175 175 175 176 176 176 176 173 173 173 173 174 174 174 174 177 177 177 177 174 174 174 174 178 178 178 178 177 177 177 177 177 177 177 177 178 178 178 178 179 179 179 179 172 172 172 172 180 180 180 180 175 175 175 175 173 173 173 173 181 181 181 181 172 172 172 172 172 172 172 172 181 181 181 181 180 180 180 180 173 173 173 173 182 182 182 182 181 181 181 181 180 180 180 180 183 183 183 183 184 184 184 184 181 181 181 181 182 182 182 182 185 185 185 185 182 182 182 182 186 186 186 186 185 185 185 185 185 185 185 185 186 186 186 186 187 187 187 187 180 180 180 180 188 188 188 188 183 183 183 183 181 181 181 181 189 189 189 189 180 180 180 180 180 180 180 180 189 189 189 189 188 188 188 188 181 181 181 181 190 190 190 190 189 189 189 189 188 188 188 188 191 191 191 191 192 192 192 192 189 189 189 189 190 190 190 190 193 193 193 193 190 190 190 190 194 194 194 194 193 193 193 193 193 193 193 193 194 194 194 194 195 195 195 195 188 188 188 188 196 196 196 196 191 191 191 191 189 189 189 189 197 197 197 197 188 188 188 188 188 188 188 188 197 197 197 197 196 196 196 196 189 189 189 189 198 198 198 198 197 197 197 197 196 196 196 196 199 199 199 199 200 200 200 200 197 197 197 197 198 198 198 198 201 201 201 201 198 198 198 198 202 202 202 202 201 201 201 201 201 201 201 201 202 202 202 202 203 203 203 203 196 196 196 196 204 204 204 204 199 199 199 199 197 197 197 197 205 205 205 205 196 196 196 196 196 196 196 196 205 205 205 205 204 204 204 204 197 197 197 197 206 206 206 206 205 205 205 205 204 204 204 204 207 207 207 207 208 208 208 208 205 205 205 205 206 206 206 206 209 209 209 209 206 206 206 206 210 210 210 210 209 209 209 209 209 209 209 209 210 210 210 210 211 211 211 211 204 204 204 204 212 212 212 212 207 207 207 207 205 205 205 205 213 213 213 213 204 204 204 204 204 204 204 204 213 213 213 213 212 212 212 212 205 205 205 205 214 214 214 214 213 213 213 213 212 212 212 212 215 215 215 215 216 216 216 216 213 213 213 213 214 214 214 214 217 217 217 217 214 214 214 214 218 218 218 218 217 217 217 217 217 217 217 217 218 218 218 218 219 219 219 219 212 212 212 212 220 220 220 220 215 215 215 215 213 213 213 213 221 221 221 221 212 212 212 212 212 212 212 212 221 221 221 221 220 220 220 220 213 213 213 213 222 222 222 222 221 221 221 221 220 220 220 220 223 223 223 223 224 224 224 224 221 221 221 221 222 222 222 222 225 225 225 225 222 222 222 222 226 226 226 226 225 225 225 225 225 225 225 225 226 226 226 226 227 227 227 227 220 220 220 220 228 228 228 228 223 223 223 223 221 221 221 221 229 229 229 229 220 220 220 220 220 220 220 220 229 229 229 229 228 228 228 228 221 221 221 221 230 230 230 230 229 229 229 229 228 228 228 228 231 231 231 231 232 232 232 232 229 229 229 229 230 230 230 230 233 233 233 233 230 230 230 230 234 234 234 234 233 233 233 233 233 233 233 233 234 234 234 234 235 235 235 235 228 228 228 228 236 236 236 236 231 231 231 231 229 229 229 229 237 237 237 237 228 228 228 228 228 228 228 228 237 237 237 237 236 236 236 236 229 229 229 229 238 238 238 238 237 237 237 237 236 236 236 236 239 239 239 239 240 240 240 240 237 237 237 237 238 238 238 238 241 241 241 241 238 238 238 238 242 242 242 242 241 241 241 241 241 241 241 241 242 242 242 242 243 243 243 243 236 236 236 236 244 244 244 244 239 239 239 239 237 237 237 237 245 245 245 245 236 236 236 236 236 236 236 236 245 245 245 245 244 244 244 244 237 237 237 237 246 246 246 246 245 245 245 245 244 244 244 244 247 247 247 247 248 248 248 248 244 244 244 244 249 249 249 249 247 247 247 247 244 244 244 244 250 250 250 250 249 249 249 249 245 245 245 245 250 250 250 250 244 244 244 244 245 245 245 245 246 246 246 246 251 251 251 251 246 246 246 246 252 252 252 252 251 251 251 251 251 251 251 251 252 252 252 252 253 253 253 253 245 245 245 245 254 254 254 254 250 250 250 250 250 250 250 250 254 254 254 254 255 255 255 255 254 254 254 254 256 256 256 256 255 255 255 255 255 255 255 255 256 256 256 256 257 257 257 257 258 258 258 258 259 259 259 259 260 260 260 260 261 261 261 261 258 258 258 258 260 260 260 260 261 261 261 261 260 260 260 260 262 262 262 262 263 263 263 263 261 261 261 261 262 262 262 262 263 263 263 263 262 262 262 262 264 264 264 264 265 265 265 265 263 263 263 263 264 264 264 264 265 265 265 265 264 264 264 264 266 266 266 266 267 267 267 267 265 265 265 265 266 266 266 266 267 267 267 267 266 266 266 266 268 268 268 268 269 269 269 269 267 267 267 267 268 268 268 268 269 269 269 269 268 268 268 268 270 270 270 270 271 271 271 271 269 269 269 269 270 270 270 270 271 271 271 271 270 270 270 270 272 272 272 272 273 273 273 273 271 271 271 271 272 272 272 272 273 273 273 273 272 272 272 272 274 274 274 274 275 275 275 275 273 273 273 273 274 274 274 274 275 275 275 275 274 274 274 274 276 276 276 276 277 277 277 277 275 275 275 275 276 276 276 276 277 277 277 277 276 276 276 276 278 278 278 278 279 279 279 279 277 277 277 277 278 278 278 278 279 279 279 279 278 278 278 278 280 280 280 280 279 279 279 279 280 280 280 280 281 281 281 281 280 280 280 280 282 282 282 282 281 281 281 281 281 281 281 281 282 282 282 282 283 283 283 283 282 282 282 282 284 284 284 284 283 283 283 283 283 283 283 283 284 284 284 284 285 285 285 285 284 284 284 284 286 286 286 286 285 285 285 285 285 285 285 285 286 286 286 286 287 287 287 287 286 286 286 286 288 288 288 288 287 287 287 287 287 287 287 287 288 288 288 288 289 289 289 289 290 290 290 290 291 291 291 291 292 292 292 292 290 290 290 290 292 292 292 292 293 293 293 293 292 292 292 292 294 294 294 294 293 293 293 293 293 293 293 293 294 294 294 294 295 295 295 295 294 294 294 294 296 296 296 296 295 295 295 295 295 295 295 295 296 296 296 296 297 297 297 297 298 298 298 298 299 299 299 299 300 300 300 300 301 301 301 301 299 299 299 299 298 298 298 298 85 85 85 85 301 301 301 301 298 298 298 298 85 85 85 85 302 302 302 302 301 301 301 301 303 303 303 303 302 302 302 302 85 85 85 85 303 303 303 303 85 85 85 85 86 86 86 86 303 303 303 303 86 86 86 86 304 304 304 304 305 305 305 305 303 303 303 303 304 304 304 304 303 303 303 303 306 306 306 306 302 302 302 302 303 303 303 303 307 307 307 307 306 306 306 306 306 306 306 306 307 307 307 307 308 308 308 308 302 302 302 302 306 306 306 306 309 309 309 309 302 302 302 302 309 309 309 309 310 310 310 310 302 302 302 302 310 310 310 310 311 311 311 311 310 310 310 310 312 312 312 312 311 311 311 311 311 311 311 311 312 312 312 312 313 313 313 313 314 314 314 314 315 315 315 315 316 316 316 316 314 314 314 314 317 317 317 317 315 315 315 315 315 315 315 315 317 317 317 317 318 318 318 318 317 317 317 317 319 319 319 319 318 318 318 318 318 318 318 318 319 319 319 319 320 320 320 320 318 318 318 318 320 320 320 320 321 321 321 321 320 320 320 320 322 322 322 322 321 321 321 321 321 321 321 321 322 322 322 322 323 323 323 323 324 324 324 324 325 325 325 325 326 326 326 326 327 327 327 327 325 325 325 325 324 324 324 324 328 328 328 328 327 327 327 327 324 324 324 324 329 329 329 329 327 327 327 327 328 328 328 328 330 330 330 330 329 329 329 329 328 328 328 328 331 331 331 331 329 329 329 329 330 330 330 330 332 332 332 332 331 331 331 331 330 330 330 330 333 333 333 333 331 331 331 331 332 332 332 332 334 334 334 334 333 333 333 333 332 332 332 332 335 335 335 335 333 333 333 333 334 334 334 334 336 336 336 336 335 335 335 335 334 334 334 334 337 337 337 337 335 335 335 335 336 336 336 336 338 338 338 338 337 337 337 337 336 336 336 336 339 339 339 339 337 337 337 337 338 338 338 338 340 340 340 340 339 339 339 339 338 338 338 338 341 341 341 341 339 339 339 339 340 340 340 340 342 342 342 342 341 341 341 341 340 340 340 340 343 343 343 343 341 341 341 341 342 342 342 342 343 343 343 343 342 342 342 342 344 344 344 344 343 343 343 343 344 344 344 344 345 345 345 345 344 344 344 344 346 346 346 346 345 345 345 345 345 345 345 345 346 346 346 346 347 347 347 347 346 346 346 346 348 348 348 348 347 347 347 347 347 347 347 347 348 348 348 348 349 349 349 349 348 348 348 348 350 350 350 350 349 349 349 349 349 349 349 349 350 350 350 350 351 351 351 351 350 350 350 350 352 352 352 352 351 351 351 351 351 351 351 351 352 352 352 352 353 353 353 353 352 352 352 352 354 354 354 354 353 353 353 353 353 353 353 353 354 354 354 354 355 355 355 355 354 354 354 354 356 356 356 356 355 355 355 355 355 355 355 355 356 356 356 356 357 357 357 357 356 356 356 356 358 358 358 358 357 357 357 357 357 357 357 357 358 358 358 358 359 359 359 359 358 358 358 358 360 360 360 360 359 359 359 359 359 359 359 359 360 360 360 360 361 361 361 361 360 360 360 360 362 362 362 362 361 361 361 361 361 361 361 361 362 362 362 362 363 363 363 363 362 362 362 362 364 364 364 364 363 363 363 363 363 363 363 363 364 364 364 364 365 365 365 365 364 364 364 364 366 366 366 366 365 365 365 365 365 365 365 365 366 366 366 366 367 367 367 367 366 366 366 366 368 368 368 368 367 367 367 367 367 367 367 367 368 368 368 368 369 369 369 369 368 368 368 368 370 370 370 370 369 369 369 369 369 369 369 369 370 370 370 370 371 371 371 371 370 370 370 370 372 372 372 372 371 371 371 371 371 371 371 371 372 372 372 372 373 373 373 373 374 374 374 374 375 375 375 375 376 376 376 376 377 377 377 377 375 375 375 375 374 374 374 374 378 378 378 378 377 377 377 377 374 374 374 374 379 379 379 379 377 377 377 377 378 378 378 378 380 380 380 380 379 379 379 379 378 378 378 378 381 381 381 381 379 379 379 379 380 380 380 380 382 382 382 382 381 381 381 381 380 380 380 380 383 383 383 383 381 381 381 381 382 382 382 382 384 384 384 384 383 383 383 383 382 382 382 382 385 385 385 385 383 383 383 383 384 384 384 384 386 386 386 386 385 385 385 385 384 384 384 384 387 387 387 387 385 385 385 385 386 386 386 386 388 388 388 388 387 387 387 387 386 386 386 386 389 389 389 389 387 387 387 387 388 388 388 388 390 390 390 390 389 389 389 389 388 388 388 388 391 391 391 391 389 389 389 389 390 390 390 390 392 392 392 392 391 391 391 391 390 390 390 390 393 393 393 393 391 391 391 391 392 392 392 392 393 393 393 393 392 392 392 392 394 394 394 394 393 393 393 393 394 394 394 394 395 395 395 395 394 394 394 394 396 396 396 396 395 395 395 395 395 395 395 395 396 396 396 396 397 397 397 397 396 396 396 396 398 398 398 398 397 397 397 397 397 397 397 397 398 398 398 398 399 399 399 399 398 398 398 398 400 400 400 400 399 399 399 399 399 399 399 399 400 400 400 400 401 401 401 401 400 400 400 400 402 402 402 402 401 401 401 401 401 401 401 401 402 402 402 402 403 403 403 403 402 402 402 402 404 404 404 404 403 403 403 403 403 403 403 403 404 404 404 404 405 405 405 405 404 404 404 404 406 406 406 406 405 405 405 405 405 405 405 405 406 406 406 406 407 407 407 407 406 406 406 406 408 408 408 408 407 407 407 407 407 407 407 407 408 408 408 408 409 409 409 409 408 408 408 408 410 410 410 410 409 409 409 409 409 409 409 409 410 410 410 410 411 411 411 411 410 410 410 410 412 412 412 412 411 411 411 411 411 411 411 411 412 412 412 412 413 413 413 413 412 412 412 412 414 414 414 414 413 413 413 413 413 413 413 413 414 414 414 414 415 415 415 415 414 414 414 414 416 416 416 416 415 415 415 415 415 415 415 415 416 416 416 416 417 417 417 417 416 416 416 416 418 418 418 418 417 417 417 417 417 417 417 417 418 418 418 418 419 419 419 419 418 418 418 418 420 420 420 420 419 419 419 419 419 419 419 419 420 420 420 420 421 421 421 421 420 420 420 420 422 422 422 422 421 421 421 421 421 421 421 421 422 422 422 422 423 423 423 423 424 424 424 424 425 425 425 425 426 426 426 426 427 427 427 427 425 425 425 425 424 424 424 424 428 428 428 428 427 427 427 427 424 424 424 424 429 429 429 429 427 427 427 427 428 428 428 428 430 430 430 430 429 429 429 429 428 428 428 428 431 431 431 431 429 429 429 429 430 430 430 430 432 432 432 432 431 431 431 431 430 430 430 430 433 433 433 433 431 431 431 431 432 432 432 432 434 434 434 434 433 433 433 433 432 432 432 432 435 435 435 435 433 433 433 433 434 434 434 434 436 436 436 436 435 435 435 435 434 434 434 434 437 437 437 437 435 435 435 435 436 436 436 436 438 438 438 438 437 437 437 437 436 436 436 436 439 439 439 439 437 437 437 437 438 438 438 438 440 440 440 440 439 439 439 439 438 438 438 438 441 441 441 441 439 439 439 439 440 440 440 440 442 442 442 442 441 441 441 441 440 440 440 440 443 443 443 443 441 441 441 441 442 442 442 442 443 443 443 443 442 442 442 442 444 444 444 444 443 443 443 443 444 444 444 444 445 445 445 445 444 444 444 444 446 446 446 446 445 445 445 445 445 445 445 445 446 446 446 446 447 447 447 447 446 446 446 446 448 448 448 448 447 447 447 447 447 447 447 447 448 448 448 448 449 449 449 449 448 448 448 448 450 450 450 450 449 449 449 449 449 449 449 449 450 450 450 450 451 451 451 451 450 450 450 450 452 452 452 452 451 451 451 451 451 451 451 451 452 452 452 452 453 453 453 453 452 452 452 452 454 454 454 454 453 453 453 453 453 453 453 453 454 454 454 454 455 455 455 455 454 454 454 454 456 456 456 456 455 455 455 455 455 455 455 455 456 456 456 456 457 457 457 457 456 456 456 456 458 458 458 458 457 457 457 457 457 457 457 457 458 458 458 458 459 459 459 459 458 458 458 458 460 460 460 460 459 459 459 459 459 459 459 459 460 460 460 460 461 461 461 461 460 460 460 460 462 462 462 462 461 461 461 461 461 461 461 461 462 462 462 462 463 463 463 463 462 462 462 462 464 464 464 464 463 463 463 463 463 463 463 463 464 464 464 464 465 465 465 465 464 464 464 464 466 466 466 466 465 465 465 465 465 465 465 465 466 466 466 466 467 467 467 467 466 466 466 466 468 468 468 468 467 467 467 467 467 467 467 467 468 468 468 468 469 469 469 469 468 468 468 468 470 470 470 470 469 469 469 469 469 469 469 469 470 470 470 470 471 471 471 471 470 470 470 470 472 472 472 472 471 471 471 471 471 471 471 471 472 472 472 472 473 473 473 473 474 474 474 474 475 475 475 475 476 476 476 476 477 477 477 477 475 475 475 475 474 474 474 474 478 478 478 478 477 477 477 477 474 474 474 474 479 479 479 479 477 477 477 477 478 478 478 478 480 480 480 480 479 479 479 479 478 478 478 478 481 481 481 481 479 479 479 479 480 480 480 480 482 482 482 482 481 481 481 481 480 480 480 480 483 483 483 483 481 481 481 481 482 482 482 482 484 484 484 484 483 483 483 483 482 482 482 482 485 485 485 485 483 483 483 483 484 484 484 484 486 486 486 486 485 485 485 485 484 484 484 484 487 487 487 487 485 485 485 485 486 486 486 486 488 488 488 488 487 487 487 487 486 486 486 486 489 489 489 489 487 487 487 487 488 488 488 488 490 490 490 490 489 489 489 489 488 488 488 488 491 491 491 491 489 489 489 489 490 490 490 490 492 492 492 492 491 491 491 491 490 490 490 490 493 493 493 493 491 491 491 491 492 492 492 492 493 493 493 493 492 492 492 492 494 494 494 494 493 493 493 493 494 494 494 494 495 495 495 495 494 494 494 494 496 496 496 496 495 495 495 495 495 495 495 495 496 496 496 496 497 497 497 497 496 496 496 496 498 498 498 498 497 497 497 497 497 497 497 497 498 498 498 498 499 499 499 499 498 498 498 498 500 500 500 500 499 499 499 499 499 499 499 499 500 500 500 500 501 501 501 501 500 500 500 500 502 502 502 502 501 501 501 501 501 501 501 501 502 502 502 502 503 503 503 503 502 502 502 502 504 504 504 504 503 503 503 503 503 503 503 503 504 504 504 504 505 505 505 505 504 504 504 504 506 506 506 506 505 505 505 505 505 505 505 505 506 506 506 506 507 507 507 507 506 506 506 506 508 508 508 508 507 507 507 507 507 507 507 507 508 508 508 508 509 509 509 509 508 508 508 508 510 510 510 510 509 509 509 509 509 509 509 509 510 510 510 510 511 511 511 511 510 510 510 510 512 512 512 512 511 511 511 511 511 511 511 511 512 512 512 512 513 513 513 513 512 512 512 512 514 514 514 514 513 513 513 513 513 513 513 513 514 514 514 514 515 515 515 515 514 514 514 514 516 516 516 516 515 515 515 515 515 515 515 515 516 516 516 516 517 517 517 517 516 516 516 516 518 518 518 518 517 517 517 517 517 517 517 517 518 518 518 518 519 519 519 519 518 518 518 518 520 520 520 520 519 519 519 519 519 519 519 519 520 520 520 520 521 521 521 521 520 520 520 520 522 522 522 522 521 521 521 521 521 521 521 521 522 522 522 522 523 523 523 523 524 524 524 524 525 525 525 525 526 526 526 526 527 527 527 527 525 525 525 525 524 524 524 524 527 527 527 527 528 528 528 528 529 529 529 529 530 530 530 530 528 528 528 528 527 527 527 527 530 530 530 530 531 531 531 531 532 532 532 532 530 530 530 530 533 533 533 533 531 531 531 531 533 533 533 533 534 534 534 534 535 535 535 535 533 533 533 533 536 536 536 536 534 534 534 534 536 536 536 536 537 537 537 537 538 538 538 538 536 536 536 536 539 539 539 539 537 537 537 537 539 539 539 539 540 540 540 540 541 541 541 541 539 539 539 539 542 542 542 542 540 540 540 540 542 542 542 542 543 543 543 543 544 544 544 544 542 542 542 542 545 545 545 545 543 543 543 543 545 545 545 545 546 546 546 546 547 547 547 547 545 545 545 545 548 548 548 548 546 546 546 546 548 548 548 548 549 549 549 549 550 550 550 550 548 548 548 548 551 551 551 551 549 549 549 549 551 551 551 551 552 552 552 552 553 553 553 553 551 551 551 551 554 554 554 554 552 552 552 552 554 554 554 554 555 555 555 555 556 556 556 556 554 554 554 554 557 557 557 557 555 555 555 555 557 557 557 557 558 558 558 558 559 559 559 559 557 557 557 557 560 560 560 560 558 558 558 558 560 560 560 560 561 561 561 561 562 562 562 562 560 560 560 560 563 563 563 563 561 561 561 561 563 563 563 563 564 564 564 564 565 565 565 565 563 563 563 563 566 566 566 566 564 564 564 564 566 566 566 566 567 567 567 567 568 568 568 568 566 566 566 566 569 569 569 569 567 567 567 567 566 566 566 566 570 570 570 570 569 569 569 569 563 563 563 563 571 571 571 571 566 566 566 566 571 571 571 571 570 570 570 570 566 566 566 566 571 571 571 571 572 572 572 572 573 573 573 573 574 574 574 574 572 572 572 572 571 571 571 571 574 574 574 574 571 571 571 571 563 563 563 563 560 560 560 560 574 574 574 574 563 563 563 563 571 571 571 571 575 575 575 575 570 570 570 570 570 570 570 570 575 575 575 575 576 576 576 576 574 574 574 574 577 577 577 577 578 578 578 578 579 579 579 579 577 577 577 577 574 574 574 574 579 579 579 579 574 574 574 574 560 560 560 560 557 557 557 557 579 579 579 579 560 560 560 560 579 579 579 579 580 580 580 580 581 581 581 581 582 582 582 582 580 580 580 580 579 579 579 579 582 582 582 582 579 579 579 579 557 557 557 557 554 554 554 554 582 582 582 582 557 557 557 557 582 582 582 582 583 583 583 583 584 584 584 584 585 585 585 585 583 583 583 583 582 582 582 582 585 585 585 585 582 582 582 582 554 554 554 554 551 551 551 551 585 585 585 585 554 554 554 554 586 586 586 586 587 587 587 587 585 585 585 585 588 588 588 588 585 585 585 585 551 551 551 551 588 588 588 588 586 586 586 586 585 585 585 585 548 548 548 548 588 588 588 588 551 551 551 551 589 589 589 589 586 586 586 586 588 588 588 588 590 590 590 590 588 588 588 588 548 548 548 548 590 590 590 590 589 589 589 589 588 588 588 588 545 545 545 545 590 590 590 590 548 548 548 548 591 591 591 591 589 589 589 589 590 590 590 590 591 591 591 591 590 590 590 590 545 545 545 545 591 591 591 591 592 592 592 592 589 589 589 589 542 542 542 542 591 591 591 591 545 545 545 545 593 593 593 593 591 591 591 591 542 542 542 542 593 593 593 593 594 594 594 594 591 591 591 591 593 593 593 593 595 595 595 595 594 594 594 594 539 539 539 539 593 593 593 593 542 542 542 542 596 596 596 596 593 593 593 593 539 539 539 539 596 596 596 596 597 597 597 597 593 593 593 593 596 596 596 596 598 598 598 598 597 597 597 597 536 536 536 536 596 596 596 596 539 539 539 539 536 536 536 536 599 599 599 599 596 596 596 596 596 596 596 596 599 599 599 599 600 600 600 600 599 599 599 599 601 601 601 601 600 600 600 600 533 533 533 533 599 599 599 599 536 536 536 536 602 602 602 602 599 599 599 599 533 533 533 533 602 602 602 602 603 603 603 603 599 599 599 599 602 602 602 602 604 604 604 604 603 603 603 603 602 602 602 602 533 533 533 533 530 530 530 530 605 605 605 605 602 602 602 602 530 530 530 530 606 606 606 606 602 602 602 602 605 605 605 605 607 607 607 607 606 606 606 606 605 605 605 605 605 605 605 605 530 530 530 530 527 527 527 527 605 605 605 605 527 527 527 527 608 608 608 608 605 605 605 605 608 608 608 608 609 609 609 609 527 527 527 527 524 524 524 524 608 608 608 608 609 609 609 609 608 608 608 608 610 610 610 610 524 524 524 524 611 611 611 611 608 608 608 608 610 610 610 610 608 608 608 608 612 612 612 612 611 611 611 611 612 612 612 612 608 608 608 608 613 613 613 613 614 614 614 614 615 615 615 615 616 616 616 616 613 613 613 613 615 615 615 615 616 616 616 616 615 615 615 615 617 617 617 617 616 616 616 616 618 618 618 618 613 613 613 613 619 619 619 619 616 616 616 616 617 617 617 617 619 619 619 619 617 617 617 617 620 620 620 620 621 621 621 621 618 618 618 618 616 616 616 616 622 622 622 622 623 623 623 623 618 618 618 618 622 622 622 622 618 618 618 618 621 621 621 621 624 624 624 624 621 621 621 621 616 616 616 616 624 624 624 624 622 622 622 622 621 621 621 621 624 624 624 624 616 616 616 616 619 619 619 619 625 625 625 625 622 622 622 622 624 624 624 624 626 626 626 626 625 625 625 625 624 624 624 624 626 626 626 626 624 624 624 624 619 619 619 619 627 627 627 627 625 625 625 625 626 626 626 626 628 628 628 628 619 619 619 619 620 620 620 620 626 626 626 626 619 619 619 619 628 628 628 628 628 628 628 628 620 620 620 620 629 629 629 629 630 630 630 630 627 627 627 627 626 626 626 626 630 630 630 630 626 626 626 626 628 628 628 628 631 631 631 631 627 627 627 627 630 630 630 630 632 632 632 632 628 628 628 628 629 629 629 629 630 630 630 630 628 628 628 628 632 632 632 632 632 632 632 632 629 629 629 629 633 633 633 633 634 634 634 634 631 631 631 631 630 630 630 630 634 634 634 634 630 630 630 630 632 632 632 632 635 635 635 635 631 631 631 631 634 634 634 634 636 636 636 636 632 632 632 632 633 633 633 633 634 634 634 634 632 632 632 632 636 636 636 636 636 636 636 636 633 633 633 633 637 637 637 637 638 638 638 638 635 635 635 635 634 634 634 634 638 638 638 638 634 634 634 634 636 636 636 636 639 639 639 639 635 635 635 635 638 638 638 638 640 640 640 640 636 636 636 636 637 637 637 637 638 638 638 638 636 636 636 636 640 640 640 640 640 640 640 640 637 637 637 637 641 641 641 641 642 642 642 642 639 639 639 639 638 638 638 638 642 642 642 642 638 638 638 638 640 640 640 640 643 643 643 643 639 639 639 639 642 642 642 642 644 644 644 644 640 640 640 640 641 641 641 641 642 642 642 642 640 640 640 640 644 644 644 644 644 644 644 644 641 641 641 641 645 645 645 645 646 646 646 646 643 643 643 643 642 642 642 642 646 646 646 646 642 642 642 642 644 644 644 644 647 647 647 647 643 643 643 643 646 646 646 646 648 648 648 648 644 644 644 644 645 645 645 645 646 646 646 646 644 644 644 644 648 648 648 648 649 649 649 649 648 648 648 648 645 645 645 645 650 650 650 650 647 647 647 647 646 646 646 646 651 651 651 651 647 647 647 647 650 650 650 650 652 652 652 652 651 651 651 651 650 650 650 650 653 653 653 653 646 646 646 646 648 648 648 648 653 653 653 653 648 648 648 648 649 649 649 649 650 650 650 650 646 646 646 646 653 653 653 653 653 653 653 653 649 649 649 649 654 654 654 654 652 652 652 652 650 650 650 650 655 655 655 655 656 656 656 656 652 652 652 652 655 655 655 655 650 650 650 650 653 653 653 653 657 657 657 657 657 657 657 657 653 653 653 653 654 654 654 654 655 655 655 655 650 650 650 650 657 657 657 657 657 657 657 657 654 654 654 654 658 658 658 658 656 656 656 656 655 655 655 655 659 659 659 659 660 660 660 660 656 656 656 656 659 659 659 659 655 655 655 655 657 657 657 657 661 661 661 661 661 661 661 661 657 657 657 657 658 658 658 658 659 659 659 659 655 655 655 655 661 661 661 661 661 661 661 661 658 658 658 658 662 662 662 662 660 660 660 660 659 659 659 659 663 663 663 663 664 664 664 664 660 660 660 660 663 663 663 663 659 659 659 659 661 661 661 661 665 665 665 665 665 665 665 665 661 661 661 661 662 662 662 662 663 663 663 663 659 659 659 659 665 665 665 665 665 665 665 665 662 662 662 662 666 666 666 666 664 664 664 664 663 663 663 663 667 667 667 667 575 575 575 575 664 664 664 664 667 667 667 667 663 663 663 663 665 665 665 665 668 668 668 668 668 668 668 668 665 665 665 665 666 666 666 666 667 667 667 667 663 663 663 663 668 668 668 668 668 668 668 668 666 666 666 666 669 669 669 669 575 575 575 575 667 667 667 667 670 670 670 670 575 575 575 575 670 670 670 670 576 576 576 576 576 576 576 576 670 670 670 670 671 671 671 671 670 670 670 670 672 672 672 672 671 671 671 671 667 667 667 667 668 668 668 668 673 673 673 673 670 670 670 670 667 667 667 667 673 673 673 673 673 673 673 673 668 668 668 668 669 669 669 669 670 670 670 670 673 673 673 673 672 672 672 672 673 673 673 673 669 669 669 669 674 674 674 674 672 672 672 672 673 673 673 673 674 674 674 674 675 675 675 675 676 676 676 676 677 677 677 677 678 678 678 678 675 675 675 675 677 677 677 677 678 678 678 678 679 679 679 679 675 675 675 675 678 678 678 678 677 677 677 677 680 680 680 680 678 678 678 678 681 681 681 681 679 679 679 679 678 678 678 678 680 680 680 680 682 682 682 682 678 678 678 678 682 682 682 682 681 681 681 681 680 680 680 680 683 683 683 683 682 682 682 682 680 680 680 680 684 684 684 684 683 683 683 683 684 684 684 684 685 685 685 685 686 686 686 686 683 683 683 683 684 684 684 684 686 686 686 686 683 683 683 683 686 686 686 686 687 687 687 687 682 682 682 682 683 683 683 683 688 688 688 688 683 683 683 683 687 687 687 687 688 688 688 688 682 682 682 682 688 688 688 688 689 689 689 689 682 682 682 682 689 689 689 689 681 681 681 681 688 688 688 688 687 687 687 687 690 690 690 690 687 687 687 687 691 691 691 691 690 690 690 690 688 688 688 688 692 692 692 692 689 689 689 689 681 681 681 681 689 689 689 689 692 692 692 692 688 688 688 688 690 690 690 690 692 692 692 692 691 691 691 691 693 693 693 693 694 694 694 694 690 690 690 690 691 691 691 691 694 694 694 694 690 690 690 690 694 694 694 694 695 695 695 695 692 692 692 692 690 690 690 690 695 695 695 695 681 681 681 681 692 692 692 692 696 696 696 696 696 696 696 696 692 692 692 692 695 695 695 695 681 681 681 681 696 696 696 696 679 679 679 679 696 696 696 696 695 695 695 695 697 697 697 697 679 679 679 679 696 696 696 696 698 698 698 698 696 696 696 696 697 697 697 697 698 698 698 698 698 698 698 698 697 697 697 697 699 699 699 699 700 700 700 700 701 701 701 701 702 702 702 702 703 703 703 703 700 700 700 700 702 702 702 702 703 703 703 703 704 704 704 704 700 700 700 700 703 703 703 703 702 702 702 702 705 705 705 705 703 703 703 703 706 706 706 706 704 704 704 704 703 703 703 703 705 705 705 705 707 707 707 707 703 703 703 703 707 707 707 707 706 706 706 706 705 705 705 705 708 708 708 708 707 707 707 707 705 705 705 705 709 709 709 709 708 708 708 708 709 709 709 709 710 710 710 710 711 711 711 711 708 708 708 708 709 709 709 709 711 711 711 711 708 708 708 708 711 711 711 711 712 712 712 712 707 707 707 707 708 708 708 708 713 713 713 713 708 708 708 708 712 712 712 712 713 713 713 713 707 707 707 707 713 713 713 713 714 714 714 714 707 707 707 707 714 714 714 714 706 706 706 706 713 713 713 713 712 712 712 712 715 715 715 715 712 712 712 712 716 716 716 716 715 715 715 715 713 713 713 713 717 717 717 717 714 714 714 714 706 706 706 706 714 714 714 714 717 717 717 717 713 713 713 713 715 715 715 715 717 717 717 717 716 716 716 716 718 718 718 718 719 719 719 719 715 715 715 715 716 716 716 716 719 719 719 719 715 715 715 715 719 719 719 719 720 720 720 720 717 717 717 717 715 715 715 715 720 720 720 720 706 706 706 706 717 717 717 717 721 721 721 721 721 721 721 721 717 717 717 717 720 720 720 720 706 706 706 706 721 721 721 721 704 704 704 704 721 721 721 721 720 720 720 720 722 722 722 722 704 704 704 704 721 721 721 721 723 723 723 723 721 721 721 721 722 722 722 722 723 723 723 723 723 723 723 723 722 722 722 722 724 724 724 724 725 725 725 725 726 726 726 726 727 727 727 727 728 728 728 728 725 725 725 725 727 727 727 727 728 728 728 728 729 729 729 729 725 725 725 725 728 728 728 728 727 727 727 727 730 730 730 730 728 728 728 728 731 731 731 731 729 729 729 729 728 728 728 728 730 730 730 730 732 732 732 732 728 728 728 728 732 732 732 732 731 731 731 731 730 730 730 730 733 733 733 733 732 732 732 732 730 730 730 730 734 734 734 734 733 733 733 733 734 734 734 734 735 735 735 735 736 736 736 736 733 733 733 733 734 734 734 734 736 736 736 736 733 733 733 733 736 736 736 736 737 737 737 737 732 732 732 732 733 733 733 733 738 738 738 738 733 733 733 733 737 737 737 737 738 738 738 738 732 732 732 732 738 738 738 738 739 739 739 739 732 732 732 732 739 739 739 739 731 731 731 731 738 738 738 738 737 737 737 737 740 740 740 740 737 737 737 737 741 741 741 741 740 740 740 740 738 738 738 738 742 742 742 742 739 739 739 739 731 731 731 731 739 739 739 739 742 742 742 742 738 738 738 738 740 740 740 740 742 742 742 742 741 741 741 741 743 743 743 743 744 744 744 744 740 740 740 740 741 741 741 741 744 744 744 744 740 740 740 740 744 744 744 744 745 745 745 745 742 742 742 742 740 740 740 740 745 745 745 745 731 731 731 731 742 742 742 742 746 746 746 746 746 746 746 746 742 742 742 742 745 745 745 745 731 731 731 731 746 746 746 746 729 729 729 729 746 746 746 746 745 745 745 745 747 747 747 747 729 729 729 729 746 746 746 746 748 748 748 748 746 746 746 746 747 747 747 747 748 748 748 748 748 748 748 748 747 747 747 747 749 749 749 749 750 750 750 750 751 751 751 751 752 752 752 752 753 753 753 753 750 750 750 750 752 752 752 752 753 753 753 753 754 754 754 754 750 750 750 750 753 753 753 753 752 752 752 752 755 755 755 755 753 753 753 753 756 756 756 756 754 754 754 754 753 753 753 753 755 755 755 755 757 757 757 757 753 753 753 753 757 757 757 757 756 756 756 756 755 755 755 755 758 758 758 758 757 757 757 757 755 755 755 755 759 759 759 759 758 758 758 758 759 759 759 759 760 760 760 760 761 761 761 761 758 758 758 758 759 759 759 759 761 761 761 761 758 758 758 758 761 761 761 761 762 762 762 762 757 757 757 757 758 758 758 758 763 763 763 763 758 758 758 758 762 762 762 762 763 763 763 763 757 757 757 757 763 763 763 763 764 764 764 764 757 757 757 757 764 764 764 764 756 756 756 756 763 763 763 763 762 762 762 762 765 765 765 765 762 762 762 762 766 766 766 766 765 765 765 765 763 763 763 763 767 767 767 767 764 764 764 764 756 756 756 756 764 764 764 764 767 767 767 767 763 763 763 763 765 765 765 765 767 767 767 767 766 766 766 766 768 768 768 768 769 769 769 769 765 765 765 765 766 766 766 766 769 769 769 769 765 765 765 765 769 769 769 769 770 770 770 770 767 767 767 767 765 765 765 765 770 770 770 770 756 756 756 756 767 767 767 767 771 771 771 771 771 771 771 771 767 767 767 767 770 770 770 770 756 756 756 756 771 771 771 771 754 754 754 754 771 771 771 771 770 770 770 770 772 772 772 772 754 754 754 754 771 771 771 771 773 773 773 773 771 771 771 771 772 772 772 772 773 773 773 773 773 773 773 773 772 772 772 772 774 774 774 774 775 775 775 775 776 776 776 776 777 777 777 777 778 778 778 778 775 775 775 775 777 777 777 777 778 778 778 778 779 779 779 779 775 775 775 775 778 778 778 778 777 777 777 777 780 780 780 780 778 778 778 778 781 781 781 781 779 779 779 779 778 778 778 778 780 780 780 780 782 782 782 782 778 778 778 778 782 782 782 782 781 781 781 781 780 780 780 780 783 783 783 783 782 782 782 782 780 780 780 780 784 784 784 784 783 783 783 783 784 784 784 784 785 785 785 785 786 786 786 786 783 783 783 783 784 784 784 784 786 786 786 786 783 783 783 783 786 786 786 786 787 787 787 787 782 782 782 782 783 783 783 783 788 788 788 788 783 783 783 783 787 787 787 787 788 788 788 788 782 782 782 782 788 788 788 788 789 789 789 789 782 782 782 782 789 789 789 789 781 781 781 781 788 788 788 788 787 787 787 787 790 790 790 790 787 787 787 787 791 791 791 791 790 790 790 790 788 788 788 788 792 792 792 792 789 789 789 789 781 781 781 781 789 789 789 789 792 792 792 792 788 788 788 788 790 790 790 790 792 792 792 792 791 791 791 791 793 793 793 793 794 794 794 794 790 790 790 790 791 791 791 791 794 794 794 794 790 790 790 790 794 794 794 794 795 795 795 795 792 792 792 792 790 790 790 790 795 795 795 795 781 781 781 781 792 792 792 792 796 796 796 796 796 796 796 796 792 792 792 792 795 795 795 795 781 781 781 781 796 796 796 796 779 779 779 779 796 796 796 796 795 795 795 795 797 797 797 797 779 779 779 779 796 796 796 796 798 798 798 798 796 796 796 796 797 797 797 797 798 798 798 798 798 798 798 798 797 797 797 797 799 799 799 799 800 800 800 800 801 801 801 801 802 802 802 802 803 803 803 803 800 800 800 800 802 802 802 802 803 803 803 803 804 804 804 804 800 800 800 800 803 803 803 803 802 802 802 802 805 805 805 805 803 803 803 803 806 806 806 806 804 804 804 804 803 803 803 803 805 805 805 805 807 807 807 807 803 803 803 803 807 807 807 807 806 806 806 806 805 805 805 805 808 808 808 808 807 807 807 807 805 805 805 805 809 809 809 809 808 808 808 808 809 809 809 809 810 810 810 810 811 811 811 811 808 808 808 808 809 809 809 809 811 811 811 811 808 808 808 808 811 811 811 811 812 812 812 812 807 807 807 807 808 808 808 808 813 813 813 813 808 808 808 808 812 812 812 812 813 813 813 813 807 807 807 807 813 813 813 813 814 814 814 814 807 807 807 807 814 814 814 814 806 806 806 806 813 813 813 813 812 812 812 812 815 815 815 815 812 812 812 812 816 816 816 816 815 815 815 815 813 813 813 813 817 817 817 817 814 814 814 814 806 806 806 806 814 814 814 814 817 817 817 817 813 813 813 813 815 815 815 815 817 817 817 817 816 816 816 816 818 818 818 818 819 819 819 819 815 815 815 815 816 816 816 816 819 819 819 819 815 815 815 815 819 819 819 819 820 820 820 820 817 817 817 817 815 815 815 815 820 820 820 820 806 806 806 806 817 817 817 817 821 821 821 821 821 821 821 821 817 817 817 817 820 820 820 820 806 806 806 806 821 821 821 821 804 804 804 804 821 821 821 821 820 820 820 820 822 822 822 822 804 804 804 804 821 821 821 821 823 823 823 823 821 821 821 821 822 822 822 822 823 823 823 823 823 823 823 823 822 822 822 822 824 824 824 824 825 825 825 825 826 826 826 826 827 827 827 827 826 826 826 826 828 828 828 828 827 827 827 827 828 828 828 828 829 829 829 829 830 830 830 830 828 828 828 828 831 831 831 831 829 829 829 829 831 831 831 831 832 832 832 832 833 833 833 833 831 831 831 831 834 834 834 834 832 832 832 832 834 834 834 834 835 835 835 835 836 836 836 836 834 834 834 834 837 837 837 837 835 835 835 835 837 837 837 837 838 838 838 838 839 839 839 839 837 837 837 837 840 840 840 840 838 838 838 838 840 840 840 840 841 841 841 841 842 842 842 842 840 840 840 840 843 843 843 843 841 841 841 841 843 843 843 843 844 844 844 844 845 845 845 845 843 843 843 843 846 846 846 846 844 844 844 844 846 846 846 846 847 847 847 847 848 848 848 848 846 846 846 846 849 849 849 849 847 847 847 847 849 849 849 849 850 850 850 850 851 851 851 851 849 849 849 849 852 852 852 852 850 850 850 850 852 852 852 852 853 853 853 853 854 854 854 854 852 852 852 852 855 855 855 855 853 853 853 853 855 855 855 855 856 856 856 856 857 857 857 857 855 855 855 855 858 858 858 858 856 856 856 856 858 858 858 858 859 859 859 859 860 860 860 860 858 858 858 858 861 861 861 861 859 859 859 859 861 861 861 861 862 862 862 862 863 863 863 863 864 864 864 864 862 862 862 862 861 861 861 861 864 864 864 864 865 865 865 865 866 866 866 866 867 867 867 867 865 865 865 865 864 864 864 864 867 867 867 867 868 868 868 868 869 869 869 869 870 870 870 870 868 868 868 868 867 867 867 867 870 870 870 870 871 871 871 871 872 872 872 872 873 873 873 873 871 871 871 871 870 870 870 870 873 873 873 873 874 874 874 874 875 875 875 875 876 876 876 876 874 874 874 874 873 873 873 873 876 876 876 876 877 877 877 877 878 878 878 878 879 879 879 879 877 877 877 877 876 876 876 876 879 879 879 879 880 880 880 880 881 881 881 881 882 882 882 882 880 880 880 880 879 879 879 879 882 882 882 882 883 883 883 883 884 884 884 884 885 885 885 885 883 883 883 883 882 882 882 882 885 885 885 885 886 886 886 886 887 887 887 887 888 888 888 888 886 886 886 886 885 885 885 885 888 888 888 888 889 889 889 889 890 890 890 890 891 891 891 891 889 889 889 889 888 888 888 888 891 891 891 891 892 892 892 892 893 893 893 893 894 894 894 894 892 892 892 892 891 891 891 891 894 894 894 894 895 895 895 895 896 896 896 896 826 826 826 826 895 895 895 895 894 894 894 894 891 891 891 891 888 888 888 888 897 897 897 897 894 894 894 894 891 891 891 891 897 897 897 897 826 826 826 826 894 894 894 894 897 897 897 897 888 888 888 888 885 885 885 885 897 897 897 897 885 885 885 885 882 882 882 882 897 897 897 897 882 882 882 882 879 879 879 879 897 897 897 897 879 879 879 879 876 876 876 876 897 897 897 897 876 876 876 876 873 873 873 873 897 897 897 897 873 873 873 873 870 870 870 870 897 897 897 897 870 870 870 870 867 867 867 867 897 897 897 897 867 867 867 867 864 864 864 864 897 897 897 897 864 864 864 864 861 861 861 861 897 897 897 897 858 858 858 858 897 897 897 897 861 861 861 861 855 855 855 855 897 897 897 897 858 858 858 858 852 852 852 852 897 897 897 897 855 855 855 855 849 849 849 849 897 897 897 897 852 852 852 852 846 846 846 846 897 897 897 897 849 849 849 849 843 843 843 843 897 897 897 897 846 846 846 846 840 840 840 840 897 897 897 897 843 843 843 843 837 837 837 837 897 897 897 897 840 840 840 840 834 834 834 834 897 897 897 897 837 837 837 837 831 831 831 831 897 897 897 897 834 834 834 834 828 828 828 828 897 897 897 897 831 831 831 831 826 826 826 826 897 897 897 897 828 828 828 828 898 898 898 898 899 899 899 899 900 900 900 900 898 898 898 898 901 901 901 901 899 899 899 899 898 898 898 898 900 900 900 900 902 902 902 902 898 898 898 898 903 903 903 903 901 901 901 901 900 900 900 900 904 904 904 904 902 902 902 902 901 901 901 901 903 903 903 903 905 905 905 905 902 902 902 902 904 904 904 904 906 906 906 906 903 903 903 903 907 907 907 907 905 905 905 905 904 904 904 904 908 908 908 908 906 906 906 906 905 905 905 905 907 907 907 907 909 909 909 909 906 906 906 906 908 908 908 908 910 910 910 910 907 907 907 907 911 911 911 911 909 909 909 909 908 908 908 908 912 912 912 912 910 910 910 910 909 909 909 909 911 911 911 911 913 913 913 913 910 910 910 910 912 912 912 912 914 914 914 914 911 911 911 911 915 915 915 915 913 913 913 913 912 912 912 912 916 916 916 916 914 914 914 914 913 913 913 913 915 915 915 915 917 917 917 917 914 914 914 914 916 916 916 916 918 918 918 918 915 915 915 915 919 919 919 919 917 917 917 917 916 916 916 916 920 920 920 920 918 918 918 918 917 917 917 917 919 919 919 919 921 921 921 921 918 918 918 918 920 920 920 920 922 922 922 922 919 919 919 919 923 923 923 923 921 921 921 921 920 920 920 920 924 924 924 924 922 922 922 922 921 921 921 921 923 923 923 923 925 925 925 925 922 922 922 922 924 924 924 924 926 926 926 926 925 925 925 925 926 926 926 926 924 924 924 924 923 923 923 923 927 927 927 927 925 925 925 925 925 925 925 925 927 927 927 927 926 926 926 926 928 928 928 928 929 929 929 929 930 930 930 930 928 928 928 928 931 931 931 931 929 929 929 929 932 932 932 932 928 928 928 928 930 930 930 930 928 928 928 928 933 933 933 933 931 931 931 931 932 932 932 932 930 930 930 930 934 934 934 934 931 931 931 931 933 933 933 933 935 935 935 935 932 932 932 932 934 934 934 934 936 936 936 936 933 933 933 933 937 937 937 937 935 935 935 935 934 934 934 934 938 938 938 938 936 936 936 936 935 935 935 935 937 937 937 937 939 939 939 939 936 936 936 936 938 938 938 938 940 940 940 940 937 937 937 937 941 941 941 941 939 939 939 939 938 938 938 938 942 942 942 942 940 940 940 940 939 939 939 939 941 941 941 941 943 943 943 943 940 940 940 940 942 942 942 942 944 944 944 944 941 941 941 941 945 945 945 945 943 943 943 943 942 942 942 942 946 946 946 946 944 944 944 944 943 943 943 943 945 945 945 945 947 947 947 947 942 942 942 942 948 948 948 948 946 946 946 946 943 943 943 943 947 947 947 947 949 949 949 949 946 946 946 946 948 948 948 948 950 950 950 950 947 947 947 947 951 951 951 951 949 949 949 949 948 948 948 948 952 952 952 952 950 950 950 950 949 949 949 949 951 951 951 951 953 953 953 953 950 950 950 950 952 952 952 952 954 954 954 954 951 951 951 951 955 955 955 955 953 953 953 953 952 952 952 952 956 956 956 956 954 954 954 954 953 953 953 953 955 955 955 955 957 957 957 957 954 954 954 954 956 956 956 956 958 958 958 958 958 958 958 958 957 957 957 957 955 955 955 955 956 956 956 956 959 959 959 959 958 958 958 958 958 958 958 958 959 959 959 959 957 957 957 957 960 960 960 960 961 961 961 961 962 962 962 962 961 961 961 961 963 963 963 963 962 962 962 962 964 964 964 964 961 961 961 961 960 960 960 960 964 964 964 964 960 960 960 960 965 965 965 965 961 961 961 961 966 966 966 966 963 963 963 963 963 963 963 963 966 966 966 966 967 967 967 967 964 964 964 964 968 968 968 968 961 961 961 961 961 961 961 961 968 968 968 968 966 966 966 966 969 969 969 969 964 964 964 964 965 965 965 965 970 970 970 970 969 969 969 969 965 965 965 965 971 971 971 971 964 964 964 964 969 969 969 969 971 971 971 971 968 968 968 968 964 964 964 964 970 970 970 970 972 972 972 972 969 969 969 969 971 971 971 971 969 969 969 969 973 973 973 973 973 973 973 973 969 969 969 969 972 972 972 972 974 974 974 974 972 972 972 972 970 970 970 970 975 975 975 975 974 974 974 974 970 970 970 970 973 973 973 973 972 972 972 972 976 976 976 976 977 977 977 977 974 974 974 974 975 975 975 975 977 977 977 977 975 975 975 975 978 978 978 978 974 974 974 974 979 979 979 979 972 972 972 972 979 979 979 979 976 976 976 976 972 972 972 972 977 977 977 977 980 980 980 980 974 974 974 974 980 980 980 980 979 979 979 979 974 974 974 974 977 977 977 977 978 978 978 978 981 981 981 981 978 978 978 978 982 982 982 982 981 981 981 981 982 982 982 982 983 983 983 983 981 981 981 981 979 979 979 979 984 984 984 984 976 976 976 976 984 984 984 984 973 973 973 973 976 976 976 976 981 981 981 981 983 983 983 983 985 985 985 985 983 983 983 983 986 986 986 986 985 985 985 985 987 987 987 987 977 977 977 977 981 981 981 981 987 987 987 987 981 981 981 981 985 985 985 985 987 987 987 987 980 980 980 980 977 977 977 977 985 985 985 985 986 986 986 986 988 988 988 988 986 986 986 986 989 989 989 989 988 988 988 988 990 990 990 990 987 987 987 987 985 985 985 985 990 990 990 990 985 985 985 985 988 988 988 988 988 988 988 988 989 989 989 989 991 991 991 991 989 989 989 989 967 967 967 967 991 991 991 991 990 990 990 990 988 988 988 988 992 992 992 992 988 988 988 988 991 991 991 991 992 992 992 992 993 993 993 993 991 991 991 991 967 967 967 967 966 966 966 966 993 993 993 993 967 967 967 967 994 994 994 994 992 992 992 992 991 991 991 991 994 994 994 994 991 991 991 991 993 993 993 993 995 995 995 995 993 993 993 993 966 966 966 966 995 995 995 995 966 966 966 966 968 968 968 968 994 994 994 994 993 993 993 993 996 996 996 996 995 995 995 995 996 996 996 996 993 993 993 993 997 997 997 997 994 994 994 994 996 996 996 996 997 997 997 997 996 996 996 996 995 995 995 995 998 998 998 998 992 992 992 992 994 994 994 994 998 998 998 998 994 994 994 994 997 997 997 997 999 999 999 999 997 997 997 997 995 995 995 995 999 999 999 999 995 995 995 995 968 968 968 968 998 998 998 998 997 997 997 997 1000 1000 1000 1000 1000 1000 1000 1000 997 997 997 997 999 999 999 999 1001 1001 1001 1001 992 992 992 992 998 998 998 998 1001 1001 1001 1001 990 990 990 990 992 992 992 992 1002 1002 1002 1002 998 998 998 998 1000 1000 1000 1000 1001 1001 1001 1001 998 998 998 998 1002 1002 1002 1002 1003 1003 1003 1003 990 990 990 990 1001 1001 1001 1001 1003 1003 1003 1003 987 987 987 987 990 990 990 990 1004 1004 1004 1004 1001 1001 1001 1001 1002 1002 1002 1002 1003 1003 1003 1003 1001 1001 1001 1001 1004 1004 1004 1004 1002 1002 1002 1002 1000 1000 1000 1000 1005 1005 1005 1005 1006 1006 1006 1006 987 987 987 987 1003 1003 1003 1003 1000 1000 1000 1000 999 999 999 999 1007 1007 1007 1007 1000 1000 1000 1000 1007 1007 1007 1007 1005 1005 1005 1005 1007 1007 1007 1007 999 999 999 999 1008 1008 1008 1008 1008 1008 1008 1008 999 999 999 999 968 968 968 968 1005 1005 1005 1005 1007 1007 1007 1007 1009 1009 1009 1009 1007 1007 1007 1007 1008 1008 1008 1008 1009 1009 1009 1009 1005 1005 1005 1005 1009 1009 1009 1009 1010 1010 1010 1010 1009 1009 1009 1009 1008 1008 1008 1008 1010 1010 1010 1010 1011 1011 1011 1011 1008 1008 1008 1008 968 968 968 968 1010 1010 1010 1010 1008 1008 1008 1008 1011 1011 1011 1011 1011 1011 1011 1011 968 968 968 968 971 971 971 971 1005 1005 1005 1005 1010 1010 1010 1010 1012 1012 1012 1012 1012 1012 1012 1012 1010 1010 1010 1010 1011 1011 1011 1011 1013 1013 1013 1013 1011 1011 1011 1011 971 971 971 971 1012 1012 1012 1012 1011 1011 1011 1011 1013 1013 1013 1013 1013 1013 1013 1013 971 971 971 971 973 973 973 973 1013 1013 1013 1013 973 973 973 973 984 984 984 984 1014 1014 1014 1014 1012 1012 1012 1012 1013 1013 1013 1013 1014 1014 1014 1014 1013 1013 1013 1013 984 984 984 984 1015 1015 1015 1015 1005 1005 1005 1005 1012 1012 1012 1012 1015 1015 1015 1015 1012 1012 1012 1012 1014 1014 1014 1014 1002 1002 1002 1002 1005 1005 1005 1005 1015 1015 1015 1015 1004 1004 1004 1004 1002 1002 1002 1002 1015 1015 1015 1015 1016 1016 1016 1016 1014 1014 1014 1014 984 984 984 984 1016 1016 1016 1016 984 984 984 984 979 979 979 979 1016 1016 1016 1016 979 979 979 979 980 980 980 980 1017 1017 1017 1017 1015 1015 1015 1015 1014 1014 1014 1014 1017 1017 1017 1017 1014 1014 1014 1014 1016 1016 1016 1016 1018 1018 1018 1018 1016 1016 1016 1016 980 980 980 980 1018 1018 1018 1018 1017 1017 1017 1017 1016 1016 1016 1016 1018 1018 1018 1018 980 980 980 980 987 987 987 987 1006 1006 1006 1006 1018 1018 1018 1018 987 987 987 987 1018 1018 1018 1018 1019 1019 1019 1019 1017 1017 1017 1017 1006 1006 1006 1006 1019 1019 1019 1019 1018 1018 1018 1018 1020 1020 1020 1020 1015 1015 1015 1015 1017 1017 1017 1017 1019 1019 1019 1019 1020 1020 1020 1020 1017 1017 1017 1017 1004 1004 1004 1004 1015 1015 1015 1015 1020 1020 1020 1020 1006 1006 1006 1006 1021 1021 1021 1021 1019 1019 1019 1019 1021 1021 1021 1021 1020 1020 1020 1020 1019 1019 1019 1019 1006 1006 1006 1006 1022 1022 1022 1022 1021 1021 1021 1021 1022 1022 1022 1022 1020 1020 1020 1020 1021 1021 1021 1021 1022 1022 1022 1022 1004 1004 1004 1004 1020 1020 1020 1020 1006 1006 1006 1006 1003 1003 1003 1003 1022 1022 1022 1022 1022 1022 1022 1022 1003 1003 1003 1003 1004 1004 1004 1004 1023 1023 1023 1023 1024 1024 1024 1024 1025 1025 1025 1025 1023 1023 1023 1023 1025 1025 1025 1025 1026 1026 1026 1026 1023 1023 1023 1023 1027 1027 1027 1027 1024 1024 1024 1024 1027 1027 1027 1027 1028 1028 1028 1028 1024 1024 1024 1024 1029 1029 1029 1029 1023 1023 1023 1023 1026 1026 1026 1026 1029 1029 1029 1029 1026 1026 1026 1026 1030 1030 1030 1030 1031 1031 1031 1031 1027 1027 1027 1027 1023 1023 1023 1023 1029 1029 1029 1029 1031 1031 1031 1031 1023 1023 1023 1023 1027 1027 1027 1027 1032 1032 1032 1032 1028 1028 1028 1028 1033 1033 1033 1033 1028 1028 1028 1028 1032 1032 1032 1032 1034 1034 1034 1034 1029 1029 1029 1029 1030 1030 1030 1030 1035 1035 1035 1035 1034 1034 1034 1034 1030 1030 1030 1030 1036 1036 1036 1036 1033 1033 1033 1033 1032 1032 1032 1032 1037 1037 1037 1037 1033 1033 1033 1033 1036 1036 1036 1036 1038 1038 1038 1038 1032 1032 1032 1032 1027 1027 1027 1027 1038 1038 1038 1038 1036 1036 1036 1036 1032 1032 1032 1032 1031 1031 1031 1031 1038 1038 1038 1038 1027 1027 1027 1027 1037 1037 1037 1037 1036 1036 1036 1036 1039 1039 1039 1039 1040 1040 1040 1040 1036 1036 1036 1036 1038 1038 1038 1038 1040 1040 1040 1040 1039 1039 1039 1039 1036 1036 1036 1036 1041 1041 1041 1041 1037 1037 1037 1037 1039 1039 1039 1039 1041 1041 1041 1041 1039 1039 1039 1039 1040 1040 1040 1040 1041 1041 1041 1041 1042 1042 1042 1042 1037 1037 1037 1037 1040 1040 1040 1040 1038 1038 1038 1038 1043 1043 1043 1043 1043 1043 1043 1043 1038 1038 1038 1038 1031 1031 1031 1031 1044 1044 1044 1044 1041 1041 1041 1041 1040 1040 1040 1040 1044 1044 1044 1044 1040 1040 1040 1040 1043 1043 1043 1043 1045 1045 1045 1045 1042 1042 1042 1042 1041 1041 1041 1041 1044 1044 1044 1044 1045 1045 1045 1045 1041 1041 1041 1041 1046 1046 1046 1046 1042 1042 1042 1042 1045 1045 1045 1045 1047 1047 1047 1047 1046 1046 1046 1046 1045 1045 1045 1045 1047 1047 1047 1047 1045 1045 1045 1045 1044 1044 1044 1044 1048 1048 1048 1048 1046 1046 1046 1046 1047 1047 1047 1047 1049 1049 1049 1049 1047 1047 1047 1047 1044 1044 1044 1044 1049 1049 1049 1049 1044 1044 1044 1044 1043 1043 1043 1043 1050 1050 1050 1050 1048 1048 1048 1048 1047 1047 1047 1047 1050 1050 1050 1050 1047 1047 1047 1047 1049 1049 1049 1049 1051 1051 1051 1051 1048 1048 1048 1048 1050 1050 1050 1050 1052 1052 1052 1052 1051 1051 1051 1051 1050 1050 1050 1050 1052 1052 1052 1052 1050 1050 1050 1050 1053 1053 1053 1053 1053 1053 1053 1053 1050 1050 1050 1050 1049 1049 1049 1049 1052 1052 1052 1052 1053 1053 1053 1053 1054 1054 1054 1054 1053 1053 1053 1053 1049 1049 1049 1049 1055 1055 1055 1055 1055 1055 1055 1055 1049 1049 1049 1049 1043 1043 1043 1043 1053 1053 1053 1053 1056 1056 1056 1056 1054 1054 1054 1054 1053 1053 1053 1053 1055 1055 1055 1055 1056 1056 1056 1056 1054 1054 1054 1054 1056 1056 1056 1056 1057 1057 1057 1057 1056 1056 1056 1056 1058 1058 1058 1058 1057 1057 1057 1057 1055 1055 1055 1055 1058 1058 1058 1058 1056 1056 1056 1056 1057 1057 1057 1057 1058 1058 1058 1058 1059 1059 1059 1059 1055 1055 1055 1055 1043 1043 1043 1043 1060 1060 1060 1060 1055 1055 1055 1055 1060 1060 1060 1060 1058 1058 1058 1058 1058 1058 1058 1058 1061 1061 1061 1061 1059 1059 1059 1059 1058 1058 1058 1058 1060 1060 1060 1060 1061 1061 1061 1061 1059 1059 1059 1059 1061 1061 1061 1061 1062 1062 1062 1062 1060 1060 1060 1060 1062 1062 1062 1062 1061 1061 1061 1061 1059 1059 1059 1059 1062 1062 1062 1062 1035 1035 1035 1035 1062 1062 1062 1062 1034 1034 1034 1034 1035 1035 1035 1035 1060 1060 1060 1060 1043 1043 1043 1043 1063 1063 1063 1063 1060 1060 1060 1060 1063 1063 1063 1063 1062 1062 1062 1062 1062 1062 1062 1062 1063 1063 1063 1063 1034 1034 1034 1034 1063 1063 1063 1063 1043 1043 1043 1043 1031 1031 1031 1031 1063 1063 1063 1063 1029 1029 1029 1029 1034 1034 1034 1034 1063 1063 1063 1063 1031 1031 1031 1031 1029 1029 1029 1029 1064 1064 1064 1064 1065 1065 1065 1065 1066 1066 1066 1066 1065 1065 1065 1065 1067 1067 1067 1067 1066 1066 1066 1066 1068 1068 1068 1068 1065 1065 1065 1065 1064 1064 1064 1064 1068 1068 1068 1068 1064 1064 1064 1064 1069 1069 1069 1069 1065 1065 1065 1065 1070 1070 1070 1070 1067 1067 1067 1067 1070 1070 1070 1070 1071 1071 1071 1071 1067 1067 1067 1067 1068 1068 1068 1068 1072 1072 1072 1072 1065 1065 1065 1065 1072 1072 1072 1072 1070 1070 1070 1070 1065 1065 1065 1065 1073 1073 1073 1073 1068 1068 1068 1068 1069 1069 1069 1069 1074 1074 1074 1074 1073 1073 1073 1073 1069 1069 1069 1069 1075 1075 1075 1075 1072 1072 1072 1072 1068 1068 1068 1068 1075 1075 1075 1075 1068 1068 1068 1068 1073 1073 1073 1073 1074 1074 1074 1074 1076 1076 1076 1076 1073 1073 1073 1073 1077 1077 1077 1077 1075 1075 1075 1075 1073 1073 1073 1073 1077 1077 1077 1077 1073 1073 1073 1073 1076 1076 1076 1076 1078 1078 1078 1078 1076 1076 1076 1076 1074 1074 1074 1074 1079 1079 1079 1079 1078 1078 1078 1078 1074 1074 1074 1074 1077 1077 1077 1077 1076 1076 1076 1076 1080 1080 1080 1080 1078 1078 1078 1078 1081 1081 1081 1081 1076 1076 1076 1076 1081 1081 1081 1081 1080 1080 1080 1080 1076 1076 1076 1076 1082 1082 1082 1082 1077 1077 1077 1077 1080 1080 1080 1080 1081 1081 1081 1081 1082 1082 1082 1082 1080 1080 1080 1080 1083 1083 1083 1083 1075 1075 1075 1075 1077 1077 1077 1077 1083 1083 1083 1083 1077 1077 1077 1077 1082 1082 1082 1082 1083 1083 1083 1083 1084 1084 1084 1084 1075 1075 1075 1075 1084 1084 1084 1084 1072 1072 1072 1072 1075 1075 1075 1075 1085 1085 1085 1085 1083 1083 1083 1083 1082 1082 1082 1082 1086 1086 1086 1086 1084 1084 1084 1084 1083 1083 1083 1083 1085 1085 1085 1085 1086 1086 1086 1086 1083 1083 1083 1083 1087 1087 1087 1087 1082 1082 1082 1082 1081 1081 1081 1081 1087 1087 1087 1087 1085 1085 1085 1085 1082 1082 1082 1082 1087 1087 1087 1087 1081 1081 1081 1081 1088 1088 1088 1088 1088 1088 1088 1088 1081 1081 1081 1081 1078 1078 1078 1078 1089 1089 1089 1089 1085 1085 1085 1085 1087 1087 1087 1087 1090 1090 1090 1090 1088 1088 1088 1088 1078 1078 1078 1078 1090 1090 1090 1090 1078 1078 1078 1078 1079 1079 1079 1079 1091 1091 1091 1091 1087 1087 1087 1087 1088 1088 1088 1088 1091 1091 1091 1091 1089 1089 1089 1089 1087 1087 1087 1087 1090 1090 1090 1090 1079 1079 1079 1079 1092 1092 1092 1092 1079 1079 1079 1079 1093 1093 1093 1093 1092 1092 1092 1092 1094 1094 1094 1094 1088 1088 1088 1088 1090 1090 1090 1090 1091 1091 1091 1091 1088 1088 1088 1088 1094 1094 1094 1094 1090 1090 1090 1090 1092 1092 1092 1092 1095 1095 1095 1095 1094 1094 1094 1094 1090 1090 1090 1090 1095 1095 1095 1095 1092 1092 1092 1092 1093 1093 1093 1093 1096 1096 1096 1096 1092 1092 1092 1092 1096 1096 1096 1096 1095 1095 1095 1095 1093 1093 1093 1093 1097 1097 1097 1097 1096 1096 1096 1096 1096 1096 1096 1096 1097 1097 1097 1097 1095 1095 1095 1095 1093 1093 1093 1093 1098 1098 1098 1098 1097 1097 1097 1097 1095 1095 1095 1095 1097 1097 1097 1097 1099 1099 1099 1099 1097 1097 1097 1097 1098 1098 1098 1098 1099 1099 1099 1099 1094 1094 1094 1094 1095 1095 1095 1095 1099 1099 1099 1099 1098 1098 1098 1098 1100 1100 1100 1100 1099 1099 1099 1099 1098 1098 1098 1098 1101 1101 1101 1101 1100 1100 1100 1100 1102 1102 1102 1102 1094 1094 1094 1094 1099 1099 1099 1099 1102 1102 1102 1102 1099 1099 1099 1099 1100 1100 1100 1100 1100 1100 1100 1100 1101 1101 1101 1101 1103 1103 1103 1103 1101 1101 1101 1101 1071 1071 1071 1071 1103 1103 1103 1103 1102 1102 1102 1102 1100 1100 1100 1100 1104 1104 1104 1104 1100 1100 1100 1100 1103 1103 1103 1103 1104 1104 1104 1104 1105 1105 1105 1105 1103 1103 1103 1103 1071 1071 1071 1071 1070 1070 1070 1070 1105 1105 1105 1105 1071 1071 1071 1071 1106 1106 1106 1106 1104 1104 1104 1104 1103 1103 1103 1103 1106 1106 1106 1106 1103 1103 1103 1103 1105 1105 1105 1105 1107 1107 1107 1107 1105 1105 1105 1105 1070 1070 1070 1070 1072 1072 1072 1072 1107 1107 1107 1107 1070 1070 1070 1070 1106 1106 1106 1106 1105 1105 1105 1105 1108 1108 1108 1108 1107 1107 1107 1107 1108 1108 1108 1108 1105 1105 1105 1105 1109 1109 1109 1109 1106 1106 1106 1106 1108 1108 1108 1108 1109 1109 1109 1109 1108 1108 1108 1108 1107 1107 1107 1107 1110 1110 1110 1110 1104 1104 1104 1104 1106 1106 1106 1106 1110 1110 1110 1110 1106 1106 1106 1106 1109 1109 1109 1109 1111 1111 1111 1111 1107 1107 1107 1107 1072 1072 1072 1072 1111 1111 1111 1111 1109 1109 1109 1109 1107 1107 1107 1107 1112 1112 1112 1112 1104 1104 1104 1104 1110 1110 1110 1110 1112 1112 1112 1112 1102 1102 1102 1102 1104 1104 1104 1104 1110 1110 1110 1110 1109 1109 1109 1109 1113 1113 1113 1113 1113 1113 1113 1113 1109 1109 1109 1109 1111 1111 1111 1111 1112 1112 1112 1112 1110 1110 1110 1110 1114 1114 1114 1114 1114 1114 1114 1114 1110 1110 1110 1110 1113 1113 1113 1113 1115 1115 1115 1115 1102 1102 1102 1102 1112 1112 1112 1112 1115 1115 1115 1115 1094 1094 1094 1094 1102 1102 1102 1102 1116 1116 1116 1116 1112 1112 1112 1112 1114 1114 1114 1114 1115 1115 1115 1115 1112 1112 1112 1112 1116 1116 1116 1116 1117 1117 1117 1117 1094 1094 1094 1094 1115 1115 1115 1115 1117 1117 1117 1117 1091 1091 1091 1091 1094 1094 1094 1094 1118 1118 1118 1118 1115 1115 1115 1115 1116 1116 1116 1116 1117 1117 1117 1117 1115 1115 1115 1115 1118 1118 1118 1118 1117 1117 1117 1117 1119 1119 1119 1119 1091 1091 1091 1091 1091 1091 1091 1091 1119 1119 1119 1119 1089 1089 1089 1089 1117 1117 1117 1117 1118 1118 1118 1118 1120 1120 1120 1120 1117 1117 1117 1117 1120 1120 1120 1120 1119 1119 1119 1119 1118 1118 1118 1118 1121 1121 1121 1121 1120 1120 1120 1120 1120 1120 1120 1120 1121 1121 1121 1121 1119 1119 1119 1119 1118 1118 1118 1118 1116 1116 1116 1116 1121 1121 1121 1121 1119 1119 1119 1119 1121 1121 1121 1121 1089 1089 1089 1089 1116 1116 1116 1116 1122 1122 1122 1122 1121 1121 1121 1121 1121 1121 1121 1121 1122 1122 1122 1122 1089 1089 1089 1089 1116 1116 1116 1116 1114 1114 1114 1114 1122 1122 1122 1122 1089 1089 1089 1089 1122 1122 1122 1122 1085 1085 1085 1085 1122 1122 1122 1122 1086 1086 1086 1086 1085 1085 1085 1085 1114 1114 1114 1114 1123 1123 1123 1123 1122 1122 1122 1122 1122 1122 1122 1122 1123 1123 1123 1123 1086 1086 1086 1086 1114 1114 1114 1114 1113 1113 1113 1113 1123 1123 1123 1123 1123 1123 1123 1123 1124 1124 1124 1124 1086 1086 1086 1086 1086 1086 1086 1086 1124 1124 1124 1124 1084 1084 1084 1084 1113 1113 1113 1113 1125 1125 1125 1125 1123 1123 1123 1123 1113 1113 1113 1113 1111 1111 1111 1111 1125 1125 1125 1125 1123 1123 1123 1123 1126 1126 1126 1126 1124 1124 1124 1124 1123 1123 1123 1123 1125 1125 1125 1125 1126 1126 1126 1126 1124 1124 1124 1124 1127 1127 1127 1127 1084 1084 1084 1084 1126 1126 1126 1126 1127 1127 1127 1127 1124 1124 1124 1124 1125 1125 1125 1125 1127 1127 1127 1127 1126 1126 1126 1126 1125 1125 1125 1125 1111 1111 1111 1111 1127 1127 1127 1127 1084 1084 1084 1084 1127 1127 1127 1127 1072 1072 1072 1072 1127 1127 1127 1127 1111 1111 1111 1111 1072 1072 1072 1072 1128 1128 1128 1128 1129 1129 1129 1129 1130 1130 1130 1130 1129 1129 1129 1129 1131 1131 1131 1131 1130 1130 1130 1130 1132 1132 1132 1132 1129 1129 1129 1129 1128 1128 1128 1128 1133 1133 1133 1133 1132 1132 1132 1132 1128 1128 1128 1128 1129 1129 1129 1129 1134 1134 1134 1134 1131 1131 1131 1131 1134 1134 1134 1134 1135 1135 1135 1135 1131 1131 1131 1131 1132 1132 1132 1132 1136 1136 1136 1136 1129 1129 1129 1129 1136 1136 1136 1136 1134 1134 1134 1134 1129 1129 1129 1129 1137 1137 1137 1137 1132 1132 1132 1132 1133 1133 1133 1133 1138 1138 1138 1138 1137 1137 1137 1137 1133 1133 1133 1133 1139 1139 1139 1139 1136 1136 1136 1136 1132 1132 1132 1132 1137 1137 1137 1137 1139 1139 1139 1139 1132 1132 1132 1132 1134 1134 1134 1134 1140 1140 1140 1140 1135 1135 1135 1135 1140 1140 1140 1140 1141 1141 1141 1141 1135 1135 1135 1135 1136 1136 1136 1136 1142 1142 1142 1142 1134 1134 1134 1134 1142 1142 1142 1142 1140 1140 1140 1140 1134 1134 1134 1134 1139 1139 1139 1139 1143 1143 1143 1143 1136 1136 1136 1136 1143 1143 1143 1143 1142 1142 1142 1142 1136 1136 1136 1136 1137 1137 1137 1137 1144 1144 1144 1144 1139 1139 1139 1139 1142 1142 1142 1142 1145 1145 1145 1145 1140 1140 1140 1140 1146 1146 1146 1146 1144 1144 1144 1144 1137 1137 1137 1137 1138 1138 1138 1138 1146 1146 1146 1146 1137 1137 1137 1137 1144 1144 1144 1144 1147 1147 1147 1147 1139 1139 1139 1139 1139 1139 1139 1139 1147 1147 1147 1147 1143 1143 1143 1143 1146 1146 1146 1146 1148 1148 1148 1148 1144 1144 1144 1144 1148 1148 1148 1148 1147 1147 1147 1147 1144 1144 1144 1144 1138 1138 1138 1138 1149 1149 1149 1149 1146 1146 1146 1146 1138 1138 1138 1138 1150 1150 1150 1150 1149 1149 1149 1149 1146 1146 1146 1146 1151 1151 1151 1151 1148 1148 1148 1148 1151 1151 1151 1151 1147 1147 1147 1147 1148 1148 1148 1148 1149 1149 1149 1149 1151 1151 1151 1151 1146 1146 1146 1146 1151 1151 1151 1151 1152 1152 1152 1152 1147 1147 1147 1147 1149 1149 1149 1149 1152 1152 1152 1152 1151 1151 1151 1151 1152 1152 1152 1152 1143 1143 1143 1143 1147 1147 1147 1147 1149 1149 1149 1149 1150 1150 1150 1150 1153 1153 1153 1153 1149 1149 1149 1149 1153 1153 1153 1153 1152 1152 1152 1152 1150 1150 1150 1150 1154 1154 1154 1154 1153 1153 1153 1153 1152 1152 1152 1152 1155 1155 1155 1155 1143 1143 1143 1143 1152 1152 1152 1152 1153 1153 1153 1153 1155 1155 1155 1155 1153 1153 1153 1153 1154 1154 1154 1154 1156 1156 1156 1156 1153 1153 1153 1153 1156 1156 1156 1156 1155 1155 1155 1155 1154 1154 1154 1154 1157 1157 1157 1157 1156 1156 1156 1156 1155 1155 1155 1155 1158 1158 1158 1158 1143 1143 1143 1143 1143 1143 1143 1143 1158 1158 1158 1158 1142 1142 1142 1142 1158 1158 1158 1158 1145 1145 1145 1145 1142 1142 1142 1142 1155 1155 1155 1155 1156 1156 1156 1156 1159 1159 1159 1159 1155 1155 1155 1155 1159 1159 1159 1159 1158 1158 1158 1158 1156 1156 1156 1156 1157 1157 1157 1157 1160 1160 1160 1160 1156 1156 1156 1156 1160 1160 1160 1160 1159 1159 1159 1159 1157 1157 1157 1157 1161 1161 1161 1161 1160 1160 1160 1160 1160 1160 1160 1160 1161 1161 1161 1161 1162 1162 1162 1162 1160 1160 1160 1160 1162 1162 1162 1162 1163 1163 1163 1163 1159 1159 1159 1159 1160 1160 1160 1160 1163 1163 1163 1163 1163 1163 1163 1163 1162 1162 1162 1162 1141 1141 1141 1141 1159 1159 1159 1159 1163 1163 1163 1163 1164 1164 1164 1164 1159 1159 1159 1159 1164 1164 1164 1164 1158 1158 1158 1158 1163 1163 1163 1163 1141 1141 1141 1141 1165 1165 1165 1165 1163 1163 1163 1163 1165 1165 1165 1165 1164 1164 1164 1164 1140 1140 1140 1140 1165 1165 1165 1165 1141 1141 1141 1141 1145 1145 1145 1145 1165 1165 1165 1165 1140 1140 1140 1140 1158 1158 1158 1158 1164 1164 1164 1164 1166 1166 1166 1166 1158 1158 1158 1158 1166 1166 1166 1166 1145 1145 1145 1145 1164 1164 1164 1164 1165 1165 1165 1165 1166 1166 1166 1166 1166 1166 1166 1166 1165 1165 1165 1165 1145 1145 1145 1145 1167 1167 1167 1167 1168 1168 1168 1168 1169 1169 1169 1169 1167 1167 1167 1167 1169 1169 1169 1169 1170 1170 1170 1170 1167 1167 1167 1167 1171 1171 1171 1171 1168 1168 1168 1168 1171 1171 1171 1171 1172 1172 1172 1172 1168 1168 1168 1168 1173 1173 1173 1173 1167 1167 1167 1167 1170 1170 1170 1170 1173 1173 1173 1173 1170 1170 1170 1170 1174 1174 1174 1174 1175 1175 1175 1175 1171 1171 1171 1171 1167 1167 1167 1167 1173 1173 1173 1173 1175 1175 1175 1175 1167 1167 1167 1167 1176 1176 1176 1176 1173 1173 1173 1173 1174 1174 1174 1174 1176 1176 1176 1176 1174 1174 1174 1174 1177 1177 1177 1177 1178 1178 1178 1178 1175 1175 1175 1175 1173 1173 1173 1173 1176 1176 1176 1176 1178 1178 1178 1178 1173 1173 1173 1173 1179 1179 1179 1179 1176 1176 1176 1176 1177 1177 1177 1177 1179 1179 1179 1179 1177 1177 1177 1177 1180 1180 1180 1180 1181 1181 1181 1181 1178 1178 1178 1178 1176 1176 1176 1176 1179 1179 1179 1179 1181 1181 1181 1181 1176 1176 1176 1176 1178 1178 1178 1178 1182 1182 1182 1182 1175 1175 1175 1175 1179 1179 1179 1179 1183 1183 1183 1183 1181 1181 1181 1181 1181 1181 1181 1181 1184 1184 1184 1184 1178 1178 1178 1178 1178 1178 1178 1178 1184 1184 1184 1184 1182 1182 1182 1182 1183 1183 1183 1183 1185 1185 1185 1185 1181 1181 1181 1181 1181 1181 1181 1181 1185 1185 1185 1185 1184 1184 1184 1184 1186 1186 1186 1186 1183 1183 1183 1183 1179 1179 1179 1179 1186 1186 1186 1186 1179 1179 1179 1179 1180 1180 1180 1180 1187 1187 1187 1187 1185 1185 1185 1185 1183 1183 1183 1183 1186 1186 1186 1186 1187 1187 1187 1187 1183 1183 1183 1183 1187 1187 1187 1187 1188 1188 1188 1188 1185 1185 1185 1185 1186 1186 1186 1186 1188 1188 1188 1188 1187 1187 1187 1187 1186 1186 1186 1186 1180 1180 1180 1180 1189 1189 1189 1189 1186 1186 1186 1186 1189 1189 1189 1189 1188 1188 1188 1188 1180 1180 1180 1180 1190 1190 1190 1190 1189 1189 1189 1189 1188 1188 1188 1188 1191 1191 1191 1191 1185 1185 1185 1185 1188 1188 1188 1188 1189 1189 1189 1189 1191 1191 1191 1191 1185 1185 1185 1185 1191 1191 1191 1191 1184 1184 1184 1184 1189 1189 1189 1189 1190 1190 1190 1190 1192 1192 1192 1192 1189 1189 1189 1189 1192 1192 1192 1192 1191 1191 1191 1191 1190 1190 1190 1190 1193 1193 1193 1193 1192 1192 1192 1192 1191 1191 1191 1191 1194 1194 1194 1194 1184 1184 1184 1184 1191 1191 1191 1191 1192 1192 1192 1192 1194 1194 1194 1194 1192 1192 1192 1192 1193 1193 1193 1193 1195 1195 1195 1195 1192 1192 1192 1192 1195 1195 1195 1195 1194 1194 1194 1194 1193 1193 1193 1193 1196 1196 1196 1196 1195 1195 1195 1195 1195 1195 1195 1195 1196 1196 1196 1196 1197 1197 1197 1197 1195 1195 1195 1195 1197 1197 1197 1197 1198 1198 1198 1198 1194 1194 1194 1194 1195 1195 1195 1195 1198 1198 1198 1198 1198 1198 1198 1198 1197 1197 1197 1197 1199 1199 1199 1199 1184 1184 1184 1184 1194 1194 1194 1194 1200 1200 1200 1200 1194 1194 1194 1194 1198 1198 1198 1198 1200 1200 1200 1200 1184 1184 1184 1184 1200 1200 1200 1200 1182 1182 1182 1182 1198 1198 1198 1198 1199 1199 1199 1199 1201 1201 1201 1201 1200 1200 1200 1200 1198 1198 1198 1198 1201 1201 1201 1201 1201 1201 1201 1201 1199 1199 1199 1199 1172 1172 1172 1172 1200 1200 1200 1200 1201 1201 1201 1201 1202 1202 1202 1202 1182 1182 1182 1182 1200 1200 1200 1200 1202 1202 1202 1202 1201 1201 1201 1201 1172 1172 1172 1172 1203 1203 1203 1203 1202 1202 1202 1202 1201 1201 1201 1201 1203 1203 1203 1203 1171 1171 1171 1171 1203 1203 1203 1203 1172 1172 1172 1172 1182 1182 1182 1182 1202 1202 1202 1202 1204 1204 1204 1204 1202 1202 1202 1202 1203 1203 1203 1203 1204 1204 1204 1204 1182 1182 1182 1182 1204 1204 1204 1204 1205 1205 1205 1205 1205 1205 1205 1205 1204 1204 1204 1204 1203 1203 1203 1203 1205 1205 1205 1205 1203 1203 1203 1203 1171 1171 1171 1171 1175 1175 1175 1175 1182 1182 1182 1182 1205 1205 1205 1205 1175 1175 1175 1175 1205 1205 1205 1205 1171 1171 1171 1171 1206 1206 1206 1206 1207 1207 1207 1207 1208 1208 1208 1208 1207 1207 1207 1207 1209 1209 1209 1209 1208 1208 1208 1208 1210 1210 1210 1210 1207 1207 1207 1207 1206 1206 1206 1206 1210 1210 1210 1210 1206 1206 1206 1206 1211 1211 1211 1211 1207 1207 1207 1207 1212 1212 1212 1212 1209 1209 1209 1209 1209 1209 1209 1209 1212 1212 1212 1212 1213 1213 1213 1213 1210 1210 1210 1210 1214 1214 1214 1214 1207 1207 1207 1207 1207 1207 1207 1207 1214 1214 1214 1214 1212 1212 1212 1212 1215 1215 1215 1215 1210 1210 1210 1210 1211 1211 1211 1211 1216 1216 1216 1216 1215 1215 1215 1215 1211 1211 1211 1211 1217 1217 1217 1217 1210 1210 1210 1210 1215 1215 1215 1215 1217 1217 1217 1217 1214 1214 1214 1214 1210 1210 1210 1210 1216 1216 1216 1216 1218 1218 1218 1218 1215 1215 1215 1215 1217 1217 1217 1217 1215 1215 1215 1215 1219 1219 1219 1219 1219 1219 1219 1219 1215 1215 1215 1215 1218 1218 1218 1218 1220 1220 1220 1220 1218 1218 1218 1218 1216 1216 1216 1216 1221 1221 1221 1221 1220 1220 1220 1220 1216 1216 1216 1216 1219 1219 1219 1219 1218 1218 1218 1218 1222 1222 1222 1222 1223 1223 1223 1223 1220 1220 1220 1220 1221 1221 1221 1221 1223 1223 1223 1223 1221 1221 1221 1221 1224 1224 1224 1224 1220 1220 1220 1220 1225 1225 1225 1225 1218 1218 1218 1218 1225 1225 1225 1225 1222 1222 1222 1222 1218 1218 1218 1218 1223 1223 1223 1223 1226 1226 1226 1226 1220 1220 1220 1220 1226 1226 1226 1226 1225 1225 1225 1225 1220 1220 1220 1220 1223 1223 1223 1223 1224 1224 1224 1224 1227 1227 1227 1227 1224 1224 1224 1224 1228 1228 1228 1228 1227 1227 1227 1227 1228 1228 1228 1228 1229 1229 1229 1229 1227 1227 1227 1227 1225 1225 1225 1225 1230 1230 1230 1230 1222 1222 1222 1222 1230 1230 1230 1230 1219 1219 1219 1219 1222 1222 1222 1222 1227 1227 1227 1227 1229 1229 1229 1229 1231 1231 1231 1231 1229 1229 1229 1229 1232 1232 1232 1232 1231 1231 1231 1231 1233 1233 1233 1233 1223 1223 1223 1223 1227 1227 1227 1227 1233 1233 1233 1233 1227 1227 1227 1227 1231 1231 1231 1231 1233 1233 1233 1233 1226 1226 1226 1226 1223 1223 1223 1223 1231 1231 1231 1231 1232 1232 1232 1232 1234 1234 1234 1234 1232 1232 1232 1232 1235 1235 1235 1235 1234 1234 1234 1234 1236 1236 1236 1236 1233 1233 1233 1233 1231 1231 1231 1231 1236 1236 1236 1236 1231 1231 1231 1231 1234 1234 1234 1234 1234 1234 1234 1234 1235 1235 1235 1235 1237 1237 1237 1237 1235 1235 1235 1235 1213 1213 1213 1213 1237 1237 1237 1237 1236 1236 1236 1236 1234 1234 1234 1234 1238 1238 1238 1238 1234 1234 1234 1234 1237 1237 1237 1237 1238 1238 1238 1238 1239 1239 1239 1239 1237 1237 1237 1237 1213 1213 1213 1213 1212 1212 1212 1212 1239 1239 1239 1239 1213 1213 1213 1213 1240 1240 1240 1240 1238 1238 1238 1238 1237 1237 1237 1237 1240 1240 1240 1240 1237 1237 1237 1237 1239 1239 1239 1239 1241 1241 1241 1241 1239 1239 1239 1239 1212 1212 1212 1212 1241 1241 1241 1241 1212 1212 1212 1212 1214 1214 1214 1214 1240 1240 1240 1240 1239 1239 1239 1239 1242 1242 1242 1242 1241 1241 1241 1241 1242 1242 1242 1242 1239 1239 1239 1239 1243 1243 1243 1243 1240 1240 1240 1240 1242 1242 1242 1242 1243 1243 1243 1243 1242 1242 1242 1242 1241 1241 1241 1241 1244 1244 1244 1244 1238 1238 1238 1238 1240 1240 1240 1240 1244 1244 1244 1244 1240 1240 1240 1240 1243 1243 1243 1243 1245 1245 1245 1245 1243 1243 1243 1243 1241 1241 1241 1241 1245 1245 1245 1245 1241 1241 1241 1241 1214 1214 1214 1214 1244 1244 1244 1244 1243 1243 1243 1243 1246 1246 1246 1246 1246 1246 1246 1246 1243 1243 1243 1243 1245 1245 1245 1245 1247 1247 1247 1247 1238 1238 1238 1238 1244 1244 1244 1244 1247 1247 1247 1247 1236 1236 1236 1236 1238 1238 1238 1238 1248 1248 1248 1248 1244 1244 1244 1244 1246 1246 1246 1246 1247 1247 1247 1247 1244 1244 1244 1244 1248 1248 1248 1248 1249 1249 1249 1249 1236 1236 1236 1236 1247 1247 1247 1247 1249 1249 1249 1249 1233 1233 1233 1233 1236 1236 1236 1236 1250 1250 1250 1250 1247 1247 1247 1247 1248 1248 1248 1248 1249 1249 1249 1249 1247 1247 1247 1247 1250 1250 1250 1250 1248 1248 1248 1248 1246 1246 1246 1246 1251 1251 1251 1251 1252 1252 1252 1252 1233 1233 1233 1233 1249 1249 1249 1249 1246 1246 1246 1246 1245 1245 1245 1245 1253 1253 1253 1253 1246 1246 1246 1246 1253 1253 1253 1253 1251 1251 1251 1251 1253 1253 1253 1253 1245 1245 1245 1245 1254 1254 1254 1254 1254 1254 1254 1254 1245 1245 1245 1245 1214 1214 1214 1214 1251 1251 1251 1251 1253 1253 1253 1253 1255 1255 1255 1255 1253 1253 1253 1253 1254 1254 1254 1254 1255 1255 1255 1255 1251 1251 1251 1251 1255 1255 1255 1255 1256 1256 1256 1256 1255 1255 1255 1255 1254 1254 1254 1254 1256 1256 1256 1256 1257 1257 1257 1257 1254 1254 1254 1254 1214 1214 1214 1214 1256 1256 1256 1256 1254 1254 1254 1254 1257 1257 1257 1257 1257 1257 1257 1257 1214 1214 1214 1214 1217 1217 1217 1217 1251 1251 1251 1251 1256 1256 1256 1256 1258 1258 1258 1258 1258 1258 1258 1258 1256 1256 1256 1256 1257 1257 1257 1257 1259 1259 1259 1259 1257 1257 1257 1257 1217 1217 1217 1217 1258 1258 1258 1258 1257 1257 1257 1257 1259 1259 1259 1259 1259 1259 1259 1259 1217 1217 1217 1217 1219 1219 1219 1219 1259 1259 1259 1259 1219 1219 1219 1219 1230 1230 1230 1230 1260 1260 1260 1260 1258 1258 1258 1258 1259 1259 1259 1259 1260 1260 1260 1260 1259 1259 1259 1259 1230 1230 1230 1230 1261 1261 1261 1261 1251 1251 1251 1251 1258 1258 1258 1258 1261 1261 1261 1261 1258 1258 1258 1258 1260 1260 1260 1260 1248 1248 1248 1248 1251 1251 1251 1251 1261 1261 1261 1261 1250 1250 1250 1250 1248 1248 1248 1248 1261 1261 1261 1261 1262 1262 1262 1262 1260 1260 1260 1260 1230 1230 1230 1230 1262 1262 1262 1262 1230 1230 1230 1230 1225 1225 1225 1225 1262 1262 1262 1262 1225 1225 1225 1225 1226 1226 1226 1226 1263 1263 1263 1263 1261 1261 1261 1261 1260 1260 1260 1260 1263 1263 1263 1263 1260 1260 1260 1260 1262 1262 1262 1262 1264 1264 1264 1264 1262 1262 1262 1262 1226 1226 1226 1226 1264 1264 1264 1264 1263 1263 1263 1263 1262 1262 1262 1262 1264 1264 1264 1264 1226 1226 1226 1226 1233 1233 1233 1233 1252 1252 1252 1252 1264 1264 1264 1264 1233 1233 1233 1233 1264 1264 1264 1264 1265 1265 1265 1265 1263 1263 1263 1263 1252 1252 1252 1252 1265 1265 1265 1265 1264 1264 1264 1264 1266 1266 1266 1266 1261 1261 1261 1261 1263 1263 1263 1263 1265 1265 1265 1265 1266 1266 1266 1266 1263 1263 1263 1263 1250 1250 1250 1250 1261 1261 1261 1261 1266 1266 1266 1266 1252 1252 1252 1252 1267 1267 1267 1267 1265 1265 1265 1265 1267 1267 1267 1267 1266 1266 1266 1266 1265 1265 1265 1265 1252 1252 1252 1252 1268 1268 1268 1268 1267 1267 1267 1267 1268 1268 1268 1268 1266 1266 1266 1266 1267 1267 1267 1267 1268 1268 1268 1268 1250 1250 1250 1250 1266 1266 1266 1266 1252 1252 1252 1252 1249 1249 1249 1249 1268 1268 1268 1268 1268 1268 1268 1268 1249 1249 1249 1249 1250 1250 1250 1250 1269 1269 1269 1269 1270 1270 1270 1270 1271 1271 1271 1271 1270 1270 1270 1270 1272 1272 1272 1272 1271 1271 1271 1271 1273 1273 1273 1273 1270 1270 1270 1270 1269 1269 1269 1269 1273 1273 1273 1273 1269 1269 1269 1269 1274 1274 1274 1274 1270 1270 1270 1270 1275 1275 1275 1275 1272 1272 1272 1272 1272 1272 1272 1272 1275 1275 1275 1275 1276 1276 1276 1276 1273 1273 1273 1273 1277 1277 1277 1277 1270 1270 1270 1270 1270 1270 1270 1270 1277 1277 1277 1277 1275 1275 1275 1275 1278 1278 1278 1278 1273 1273 1273 1273 1274 1274 1274 1274 1279 1279 1279 1279 1278 1278 1278 1278 1274 1274 1274 1274 1280 1280 1280 1280 1273 1273 1273 1273 1278 1278 1278 1278 1280 1280 1280 1280 1277 1277 1277 1277 1273 1273 1273 1273 1279 1279 1279 1279 1281 1281 1281 1281 1278 1278 1278 1278 1280 1280 1280 1280 1278 1278 1278 1278 1282 1282 1282 1282 1282 1282 1282 1282 1278 1278 1278 1278 1281 1281 1281 1281 1283 1283 1283 1283 1281 1281 1281 1281 1279 1279 1279 1279 1284 1284 1284 1284 1283 1283 1283 1283 1279 1279 1279 1279 1282 1282 1282 1282 1281 1281 1281 1281 1285 1285 1285 1285 1286 1286 1286 1286 1283 1283 1283 1283 1284 1284 1284 1284 1286 1286 1286 1286 1284 1284 1284 1284 1287 1287 1287 1287 1283 1283 1283 1283 1288 1288 1288 1288 1281 1281 1281 1281 1288 1288 1288 1288 1285 1285 1285 1285 1281 1281 1281 1281 1286 1286 1286 1286 1289 1289 1289 1289 1283 1283 1283 1283 1289 1289 1289 1289 1288 1288 1288 1288 1283 1283 1283 1283 1286 1286 1286 1286 1287 1287 1287 1287 1290 1290 1290 1290 1287 1287 1287 1287 1291 1291 1291 1291 1290 1290 1290 1290 1291 1291 1291 1291 1292 1292 1292 1292 1290 1290 1290 1290 1288 1288 1288 1288 1293 1293 1293 1293 1285 1285 1285 1285 1293 1293 1293 1293 1282 1282 1282 1282 1285 1285 1285 1285 1290 1290 1290 1290 1292 1292 1292 1292 1294 1294 1294 1294 1292 1292 1292 1292 1295 1295 1295 1295 1294 1294 1294 1294 1296 1296 1296 1296 1286 1286 1286 1286 1290 1290 1290 1290 1296 1296 1296 1296 1290 1290 1290 1290 1294 1294 1294 1294 1296 1296 1296 1296 1289 1289 1289 1289 1286 1286 1286 1286 1294 1294 1294 1294 1295 1295 1295 1295 1297 1297 1297 1297 1295 1295 1295 1295 1298 1298 1298 1298 1297 1297 1297 1297 1299 1299 1299 1299 1296 1296 1296 1296 1294 1294 1294 1294 1299 1299 1299 1299 1294 1294 1294 1294 1297 1297 1297 1297 1297 1297 1297 1297 1298 1298 1298 1298 1300 1300 1300 1300 1298 1298 1298 1298 1276 1276 1276 1276 1300 1300 1300 1300 1299 1299 1299 1299 1297 1297 1297 1297 1301 1301 1301 1301 1297 1297 1297 1297 1300 1300 1300 1300 1301 1301 1301 1301 1302 1302 1302 1302 1300 1300 1300 1300 1276 1276 1276 1276 1275 1275 1275 1275 1302 1302 1302 1302 1276 1276 1276 1276 1303 1303 1303 1303 1301 1301 1301 1301 1300 1300 1300 1300 1303 1303 1303 1303 1300 1300 1300 1300 1302 1302 1302 1302 1304 1304 1304 1304 1302 1302 1302 1302 1275 1275 1275 1275 1304 1304 1304 1304 1275 1275 1275 1275 1277 1277 1277 1277 1303 1303 1303 1303 1302 1302 1302 1302 1305 1305 1305 1305 1304 1304 1304 1304 1305 1305 1305 1305 1302 1302 1302 1302 1306 1306 1306 1306 1303 1303 1303 1303 1305 1305 1305 1305 1306 1306 1306 1306 1305 1305 1305 1305 1304 1304 1304 1304 1307 1307 1307 1307 1301 1301 1301 1301 1303 1303 1303 1303 1307 1307 1307 1307 1303 1303 1303 1303 1306 1306 1306 1306 1308 1308 1308 1308 1306 1306 1306 1306 1304 1304 1304 1304 1308 1308 1308 1308 1304 1304 1304 1304 1277 1277 1277 1277 1307 1307 1307 1307 1306 1306 1306 1306 1309 1309 1309 1309 1309 1309 1309 1309 1306 1306 1306 1306 1308 1308 1308 1308 1310 1310 1310 1310 1301 1301 1301 1301 1307 1307 1307 1307 1310 1310 1310 1310 1299 1299 1299 1299 1301 1301 1301 1301 1311 1311 1311 1311 1307 1307 1307 1307 1309 1309 1309 1309 1310 1310 1310 1310 1307 1307 1307 1307 1311 1311 1311 1311 1312 1312 1312 1312 1299 1299 1299 1299 1310 1310 1310 1310 1312 1312 1312 1312 1296 1296 1296 1296 1299 1299 1299 1299 1313 1313 1313 1313 1310 1310 1310 1310 1311 1311 1311 1311 1312 1312 1312 1312 1310 1310 1310 1310 1313 1313 1313 1313 1311 1311 1311 1311 1309 1309 1309 1309 1314 1314 1314 1314 1315 1315 1315 1315 1296 1296 1296 1296 1312 1312 1312 1312 1309 1309 1309 1309 1308 1308 1308 1308 1316 1316 1316 1316 1309 1309 1309 1309 1316 1316 1316 1316 1314 1314 1314 1314 1316 1316 1316 1316 1308 1308 1308 1308 1317 1317 1317 1317 1317 1317 1317 1317 1308 1308 1308 1308 1277 1277 1277 1277 1314 1314 1314 1314 1316 1316 1316 1316 1318 1318 1318 1318 1316 1316 1316 1316 1317 1317 1317 1317 1318 1318 1318 1318 1314 1314 1314 1314 1318 1318 1318 1318 1319 1319 1319 1319 1318 1318 1318 1318 1317 1317 1317 1317 1319 1319 1319 1319 1320 1320 1320 1320 1317 1317 1317 1317 1277 1277 1277 1277 1319 1319 1319 1319 1317 1317 1317 1317 1320 1320 1320 1320 1320 1320 1320 1320 1277 1277 1277 1277 1280 1280 1280 1280 1314 1314 1314 1314 1319 1319 1319 1319 1321 1321 1321 1321 1321 1321 1321 1321 1319 1319 1319 1319 1320 1320 1320 1320 1322 1322 1322 1322 1320 1320 1320 1320 1280 1280 1280 1280 1321 1321 1321 1321 1320 1320 1320 1320 1322 1322 1322 1322 1322 1322 1322 1322 1280 1280 1280 1280 1282 1282 1282 1282 1322 1322 1322 1322 1282 1282 1282 1282 1293 1293 1293 1293 1323 1323 1323 1323 1321 1321 1321 1321 1322 1322 1322 1322 1323 1323 1323 1323 1322 1322 1322 1322 1293 1293 1293 1293 1324 1324 1324 1324 1314 1314 1314 1314 1321 1321 1321 1321 1324 1324 1324 1324 1321 1321 1321 1321 1323 1323 1323 1323 1311 1311 1311 1311 1314 1314 1314 1314 1324 1324 1324 1324 1313 1313 1313 1313 1311 1311 1311 1311 1324 1324 1324 1324 1325 1325 1325 1325 1323 1323 1323 1323 1293 1293 1293 1293 1325 1325 1325 1325 1293 1293 1293 1293 1288 1288 1288 1288 1325 1325 1325 1325 1288 1288 1288 1288 1289 1289 1289 1289 1326 1326 1326 1326 1324 1324 1324 1324 1323 1323 1323 1323 1326 1326 1326 1326 1323 1323 1323 1323 1325 1325 1325 1325 1327 1327 1327 1327 1325 1325 1325 1325 1289 1289 1289 1289 1327 1327 1327 1327 1326 1326 1326 1326 1325 1325 1325 1325 1327 1327 1327 1327 1289 1289 1289 1289 1296 1296 1296 1296 1315 1315 1315 1315 1327 1327 1327 1327 1296 1296 1296 1296 1327 1327 1327 1327 1328 1328 1328 1328 1326 1326 1326 1326 1315 1315 1315 1315 1328 1328 1328 1328 1327 1327 1327 1327 1329 1329 1329 1329 1324 1324 1324 1324 1326 1326 1326 1326 1328 1328 1328 1328 1329 1329 1329 1329 1326 1326 1326 1326 1313 1313 1313 1313 1324 1324 1324 1324 1329 1329 1329 1329 1315 1315 1315 1315 1330 1330 1330 1330 1328 1328 1328 1328 1330 1330 1330 1330 1329 1329 1329 1329 1328 1328 1328 1328 1315 1315 1315 1315 1331 1331 1331 1331 1330 1330 1330 1330 1331 1331 1331 1331 1329 1329 1329 1329 1330 1330 1330 1330 1331 1331 1331 1331 1313 1313 1313 1313 1329 1329 1329 1329 1315 1315 1315 1315 1312 1312 1312 1312 1331 1331 1331 1331 1331 1331 1331 1331 1312 1312 1312 1312 1313 1313 1313 1313 1332 1332 1332 1332 1333 1333 1333 1333 1334 1334 1334 1334 1332 1332 1332 1332 1335 1335 1335 1335 1333 1333 1333 1333 1334 1334 1334 1334 1333 1333 1333 1333 1336 1336 1336 1336 1335 1335 1335 1335 1337 1337 1337 1337 1333 1333 1333 1333 1336 1336 1336 1336 1333 1333 1333 1333 1338 1338 1338 1338 1337 1337 1337 1337 1339 1339 1339 1339 1333 1333 1333 1333 1338 1338 1338 1338 1333 1333 1333 1333 1340 1340 1340 1340 1339 1339 1339 1339 1341 1341 1341 1341 1333 1333 1333 1333 1340 1340 1340 1340 1333 1333 1333 1333 1342 1342 1342 1342 1341 1341 1341 1341 1343 1343 1343 1343 1333 1333 1333 1333 1342 1342 1342 1342 1333 1333 1333 1333 1344 1344 1344 1344 1343 1343 1343 1343 1345 1345 1345 1345 1333 1333 1333 1333 1344 1344 1344 1344 1333 1333 1333 1333 1346 1346 1346 1346 1345 1345 1345 1345 1347 1347 1347 1347 1333 1333 1333 1333 1346 1346 1346 1346 1333 1333 1333 1333 1347 1347 1347 1347 1348 1348 1348 1348 1349 1349 1349 1349 1350 1350 1350 1350 1350 1350 1350 1350 1349 1349 1349 1349 1351 1351 1351 1351 1352 1352 1352 1352 1349 1349 1349 1349 1348 1348 1348 1348 1353 1353 1353 1353 1352 1352 1352 1352 1348 1348 1348 1348 1351 1351 1351 1351 1349 1349 1349 1349 1354 1354 1354 1354 1351 1351 1351 1351 1354 1354 1354 1354 1355 1355 1355 1355 1356 1356 1356 1356 1352 1352 1352 1352 1353 1353 1353 1353 1357 1357 1357 1357 1356 1356 1356 1356 1353 1353 1353 1353 1354 1354 1354 1354 1358 1358 1358 1358 1355 1355 1355 1355 1355 1355 1355 1355 1358 1358 1358 1358 1359 1359 1359 1359 1357 1357 1357 1357 1360 1360 1360 1360 1356 1356 1356 1356 1357 1357 1357 1357 1361 1361 1361 1361 1360 1360 1360 1360 1358 1358 1358 1358 1362 1362 1362 1362 1359 1359 1359 1359 1359 1359 1359 1359 1362 1362 1362 1362 1363 1363 1363 1363 1354 1354 1354 1354 1364 1364 1364 1364 1358 1358 1358 1358 1362 1362 1362 1362 1365 1365 1365 1365 1363 1363 1363 1363 1366 1366 1366 1366 1364 1364 1364 1364 1354 1354 1354 1354 1366 1366 1366 1366 1354 1354 1354 1354 1349 1349 1349 1349 1364 1364 1364 1364 1367 1367 1367 1367 1358 1358 1358 1358 1358 1358 1358 1358 1367 1367 1367 1367 1362 1362 1362 1362 1368 1368 1368 1368 1364 1364 1364 1364 1366 1366 1366 1366 1368 1368 1368 1368 1367 1367 1367 1367 1364 1364 1364 1364 1369 1369 1369 1369 1366 1366 1366 1366 1349 1349 1349 1349 1367 1367 1367 1367 1370 1370 1370 1370 1362 1362 1362 1362 1370 1370 1370 1370 1365 1365 1365 1365 1362 1362 1362 1362 1371 1371 1371 1371 1366 1366 1366 1366 1369 1369 1369 1369 1371 1371 1371 1371 1368 1368 1368 1368 1366 1366 1366 1366 1372 1372 1372 1372 1369 1369 1369 1369 1349 1349 1349 1349 1372 1372 1372 1372 1371 1371 1371 1371 1369 1369 1369 1369 1352 1352 1352 1352 1372 1372 1372 1372 1349 1349 1349 1349 1352 1352 1352 1352 1373 1373 1373 1373 1372 1372 1372 1372 1356 1356 1356 1356 1373 1373 1373 1373 1352 1352 1352 1352 1374 1374 1374 1374 1371 1371 1371 1371 1372 1372 1372 1372 1373 1373 1373 1373 1374 1374 1374 1374 1372 1372 1372 1372 1356 1356 1356 1356 1375 1375 1375 1375 1373 1373 1373 1373 1375 1375 1375 1375 1374 1374 1374 1374 1373 1373 1373 1373 1360 1360 1360 1360 1375 1375 1375 1375 1356 1356 1356 1356 1374 1374 1374 1374 1376 1376 1376 1376 1371 1371 1371 1371 1376 1376 1376 1376 1368 1368 1368 1368 1371 1371 1371 1371 1375 1375 1375 1375 1377 1377 1377 1377 1374 1374 1374 1374 1374 1374 1374 1374 1377 1377 1377 1377 1376 1376 1376 1376 1360 1360 1360 1360 1378 1378 1378 1378 1375 1375 1375 1375 1375 1375 1375 1375 1378 1378 1378 1378 1377 1377 1377 1377 1360 1360 1360 1360 1379 1379 1379 1379 1378 1378 1378 1378 1361 1361 1361 1361 1379 1379 1379 1379 1360 1360 1360 1360 1361 1361 1361 1361 1380 1380 1380 1380 1379 1379 1379 1379 1380 1380 1380 1380 1378 1378 1378 1378 1379 1379 1379 1379 1361 1361 1361 1361 1381 1381 1381 1381 1380 1380 1380 1380 1378 1378 1378 1378 1382 1382 1382 1382 1377 1377 1377 1377 1380 1380 1380 1380 1382 1382 1382 1382 1378 1378 1378 1378 1380 1380 1380 1380 1381 1381 1381 1381 1383 1383 1383 1383 1380 1380 1380 1380 1383 1383 1383 1383 1382 1382 1382 1382 1381 1381 1381 1381 1384 1384 1384 1384 1383 1383 1383 1383 1382 1382 1382 1382 1385 1385 1385 1385 1377 1377 1377 1377 1377 1377 1377 1377 1385 1385 1385 1385 1376 1376 1376 1376 1383 1383 1383 1383 1386 1386 1386 1386 1382 1382 1382 1382 1382 1382 1382 1382 1386 1386 1386 1386 1385 1385 1385 1385 1383 1383 1383 1383 1384 1384 1384 1384 1387 1387 1387 1387 1383 1383 1383 1383 1387 1387 1387 1387 1386 1386 1386 1386 1384 1384 1384 1384 1388 1388 1388 1388 1387 1387 1387 1387 1386 1386 1386 1386 1389 1389 1389 1389 1385 1385 1385 1385 1387 1387 1387 1387 1389 1389 1389 1389 1386 1386 1386 1386 1387 1387 1387 1387 1388 1388 1388 1388 1390 1390 1390 1390 1387 1387 1387 1387 1390 1390 1390 1390 1389 1389 1389 1389 1388 1388 1388 1388 1391 1391 1391 1391 1390 1390 1390 1390 1391 1391 1391 1391 1392 1392 1392 1392 1390 1390 1390 1390 1385 1385 1385 1385 1389 1389 1389 1389 1393 1393 1393 1393 1385 1385 1385 1385 1393 1393 1393 1393 1376 1376 1376 1376 1389 1389 1389 1389 1390 1390 1390 1390 1394 1394 1394 1394 1389 1389 1389 1389 1394 1394 1394 1394 1393 1393 1393 1393 1392 1392 1392 1392 1395 1395 1395 1395 1390 1390 1390 1390 1392 1392 1392 1392 1396 1396 1396 1396 1395 1395 1395 1395 1394 1394 1394 1394 1390 1390 1390 1390 1397 1397 1397 1397 1393 1393 1393 1393 1394 1394 1394 1394 1397 1397 1397 1397 1397 1397 1397 1397 1390 1390 1390 1390 1395 1395 1395 1395 1393 1393 1393 1393 1397 1397 1397 1397 1398 1398 1398 1398 1376 1376 1376 1376 1393 1393 1393 1393 1398 1398 1398 1398 1397 1397 1397 1397 1395 1395 1395 1395 1399 1399 1399 1399 1398 1398 1398 1398 1397 1397 1397 1397 1399 1399 1399 1399 1395 1395 1395 1395 1396 1396 1396 1396 1400 1400 1400 1400 1399 1399 1399 1399 1395 1395 1395 1395 1400 1400 1400 1400 1396 1396 1396 1396 1401 1401 1401 1401 1400 1400 1400 1400 1398 1398 1398 1398 1399 1399 1399 1399 1402 1402 1402 1402 1399 1399 1399 1399 1400 1400 1400 1400 1402 1402 1402 1402 1376 1376 1376 1376 1398 1398 1398 1398 1403 1403 1403 1403 1398 1398 1398 1398 1402 1402 1402 1402 1403 1403 1403 1403 1376 1376 1376 1376 1403 1403 1403 1403 1368 1368 1368 1368 1368 1368 1368 1368 1403 1403 1403 1403 1367 1367 1367 1367 1367 1367 1367 1367 1403 1403 1403 1403 1370 1370 1370 1370 1402 1402 1402 1402 1370 1370 1370 1370 1403 1403 1403 1403 1402 1402 1402 1402 1400 1400 1400 1400 1404 1404 1404 1404 1402 1402 1402 1402 1404 1404 1404 1404 1370 1370 1370 1370 1400 1400 1400 1400 1401 1401 1401 1401 1404 1404 1404 1404 1370 1370 1370 1370 1404 1404 1404 1404 1365 1365 1365 1365 1404 1404 1404 1404 1401 1401 1401 1401 1363 1363 1363 1363 1404 1404 1404 1404 1363 1363 1363 1363 1365 1365 1365 1365 1405 1405 1405 1405 1406 1406 1406 1406 1407 1407 1407 1407 1407 1407 1407 1407 1406 1406 1406 1406 1408 1408 1408 1408 1409 1409 1409 1409 1406 1406 1406 1406 1405 1405 1405 1405 1410 1410 1410 1410 1409 1409 1409 1409 1405 1405 1405 1405 1408 1408 1408 1408 1406 1406 1406 1406 1411 1411 1411 1411 1408 1408 1408 1408 1411 1411 1411 1411 1412 1412 1412 1412 1413 1413 1413 1413 1409 1409 1409 1409 1410 1410 1410 1410 1414 1414 1414 1414 1413 1413 1413 1413 1410 1410 1410 1410 1411 1411 1411 1411 1415 1415 1415 1415 1412 1412 1412 1412 1412 1412 1412 1412 1415 1415 1415 1415 1416 1416 1416 1416 1414 1414 1414 1414 1417 1417 1417 1417 1413 1413 1413 1413 1414 1414 1414 1414 1418 1418 1418 1418 1417 1417 1417 1417 1415 1415 1415 1415 1419 1419 1419 1419 1416 1416 1416 1416 1416 1416 1416 1416 1419 1419 1419 1419 1420 1420 1420 1420 1411 1411 1411 1411 1421 1421 1421 1421 1415 1415 1415 1415 1419 1419 1419 1419 1422 1422 1422 1422 1420 1420 1420 1420 1423 1423 1423 1423 1421 1421 1421 1421 1411 1411 1411 1411 1423 1423 1423 1423 1411 1411 1411 1411 1406 1406 1406 1406 1421 1421 1421 1421 1424 1424 1424 1424 1415 1415 1415 1415 1415 1415 1415 1415 1424 1424 1424 1424 1419 1419 1419 1419 1425 1425 1425 1425 1421 1421 1421 1421 1423 1423 1423 1423 1425 1425 1425 1425 1424 1424 1424 1424 1421 1421 1421 1421 1426 1426 1426 1426 1423 1423 1423 1423 1406 1406 1406 1406 1424 1424 1424 1424 1427 1427 1427 1427 1419 1419 1419 1419 1427 1427 1427 1427 1422 1422 1422 1422 1419 1419 1419 1419 1428 1428 1428 1428 1423 1423 1423 1423 1426 1426 1426 1426 1428 1428 1428 1428 1425 1425 1425 1425 1423 1423 1423 1423 1429 1429 1429 1429 1426 1426 1426 1426 1406 1406 1406 1406 1429 1429 1429 1429 1428 1428 1428 1428 1426 1426 1426 1426 1409 1409 1409 1409 1429 1429 1429 1429 1406 1406 1406 1406 1409 1409 1409 1409 1430 1430 1430 1430 1429 1429 1429 1429 1413 1413 1413 1413 1430 1430 1430 1430 1409 1409 1409 1409 1431 1431 1431 1431 1428 1428 1428 1428 1429 1429 1429 1429 1430 1430 1430 1430 1431 1431 1431 1431 1429 1429 1429 1429 1413 1413 1413 1413 1432 1432 1432 1432 1430 1430 1430 1430 1432 1432 1432 1432 1431 1431 1431 1431 1430 1430 1430 1430 1417 1417 1417 1417 1432 1432 1432 1432 1413 1413 1413 1413 1431 1431 1431 1431 1433 1433 1433 1433 1428 1428 1428 1428 1433 1433 1433 1433 1425 1425 1425 1425 1428 1428 1428 1428 1432 1432 1432 1432 1434 1434 1434 1434 1431 1431 1431 1431 1431 1431 1431 1431 1434 1434 1434 1434 1433 1433 1433 1433 1417 1417 1417 1417 1435 1435 1435 1435 1432 1432 1432 1432 1432 1432 1432 1432 1435 1435 1435 1435 1434 1434 1434 1434 1417 1417 1417 1417 1436 1436 1436 1436 1435 1435 1435 1435 1418 1418 1418 1418 1436 1436 1436 1436 1417 1417 1417 1417 1418 1418 1418 1418 1437 1437 1437 1437 1436 1436 1436 1436 1437 1437 1437 1437 1435 1435 1435 1435 1436 1436 1436 1436 1418 1418 1418 1418 1438 1438 1438 1438 1437 1437 1437 1437 1435 1435 1435 1435 1439 1439 1439 1439 1434 1434 1434 1434 1437 1437 1437 1437 1439 1439 1439 1439 1435 1435 1435 1435 1437 1437 1437 1437 1438 1438 1438 1438 1440 1440 1440 1440 1437 1437 1437 1437 1440 1440 1440 1440 1439 1439 1439 1439 1438 1438 1438 1438 1441 1441 1441 1441 1440 1440 1440 1440 1439 1439 1439 1439 1442 1442 1442 1442 1434 1434 1434 1434 1434 1434 1434 1434 1442 1442 1442 1442 1433 1433 1433 1433 1440 1440 1440 1440 1443 1443 1443 1443 1439 1439 1439 1439 1439 1439 1439 1439 1443 1443 1443 1443 1442 1442 1442 1442 1440 1440 1440 1440 1441 1441 1441 1441 1444 1444 1444 1444 1440 1440 1440 1440 1444 1444 1444 1444 1443 1443 1443 1443 1441 1441 1441 1441 1445 1445 1445 1445 1444 1444 1444 1444 1443 1443 1443 1443 1446 1446 1446 1446 1442 1442 1442 1442 1444 1444 1444 1444 1446 1446 1446 1446 1443 1443 1443 1443 1444 1444 1444 1444 1445 1445 1445 1445 1447 1447 1447 1447 1444 1444 1444 1444 1447 1447 1447 1447 1446 1446 1446 1446 1445 1445 1445 1445 1448 1448 1448 1448 1447 1447 1447 1447 1448 1448 1448 1448 1449 1449 1449 1449 1447 1447 1447 1447 1442 1442 1442 1442 1446 1446 1446 1446 1450 1450 1450 1450 1442 1442 1442 1442 1450 1450 1450 1450 1433 1433 1433 1433 1446 1446 1446 1446 1447 1447 1447 1447 1451 1451 1451 1451 1446 1446 1446 1446 1451 1451 1451 1451 1450 1450 1450 1450 1449 1449 1449 1449 1452 1452 1452 1452 1447 1447 1447 1447 1449 1449 1449 1449 1453 1453 1453 1453 1452 1452 1452 1452 1451 1451 1451 1451 1447 1447 1447 1447 1454 1454 1454 1454 1450 1450 1450 1450 1451 1451 1451 1451 1454 1454 1454 1454 1454 1454 1454 1454 1447 1447 1447 1447 1452 1452 1452 1452 1450 1450 1450 1450 1454 1454 1454 1454 1455 1455 1455 1455 1433 1433 1433 1433 1450 1450 1450 1450 1455 1455 1455 1455 1454 1454 1454 1454 1452 1452 1452 1452 1456 1456 1456 1456 1455 1455 1455 1455 1454 1454 1454 1454 1456 1456 1456 1456 1452 1452 1452 1452 1453 1453 1453 1453 1457 1457 1457 1457 1456 1456 1456 1456 1452 1452 1452 1452 1457 1457 1457 1457 1453 1453 1453 1453 1458 1458 1458 1458 1457 1457 1457 1457 1455 1455 1455 1455 1456 1456 1456 1456 1459 1459 1459 1459 1456 1456 1456 1456 1457 1457 1457 1457 1459 1459 1459 1459 1433 1433 1433 1433 1455 1455 1455 1455 1460 1460 1460 1460 1455 1455 1455 1455 1459 1459 1459 1459 1460 1460 1460 1460 1433 1433 1433 1433 1460 1460 1460 1460 1425 1425 1425 1425 1425 1425 1425 1425 1460 1460 1460 1460 1424 1424 1424 1424 1424 1424 1424 1424 1460 1460 1460 1460 1427 1427 1427 1427 1459 1459 1459 1459 1427 1427 1427 1427 1460 1460 1460 1460 1459 1459 1459 1459 1457 1457 1457 1457 1461 1461 1461 1461 1459 1459 1459 1459 1461 1461 1461 1461 1427 1427 1427 1427 1457 1457 1457 1457 1458 1458 1458 1458 1461 1461 1461 1461 1427 1427 1427 1427 1461 1461 1461 1461 1422 1422 1422 1422 1461 1461 1461 1461 1458 1458 1458 1458 1420 1420 1420 1420 1461 1461 1461 1461 1420 1420 1420 1420 1422 1422 1422 1422 1462 1462 1462 1462 1463 1463 1463 1463 1464 1464 1464 1464 1462 1462 1462 1462 1465 1465 1465 1465 1463 1463 1463 1463 1464 1464 1464 1464 1463 1463 1463 1463 1466 1466 1466 1466 1465 1465 1465 1465 1467 1467 1467 1467 1463 1463 1463 1463 1466 1466 1466 1466 1463 1463 1463 1463 1468 1468 1468 1468 1467 1467 1467 1467 1469 1469 1469 1469 1463 1463 1463 1463 1468 1468 1468 1468 1463 1463 1463 1463 1470 1470 1470 1470 1469 1469 1469 1469 1471 1471 1471 1471 1463 1463 1463 1463 1470 1470 1470 1470 1463 1463 1463 1463 1472 1472 1472 1472 1471 1471 1471 1471 1473 1473 1473 1473 1463 1463 1463 1463 1472 1472 1472 1472 1463 1463 1463 1463 1474 1474 1474 1474 1473 1473 1473 1473 1475 1475 1475 1475 1463 1463 1463 1463 1474 1474 1474 1474 1463 1463 1463 1463 1476 1476 1476 1476 1475 1475 1475 1475 1477 1477 1477 1477 1463 1463 1463 1463 1476 1476 1476 1476 1463 1463 1463 1463 1478 1478 1478 1478 1477 1477 1477 1477 1479 1479 1479 1479 1463 1463 1463 1463 1478 1478 1478 1478 1463 1463 1463 1463 1480 1480 1480 1480 1479 1479 1479 1479 1481 1481 1481 1481 1463 1463 1463 1463 1480 1480 1480 1480 1463 1463 1463 1463 1482 1482 1482 1482 1463 1463 1463 1463 1481 1481 1481 1481 1483 1483 1483 1483 1463 1463 1463 1463 1484 1484 1484 1484 1482 1482 1482 1482 1463 1463 1463 1463 1483 1483 1483 1483 1485 1485 1485 1485 1463 1463 1463 1463 1486 1486 1486 1486 1484 1484 1484 1484 1463 1463 1463 1463 1485 1485 1485 1485 1486 1486 1486 1486 1487 1487 1487 1487 1488 1488 1488 1488 1489 1489 1489 1489 1487 1487 1487 1487 1490 1490 1490 1490 1488 1488 1488 1488 1489 1489 1489 1489 1488 1488 1488 1488 1491 1491 1491 1491 1490 1490 1490 1490 1492 1492 1492 1492 1488 1488 1488 1488 1491 1491 1491 1491 1488 1488 1488 1488 1493 1493 1493 1493 1492 1492 1492 1492 1494 1494 1494 1494 1488 1488 1488 1488 1493 1493 1493 1493 1488 1488 1488 1488 1495 1495 1495 1495 1494 1494 1494 1494 1496 1496 1496 1496 1488 1488 1488 1488 1495 1495 1495 1495 1488 1488 1488 1488 1497 1497 1497 1497 1496 1496 1496 1496 1498 1498 1498 1498 1488 1488 1488 1488 1497 1497 1497 1497 1488 1488 1488 1488 1499 1499 1499 1499 1498 1498 1498 1498 1500 1500 1500 1500 1488 1488 1488 1488 1499 1499 1499 1499 1488 1488 1488 1488 1501 1501 1501 1501 1500 1500 1500 1500 1502 1502 1502 1502 1488 1488 1488 1488 1501 1501 1501 1501 1488 1488 1488 1488 1503 1503 1503 1503 1502 1502 1502 1502 1504 1504 1504 1504 1488 1488 1488 1488 1503 1503 1503 1503 1488 1488 1488 1488 1505 1505 1505 1505 1504 1504 1504 1504 1506 1506 1506 1506 1488 1488 1488 1488 1505 1505 1505 1505 1488 1488 1488 1488 1507 1507 1507 1507 1488 1488 1488 1488 1506 1506 1506 1506 1508 1508 1508 1508 1488 1488 1488 1488 1509 1509 1509 1509 1507 1507 1507 1507 1488 1488 1488 1488 1508 1508 1508 1508 1510 1510 1510 1510 1488 1488 1488 1488 1511 1511 1511 1511 1509 1509 1509 1509 1488 1488 1488 1488 1510 1510 1510 1510 1511 1511 1511 1511 1512 1512 1512 1512 1513 1513 1513 1513 1514 1514 1514 1514 1512 1512 1512 1512 1515 1515 1515 1515 1513 1513 1513 1513 1514 1514 1514 1514 1513 1513 1513 1513 1516 1516 1516 1516 1515 1515 1515 1515 1517 1517 1517 1517 1513 1513 1513 1513 1516 1516 1516 1516 1513 1513 1513 1513 1518 1518 1518 1518 1517 1517 1517 1517 1519 1519 1519 1519 1513 1513 1513 1513 1518 1518 1518 1518 1513 1513 1513 1513 1520 1520 1520 1520 1519 1519 1519 1519 1521 1521 1521 1521 1513 1513 1513 1513 1520 1520 1520 1520 1513 1513 1513 1513 1522 1522 1522 1522 1521 1521 1521 1521 1523 1523 1523 1523 1513 1513 1513 1513 1522 1522 1522 1522 1513 1513 1513 1513 1524 1524 1524 1524 1523 1523 1523 1523 1525 1525 1525 1525 1513 1513 1513 1513 1524 1524 1524 1524 1513 1513 1513 1513 1526 1526 1526 1526 1525 1525 1525 1525 1527 1527 1527 1527 1513 1513 1513 1513 1526 1526 1526 1526 1513 1513 1513 1513 1528 1528 1528 1528 1527 1527 1527 1527 1529 1529 1529 1529 1513 1513 1513 1513 1528 1528 1528 1528 1513 1513 1513 1513 1530 1530 1530 1530 1529 1529 1529 1529 1531 1531 1531 1531 1513 1513 1513 1513 1530 1530 1530 1530 1513 1513 1513 1513 1532 1532 1532 1532 1513 1513 1513 1513 1531 1531 1531 1531 1533 1533 1533 1533 1513 1513 1513 1513 1534 1534 1534 1534 1532 1532 1532 1532 1513 1513 1513 1513 1533 1533 1533 1533 1535 1535 1535 1535 1513 1513 1513 1513 1536 1536 1536 1536 1534 1534 1534 1534 1513 1513 1513 1513 1535 1535 1535 1535 1536 1536 1536 1536 1537 1537 1537 1537 1538 1538 1538 1538 1539 1539 1539 1539 1537 1537 1537 1537 1540 1540 1540 1540 1538 1538 1538 1538 1539 1539 1539 1539 1538 1538 1538 1538 1541 1541 1541 1541 1540 1540 1540 1540 1542 1542 1542 1542 1538 1538 1538 1538 1541 1541 1541 1541 1538 1538 1538 1538 1543 1543 1543 1543 1542 1542 1542 1542 1544 1544 1544 1544 1538 1538 1538 1538 1543 1543 1543 1543 1538 1538 1538 1538 1545 1545 1545 1545 1544 1544 1544 1544 1546 1546 1546 1546 1538 1538 1538 1538 1545 1545 1545 1545 1538 1538 1538 1538 1547 1547 1547 1547 1546 1546 1546 1546 1548 1548 1548 1548 1538 1538 1538 1538 1547 1547 1547 1547 1538 1538 1538 1538 1549 1549 1549 1549 1548 1548 1548 1548 1550 1550 1550 1550 1538 1538 1538 1538 1549 1549 1549 1549 1538 1538 1538 1538 1551 1551 1551 1551 1550 1550 1550 1550 1552 1552 1552 1552 1538 1538 1538 1538 1551 1551 1551 1551 1538 1538 1538 1538 1553 1553 1553 1553 1552 1552 1552 1552 1554 1554 1554 1554 1538 1538 1538 1538 1553 1553 1553 1553 1538 1538 1538 1538 1555 1555 1555 1555 1554 1554 1554 1554 1556 1556 1556 1556 1538 1538 1538 1538 1555 1555 1555 1555 1538 1538 1538 1538 1557 1557 1557 1557 1538 1538 1538 1538 1556 1556 1556 1556 1558 1558 1558 1558 1538 1538 1538 1538 1559 1559 1559 1559 1557 1557 1557 1557 1538 1538 1538 1538 1558 1558 1558 1558 1560 1560 1560 1560 1538 1538 1538 1538 1561 1561 1561 1561 1559 1559 1559 1559 1538 1538 1538 1538 1560 1560 1560 1560 1561 1561 1561 1561 1562 1562 1562 1562 1563 1563 1563 1563 1564 1564 1564 1564 1562 1562 1562 1562 1564 1564 1564 1564 1565 1565 1565 1565 1562 1562 1562 1562 1565 1565 1565 1565 1566 1566 1566 1566 1563 1563 1563 1563 1567 1567 1567 1567 1564 1564 1564 1564 1563 1563 1563 1563 1568 1568 1568 1568 1567 1567 1567 1567 1565 1565 1565 1565 1569 1569 1569 1569 1566 1566 1566 1566 1566 1566 1566 1566 1569 1569 1569 1569 1570 1570 1570 1570 1568 1568 1568 1568 1571 1571 1571 1571 1567 1567 1567 1567 1568 1568 1568 1568 1572 1572 1572 1572 1571 1571 1571 1571 1569 1569 1569 1569 1573 1573 1573 1573 1570 1570 1570 1570 1570 1570 1570 1570 1573 1573 1573 1573 1574 1574 1574 1574 1572 1572 1572 1572 1575 1575 1575 1575 1571 1571 1571 1571 1572 1572 1572 1572 1576 1576 1576 1576 1575 1575 1575 1575 1573 1573 1573 1573 1577 1577 1577 1577 1574 1574 1574 1574 1574 1574 1574 1574 1577 1577 1577 1577 1578 1578 1578 1578 1576 1576 1576 1576 1579 1579 1579 1579 1575 1575 1575 1575 1576 1576 1576 1576 1580 1580 1580 1580 1579 1579 1579 1579 1577 1577 1577 1577 1581 1581 1581 1581 1578 1578 1578 1578 1578 1578 1578 1578 1581 1581 1581 1581 1582 1582 1582 1582 1580 1580 1580 1580 1583 1583 1583 1583 1579 1579 1579 1579 1580 1580 1580 1580 1584 1584 1584 1584 1583 1583 1583 1583 1581 1581 1581 1581 1585 1585 1585 1585 1582 1582 1582 1582 1582 1582 1582 1582 1585 1585 1585 1585 1586 1586 1586 1586 1584 1584 1584 1584 1587 1587 1587 1587 1583 1583 1583 1583 1584 1584 1584 1584 1588 1588 1588 1588 1587 1587 1587 1587 1585 1585 1585 1585 1589 1589 1589 1589 1586 1586 1586 1586 1586 1586 1586 1586 1589 1589 1589 1589 1590 1590 1590 1590 1588 1588 1588 1588 1590 1590 1590 1590 1591 1591 1591 1591 1589 1589 1589 1589 1591 1591 1591 1591 1590 1590 1590 1590 1588 1588 1588 1588 1591 1591 1591 1591 1587 1587 1587 1587 1592 1592 1592 1592 1589 1589 1589 1589 1585 1585 1585 1585 1592 1592 1592 1592 1591 1591 1591 1591 1589 1589 1589 1589 1592 1592 1592 1592 1587 1587 1587 1587 1591 1591 1591 1591 1581 1581 1581 1581 1592 1592 1592 1592 1585 1585 1585 1585 1583 1583 1583 1583 1587 1587 1587 1587 1592 1592 1592 1592 1577 1577 1577 1577 1592 1592 1592 1592 1581 1581 1581 1581 1579 1579 1579 1579 1583 1583 1583 1583 1592 1592 1592 1592 1573 1573 1573 1573 1592 1592 1592 1592 1577 1577 1577 1577 1575 1575 1575 1575 1579 1579 1579 1579 1592 1592 1592 1592 1569 1569 1569 1569 1592 1592 1592 1592 1573 1573 1573 1573 1571 1571 1571 1571 1575 1575 1575 1575 1592 1592 1592 1592 1565 1565 1565 1565 1592 1592 1592 1592 1569 1569 1569 1569 1567 1567 1567 1567 1571 1571 1571 1571 1592 1592 1592 1592 1564 1564 1564 1564 1592 1592 1592 1592 1565 1565 1565 1565 1564 1564 1564 1564 1567 1567 1567 1567 1592 1592 1592 1592</p>
        </triangles>
      </mesh>
    </geometry>
  </library_geometries>
  <library_controllers>
    <controller id="geom-BandA_F_Mdl__M_Obj_RailKingPilotHouseBand-skin1">
      <skin source="#geom-BandA_F_Mdl__M_Obj_RailKingPilotHouseBand">
        <bind_shape_matrix>1 0 0 0 0 1 0 0 0 0 1 2.58005e-6 0 0 0 1</bind_shape_matrix>
        <source id="geom-BandA_F_Mdl__M_Obj_RailKingPilotHouseBand-skin1-joints">
          <Name_array id="geom-BandA_F_Mdl__M_Obj_RailKingPilotHouseBand-skin1-joints-array" count="1">joint0</Name_array>
          <technique_common>
            <accessor source="#geom-BandA_F_Mdl__M_Obj_RailKingPilotHouseBand-skin1-joints-array" count="1" stride="1">
              <param name="JOINT" type="name"/>
            </accessor>
          </technique_common>
        </source>
        <source id="geom-BandA_F_Mdl__M_Obj_RailKingPilotHouseBand-skin1-bind_poses">
          <float_array id="geom-BandA_F_Mdl__M_Obj_RailKingPilotHouseBand-skin1-bind_poses-array" count="16">1 0 0 0 0 0 1 -2.58005e-6 0 -1 0 0 0 0 0 1</float_array>
          <technique_common>
            <accessor source="#geom-BandA_F_Mdl__M_Obj_RailKingPilotHouseBand-skin1-bind_poses-array" count="1" stride="16">
              <param name="TRANSFORM" type="float4x4"/>
            </accessor>
          </technique_common>
        </source>
        <source id="geom-BandA_F_Mdl__M_Obj_RailKingPilotHouseBand-skin1-weights">
          <float_array id="geom-BandA_F_Mdl__M_Obj_RailKingPilotHouseBand-skin1-weights-array" count="1">1</float_array>
          <technique_common>
            <accessor source="#geom-BandA_F_Mdl__M_Obj_RailKingPilotHouseBand-skin1-weights-array" count="1" stride="1">
              <param name="WEIGHT" type="float"/>
            </accessor>
          </technique_common>
        </source>
        <joints>
          <input semantic="JOINT" source="#geom-BandA_F_Mdl__M_Obj_RailKingPilotHouseBand-skin1-joints"/>
          <input semantic="INV_BIND_MATRIX" source="#geom-BandA_F_Mdl__M_Obj_RailKingPilotHouseBand-skin1-bind_poses"/>
        </joints>
        <vertex_weights count="274">
          <input semantic="JOINT" source="#geom-BandA_F_Mdl__M_Obj_RailKingPilotHouseBand-skin1-joints" offset="0"/>
          <input semantic="WEIGHT" source="#geom-BandA_F_Mdl__M_Obj_RailKingPilotHouseBand-skin1-weights" offset="1"/>
          <vcount>1 1 1 1 1 1 1 1 1 1 1 1 1 1 1 1 1 1 1 1 1 1 1 1 1 1 1 1 1 1 1 1 1 1 1 1 1 1 1 1 1 1 1 1 1 1 1 1 1 1 1 1 1 1 1 1 1 1 1 1 1 1 1 1 1 1 1 1 1 1 1 1 1 1 1 1 1 1 1 1 1 1 1 1 1 1 1 1 1 1 1 1 1 1 1 1 1 1 1 1 1 1 1 1 1 1 1 1 1 1 1 1 1 1 1 1 1 1 1 1 1 1 1 1 1 1 1 1 1 1 1 1 1 1 1 1 1 1 1 1 1 1 1 1 1 1 1 1 1 1 1 1 1 1 1 1 1 1 1 1 1 1 1 1 1 1 1 1 1 1 1 1 1 1 1 1 1 1 1 1 1 1 1 1 1 1 1 1 1 1 1 1 1 1 1 1 1 1 1 1 1 1 1 1 1 1 1 1 1 1 1 1 1 1 1 1 1 1 1 1 1 1 1 1 1 1 1 1 1 1 1 1 1 1 1 1 1 1 1 1 1 1 1 1 1 1 1 1 1 1 1 1 1 1 1 1 1 1 1 1 1 1 1 1 1 1 1 1 1 1 1 1 1 1</vcount>
          <v>0 0 0 0 0 0 0 0 0 0 0 0 0 0 0 0 0 0 0 0 0 0 0 0 0 0 0 0 0 0 0 0 0 0 0 0 0 0 0 0 0 0 0 0 0 0 0 0 0 0 0 0 0 0 0 0 0 0 0 0 0 0 0 0 0 0 0 0 0 0 0 0 0 0 0 0 0 0 0 0 0 0 0 0 0 0 0 0 0 0 0 0 0 0 0 0 0 0 0 0 0 0 0 0 0 0 0 0 0 0 0 0 0 0 0 0 0 0 0 0 0 0 0 0 0 0 0 0 0 0 0 0 0 0 0 0 0 0 0 0 0 0 0 0 0 0 0 0 0 0 0 0 0 0 0 0 0 0 0 0 0 0 0 0 0 0 0 0 0 0 0 0 0 0 0 0 0 0 0 0 0 0 0 0 0 0 0 0 0 0 0 0 0 0 0 0 0 0 0 0 0 0 0 0 0 0 0 0 0 0 0 0 0 0 0 0 0 0 0 0 0 0 0 0 0 0 0 0 0 0 0 0 0 0 0 0 0 0 0 0 0 0 0 0 0 0 0 0 0 0 0 0 0 0 0 0 0 0 0 0 0 0 0 0 0 0 0 0 0 0 0 0 0 0 0 0 0 0 0 0 0 0 0 0 0 0 0 0 0 0 0 0 0 0 0 0 0 0 0 0 0 0 0 0 0 0 0 0 0 0 0 0 0 0 0 0 0 0 0 0 0 0 0 0 0 0 0 0 0 0 0 0 0 0 0 0 0 0 0 0 0 0 0 0 0 0 0 0 0 0 0 0 0 0 0 0 0 0 0 0 0 0 0 0 0 0 0 0 0 0 0 0 0 0 0 0 0 0 0 0 0 0 0 0 0 0 0 0 0 0 0 0 0 0 0 0 0 0 0 0 0 0 0 0 0 0 0 0 0 0 0 0 0 0 0 0 0 0 0 0 0 0 0 0 0 0 0 0 0 0 0 0 0 0 0 0 0 0 0 0 0 0 0 0 0 0 0 0 0 0 0 0 0 0 0 0 0 0 0 0 0 0 0 0 0 0 0 0 0 0 0 0 0 0 0 0 0 0 0 0 0 0 0 0 0 0 0 0 0 0 0 0 0 0 0 0 0 0 0 0 0 0 0 0 0 0 0 0 0 0 0 0 0 0 0 0 0 0 0 0 0 0 0 0 0 0 0 0 0 0 0 0 0 0 0 0 0 0 0 0 0 0 0 0 0 0 0 0</v>
        </vertex_weights>
      </skin>
    </controller>
    <controller id="geom-GlassB_Mdl__GlassBuffer-skin1">
      <skin source="#geom-GlassB_Mdl__GlassBuffer">
        <bind_shape_matrix>1 0 0 0 0 1 0 0 0 0 1 2.58005e-6 0 0 0 1</bind_shape_matrix>
        <source id="geom-GlassB_Mdl__GlassBuffer-skin1-joints">
          <Name_array id="geom-GlassB_Mdl__GlassBuffer-skin1-joints-array" count="1">joint0</Name_array>
          <technique_common>
            <accessor source="#geom-GlassB_Mdl__GlassBuffer-skin1-joints-array" count="1" stride="1">
              <param name="JOINT" type="name"/>
            </accessor>
          </technique_common>
        </source>
        <source id="geom-GlassB_Mdl__GlassBuffer-skin1-bind_poses">
          <float_array id="geom-GlassB_Mdl__GlassBuffer-skin1-bind_poses-array" count="16">1 0 0 0 0 0 1 -2.58005e-6 0 -1 0 0 0 0 0 1</float_array>
          <technique_common>
            <accessor source="#geom-GlassB_Mdl__GlassBuffer-skin1-bind_poses-array" count="1" stride="16">
              <param name="TRANSFORM" type="float4x4"/>
            </accessor>
          </technique_common>
        </source>
        <source id="geom-GlassB_Mdl__GlassBuffer-skin1-weights">
          <float_array id="geom-GlassB_Mdl__GlassBuffer-skin1-weights-array" count="1">1</float_array>
          <technique_common>
            <accessor source="#geom-GlassB_Mdl__GlassBuffer-skin1-weights-array" count="1" stride="1">
              <param name="WEIGHT" type="float"/>
            </accessor>
          </technique_common>
        </source>
        <joints>
          <input semantic="JOINT" source="#geom-GlassB_Mdl__GlassBuffer-skin1-joints"/>
          <input semantic="INV_BIND_MATRIX" source="#geom-GlassB_Mdl__GlassBuffer-skin1-bind_poses"/>
        </joints>
        <vertex_weights count="623">
          <input semantic="JOINT" source="#geom-GlassB_Mdl__GlassBuffer-skin1-joints" offset="0"/>
          <input semantic="WEIGHT" source="#geom-GlassB_Mdl__GlassBuffer-skin1-weights" offset="1"/>
          <vcount>1 1 1 1 1 1 1 1 1 1 1 1 1 1 1 1 1 1 1 1 1 1 1 1 1 1 1 1 1 1 1 1 1 1 1 1 1 1 1 1 1 1 1 1 1 1 1 1 1 1 1 1 1 1 1 1 1 1 1 1 1 1 1 1 1 1 1 1 1 1 1 1 1 1 1 1 1 1 1 1 1 1 1 1 1 1 1 1 1 1 1 1 1 1 1 1 1 1 1 1 1 1 1 1 1 1 1 1 1 1 1 1 1 1 1 1 1 1 1 1 1 1 1 1 1 1 1 1 1 1 1 1 1 1 1 1 1 1 1 1 1 1 1 1 1 1 1 1 1 1 1 1 1 1 1 1 1 1 1 1 1 1 1 1 1 1 1 1 1 1 1 1 1 1 1 1 1 1 1 1 1 1 1 1 1 1 1 1 1 1 1 1 1 1 1 1 1 1 1 1 1 1 1 1 1 1 1 1 1 1 1 1 1 1 1 1 1 1 1 1 1 1 1 1 1 1 1 1 1 1 1 1 1 1 1 1 1 1 1 1 1 1 1 1 1 1 1 1 1 1 1 1 1 1 1 1 1 1 1 1 1 1 1 1 1 1 1 1 1 1 1 1 1 1 1 1 1 1 1 1 1 1 1 1 1 1 1 1 1 1 1 1 1 1 1 1 1 1 1 1 1 1 1 1 1 1 1 1 1 1 1 1 1 1 1 1 1 1 1 1 1 1 1 1 1 1 1 1 1 1 1 1 1 1 1 1 1 1 1 1 1 1 1 1 1 1 1 1 1 1 1 1 1 1 1 1 1 1 1 1 1 1 1 1 1 1 1 1 1 1 1 1 1 1 1 1 1 1 1 1 1 1 1 1 1 1 1 1 1 1 1 1 1 1 1 1 1 1 1 1 1 1 1 1 1 1 1 1 1 1 1 1 1 1 1 1 1 1 1 1 1 1 1 1 1 1 1 1 1 1 1 1 1 1 1 1 1 1 1 1 1 1 1 1 1 1 1 1 1 1 1 1 1 1 1 1 1 1 1 1 1 1 1 1 1 1 1 1 1 1 1 1 1 1 1 1 1 1 1 1 1 1 1 1 1 1 1 1 1 1 1 1 1 1 1 1 1 1 1 1 1 1 1 1 1 1 1 1 1 1 1 1 1 1 1 1 1 1 1 1 1 1 1 1 1 1 1 1 1 1 1 1 1 1 1 1 1 1 1 1 1 1 1 1 1 1 1 1 1 1 1 1 1 1 1 1 1 1 1 1 1 1 1 1 1 1 1 1 1 1 1 1 1 1 1 1 1 1 1 1 1 1 1 1 1 1 1 1 1 1 1 1 1 1 1 1 1 1 1 1 1 1 1 1 1 1 1 1 1 1 1 1 1 1 1 1 1 1 1 1 1 1 1</vcount>
          <v>0 0 0 0 0 0 0 0 0 0 0 0 0 0 0 0 0 0 0 0 0 0 0 0 0 0 0 0 0 0 0 0 0 0 0 0 0 0 0 0 0 0 0 0 0 0 0 0 0 0 0 0 0 0 0 0 0 0 0 0 0 0 0 0 0 0 0 0 0 0 0 0 0 0 0 0 0 0 0 0 0 0 0 0 0 0 0 0 0 0 0 0 0 0 0 0 0 0 0 0 0 0 0 0 0 0 0 0 0 0 0 0 0 0 0 0 0 0 0 0 0 0 0 0 0 0 0 0 0 0 0 0 0 0 0 0 0 0 0 0 0 0 0 0 0 0 0 0 0 0 0 0 0 0 0 0 0 0 0 0 0 0 0 0 0 0 0 0 0 0 0 0 0 0 0 0 0 0 0 0 0 0 0 0 0 0 0 0 0 0 0 0 0 0 0 0 0 0 0 0 0 0 0 0 0 0 0 0 0 0 0 0 0 0 0 0 0 0 0 0 0 0 0 0 0 0 0 0 0 0 0 0 0 0 0 0 0 0 0 0 0 0 0 0 0 0 0 0 0 0 0 0 0 0 0 0 0 0 0 0 0 0 0 0 0 0 0 0 0 0 0 0 0 0 0 0 0 0 0 0 0 0 0 0 0 0 0 0 0 0 0 0 0 0 0 0 0 0 0 0 0 0 0 0 0 0 0 0 0 0 0 0 0 0 0 0 0 0 0 0 0 0 0 0 0 0 0 0 0 0 0 0 0 0 0 0 0 0 0 0 0 0 0 0 0 0 0 0 0 0 0 0 0 0 0 0 0 0 0 0 0 0 0 0 0 0 0 0 0 0 0 0 0 0 0 0 0 0 0 0 0 0 0 0 0 0 0 0 0 0 0 0 0 0 0 0 0 0 0 0 0 0 0 0 0 0 0 0 0 0 0 0 0 0 0 0 0 0 0 0 0 0 0 0 0 0 0 0 0 0 0 0 0 0 0 0 0 0 0 0 0 0 0 0 0 0 0 0 0 0 0 0 0 0 0 0 0 0 0 0 0 0 0 0 0 0 0 0 0 0 0 0 0 0 0 0 0 0 0 0 0 0 0 0 0 0 0 0 0 0 0 0 0 0 0 0 0 0 0 0 0 0 0 0 0 0 0 0 0 0 0 0 0 0 0 0 0 0 0 0 0 0 0 0 0 0 0 0 0 0 0 0 0 0 0 0 0 0 0 0 0 0 0 0 0 0 0 0 0 0 0 0 0 0 0 0 0 0 0 0 0 0 0 0 0 0 0 0 0 0 0 0 0 0 0 0 0 0 0 0 0 0 0 0 0 0 0 0 0 0 0 0 0 0 0 0 0 0 0 0 0 0 0 0 0 0 0 0 0 0 0 0 0 0 0 0 0 0 0 0 0 0 0 0 0 0 0 0 0 0 0 0 0 0 0 0 0 0 0 0 0 0 0 0 0 0 0 0 0 0 0 0 0 0 0 0 0 0 0 0 0 0 0 0 0 0 0 0 0 0 0 0 0 0 0 0 0 0 0 0 0 0 0 0 0 0 0 0 0 0 0 0 0 0 0 0 0 0 0 0 0 0 0 0 0 0 0 0 0 0 0 0 0 0 0 0 0 0 0 0 0 0 0 0 0 0 0 0 0 0 0 0 0 0 0 0 0 0 0 0 0 0 0 0 0 0 0 0 0 0 0 0 0 0 0 0 0 0 0 0 0 0 0 0 0 0 0 0 0 0 0 0 0 0 0 0 0 0 0 0 0 0 0 0 0 0 0 0 0 0 0 0 0 0 0 0 0 0 0 0 0 0 0 0 0 0 0 0 0 0 0 0 0 0 0 0 0 0 0 0 0 0 0 0 0 0 0 0 0 0 0 0 0 0 0 0 0 0 0 0 0 0 0 0 0 0 0 0 0 0 0 0 0 0 0 0 0 0 0 0 0 0 0 0 0 0 0 0 0 0 0 0 0 0 0 0 0 0 0 0 0 0 0 0 0 0 0 0 0 0 0 0 0 0 0 0 0 0 0 0 0 0 0 0 0 0 0 0 0 0 0 0 0 0 0 0 0 0 0 0 0 0 0 0 0 0 0 0 0 0 0 0 0 0 0 0 0 0 0 0 0 0 0 0 0 0 0 0 0 0 0 0 0 0 0 0 0 0 0 0 0 0 0 0 0 0 0 0 0 0 0 0 0 0 0 0 0 0 0 0 0 0 0 0 0 0 0 0 0 0 0 0 0 0 0 0 0 0 0 0 0 0 0 0 0 0 0 0 0 0 0 0 0 0 0 0 0 0 0 0 0 0 0 0 0 0 0 0 0 0 0 0 0 0 0 0 0 0 0 0 0 0 0 0 0 0 0 0 0 0 0 0 0 0 0 0 0 0 0 0 0 0 0 0 0 0 0 0 0 0 0 0 0 0 0 0 0 0 0 0 0 0 0 0 0 0 0 0 0 0 0 0 0 0 0 0 0 0 0 0 0 0 0 0 0 0 0 0 0 0 0 0 0 0 0 0 0 0 0 0 0 0 0 0 0 0 0 0 0 0 0 0 0 0 0 0 0 0 0 0 0 0 0 0 0 0 0 0 0 0 0 0 0 0 0 0 0 0 0 0 0 0 0 0 0 0 0 0 0 0 0 0 0 0 0 0 0 0 0 0 0 0 0 0 0 0 0 0 0 0 0 0 0 0 0 0 0 0 0 0 0 0 0 0 0 0 0 0 0 0 0 0 0 0 0 0 0 0 0 0 0 0 0 0 0 0 0 0 0 0 0 0 0 0 0 0 0 0 0 0 0 0 0 0 0 0</v>
        </vertex_weights>
      </skin>
    </controller>
    <controller id="geom-GlassF_Mdl__M_Obj_RailKingPilotHouseGlass-skin1">
      <skin source="#geom-GlassF_Mdl__M_Obj_RailKingPilotHouseGlass">
        <bind_shape_matrix>1 0 0 0 0 1 0 0 0 0 1 2.58005e-6 0 0 0 1</bind_shape_matrix>
        <source id="geom-GlassF_Mdl__M_Obj_RailKingPilotHouseGlass-skin1-joints">
          <Name_array id="geom-GlassF_Mdl__M_Obj_RailKingPilotHouseGlass-skin1-joints-array" count="1">joint0</Name_array>
          <technique_common>
            <accessor source="#geom-GlassF_Mdl__M_Obj_RailKingPilotHouseGlass-skin1-joints-array" count="1" stride="1">
              <param name="JOINT" type="name"/>
            </accessor>
          </technique_common>
        </source>
        <source id="geom-GlassF_Mdl__M_Obj_RailKingPilotHouseGlass-skin1-bind_poses">
          <float_array id="geom-GlassF_Mdl__M_Obj_RailKingPilotHouseGlass-skin1-bind_poses-array" count="16">1 0 0 0 0 0 1 -2.58005e-6 0 -1 0 0 0 0 0 1</float_array>
          <technique_common>
            <accessor source="#geom-GlassF_Mdl__M_Obj_RailKingPilotHouseGlass-skin1-bind_poses-array" count="1" stride="16">
              <param name="TRANSFORM" type="float4x4"/>
            </accessor>
          </technique_common>
        </source>
        <source id="geom-GlassF_Mdl__M_Obj_RailKingPilotHouseGlass-skin1-weights">
          <float_array id="geom-GlassF_Mdl__M_Obj_RailKingPilotHouseGlass-skin1-weights-array" count="1">1</float_array>
          <technique_common>
            <accessor source="#geom-GlassF_Mdl__M_Obj_RailKingPilotHouseGlass-skin1-weights-array" count="1" stride="1">
              <param name="WEIGHT" type="float"/>
            </accessor>
          </technique_common>
        </source>
        <joints>
          <input semantic="JOINT" source="#geom-GlassF_Mdl__M_Obj_RailKingPilotHouseGlass-skin1-joints"/>
          <input semantic="INV_BIND_MATRIX" source="#geom-GlassF_Mdl__M_Obj_RailKingPilotHouseGlass-skin1-bind_poses"/>
        </joints>
        <vertex_weights count="623">
          <input semantic="JOINT" source="#geom-GlassF_Mdl__M_Obj_RailKingPilotHouseGlass-skin1-joints" offset="0"/>
          <input semantic="WEIGHT" source="#geom-GlassF_Mdl__M_Obj_RailKingPilotHouseGlass-skin1-weights" offset="1"/>
          <vcount>1 1 1 1 1 1 1 1 1 1 1 1 1 1 1 1 1 1 1 1 1 1 1 1 1 1 1 1 1 1 1 1 1 1 1 1 1 1 1 1 1 1 1 1 1 1 1 1 1 1 1 1 1 1 1 1 1 1 1 1 1 1 1 1 1 1 1 1 1 1 1 1 1 1 1 1 1 1 1 1 1 1 1 1 1 1 1 1 1 1 1 1 1 1 1 1 1 1 1 1 1 1 1 1 1 1 1 1 1 1 1 1 1 1 1 1 1 1 1 1 1 1 1 1 1 1 1 1 1 1 1 1 1 1 1 1 1 1 1 1 1 1 1 1 1 1 1 1 1 1 1 1 1 1 1 1 1 1 1 1 1 1 1 1 1 1 1 1 1 1 1 1 1 1 1 1 1 1 1 1 1 1 1 1 1 1 1 1 1 1 1 1 1 1 1 1 1 1 1 1 1 1 1 1 1 1 1 1 1 1 1 1 1 1 1 1 1 1 1 1 1 1 1 1 1 1 1 1 1 1 1 1 1 1 1 1 1 1 1 1 1 1 1 1 1 1 1 1 1 1 1 1 1 1 1 1 1 1 1 1 1 1 1 1 1 1 1 1 1 1 1 1 1 1 1 1 1 1 1 1 1 1 1 1 1 1 1 1 1 1 1 1 1 1 1 1 1 1 1 1 1 1 1 1 1 1 1 1 1 1 1 1 1 1 1 1 1 1 1 1 1 1 1 1 1 1 1 1 1 1 1 1 1 1 1 1 1 1 1 1 1 1 1 1 1 1 1 1 1 1 1 1 1 1 1 1 1 1 1 1 1 1 1 1 1 1 1 1 1 1 1 1 1 1 1 1 1 1 1 1 1 1 1 1 1 1 1 1 1 1 1 1 1 1 1 1 1 1 1 1 1 1 1 1 1 1 1 1 1 1 1 1 1 1 1 1 1 1 1 1 1 1 1 1 1 1 1 1 1 1 1 1 1 1 1 1 1 1 1 1 1 1 1 1 1 1 1 1 1 1 1 1 1 1 1 1 1 1 1 1 1 1 1 1 1 1 1 1 1 1 1 1 1 1 1 1 1 1 1 1 1 1 1 1 1 1 1 1 1 1 1 1 1 1 1 1 1 1 1 1 1 1 1 1 1 1 1 1 1 1 1 1 1 1 1 1 1 1 1 1 1 1 1 1 1 1 1 1 1 1 1 1 1 1 1 1 1 1 1 1 1 1 1 1 1 1 1 1 1 1 1 1 1 1 1 1 1 1 1 1 1 1 1 1 1 1 1 1 1 1 1 1 1 1 1 1 1 1 1 1 1 1 1 1 1 1 1 1 1 1 1 1 1 1 1 1 1 1 1 1 1 1 1 1 1 1 1 1 1 1 1 1 1 1 1 1 1 1 1 1 1 1 1</vcount>
          <v>0 0 0 0 0 0 0 0 0 0 0 0 0 0 0 0 0 0 0 0 0 0 0 0 0 0 0 0 0 0 0 0 0 0 0 0 0 0 0 0 0 0 0 0 0 0 0 0 0 0 0 0 0 0 0 0 0 0 0 0 0 0 0 0 0 0 0 0 0 0 0 0 0 0 0 0 0 0 0 0 0 0 0 0 0 0 0 0 0 0 0 0 0 0 0 0 0 0 0 0 0 0 0 0 0 0 0 0 0 0 0 0 0 0 0 0 0 0 0 0 0 0 0 0 0 0 0 0 0 0 0 0 0 0 0 0 0 0 0 0 0 0 0 0 0 0 0 0 0 0 0 0 0 0 0 0 0 0 0 0 0 0 0 0 0 0 0 0 0 0 0 0 0 0 0 0 0 0 0 0 0 0 0 0 0 0 0 0 0 0 0 0 0 0 0 0 0 0 0 0 0 0 0 0 0 0 0 0 0 0 0 0 0 0 0 0 0 0 0 0 0 0 0 0 0 0 0 0 0 0 0 0 0 0 0 0 0 0 0 0 0 0 0 0 0 0 0 0 0 0 0 0 0 0 0 0 0 0 0 0 0 0 0 0 0 0 0 0 0 0 0 0 0 0 0 0 0 0 0 0 0 0 0 0 0 0 0 0 0 0 0 0 0 0 0 0 0 0 0 0 0 0 0 0 0 0 0 0 0 0 0 0 0 0 0 0 0 0 0 0 0 0 0 0 0 0 0 0 0 0 0 0 0 0 0 0 0 0 0 0 0 0 0 0 0 0 0 0 0 0 0 0 0 0 0 0 0 0 0 0 0 0 0 0 0 0 0 0 0 0 0 0 0 0 0 0 0 0 0 0 0 0 0 0 0 0 0 0 0 0 0 0 0 0 0 0 0 0 0 0 0 0 0 0 0 0 0 0 0 0 0 0 0 0 0 0 0 0 0 0 0 0 0 0 0 0 0 0 0 0 0 0 0 0 0 0 0 0 0 0 0 0 0 0 0 0 0 0 0 0 0 0 0 0 0 0 0 0 0 0 0 0 0 0 0 0 0 0 0 0 0 0 0 0 0 0 0 0 0 0 0 0 0 0 0 0 0 0 0 0 0 0 0 0 0 0 0 0 0 0 0 0 0 0 0 0 0 0 0 0 0 0 0 0 0 0 0 0 0 0 0 0 0 0 0 0 0 0 0 0 0 0 0 0 0 0 0 0 0 0 0 0 0 0 0 0 0 0 0 0 0 0 0 0 0 0 0 0 0 0 0 0 0 0 0 0 0 0 0 0 0 0 0 0 0 0 0 0 0 0 0 0 0 0 0 0 0 0 0 0 0 0 0 0 0 0 0 0 0 0 0 0 0 0 0 0 0 0 0 0 0 0 0 0 0 0 0 0 0 0 0 0 0 0 0 0 0 0 0 0 0 0 0 0 0 0 0 0 0 0 0 0 0 0 0 0 0 0 0 0 0 0 0 0 0 0 0 0 0 0 0 0 0 0 0 0 0 0 0 0 0 0 0 0 0 0 0 0 0 0 0 0 0 0 0 0 0 0 0 0 0 0 0 0 0 0 0 0 0 0 0 0 0 0 0 0 0 0 0 0 0 0 0 0 0 0 0 0 0 0 0 0 0 0 0 0 0 0 0 0 0 0 0 0 0 0 0 0 0 0 0 0 0 0 0 0 0 0 0 0 0 0 0 0 0 0 0 0 0 0 0 0 0 0 0 0 0 0 0 0 0 0 0 0 0 0 0 0 0 0 0 0 0 0 0 0 0 0 0 0 0 0 0 0 0 0 0 0 0 0 0 0 0 0 0 0 0 0 0 0 0 0 0 0 0 0 0 0 0 0 0 0 0 0 0 0 0 0 0 0 0 0 0 0 0 0 0 0 0 0 0 0 0 0 0 0 0 0 0 0 0 0 0 0 0 0 0 0 0 0 0 0 0 0 0 0 0 0 0 0 0 0 0 0 0 0 0 0 0 0 0 0 0 0 0 0 0 0 0 0 0 0 0 0 0 0 0 0 0 0 0 0 0 0 0 0 0 0 0 0 0 0 0 0 0 0 0 0 0 0 0 0 0 0 0 0 0 0 0 0 0 0 0 0 0 0 0 0 0 0 0 0 0 0 0 0 0 0 0 0 0 0 0 0 0 0 0 0 0 0 0 0 0 0 0 0 0 0 0 0 0 0 0 0 0 0 0 0 0 0 0 0 0 0 0 0 0 0 0 0 0 0 0 0 0 0 0 0 0 0 0 0 0 0 0 0 0 0 0 0 0 0 0 0 0 0 0 0 0 0 0 0 0 0 0 0 0 0 0 0 0 0 0 0 0 0 0 0 0 0 0 0 0 0 0 0 0 0 0 0 0 0 0 0 0 0 0 0 0 0 0 0 0 0 0 0 0 0 0 0 0 0 0 0 0 0 0 0 0 0 0 0 0 0 0 0 0 0 0 0 0 0 0 0 0 0 0 0 0 0 0 0 0 0 0 0 0 0 0 0 0 0 0 0 0 0 0 0 0 0 0 0 0 0 0 0 0 0 0 0 0 0 0 0 0 0 0 0 0 0 0 0 0 0 0 0 0 0 0 0 0 0 0 0 0 0 0 0 0 0 0 0 0 0 0 0 0 0 0 0 0 0 0 0 0 0 0 0 0 0 0 0 0 0 0 0 0 0 0 0 0 0 0 0 0 0 0 0 0 0 0 0 0 0 0 0 0 0 0 0 0 0 0 0 0 0 0 0 0 0 0 0 0 0 0 0 0 0 0 0 0 0 0 0 0 0 0 0 0 0 0 0 0 0 0 0</v>
        </vertex_weights>
      </skin>
    </controller>
    <controller id="geom-NejiA_Mdl__M_Obj_RailKingPilotHouse-skin1">
      <skin source="#geom-NejiA_Mdl__M_Obj_RailKingPilotHouse">
        <bind_shape_matrix>1 0 0 0 0 1 0 0 0 0 1 2.58005e-6 0 0 0 1</bind_shape_matrix>
        <source id="geom-NejiA_Mdl__M_Obj_RailKingPilotHouse-skin1-joints">
          <Name_array id="geom-NejiA_Mdl__M_Obj_RailKingPilotHouse-skin1-joints-array" count="1">joint0</Name_array>
          <technique_common>
            <accessor source="#geom-NejiA_Mdl__M_Obj_RailKingPilotHouse-skin1-joints-array" count="1" stride="1">
              <param name="JOINT" type="name"/>
            </accessor>
          </technique_common>
        </source>
        <source id="geom-NejiA_Mdl__M_Obj_RailKingPilotHouse-skin1-bind_poses">
          <float_array id="geom-NejiA_Mdl__M_Obj_RailKingPilotHouse-skin1-bind_poses-array" count="16">1 0 0 0 0 0 1 -2.58005e-6 0 -1 0 0 0 0 0 1</float_array>
          <technique_common>
            <accessor source="#geom-NejiA_Mdl__M_Obj_RailKingPilotHouse-skin1-bind_poses-array" count="1" stride="16">
              <param name="TRANSFORM" type="float4x4"/>
            </accessor>
          </technique_common>
        </source>
        <source id="geom-NejiA_Mdl__M_Obj_RailKingPilotHouse-skin1-weights">
          <float_array id="geom-NejiA_Mdl__M_Obj_RailKingPilotHouse-skin1-weights-array" count="1">1</float_array>
          <technique_common>
            <accessor source="#geom-NejiA_Mdl__M_Obj_RailKingPilotHouse-skin1-weights-array" count="1" stride="1">
              <param name="WEIGHT" type="float"/>
            </accessor>
          </technique_common>
        </source>
        <joints>
          <input semantic="JOINT" source="#geom-NejiA_Mdl__M_Obj_RailKingPilotHouse-skin1-joints"/>
          <input semantic="INV_BIND_MATRIX" source="#geom-NejiA_Mdl__M_Obj_RailKingPilotHouse-skin1-bind_poses"/>
        </joints>
        <vertex_weights count="1593">
          <input semantic="JOINT" source="#geom-NejiA_Mdl__M_Obj_RailKingPilotHouse-skin1-joints" offset="0"/>
          <input semantic="WEIGHT" source="#geom-NejiA_Mdl__M_Obj_RailKingPilotHouse-skin1-weights" offset="1"/>
          <vcount>1 1 1 1 1 1 1 1 1 1 1 1 1 1 1 1 1 1 1 1 1 1 1 1 1 1 1 1 1 1 1 1 1 1 1 1 1 1 1 1 1 1 1 1 1 1 1 1 1 1 1 1 1 1 1 1 1 1 1 1 1 1 1 1 1 1 1 1 1 1 1 1 1 1 1 1 1 1 1 1 1 1 1 1 1 1 1 1 1 1 1 1 1 1 1 1 1 1 1 1 1 1 1 1 1 1 1 1 1 1 1 1 1 1 1 1 1 1 1 1 1 1 1 1 1 1 1 1 1 1 1 1 1 1 1 1 1 1 1 1 1 1 1 1 1 1 1 1 1 1 1 1 1 1 1 1 1 1 1 1 1 1 1 1 1 1 1 1 1 1 1 1 1 1 1 1 1 1 1 1 1 1 1 1 1 1 1 1 1 1 1 1 1 1 1 1 1 1 1 1 1 1 1 1 1 1 1 1 1 1 1 1 1 1 1 1 1 1 1 1 1 1 1 1 1 1 1 1 1 1 1 1 1 1 1 1 1 1 1 1 1 1 1 1 1 1 1 1 1 1 1 1 1 1 1 1 1 1 1 1 1 1 1 1 1 1 1 1 1 1 1 1 1 1 1 1 1 1 1 1 1 1 1 1 1 1 1 1 1 1 1 1 1 1 1 1 1 1 1 1 1 1 1 1 1 1 1 1 1 1 1 1 1 1 1 1 1 1 1 1 1 1 1 1 1 1 1 1 1 1 1 1 1 1 1 1 1 1 1 1 1 1 1 1 1 1 1 1 1 1 1 1 1 1 1 1 1 1 1 1 1 1 1 1 1 1 1 1 1 1 1 1 1 1 1 1 1 1 1 1 1 1 1 1 1 1 1 1 1 1 1 1 1 1 1 1 1 1 1 1 1 1 1 1 1 1 1 1 1 1 1 1 1 1 1 1 1 1 1 1 1 1 1 1 1 1 1 1 1 1 1 1 1 1 1 1 1 1 1 1 1 1 1 1 1 1 1 1 1 1 1 1 1 1 1 1 1 1 1 1 1 1 1 1 1 1 1 1 1 1 1 1 1 1 1 1 1 1 1 1 1 1 1 1 1 1 1 1 1 1 1 1 1 1 1 1 1 1 1 1 1 1 1 1 1 1 1 1 1 1 1 1 1 1 1 1 1 1 1 1 1 1 1 1 1 1 1 1 1 1 1 1 1 1 1 1 1 1 1 1 1 1 1 1 1 1 1 1 1 1 1 1 1 1 1 1 1 1 1 1 1 1 1 1 1 1 1 1 1 1 1 1 1 1 1 1 1 1 1 1 1 1 1 1 1 1 1 1 1 1 1 1 1 1 1 1 1 1 1 1 1 1 1 1 1 1 1 1 1 1 1 1 1 1 1 1 1 1 1 1 1 1 1 1 1 1 1 1 1 1 1 1 1 1 1 1 1 1 1 1 1 1 1 1 1 1 1 1 1 1 1 1 1 1 1 1 1 1 1 1 1 1 1 1 1 1 1 1 1 1 1 1 1 1 1 1 1 1 1 1 1 1 1 1 1 1 1 1 1 1 1 1 1 1 1 1 1 1 1 1 1 1 1 1 1 1 1 1 1 1 1 1 1 1 1 1 1 1 1 1 1 1 1 1 1 1 1 1 1 1 1 1 1 1 1 1 1 1 1 1 1 1 1 1 1 1 1 1 1 1 1 1 1 1 1 1 1 1 1 1 1 1 1 1 1 1 1 1 1 1 1 1 1 1 1 1 1 1 1 1 1 1 1 1 1 1 1 1 1 1 1 1 1 1 1 1 1 1 1 1 1 1 1 1 1 1 1 1 1 1 1 1 1 1 1 1 1 1 1 1 1 1 1 1 1 1 1 1 1 1 1 1 1 1 1 1 1 1 1 1 1 1 1 1 1 1 1 1 1 1 1 1 1 1 1 1 1 1 1 1 1 1 1 1 1 1 1 1 1 1 1 1 1 1 1 1 1 1 1 1 1 1 1 1 1 1 1 1 1 1 1 1 1 1 1 1 1 1 1 1 1 1 1 1 1 1 1 1 1 1 1 1 1 1 1 1 1 1 1 1 1 1 1 1 1 1 1 1 1 1 1 1 1 1 1 1 1 1 1 1 1 1 1 1 1 1 1 1 1 1 1 1 1 1 1 1 1 1 1 1 1 1 1 1 1 1 1 1 1 1 1 1 1 1 1 1 1 1 1 1 1 1 1 1 1 1 1 1 1 1 1 1 1 1 1 1 1 1 1 1 1 1 1 1 1 1 1 1 1 1 1 1 1 1 1 1 1 1 1 1 1 1 1 1 1 1 1 1 1 1 1 1 1 1 1 1 1 1 1 1 1 1 1 1 1 1 1 1 1 1 1 1 1 1 1 1 1 1 1 1 1 1 1 1 1 1 1 1 1 1 1 1 1 1 1 1 1 1 1 1 1 1 1 1 1 1 1 1 1 1 1 1 1 1 1 1 1 1 1 1 1 1 1 1 1 1 1 1 1 1 1 1 1 1 1 1 1 1 1 1 1 1 1 1 1 1 1 1 1 1 1 1 1 1 1 1 1 1 1 1 1 1 1 1 1 1 1 1 1 1 1 1 1 1 1 1 1 1 1 1 1 1 1 1 1 1 1 1 1 1 1 1 1 1 1 1 1 1 1 1 1 1 1 1 1 1 1 1 1 1 1 1 1 1 1 1 1 1 1 1 1 1 1 1 1 1 1 1 1 1 1 1 1 1 1 1 1 1 1 1 1 1 1 1 1 1 1 1 1 1 1 1 1 1 1 1 1 1 1 1 1 1 1 1 1 1 1 1 1 1 1 1 1 1 1 1 1 1 1 1 1 1 1 1 1 1 1 1 1 1 1 1 1 1 1 1 1 1 1 1 1 1 1 1 1 1 1 1 1 1 1 1 1 1 1 1 1 1 1 1 1 1 1 1 1 1 1 1 1 1 1 1 1 1 1 1 1 1 1 1 1 1 1 1 1 1 1 1 1 1 1 1 1 1 1 1 1 1 1 1 1 1 1 1 1 1 1 1 1 1 1 1 1 1 1 1 1 1 1 1 1 1 1 1 1 1 1 1 1 1 1 1 1 1 1 1 1 1 1 1 1 1 1 1 1 1 1 1 1 1 1 1 1 1 1 1 1 1 1 1 1 1 1 1 1 1 1 1 1 1 1 1 1 1 1 1 1 1 1 1 1 1 1 1 1 1 1 1 1 1 1 1 1 1 1 1 1 1 1 1 1 1 1 1 1 1 1 1 1 1 1 1 1 1 1 1 1 1 1 1 1 1 1 1 1 1 1 1 1 1 1 1 1 1 1 1 1 1 1 1 1 1 1 1 1 1 1 1 1 1 1 1 1 1 1 1 1 1 1 1 1 1 1 1 1 1 1 1 1 1 1 1 1 1 1 1 1 1 1 1 1 1 1 1 1 1 1 1 1 1 1 1 1 1 1 1 1 1 1 1 1 1 1 1 1 1 1 1 1 1 1 1 1 1 1 1 1 1 1 1 1 1 1 1 1 1 1 1 1 1 1 1 1 1 1 1 1 1 1 1 1 1 1 1 1 1 1 1 1 1 1 1 1</vcount>
          <v>0 0 0 0 0 0 0 0 0 0 0 0 0 0 0 0 0 0 0 0 0 0 0 0 0 0 0 0 0 0 0 0 0 0 0 0 0 0 0 0 0 0 0 0 0 0 0 0 0 0 0 0 0 0 0 0 0 0 0 0 0 0 0 0 0 0 0 0 0 0 0 0 0 0 0 0 0 0 0 0 0 0 0 0 0 0 0 0 0 0 0 0 0 0 0 0 0 0 0 0 0 0 0 0 0 0 0 0 0 0 0 0 0 0 0 0 0 0 0 0 0 0 0 0 0 0 0 0 0 0 0 0 0 0 0 0 0 0 0 0 0 0 0 0 0 0 0 0 0 0 0 0 0 0 0 0 0 0 0 0 0 0 0 0 0 0 0 0 0 0 0 0 0 0 0 0 0 0 0 0 0 0 0 0 0 0 0 0 0 0 0 0 0 0 0 0 0 0 0 0 0 0 0 0 0 0 0 0 0 0 0 0 0 0 0 0 0 0 0 0 0 0 0 0 0 0 0 0 0 0 0 0 0 0 0 0 0 0 0 0 0 0 0 0 0 0 0 0 0 0 0 0 0 0 0 0 0 0 0 0 0 0 0 0 0 0 0 0 0 0 0 0 0 0 0 0 0 0 0 0 0 0 0 0 0 0 0 0 0 0 0 0 0 0 0 0 0 0 0 0 0 0 0 0 0 0 0 0 0 0 0 0 0 0 0 0 0 0 0 0 0 0 0 0 0 0 0 0 0 0 0 0 0 0 0 0 0 0 0 0 0 0 0 0 0 0 0 0 0 0 0 0 0 0 0 0 0 0 0 0 0 0 0 0 0 0 0 0 0 0 0 0 0 0 0 0 0 0 0 0 0 0 0 0 0 0 0 0 0 0 0 0 0 0 0 0 0 0 0 0 0 0 0 0 0 0 0 0 0 0 0 0 0 0 0 0 0 0 0 0 0 0 0 0 0 0 0 0 0 0 0 0 0 0 0 0 0 0 0 0 0 0 0 0 0 0 0 0 0 0 0 0 0 0 0 0 0 0 0 0 0 0 0 0 0 0 0 0 0 0 0 0 0 0 0 0 0 0 0 0 0 0 0 0 0 0 0 0 0 0 0 0 0 0 0 0 0 0 0 0 0 0 0 0 0 0 0 0 0 0 0 0 0 0 0 0 0 0 0 0 0 0 0 0 0 0 0 0 0 0 0 0 0 0 0 0 0 0 0 0 0 0 0 0 0 0 0 0 0 0 0 0 0 0 0 0 0 0 0 0 0 0 0 0 0 0 0 0 0 0 0 0 0 0 0 0 0 0 0 0 0 0 0 0 0 0 0 0 0 0 0 0 0 0 0 0 0 0 0 0 0 0 0 0 0 0 0 0 0 0 0 0 0 0 0 0 0 0 0 0 0 0 0 0 0 0 0 0 0 0 0 0 0 0 0 0 0 0 0 0 0 0 0 0 0 0 0 0 0 0 0 0 0 0 0 0 0 0 0 0 0 0 0 0 0 0 0 0 0 0 0 0 0 0 0 0 0 0 0 0 0 0 0 0 0 0 0 0 0 0 0 0 0 0 0 0 0 0 0 0 0 0 0 0 0 0 0 0 0 0 0 0 0 0 0 0 0 0 0 0 0 0 0 0 0 0 0 0 0 0 0 0 0 0 0 0 0 0 0 0 0 0 0 0 0 0 0 0 0 0 0 0 0 0 0 0 0 0 0 0 0 0 0 0 0 0 0 0 0 0 0 0 0 0 0 0 0 0 0 0 0 0 0 0 0 0 0 0 0 0 0 0 0 0 0 0 0 0 0 0 0 0 0 0 0 0 0 0 0 0 0 0 0 0 0 0 0 0 0 0 0 0 0 0 0 0 0 0 0 0 0 0 0 0 0 0 0 0 0 0 0 0 0 0 0 0 0 0 0 0 0 0 0 0 0 0 0 0 0 0 0 0 0 0 0 0 0 0 0 0 0 0 0 0 0 0 0 0 0 0 0 0 0 0 0 0 0 0 0 0 0 0 0 0 0 0 0 0 0 0 0 0 0 0 0 0 0 0 0 0 0 0 0 0 0 0 0 0 0 0 0 0 0 0 0 0 0 0 0 0 0 0 0 0 0 0 0 0 0 0 0 0 0 0 0 0 0 0 0 0 0 0 0 0 0 0 0 0 0 0 0 0 0 0 0 0 0 0 0 0 0 0 0 0 0 0 0 0 0 0 0 0 0 0 0 0 0 0 0 0 0 0 0 0 0 0 0 0 0 0 0 0 0 0 0 0 0 0 0 0 0 0 0 0 0 0 0 0 0 0 0 0 0 0 0 0 0 0 0 0 0 0 0 0 0 0 0 0 0 0 0 0 0 0 0 0 0 0 0 0 0 0 0 0 0 0 0 0 0 0 0 0 0 0 0 0 0 0 0 0 0 0 0 0 0 0 0 0 0 0 0 0 0 0 0 0 0 0 0 0 0 0 0 0 0 0 0 0 0 0 0 0 0 0 0 0 0 0 0 0 0 0 0 0 0 0 0 0 0 0 0 0 0 0 0 0 0 0 0 0 0 0 0 0 0 0 0 0 0 0 0 0 0 0 0 0 0 0 0 0 0 0 0 0 0 0 0 0 0 0 0 0 0 0 0 0 0 0 0 0 0 0 0 0 0 0 0 0 0 0 0 0 0 0 0 0 0 0 0 0 0 0 0 0 0 0 0 0 0 0 0 0 0 0 0 0 0 0 0 0 0 0 0 0 0 0 0 0 0 0 0 0 0 0 0 0 0 0 0 0 0 0 0 0 0 0 0 0 0 0 0 0 0 0 0 0 0 0 0 0 0 0 0 0 0 0 0 0 0 0 0 0 0 0 0 0 0 0 0 0 0 0 0 0 0 0 0 0 0 0 0 0 0 0 0 0 0 0 0 0 0 0 0 0 0 0 0 0 0 0 0 0 0 0 0 0 0 0 0 0 0 0 0 0 0 0 0 0 0 0 0 0 0 0 0 0 0 0 0 0 0 0 0 0 0 0 0 0 0 0 0 0 0 0 0 0 0 0 0 0 0 0 0 0 0 0 0 0 0 0 0 0 0 0 0 0 0 0 0 0 0 0 0 0 0 0 0 0 0 0 0 0 0 0 0 0 0 0 0 0 0 0 0 0 0 0 0 0 0 0 0 0 0 0 0 0 0 0 0 0 0 0 0 0 0 0 0 0 0 0 0 0 0 0 0 0 0 0 0 0 0 0 0 0 0 0 0 0 0 0 0 0 0 0 0 0 0 0 0 0 0 0 0 0 0 0 0 0 0 0 0 0 0 0 0 0 0 0 0 0 0 0 0 0 0 0 0 0 0 0 0 0 0 0 0 0 0 0 0 0 0 0 0 0 0 0 0 0 0 0 0 0 0 0 0 0 0 0 0 0 0 0 0 0 0 0 0 0 0 0 0 0 0 0 0 0 0 0 0 0 0 0 0 0 0 0 0 0 0 0 0 0 0 0 0 0 0 0 0 0 0 0 0 0 0 0 0 0 0 0 0 0 0 0 0 0 0 0 0 0 0 0 0 0 0 0 0 0 0 0 0 0 0 0 0 0 0 0 0 0 0 0 0 0 0 0 0 0 0 0 0 0 0 0 0 0 0 0 0 0 0 0 0 0 0 0 0 0 0 0 0 0 0 0 0 0 0 0 0 0 0 0 0 0 0 0 0 0 0 0 0 0 0 0 0 0 0 0 0 0 0 0 0 0 0 0 0 0 0 0 0 0 0 0 0 0 0 0 0 0 0 0 0 0 0 0 0 0 0 0 0 0 0 0 0 0 0 0 0 0 0 0 0 0 0 0 0 0 0 0 0 0 0 0 0 0 0 0 0 0 0 0 0 0 0 0 0 0 0 0 0 0 0 0 0 0 0 0 0 0 0 0 0 0 0 0 0 0 0 0 0 0 0 0 0 0 0 0 0 0 0 0 0 0 0 0 0 0 0 0 0 0 0 0 0 0 0 0 0 0 0 0 0 0 0 0 0 0 0 0 0 0 0 0 0 0 0 0 0 0 0 0 0 0 0 0 0 0 0 0 0 0 0 0 0 0 0 0 0 0 0 0 0 0 0 0 0 0 0 0 0 0 0 0 0 0 0 0 0 0 0 0 0 0 0 0 0 0 0 0 0 0 0 0 0 0 0 0 0 0 0 0 0 0 0 0 0 0 0 0 0 0 0 0 0 0 0 0 0 0 0 0 0 0 0 0 0 0 0 0 0 0 0 0 0 0 0 0 0 0 0 0 0 0 0 0 0 0 0 0 0 0 0 0 0 0 0 0 0 0 0 0 0 0 0 0 0 0 0 0 0 0 0 0 0 0 0 0 0 0 0 0 0 0 0 0 0 0 0 0 0 0 0 0 0 0 0 0 0 0 0 0 0 0 0 0 0 0 0 0 0 0 0 0 0 0 0 0 0 0 0 0 0 0 0 0 0 0 0 0 0 0 0 0 0 0 0 0 0 0 0 0 0 0 0 0 0 0 0 0 0 0 0 0 0 0 0 0 0 0 0 0 0 0 0 0 0 0 0 0 0 0 0 0 0 0 0 0 0 0 0 0 0 0 0 0 0 0 0 0 0 0 0 0 0 0 0 0 0 0 0 0 0 0 0 0 0 0 0 0 0 0 0 0 0 0 0 0 0 0 0 0 0 0 0 0 0 0 0 0 0 0 0 0 0 0 0 0 0 0 0 0 0 0 0 0 0 0 0 0 0 0 0 0 0 0 0 0 0 0 0 0 0 0 0 0 0 0 0 0 0 0 0 0 0 0 0 0 0 0 0 0 0 0 0 0 0 0 0 0 0 0 0 0 0 0 0 0 0 0 0 0 0 0 0 0 0 0 0 0 0 0 0 0 0 0 0 0 0 0 0 0 0 0 0 0 0 0 0 0 0 0 0 0 0 0 0 0 0 0 0 0 0 0 0 0 0 0 0 0 0 0 0 0 0 0 0 0 0 0 0 0 0 0 0 0 0 0 0 0 0 0 0 0 0 0 0 0 0 0 0 0 0 0 0 0 0 0 0 0 0 0 0 0 0 0 0 0 0 0 0 0 0 0 0 0 0 0 0 0 0 0 0 0 0 0 0 0 0 0 0 0 0 0 0 0 0 0 0 0 0 0 0 0 0 0 0 0 0 0 0 0 0 0 0 0 0 0 0 0 0 0 0 0 0 0 0 0 0 0 0 0 0 0 0 0 0 0 0 0 0 0 0 0 0 0 0 0 0 0 0 0 0 0 0 0 0 0 0 0 0 0 0 0 0 0 0 0 0 0 0 0 0 0 0 0 0 0 0 0 0 0 0 0 0 0 0 0 0 0 0 0 0 0 0 0 0 0 0 0 0 0 0 0 0 0 0 0 0 0 0 0 0 0 0 0 0 0 0 0 0 0 0 0 0 0 0 0 0 0 0 0 0 0 0 0 0 0 0 0 0 0 0 0 0 0 0 0 0 0 0 0 0 0 0 0 0 0 0 0 0 0 0 0 0 0 0 0 0 0 0 0 0 0 0 0 0 0 0 0 0 0 0 0 0 0 0 0 0 0 0 0 0 0 0 0 0 0 0 0 0 0 0 0 0 0 0 0 0 0 0 0 0 0 0 0 0 0 0 0 0 0 0 0 0 0 0 0 0 0 0 0 0 0 0 0 0 0 0 0 0 0 0 0 0 0 0 0 0 0 0 0 0 0 0 0 0 0 0 0 0 0 0 0 0 0 0 0 0 0 0 0 0 0 0 0 0 0 0 0 0 0 0 0 0 0 0 0 0 0 0 0 0 0 0 0 0 0 0 0 0 0 0 0 0 0 0 0 0 0 0 0 0 0 0 0 0 0 0 0 0 0 0 0 0 0 0 0 0 0 0 0 0 0 0 0 0 0 0 0 0 0 0 0 0 0 0 0 0 0 0 0 0 0 0 0 0 0 0 0 0 0 0 0 0 0 0 0 0 0 0 0 0 0 0 0 0 0 0 0 0 0 0 0 0 0 0 0 0 0 0 0 0 0 0 0 0 0 0 0 0 0 0 0 0 0 0 0 0 0 0 0 0 0 0 0 0 0 0 0 0 0 0 0 0 0 0 0 0 0 0 0 0 0 0 0 0 0 0 0 0 0 0 0 0 0 0 0 0 0 0 0 0 0 0 0 0 0 0 0 0 0 0 0 0 0 0 0 0 0 0 0 0 0 0 0 0 0 0 0 0 0 0 0 0 0 0 0 0 0 0 0 0 0 0 0 0 0 0 0 0 0 0 0 0 0 0 0 0 0 0 0 0 0 0 0 0 0 0 0 0 0 0 0 0 0 0 0 0 0 0 0 0 0 0 0 0 0 0 0 0 0 0 0 0 0 0 0 0 0 0 0 0 0 0 0 0 0 0 0 0 0 0 0 0 0 0 0 0 0 0 0 0 0 0 0 0 0 0 0 0 0 0 0 0 0 0 0 0 0 0 0 0 0 0 0 0 0 0 0 0 0 0 0 0 0 0 0 0 0 0 0 0 0 0 0 0 0 0 0 0 0 0 0 0 0 0 0 0 0 0 0 0 0 0 0 0 0 0 0 0 0 0 0 0 0 0 0 0 0 0 0 0 0 0 0 0 0 0 0 0 0 0 0 0 0 0 0 0 0 0 0 0 0 0 0 0 0 0 0 0 0 0 0 0 0 0 0 0 0 0 0 0 0 0 0 0 0 0 0 0 0 0 0 0 0 0 0 0 0 0 0 0 0 0 0 0 0 0 0 0 0 0 0 0 0 0 0 0 0 0 0 0 0 0 0 0 0 0 0 0 0 0 0 0 0 0 0 0 0 0 0 0 0 0 0 0 0 0 0 0 0 0 0 0 0 0 0 0 0 0 0 0 0 0 0 0 0 0 0 0 0 0 0 0 0 0 0 0 0 0 0 0 0 0 0 0 0 0 0 0 0 0 0 0 0 0 0 0 0 0 0 0 0 0 0 0 0 0 0 0 0 0 0 0 0 0 0 0 0 0 0 0 0 0 0 0 0 0 0 0 0 0 0 0 0 0 0 0 0 0 0 0 0 0 0 0 0 0 0 0 0 0 0 0 0 0 0 0 0 0 0 0 0 0 0 0 0 0 0 0 0 0 0 0 0 0 0 0 0 0 0 0 0 0 0 0 0 0 0 0 0 0 0 0 0</v>
        </vertex_weights>
      </skin>
    </controller>
  </library_controllers>
  <library_lights>
    <light id="EnvironmentAmbientLight" name="EnvironmentAmbientLight">
      <technique_common>
        <ambient>
          <color>0 0 0</color>
        </ambient>
      </technique_common>
    </light>
  </library_lights>
  <library_images>
    <image id="M_Obj_RailKingPilotHouseBand_Alb_png">
      <init_from>./images/M_Obj_RailKingPilotHouseBand_Alb.png</init_from>
    </image>
    <image id="M_Obj_RailKingPilotHouseBand_Nrm_png">
      <init_from>./images/M_Obj_RailKingPilotHouseBand_Nrm.png</init_from>
    </image>
    <image id="M_Obj_RailKingPilotHouseBand_Rgh_png">
      <init_from>./images/M_Obj_RailKingPilotHouseBand_Rgh.png</init_from>
    </image>
    <image id="M_Obj_RailKingPilotHouseGlass_Alb_png">
      <init_from>./images/M_Obj_RailKingPilotHouseGlass_Alb.png</init_from>
    </image>
    <image id="M_Obj_RailKingPilotHouseGlass_Nrm_png">
      <init_from>./images/M_Obj_RailKingPilotHouseGlass_Nrm.png</init_from>
    </image>
    <image id="M_Obj_RailKingPilotHouse_Alb_png">
      <init_from>./images/M_Obj_RailKingPilotHouse_Alb.png</init_from>
    </image>
    <image id="M_Obj_RailKingPilotHouse_Nrm_png">
      <init_from>./images/M_Obj_RailKingPilotHouse_Nrm.png</init_from>
    </image>
    <image id="M_Obj_RailKingPilotHouse_Rgh_png">
      <init_from>./images/M_Obj_RailKingPilotHouse_Rgh.png</init_from>
    </image>
  </library_images>
  <library_visual_scenes>
    <visual_scene id="MaxScene">
      <node name="EnvironmentAmbientLight">
        <instance_light url="#EnvironmentAmbientLight"/>
      </node>
      <node id="node-Obj_RailKingPilotHouse" name="Obj_RailKingPilotHouse" sid="joint0" type="JOINT">
        <rotate>-1 0 0 -90</rotate>
        <extra>
          <technique profile="OpenCOLLADA">
            <cast_shadows sid="cast_shadows" type="bool">1</cast_shadows>
            <receive_shadows sid="receive_shadows" type="bool">1</receive_shadows>
            <primary_visibility sid="primary_visibility" type="bool">1</primary_visibility>
            <secondary_visibility sid="secondary_visibility" type="bool">1</secondary_visibility>
          </technique>
        </extra>
      </node>
      <node id="node-BandA_F_Mdl__M_Obj_RailKingPilotHouseBand" name="BandA_F_Mdl__M_Obj_RailKingPilotHouseBand">
        <instance_controller url="#geom-BandA_F_Mdl__M_Obj_RailKingPilotHouseBand-skin1">
          <skeleton>#node-Obj_RailKingPilotHouse</skeleton>
          <bind_material>
            <technique_common>
              <instance_material symbol="M_Obj_RailKingPilotHouseBand" target="#M_Obj_RailKingPilotHouseBand-material">
                <bind_vertex_input semantic="CHANNEL1" input_semantic="TEXCOORD" input_set="0"/>
                <bind_vertex_input semantic="CHANNEL1" input_semantic="TEXCOORD" input_set="0"/>
                <bind_vertex_input semantic="CHANNEL1" input_semantic="TEXCOORD" input_set="0"/>
                <bind_vertex_input semantic="CHANNEL1" input_semantic="TEXCOORD" input_set="0"/>
              </instance_material>
            </technique_common>
          </bind_material>
        </instance_controller>
        <extra>
          <technique profile="OpenCOLLADA">
            <cast_shadows sid="cast_shadows" type="bool">1</cast_shadows>
            <receive_shadows sid="receive_shadows" type="bool">1</receive_shadows>
            <primary_visibility sid="primary_visibility" type="bool">1</primary_visibility>
            <secondary_visibility sid="secondary_visibility" type="bool">1</secondary_visibility>
          </technique>
        </extra>
      </node>
      <node id="node-GlassB_Mdl__GlassBuffer" name="GlassB_Mdl__GlassBuffer">
        <instance_controller url="#geom-GlassB_Mdl__GlassBuffer-skin1">
          <skeleton>#node-Obj_RailKingPilotHouse</skeleton>
          <bind_material>
            <technique_common>
              <instance_material symbol="GlassBuffer" target="#GlassBuffer-material"/>
            </technique_common>
          </bind_material>
        </instance_controller>
        <extra>
          <technique profile="OpenCOLLADA">
            <cast_shadows sid="cast_shadows" type="bool">1</cast_shadows>
            <receive_shadows sid="receive_shadows" type="bool">1</receive_shadows>
            <primary_visibility sid="primary_visibility" type="bool">1</primary_visibility>
            <secondary_visibility sid="secondary_visibility" type="bool">1</secondary_visibility>
          </technique>
        </extra>
      </node>
      <node id="node-GlassF_Mdl__M_Obj_RailKingPilotHouseGlass" name="GlassF_Mdl__M_Obj_RailKingPilotHouseGlass">
        <instance_controller url="#geom-GlassF_Mdl__M_Obj_RailKingPilotHouseGlass-skin1">
          <skeleton>#node-Obj_RailKingPilotHouse</skeleton>
          <bind_material>
            <technique_common>
              <instance_material symbol="M_Obj_RailKingPilotHouseGlass" target="#M_Obj_RailKingPilotHouseGlass-material">
                <bind_vertex_input semantic="CHANNEL1" input_semantic="TEXCOORD" input_set="0"/>
                <bind_vertex_input semantic="CHANNEL1" input_semantic="TEXCOORD" input_set="0"/>
                <bind_vertex_input semantic="CHANNEL1" input_semantic="TEXCOORD" input_set="0"/>
              </instance_material>
            </technique_common>
          </bind_material>
        </instance_controller>
        <extra>
          <technique profile="OpenCOLLADA">
            <cast_shadows sid="cast_shadows" type="bool">1</cast_shadows>
            <receive_shadows sid="receive_shadows" type="bool">1</receive_shadows>
            <primary_visibility sid="primary_visibility" type="bool">1</primary_visibility>
            <secondary_visibility sid="secondary_visibility" type="bool">1</secondary_visibility>
          </technique>
        </extra>
      </node>
      <node id="node-NejiA_Mdl__M_Obj_RailKingPilotHouse" name="NejiA_Mdl__M_Obj_RailKingPilotHouse">
        <instance_controller url="#geom-NejiA_Mdl__M_Obj_RailKingPilotHouse-skin1">
          <skeleton>#node-Obj_RailKingPilotHouse</skeleton>
          <bind_material>
            <technique_common>
              <instance_material symbol="M_Obj_RailKingPilotHouse" target="#M_Obj_RailKingPilotHouse-material">
                <bind_vertex_input semantic="CHANNEL1" input_semantic="TEXCOORD" input_set="0"/>
                <bind_vertex_input semantic="CHANNEL1" input_semantic="TEXCOORD" input_set="0"/>
                <bind_vertex_input semantic="CHANNEL1" input_semantic="TEXCOORD" input_set="0"/>
                <bind_vertex_input semantic="CHANNEL1" input_semantic="TEXCOORD" input_set="0"/>
              </instance_material>
            </technique_common>
          </bind_material>
        </instance_controller>
        <extra>
          <technique profile="OpenCOLLADA">
            <cast_shadows sid="cast_shadows" type="bool">1</cast_shadows>
            <receive_shadows sid="receive_shadows" type="bool">1</receive_shadows>
            <primary_visibility sid="primary_visibility" type="bool">1</primary_visibility>
            <secondary_visibility sid="secondary_visibility" type="bool">1</secondary_visibility>
          </technique>
        </extra>
      </node>
    </visual_scene>
  </library_visual_scenes>
  <scene>
    <instance_visual_scene url="#MaxScene"/>
  </scene>
</COLLADA>