{"cameraMode":{"drawMode":0,"name":"Shaded","section":"Shading Mode"},"sceneLighting":true,"audioPlay":false,"sceneViewState":{"m_AlwaysRefresh":false,"showFog":true,"showSkybox":true,"showFlares":true,"showImageEffects":true,"showParticleSystems":true,"showVisualEffectGraphs":true,"m_FxEnabled":true},"in2DMode":false,"pivot":{"x":-3794.656494140625,"y":1512.0531005859375,"z":-3860.580322265625},"rotation":{"x":-0.03281558305025101,"y":-0.42773932218551638,"z":0.014822795987129212,"w":-0.9035215973854065},"size":178.8023681640625,"orthographic":false}