version 1
nodes
  0 "S003_shadow4"  4
  1 "bottom"  4
  2 "glass"  4
  3 "polySurface1687081"  4
  4 "ROOMITEMS025_ALL_300f"  -1
end
skeleton
time 0
  0 0.000000 0.000000 0.000000 0.000000 -0.000000 0.000000
  1 0.000000 0.841346 0.000000 0.000000 -0.000000 0.000000
  2 0.000000 0.716015 0.000000 0.000000 -0.000000 0.000000
  3 0.000000 0.000000 0.000000 0.000000 -0.000000 0.000000
  4 0.000000 0.000000 0.000000 0.000000 -0.000000 0.000000
end
triangles
..\..\..\Desktop\General\noesis\roomitem_s_kage
  0 -2.634809 0.015562 2.641221 0.000000 1.000000 0.000000 0.000000 0.000000 1 0 1.000000
  0 2.795110 0.015562 2.641221 0.000000 1.000000 0.000000 1.000000 0.000000 1 0 1.000000
  0 -2.634809 0.015562 -2.611085 0.000000 1.000000 0.000000 0.000000 1.000000 1 0 1.000000
..\..\..\Desktop\General\noesis\roomitem_s_kage
  0 -2.634809 0.015562 -2.611085 0.000000 1.000000 0.000000 0.000000 1.000000 1 0 1.000000
  0 2.795110 0.015562 2.641221 0.000000 1.000000 0.000000 1.000000 0.000000 1 0 1.000000
  0 2.795110 0.015562 -2.611085 0.000000 1.000000 0.000000 1.000000 1.000000 1 0 1.000000
..\..\..\Desktop\General\noesis\roomitems_025_sitaji
  1 0.876589 0.477340 -0.422142 0.902753 0.245642 -0.353124 0.289442 0.907378 1 1 1.000000
  1 0.606617 0.477340 -0.760675 0.660138 0.245644 -0.709843 0.430434 0.907378 1 1 1.000000
  1 0.894072 0.540613 -0.430562 0.900658 -0.037100 -0.432941 0.289442 0.930937 1 1 1.000000
..\..\..\Desktop\General\noesis\roomitems_025_sitaji
  1 0.894072 0.540613 -0.430562 0.900658 -0.037100 -0.432941 0.289442 0.930937 1 1 1.000000
  1 0.606617 0.477340 -0.760675 0.660138 0.245644 -0.709843 0.430434 0.907378 1 1 1.000000
  1 0.618717 0.540613 -0.775847 0.623620 -0.037102 -0.780847 0.430434 0.930937 1 1 1.000000
..\..\..\Desktop\General\noesis\roomitems_025_sitaji
  1 0.606617 0.477340 -0.760675 0.660138 0.245644 -0.709843 0.430434 0.907378 1 1 1.000000
  1 0.216500 0.477340 -0.948546 0.286776 0.245644 -0.925969 0.571426 0.907378 1 1 1.000000
  1 0.618717 0.540613 -0.775847 0.623620 -0.037102 -0.780847 0.430434 0.930937 1 1 1.000000
..\..\..\Desktop\General\noesis\roomitems_025_sitaji
  1 0.618717 0.540613 -0.775847 0.623620 -0.037102 -0.780847 0.430434 0.930937 1 1 1.000000
  1 0.216500 0.477340 -0.948546 0.286776 0.245644 -0.925969 0.571426 0.907378 1 1 1.000000
  1 0.220818 0.540613 -0.967466 0.223065 -0.037099 -0.974097 0.571426 0.930937 1 1 1.000000
..\..\..\Desktop\General\noesis\roomitems_025_sitaji
  1 0.216500 0.477340 -0.948546 0.286776 0.245644 -0.925969 0.571426 0.907378 1 1 1.000000
  1 -0.216499 0.477340 -0.948546 -0.143388 0.245643 -0.958697 0.711870 0.907378 1 1 1.000000
  1 0.220818 0.540613 -0.967466 0.223065 -0.037099 -0.974097 0.571426 0.930937 1 1 1.000000
..\..\..\Desktop\General\noesis\roomitems_025_sitaji
  1 0.220818 0.540613 -0.967466 0.223065 -0.037099 -0.974097 0.571426 0.930937 1 1 1.000000
  1 -0.216499 0.477340 -0.948546 -0.143388 0.245643 -0.958697 0.711870 0.907378 1 1 1.000000
  1 -0.220818 0.540613 -0.967466 -0.221671 -0.037096 -0.974416 0.711870 0.930937 1 1 1.000000
..\..\..\Desktop\General\noesis\roomitems_025_sitaji
  1 -0.216499 0.477340 -0.948546 -0.143388 0.245643 -0.958697 0.711870 0.907378 1 1 1.000000
  1 -0.606617 0.477340 -0.760675 -0.545151 0.245643 -0.801542 0.856393 0.907378 1 1 1.000000
  1 -0.220818 0.540613 -0.967466 -0.221671 -0.037096 -0.974416 0.711870 0.930937 1 1 1.000000
..\..\..\Desktop\General\noesis\roomitems_025_sitaji
  1 -0.220818 0.540613 -0.967466 -0.221671 -0.037096 -0.974416 0.711870 0.930937 1 1 1.000000
  1 -0.606617 0.477340 -0.760675 -0.545151 0.245643 -0.801542 0.856393 0.907378 1 1 1.000000
  1 -0.618717 0.540613 -0.775847 -0.622501 -0.037101 -0.781739 0.856393 0.930937 1 1 1.000000
..\..\..\Desktop\General\noesis\roomitems_025_sitaji
  1 -0.606617 0.477340 -0.760675 -0.545151 0.245643 -0.801542 0.856393 0.907378 1 1 1.000000
  1 -0.876589 0.477340 -0.422142 -0.838939 0.245644 -0.485634 0.997385 0.907378 1 1 1.000000
  1 -0.618717 0.540613 -0.775847 -0.622501 -0.037101 -0.781739 0.856393 0.930937 1 1 1.000000
..\..\..\Desktop\General\noesis\roomitems_025_sitaji
  1 -0.618717 0.540613 -0.775847 -0.622501 -0.037101 -0.781739 0.856393 0.930937 1 1 1.000000
  1 -0.876589 0.477340 -0.422142 -0.838939 0.245644 -0.485634 0.997385 0.907378 1 1 1.000000
  1 -0.894072 0.540613 -0.430562 -0.900037 -0.037105 -0.434231 0.997385 0.930937 1 1 1.000000
..\..\..\Desktop\General\noesis\roomitems_025_sitaji
  1 -0.876589 0.477340 -0.422142 -0.838939 0.245644 -0.485634 0.003896 0.653458 1 1 1.000000
  1 -0.972941 0.477340 0.000000 -0.966568 0.245639 -0.073538 0.148419 0.653458 1 1 1.000000
  1 -0.894072 0.540613 -0.430562 -0.900037 -0.037105 -0.434231 0.003896 0.677018 1 1 1.000000
..\..\..\Desktop\General\noesis\roomitems_025_sitaji
  1 -0.894072 0.540613 -0.430562 -0.900037 -0.037105 -0.434231 0.003896 0.677018 1 1 1.000000
  1 -0.972941 0.477340 0.000000 -0.966568 0.245639 -0.073538 0.148419 0.653458 1 1 1.000000
  1 -0.992347 0.540613 0.000000 -0.999311 -0.037097 -0.000714 0.148419 0.677018 1 1 1.000000
..\..\..\Desktop\General\noesis\roomitems_025_sitaji
  1 -0.972941 0.477340 0.000000 -0.966568 0.245639 -0.073538 0.148419 0.653458 1 1 1.000000
  1 -0.876589 0.477340 0.422142 -0.902753 0.245642 0.353124 0.289442 0.653458 1 1 1.000000
  1 -0.992347 0.540613 0.000000 -0.999311 -0.037097 -0.000714 0.148419 0.677018 1 1 1.000000
..\..\..\Desktop\General\noesis\roomitems_025_sitaji
  1 -0.992347 0.540613 0.000000 -0.999311 -0.037097 -0.000714 0.148419 0.677018 1 1 1.000000
  1 -0.876589 0.477340 0.422142 -0.902753 0.245642 0.353124 0.289442 0.653458 1 1 1.000000
  1 -0.894072 0.540613 0.430562 -0.900658 -0.037100 0.432941 0.289442 0.677018 1 1 1.000000
..\..\..\Desktop\General\noesis\roomitems_025_sitaji
  1 -0.876589 0.477340 0.422142 -0.902753 0.245642 0.353124 0.289442 0.653458 1 1 1.000000
  1 -0.606617 0.477340 0.760675 -0.636058 0.161950 0.754455 0.430434 0.653458 1 1 1.000000
  1 -0.894072 0.540613 0.430562 -0.900658 -0.037100 0.432941 0.289442 0.677018 1 1 1.000000
..\..\..\Desktop\General\noesis\roomitems_025_sitaji
  1 -0.894072 0.540613 0.430562 -0.900658 -0.037100 0.432941 0.289442 0.677018 1 1 1.000000
  1 -0.606617 0.477340 0.760675 -0.636058 0.161950 0.754455 0.430434 0.653458 1 1 1.000000
  1 -0.618717 0.540613 0.775847 -0.658665 0.016159 0.752263 0.430434 0.677018 1 1 1.000000
..\..\..\Desktop\General\noesis\roomitems_025_sitaji
  1 -0.618717 0.540613 0.775847 -0.658665 0.016159 0.752263 0.430434 0.677018 1 1 1.000000
  1 -0.606617 0.477340 0.760675 -0.636058 0.161950 0.754455 0.430434 0.653458 1 1 1.000000
  1 -0.220818 0.540613 0.967466 -0.253796 -0.075070 0.964340 0.571426 0.677018 1 1 1.000000
..\..\..\Desktop\General\noesis\roomitems_025_sitaji
  1 -0.220818 0.540613 0.967466 -0.253796 -0.075070 0.964340 0.571426 0.677018 1 1 1.000000
  1 -0.606617 0.477340 0.760675 -0.636058 0.161950 0.754455 0.430434 0.653458 1 1 1.000000
  1 -0.216500 0.477340 0.948546 -0.243885 0.360334 0.900377 0.571426 0.653458 1 1 1.000000
..\..\..\Desktop\General\noesis\roomitems_025_sitaji
  1 -0.216500 0.477340 0.948546 -0.243885 0.360334 0.900377 0.571426 0.653458 1 1 1.000000
  1 0.216499 0.477340 0.948546 0.143388 0.245643 0.958697 0.711870 0.653458 1 1 1.000000
  1 -0.220818 0.540613 0.967466 -0.253796 -0.075070 0.964340 0.571426 0.677018 1 1 1.000000
..\..\..\Desktop\General\noesis\roomitems_025_sitaji
  1 -0.220818 0.540613 0.967466 -0.253796 -0.075070 0.964340 0.571426 0.677018 1 1 1.000000
  1 0.216499 0.477340 0.948546 0.143388 0.245643 0.958697 0.711870 0.653458 1 1 1.000000
  1 0.220818 0.540613 0.967466 0.221671 -0.037096 0.974416 0.711870 0.677018 1 1 1.000000
..\..\..\Desktop\General\noesis\roomitems_025_sitaji
  1 0.216499 0.477340 0.948546 0.143388 0.245643 0.958697 0.711870 0.653458 1 1 1.000000
  1 0.606617 0.477340 0.760675 0.545151 0.245643 0.801542 0.856393 0.653458 1 1 1.000000
  1 0.220818 0.540613 0.967466 0.221671 -0.037096 0.974416 0.711870 0.677018 1 1 1.000000
..\..\..\Desktop\General\noesis\roomitems_025_sitaji
  1 0.220818 0.540613 0.967466 0.221671 -0.037096 0.974416 0.711870 0.677018 1 1 1.000000
  1 0.606617 0.477340 0.760675 0.545151 0.245643 0.801542 0.856393 0.653458 1 1 1.000000
  1 0.618717 0.540613 0.775847 0.622501 -0.037101 0.781739 0.856393 0.677018 1 1 1.000000
..\..\..\Desktop\General\noesis\roomitems_025_sitaji
  1 0.606617 0.477340 0.760675 0.545151 0.245643 0.801542 0.856393 0.653458 1 1 1.000000
  1 0.876589 0.477340 0.422142 0.838939 0.245644 0.485634 0.997385 0.653458 1 1 1.000000
  1 0.618717 0.540613 0.775847 0.622501 -0.037101 0.781739 0.856393 0.677018 1 1 1.000000
..\..\..\Desktop\General\noesis\roomitems_025_sitaji
  1 0.618717 0.540613 0.775847 0.622501 -0.037101 0.781739 0.856393 0.677018 1 1 1.000000
  1 0.876589 0.477340 0.422142 0.838939 0.245644 0.485634 0.997385 0.653458 1 1 1.000000
  1 0.894072 0.540613 0.430562 0.900037 -0.037105 0.434231 0.997385 0.677018 1 1 1.000000
..\..\..\Desktop\General\noesis\roomitems_025_sitaji
  1 0.876589 0.477340 0.422142 0.838939 0.245644 0.485634 0.003896 0.907378 1 1 1.000000
  1 0.972941 0.477340 0.000000 0.966568 0.245639 0.073538 0.148419 0.907378 1 1 1.000000
  1 0.894072 0.540613 0.430562 0.900037 -0.037105 0.434231 0.003896 0.930937 1 1 1.000000
..\..\..\Desktop\General\noesis\roomitems_025_sitaji
  1 0.992347 0.540613 0.000000 0.999311 -0.037097 0.000714 0.148419 0.930937 1 1 1.000000
  1 0.876589 0.477340 -0.422142 0.902753 0.245642 -0.353124 0.289442 0.907378 1 1 1.000000
  1 0.894072 0.540613 -0.430562 0.900658 -0.037100 -0.432941 0.289442 0.930937 1 1 1.000000
..\..\..\Desktop\General\noesis\roomitems_025_sitaji
  1 0.894072 0.540613 0.430562 0.900037 -0.037105 0.434231 0.003896 0.930937 1 1 1.000000
  1 0.972941 0.477340 0.000000 0.966568 0.245639 0.073538 0.148419 0.907378 1 1 1.000000
  1 0.992347 0.540613 0.000000 0.999311 -0.037097 0.000714 0.148419 0.930937 1 1 1.000000
..\..\..\Desktop\General\noesis\roomitems_025_sitaji
  1 0.972941 0.477340 0.000000 0.966568 0.245639 0.073538 0.148419 0.907378 1 1 1.000000
  1 0.876589 0.477340 -0.422142 0.902753 0.245642 -0.353124 0.289442 0.907378 1 1 1.000000
  1 0.992347 0.540613 0.000000 0.999311 -0.037097 0.000714 0.148419 0.930937 1 1 1.000000
..\..\..\Desktop\General\noesis\roomitems_025_sitaji
  1 -0.896685 0.716013 0.000000 -0.459321 0.887583 -0.034945 0.231395 0.193590 1 1 1.000000
  1 -0.807886 0.716013 0.389057 -0.306239 0.944388 0.119788 0.250237 0.111040 1 1 1.000000
  1 0.896685 0.716013 0.000000 0.327887 0.944388 0.024945 0.611879 0.193590 1 1 1.000000
..\..\..\Desktop\General\noesis\roomitems_025_sitaji
  1 0.896685 0.716013 0.000000 0.327887 0.944388 0.024945 0.611879 0.193590 1 1 1.000000
  1 -0.807886 0.716013 0.389057 -0.306239 0.944388 0.119788 0.250237 0.111040 1 1 1.000000
  1 0.807886 0.716013 0.389057 0.398670 0.887584 0.230776 0.593037 0.111040 1 1 1.000000
..\..\..\Desktop\General\noesis\roomitems_025_sitaji
  1 -0.896685 0.716013 0.000000 -0.459321 0.887583 -0.034945 0.231395 0.193590 1 1 1.000000
  1 0.896685 0.716013 0.000000 0.327887 0.944388 0.024945 0.611879 0.193590 1 1 1.000000
  1 -0.807886 0.716013 -0.389057 -0.332942 0.923041 -0.192728 0.250237 0.276140 1 1 1.000000
..\..\..\Desktop\General\noesis\roomitems_025_sitaji
  1 -0.807886 0.716013 -0.389057 -0.332942 0.923041 -0.192728 0.250237 0.276140 1 1 1.000000
  1 0.896685 0.716013 0.000000 0.327887 0.944388 0.024945 0.611879 0.193590 1 1 1.000000
  1 0.807886 0.716013 -0.389057 0.358267 0.923042 -0.140140 0.593037 0.276140 1 1 1.000000
..\..\..\Desktop\General\noesis\roomitems_025_sitaji
  1 -0.807886 0.716013 -0.389057 -0.332942 0.923041 -0.192728 0.250237 0.276140 1 1 1.000000
  1 0.807886 0.716013 -0.389057 0.358267 0.923042 -0.140140 0.593037 0.276140 1 1 1.000000
  1 -0.559074 0.716013 -0.701058 -0.216351 0.923040 -0.318104 0.303017 0.342344 1 1 1.000000
..\..\..\Desktop\General\noesis\roomitems_025_sitaji
  1 -0.559074 0.716013 -0.701058 -0.216351 0.923040 -0.318104 0.303017 0.342344 1 1 1.000000
  1 0.807886 0.716013 -0.389057 0.358267 0.923042 -0.140140 0.593037 0.276140 1 1 1.000000
  1 0.559074 0.716013 -0.701056 0.261981 0.923043 -0.281706 0.540257 0.342344 1 1 1.000000
..\..\..\Desktop\General\noesis\roomitems_025_sitaji
  1 -0.618717 0.540613 0.775847 -0.658665 0.016159 0.752263 0.430434 0.677018 1 1 1.000000
  1 -0.220818 0.540613 0.967466 -0.253796 -0.075070 0.964340 0.571426 0.677018 1 1 1.000000
  1 -0.604291 0.642351 0.757759 -0.493273 0.480279 0.725268 0.430434 0.708156 1 1 1.000000
..\..\..\Desktop\General\noesis\roomitems_025_sitaji
  1 -0.604291 0.642351 0.757759 -0.493273 0.480279 0.725268 0.430434 0.708156 1 1 1.000000
  1 -0.220818 0.540613 0.967466 -0.253796 -0.075070 0.964340 0.571426 0.677018 1 1 1.000000
  1 -0.215669 0.642351 0.944907 -0.129742 0.480280 0.867466 0.571426 0.708156 1 1 1.000000
..\..\..\Desktop\General\noesis\roomitems_025_sitaji
  1 -0.220818 0.540613 0.967466 -0.253796 -0.075070 0.964340 0.571426 0.677018 1 1 1.000000
  1 0.220818 0.540613 0.967466 0.221671 -0.037096 0.974416 0.711870 0.677018 1 1 1.000000
  1 -0.215669 0.642351 0.944907 -0.129742 0.480280 0.867466 0.571426 0.708156 1 1 1.000000
..\..\..\Desktop\General\noesis\roomitems_025_sitaji
  1 -0.873228 0.642351 0.420523 -0.759106 0.480281 0.439418 0.289442 0.708156 1 1 1.000000
  1 -0.618717 0.540613 0.775847 -0.658665 0.016159 0.752263 0.430434 0.677018 1 1 1.000000
  1 -0.604291 0.642351 0.757759 -0.493273 0.480279 0.725268 0.430434 0.708156 1 1 1.000000
..\..\..\Desktop\General\noesis\roomitems_025_sitaji
  1 -0.894072 0.540613 0.430562 -0.900658 -0.037100 0.432941 0.289442 0.677018 1 1 1.000000
  1 -0.618717 0.540613 0.775847 -0.658665 0.016159 0.752263 0.430434 0.677018 1 1 1.000000
  1 -0.873228 0.642351 0.420523 -0.759106 0.480281 0.439418 0.289442 0.708156 1 1 1.000000
..\..\..\Desktop\General\noesis\roomitems_025_sitaji
  1 -0.969208 0.642351 0.000000 -0.874584 0.480287 0.066540 0.148419 0.708156 1 1 1.000000
  1 -0.894072 0.540613 0.430562 -0.900658 -0.037100 0.432941 0.289442 0.677018 1 1 1.000000
  1 -0.873228 0.642351 0.420523 -0.759106 0.480281 0.439418 0.289442 0.708156 1 1 1.000000
..\..\..\Desktop\General\noesis\roomitems_025_sitaji
  1 -0.992347 0.540613 0.000000 -0.999311 -0.037097 -0.000714 0.148419 0.677018 1 1 1.000000
  1 -0.894072 0.540613 0.430562 -0.900658 -0.037100 0.432941 0.289442 0.677018 1 1 1.000000
  1 -0.969208 0.642351 0.000000 -0.874584 0.480287 0.066540 0.148419 0.708156 1 1 1.000000
..\..\..\Desktop\General\noesis\roomitems_025_sitaji
  1 -0.873228 0.642351 -0.420523 -0.816845 0.480285 -0.319518 0.003896 0.708156 1 1 1.000000
  1 -0.992347 0.540613 0.000000 -0.999311 -0.037097 -0.000714 0.148419 0.677018 1 1 1.000000
  1 -0.969208 0.642351 0.000000 -0.874584 0.480287 0.066540 0.148419 0.708156 1 1 1.000000
..\..\..\Desktop\General\noesis\roomitems_025_sitaji
  1 -0.894072 0.540613 -0.430562 -0.900037 -0.037105 -0.434231 0.003896 0.677018 1 1 1.000000
  1 -0.992347 0.540613 0.000000 -0.999311 -0.037097 -0.000714 0.148419 0.677018 1 1 1.000000
  1 -0.873228 0.642351 -0.420523 -0.816845 0.480285 -0.319518 0.003896 0.708156 1 1 1.000000
..\..\..\Desktop\General\noesis\roomitems_025_sitaji
  1 -0.618717 0.540613 -0.775847 -0.622501 -0.037101 -0.781739 0.856393 0.930937 1 1 1.000000
  1 -0.894072 0.540613 -0.430562 -0.900037 -0.037105 -0.434231 0.997385 0.930937 1 1 1.000000
  1 -0.604291 0.642351 -0.757759 -0.597319 0.480279 -0.642295 0.856393 0.962076 1 1 1.000000
..\..\..\Desktop\General\noesis\roomitems_025_sitaji
  1 -0.604291 0.642351 -0.757759 -0.597319 0.480279 -0.642295 0.856393 0.962076 1 1 1.000000
  1 -0.894072 0.540613 -0.430562 -0.900037 -0.037105 -0.434231 0.997385 0.930937 1 1 1.000000
  1 -0.873228 0.642351 -0.420523 -0.816845 0.480285 -0.319518 0.997385 0.962076 1 1 1.000000
..\..\..\Desktop\General\noesis\roomitems_025_sitaji
  1 -0.220818 0.540613 -0.967466 -0.221671 -0.037096 -0.974416 0.711870 0.930937 1 1 1.000000
  1 -0.618717 0.540613 -0.775847 -0.622501 -0.037101 -0.781739 0.856393 0.930937 1 1 1.000000
  1 -0.215669 0.642351 -0.944907 -0.259485 0.480279 -0.837854 0.711870 0.962076 1 1 1.000000
..\..\..\Desktop\General\noesis\roomitems_025_sitaji
  1 -0.215669 0.642351 -0.944907 -0.259485 0.480279 -0.837854 0.711870 0.962076 1 1 1.000000
  1 -0.618717 0.540613 -0.775847 -0.622501 -0.037101 -0.781739 0.856393 0.930937 1 1 1.000000
  1 -0.604291 0.642351 -0.757759 -0.597319 0.480279 -0.642295 0.856393 0.962076 1 1 1.000000
..\..\..\Desktop\General\noesis\roomitems_025_sitaji
  1 0.220818 0.540613 -0.967466 0.223065 -0.037099 -0.974097 0.571426 0.930937 1 1 1.000000
  1 -0.220818 0.540613 -0.967466 -0.221671 -0.037096 -0.974416 0.711870 0.930937 1 1 1.000000
  1 0.215669 0.642351 -0.944907 0.129742 0.480280 -0.867466 0.571426 0.962076 1 1 1.000000
..\..\..\Desktop\General\noesis\roomitems_025_sitaji
  1 0.215669 0.642351 -0.944907 0.129742 0.480280 -0.867466 0.571426 0.962076 1 1 1.000000
  1 -0.220818 0.540613 -0.967466 -0.221671 -0.037096 -0.974416 0.711870 0.930937 1 1 1.000000
  1 -0.215669 0.642351 -0.944907 -0.259485 0.480279 -0.837854 0.711870 0.962076 1 1 1.000000
..\..\..\Desktop\General\noesis\roomitems_025_sitaji
  1 0.618717 0.540613 -0.775847 0.623620 -0.037102 -0.780847 0.430434 0.930937 1 1 1.000000
  1 0.220818 0.540613 -0.967466 0.223065 -0.037099 -0.974097 0.571426 0.930937 1 1 1.000000
  1 0.604291 0.642351 -0.757759 0.493273 0.480283 -0.725266 0.430434 0.962076 1 1 1.000000
..\..\..\Desktop\General\noesis\roomitems_025_sitaji
  1 0.604291 0.642351 -0.757759 0.493273 0.480283 -0.725266 0.430434 0.962076 1 1 1.000000
  1 0.220818 0.540613 -0.967466 0.223065 -0.037099 -0.974097 0.571426 0.930937 1 1 1.000000
  1 0.215669 0.642351 -0.944907 0.129742 0.480280 -0.867466 0.571426 0.962076 1 1 1.000000
..\..\..\Desktop\General\noesis\roomitems_025_sitaji
  1 0.873228 0.642351 -0.420523 0.759105 0.480282 -0.439418 0.289442 0.962076 1 1 1.000000
  1 0.618717 0.540613 -0.775847 0.623620 -0.037102 -0.780847 0.430434 0.930937 1 1 1.000000
  1 0.604291 0.642351 -0.757759 0.493273 0.480283 -0.725266 0.430434 0.962076 1 1 1.000000
..\..\..\Desktop\General\noesis\roomitems_025_sitaji
  1 0.894072 0.540613 -0.430562 0.900658 -0.037100 -0.432941 0.289442 0.930937 1 1 1.000000
  1 0.618717 0.540613 -0.775847 0.623620 -0.037102 -0.780847 0.430434 0.930937 1 1 1.000000
  1 0.873228 0.642351 -0.420523 0.759105 0.480282 -0.439418 0.289442 0.962076 1 1 1.000000
..\..\..\Desktop\General\noesis\roomitems_025_sitaji
  1 0.992347 0.540613 0.000000 0.999311 -0.037097 0.000714 0.148419 0.930937 1 1 1.000000
  1 0.894072 0.540613 -0.430562 0.900658 -0.037100 -0.432941 0.289442 0.930937 1 1 1.000000
  1 0.969208 0.642351 0.000000 0.874584 0.480287 -0.066540 0.148419 0.962076 1 1 1.000000
..\..\..\Desktop\General\noesis\roomitems_025_sitaji
  1 0.969208 0.642351 0.000000 0.874584 0.480287 -0.066540 0.148419 0.962076 1 1 1.000000
  1 0.894072 0.540613 -0.430562 0.900658 -0.037100 -0.432941 0.289442 0.930937 1 1 1.000000
  1 0.873228 0.642351 -0.420523 0.759105 0.480282 -0.439418 0.289442 0.962076 1 1 1.000000
..\..\..\Desktop\General\noesis\roomitems_025_sitaji
  1 0.894072 0.540613 0.430562 0.900037 -0.037105 0.434231 0.003896 0.930937 1 1 1.000000
  1 0.992347 0.540613 0.000000 0.999311 -0.037097 0.000714 0.148419 0.930937 1 1 1.000000
  1 0.873228 0.642351 0.420523 0.816845 0.480285 0.319518 0.003896 0.962076 1 1 1.000000
..\..\..\Desktop\General\noesis\roomitems_025_sitaji
  1 0.873228 0.642351 0.420523 0.816845 0.480285 0.319518 0.003896 0.962076 1 1 1.000000
  1 0.992347 0.540613 0.000000 0.999311 -0.037097 0.000714 0.148419 0.930937 1 1 1.000000
  1 0.969208 0.642351 0.000000 0.874584 0.480287 -0.066540 0.148419 0.962076 1 1 1.000000
..\..\..\Desktop\General\noesis\roomitems_025_sitaji
  1 0.618717 0.540613 0.775847 0.622501 -0.037101 0.781739 0.856393 0.677018 1 1 1.000000
  1 0.894072 0.540613 0.430562 0.900037 -0.037105 0.434231 0.997385 0.677018 1 1 1.000000
  1 0.604291 0.642351 0.757759 0.597319 0.480279 0.642295 0.856393 0.708156 1 1 1.000000
..\..\..\Desktop\General\noesis\roomitems_025_sitaji
  1 0.604291 0.642351 0.757759 0.597319 0.480279 0.642295 0.856393 0.708156 1 1 1.000000
  1 0.894072 0.540613 0.430562 0.900037 -0.037105 0.434231 0.997385 0.677018 1 1 1.000000
  1 0.873228 0.642351 0.420523 0.816845 0.480285 0.319518 0.997385 0.708156 1 1 1.000000
..\..\..\Desktop\General\noesis\roomitems_025_sitaji
  1 0.220818 0.540613 0.967466 0.221671 -0.037096 0.974416 0.711870 0.677018 1 1 1.000000
  1 0.618717 0.540613 0.775847 0.622501 -0.037101 0.781739 0.856393 0.677018 1 1 1.000000
  1 0.215669 0.642351 0.944907 0.259485 0.480279 0.837854 0.711870 0.708156 1 1 1.000000
..\..\..\Desktop\General\noesis\roomitems_025_sitaji
  1 0.215669 0.642351 0.944907 0.259485 0.480279 0.837854 0.711870 0.708156 1 1 1.000000
  1 0.618717 0.540613 0.775847 0.622501 -0.037101 0.781739 0.856393 0.677018 1 1 1.000000
  1 0.604291 0.642351 0.757759 0.597319 0.480279 0.642295 0.856393 0.708156 1 1 1.000000
..\..\..\Desktop\General\noesis\roomitems_025_sitaji
  1 -0.215669 0.642351 0.944907 -0.129742 0.480280 0.867466 0.571426 0.708156 1 1 1.000000
  1 0.220818 0.540613 0.967466 0.221671 -0.037096 0.974416 0.711870 0.677018 1 1 1.000000
  1 0.215669 0.642351 0.944907 0.259485 0.480279 0.837854 0.711870 0.708156 1 1 1.000000
..\..\..\Desktop\General\noesis\roomitems_025_sitaji
  1 0.873228 0.642351 -0.420523 0.759105 0.480282 -0.439418 0.289442 0.962076 1 1 1.000000
  1 0.807886 0.716013 -0.389057 0.358267 0.923042 -0.140140 0.289442 0.995802 1 1 1.000000
  1 0.969208 0.642351 0.000000 0.874584 0.480287 -0.066540 0.148419 0.962076 1 1 1.000000
..\..\..\Desktop\General\noesis\roomitems_025_sitaji
  1 0.559074 0.716013 -0.701056 0.261981 0.923043 -0.281706 0.430434 0.995802 1 1 1.000000
  1 0.873228 0.642351 -0.420523 0.759105 0.480282 -0.439418 0.289442 0.962076 1 1 1.000000
  1 0.604291 0.642351 -0.757759 0.493273 0.480283 -0.725266 0.430434 0.962076 1 1 1.000000
..\..\..\Desktop\General\noesis\roomitems_025_sitaji
  1 0.807886 0.716013 -0.389057 0.358267 0.923042 -0.140140 0.289442 0.995802 1 1 1.000000
  1 0.873228 0.642351 -0.420523 0.759105 0.480282 -0.439418 0.289442 0.962076 1 1 1.000000
  1 0.559074 0.716013 -0.701056 0.261981 0.923043 -0.281706 0.430434 0.995802 1 1 1.000000
..\..\..\Desktop\General\noesis\roomitems_025_sitaji
  1 0.896685 0.716013 0.000000 0.327887 0.944388 0.024945 0.148419 0.995802 1 1 1.000000
  1 0.873228 0.642351 0.420523 0.816845 0.480285 0.319518 0.003896 0.962076 1 1 1.000000
  1 0.969208 0.642351 0.000000 0.874584 0.480287 -0.066540 0.148419 0.962076 1 1 1.000000
..\..\..\Desktop\General\noesis\roomitems_025_sitaji
  1 0.969208 0.642351 0.000000 0.874584 0.480287 -0.066540 0.148419 0.962076 1 1 1.000000
  1 0.807886 0.716013 -0.389057 0.358267 0.923042 -0.140140 0.289442 0.995802 1 1 1.000000
  1 0.896685 0.716013 0.000000 0.327887 0.944388 0.024945 0.148419 0.995802 1 1 1.000000
..\..\..\Desktop\General\noesis\roomitems_025_sitaji
  1 0.199532 0.716013 -0.874205 0.167625 0.823988 -0.541244 0.571426 0.995802 1 1 1.000000
  1 0.604291 0.642351 -0.757759 0.493273 0.480283 -0.725266 0.430434 0.962076 1 1 1.000000
  1 0.215669 0.642351 -0.944907 0.129742 0.480280 -0.867466 0.571426 0.962076 1 1 1.000000
..\..\..\Desktop\General\noesis\roomitems_025_sitaji
  1 0.559074 0.716013 -0.701056 0.261981 0.923043 -0.281706 0.430434 0.995802 1 1 1.000000
  1 0.604291 0.642351 -0.757759 0.493273 0.480283 -0.725266 0.430434 0.962076 1 1 1.000000
  1 0.199532 0.716013 -0.874205 0.167625 0.823988 -0.541244 0.571426 0.995802 1 1 1.000000
..\..\..\Desktop\General\noesis\roomitems_025_sitaji
  1 0.199532 0.716013 -0.874205 0.167625 0.823988 -0.541244 0.571426 0.995802 1 1 1.000000
  1 0.215669 0.642351 -0.944907 0.129742 0.480280 -0.867466 0.571426 0.962076 1 1 1.000000
  1 -0.199531 0.716013 -0.874205 -0.068140 0.887580 -0.455587 0.711870 0.995802 1 1 1.000000
..\..\..\Desktop\General\noesis\roomitems_025_sitaji
  1 -0.199531 0.716013 -0.874205 -0.068140 0.887580 -0.455587 0.711870 0.995802 1 1 1.000000
  1 0.215669 0.642351 -0.944907 0.129742 0.480280 -0.867466 0.571426 0.962076 1 1 1.000000
  1 -0.215669 0.642351 -0.944907 -0.259485 0.480279 -0.837854 0.711870 0.962076 1 1 1.000000
..\..\..\Desktop\General\noesis\roomitems_025_sitaji
  1 -0.199531 0.716013 -0.874205 -0.068140 0.887580 -0.455587 0.711870 0.995802 1 1 1.000000
  1 -0.215669 0.642351 -0.944907 -0.259485 0.480279 -0.837854 0.711870 0.962076 1 1 1.000000
  1 -0.559074 0.716013 -0.701058 -0.216351 0.923040 -0.318104 0.856393 0.995802 1 1 1.000000
..\..\..\Desktop\General\noesis\roomitems_025_sitaji
  1 -0.559074 0.716013 -0.701058 -0.216351 0.923040 -0.318104 0.856393 0.995802 1 1 1.000000
  1 -0.215669 0.642351 -0.944907 -0.259485 0.480279 -0.837854 0.711870 0.962076 1 1 1.000000
  1 -0.604291 0.642351 -0.757759 -0.597319 0.480279 -0.642295 0.856393 0.962076 1 1 1.000000
..\..\..\Desktop\General\noesis\roomitems_025_sitaji
  1 -0.807886 0.716013 -0.389057 -0.332942 0.923041 -0.192728 0.997385 0.995802 1 1 1.000000
  1 -0.604291 0.642351 -0.757759 -0.597319 0.480279 -0.642295 0.856393 0.962076 1 1 1.000000
  1 -0.873228 0.642351 -0.420523 -0.816845 0.480285 -0.319518 0.997385 0.962076 1 1 1.000000
..\..\..\Desktop\General\noesis\roomitems_025_sitaji
  1 -0.559074 0.716013 -0.701058 -0.216351 0.923040 -0.318104 0.856393 0.995802 1 1 1.000000
  1 -0.604291 0.642351 -0.757759 -0.597319 0.480279 -0.642295 0.856393 0.962076 1 1 1.000000
  1 -0.807886 0.716013 -0.389057 -0.332942 0.923041 -0.192728 0.997385 0.995802 1 1 1.000000
..\..\..\Desktop\General\noesis\roomitems_025_sitaji
  1 -0.807886 0.716013 -0.389057 -0.332942 0.923041 -0.192728 0.003896 0.741882 1 1 1.000000
  1 -0.873228 0.642351 -0.420523 -0.816845 0.480285 -0.319518 0.003896 0.708156 1 1 1.000000
  1 -0.896685 0.716013 0.000000 -0.459321 0.887583 -0.034945 0.148419 0.741882 1 1 1.000000
..\..\..\Desktop\General\noesis\roomitems_025_sitaji
  1 -0.896685 0.716013 0.000000 -0.459321 0.887583 -0.034945 0.148419 0.741882 1 1 1.000000
  1 -0.873228 0.642351 -0.420523 -0.816845 0.480285 -0.319518 0.003896 0.708156 1 1 1.000000
  1 -0.969208 0.642351 0.000000 -0.874584 0.480287 0.066540 0.148419 0.708156 1 1 1.000000
..\..\..\Desktop\General\noesis\roomitems_025_sitaji
  1 -0.807886 0.716013 0.389057 -0.306239 0.944388 0.119788 0.289442 0.741882 1 1 1.000000
  1 -0.969208 0.642351 0.000000 -0.874584 0.480287 0.066540 0.148419 0.708156 1 1 1.000000
  1 -0.873228 0.642351 0.420523 -0.759106 0.480281 0.439418 0.289442 0.708156 1 1 1.000000
..\..\..\Desktop\General\noesis\roomitems_025_sitaji
  1 -0.896685 0.716013 0.000000 -0.459321 0.887583 -0.034945 0.148419 0.741882 1 1 1.000000
  1 -0.969208 0.642351 0.000000 -0.874584 0.480287 0.066540 0.148419 0.708156 1 1 1.000000
  1 -0.807886 0.716013 0.389057 -0.306239 0.944388 0.119788 0.289442 0.741882 1 1 1.000000
..\..\..\Desktop\General\noesis\roomitems_025_sitaji
  1 -0.807886 0.716013 0.389057 -0.306239 0.944388 0.119788 0.289442 0.741882 1 1 1.000000
  1 -0.873228 0.642351 0.420523 -0.759106 0.480281 0.439418 0.289442 0.708156 1 1 1.000000
  1 -0.559074 0.716013 0.701058 -0.261984 0.923041 0.281709 0.430434 0.741882 1 1 1.000000
..\..\..\Desktop\General\noesis\roomitems_025_sitaji
  1 -0.559074 0.716013 0.701058 -0.261984 0.923041 0.281709 0.430434 0.741882 1 1 1.000000
  1 -0.873228 0.642351 0.420523 -0.759106 0.480281 0.439418 0.289442 0.708156 1 1 1.000000
  1 -0.604291 0.642351 0.757759 -0.493273 0.480279 0.725268 0.430434 0.708156 1 1 1.000000
..\..\..\Desktop\General\noesis\roomitems_025_sitaji
  1 -0.199532 0.716013 0.874205 -0.167625 0.823986 0.541248 0.571426 0.741882 1 1 1.000000
  1 -0.604291 0.642351 0.757759 -0.493273 0.480279 0.725268 0.430434 0.708156 1 1 1.000000
  1 -0.215669 0.642351 0.944907 -0.129742 0.480280 0.867466 0.571426 0.708156 1 1 1.000000
..\..\..\Desktop\General\noesis\roomitems_025_sitaji
  1 -0.559074 0.716013 0.701058 -0.261984 0.923041 0.281709 0.430434 0.741882 1 1 1.000000
  1 -0.604291 0.642351 0.757759 -0.493273 0.480279 0.725268 0.430434 0.708156 1 1 1.000000
  1 -0.199532 0.716013 0.874205 -0.167625 0.823986 0.541248 0.571426 0.741882 1 1 1.000000
..\..\..\Desktop\General\noesis\roomitems_025_sitaji
  1 0.199531 0.716013 0.874205 0.068140 0.887580 0.455587 0.711870 0.741882 1 1 1.000000
  1 -0.215669 0.642351 0.944907 -0.129742 0.480280 0.867466 0.571426 0.708156 1 1 1.000000
  1 0.215669 0.642351 0.944907 0.259485 0.480279 0.837854 0.711870 0.708156 1 1 1.000000
..\..\..\Desktop\General\noesis\roomitems_025_sitaji
  1 -0.199532 0.716013 0.874205 -0.167625 0.823986 0.541248 0.571426 0.741882 1 1 1.000000
  1 -0.215669 0.642351 0.944907 -0.129742 0.480280 0.867466 0.571426 0.708156 1 1 1.000000
  1 0.199531 0.716013 0.874205 0.068140 0.887580 0.455587 0.711870 0.741882 1 1 1.000000
..\..\..\Desktop\General\noesis\roomitems_025_sitaji
  1 0.559074 0.716013 0.701058 0.216351 0.923040 0.318104 0.856393 0.741882 1 1 1.000000
  1 0.215669 0.642351 0.944907 0.259485 0.480279 0.837854 0.711870 0.708156 1 1 1.000000
  1 0.604291 0.642351 0.757759 0.597319 0.480279 0.642295 0.856393 0.708156 1 1 1.000000
..\..\..\Desktop\General\noesis\roomitems_025_sitaji
  1 0.199531 0.716013 0.874205 0.068140 0.887580 0.455587 0.711870 0.741882 1 1 1.000000
  1 0.215669 0.642351 0.944907 0.259485 0.480279 0.837854 0.711870 0.708156 1 1 1.000000
  1 0.559074 0.716013 0.701058 0.216351 0.923040 0.318104 0.856393 0.741882 1 1 1.000000
..\..\..\Desktop\General\noesis\roomitems_025_sitaji
  1 0.559074 0.716013 0.701058 0.216351 0.923040 0.318104 0.856393 0.741882 1 1 1.000000
  1 0.604291 0.642351 0.757759 0.597319 0.480279 0.642295 0.856393 0.708156 1 1 1.000000
  1 0.807886 0.716013 0.389057 0.398670 0.887584 0.230776 0.997385 0.741882 1 1 1.000000
..\..\..\Desktop\General\noesis\roomitems_025_sitaji
  1 0.807886 0.716013 0.389057 0.398670 0.887584 0.230776 0.997385 0.741882 1 1 1.000000
  1 0.604291 0.642351 0.757759 0.597319 0.480279 0.642295 0.856393 0.708156 1 1 1.000000
  1 0.873228 0.642351 0.420523 0.816845 0.480285 0.319518 0.997385 0.708156 1 1 1.000000
..\..\..\Desktop\General\noesis\roomitems_025_sitaji
  1 0.807886 0.716013 0.389057 0.398670 0.887584 0.230776 0.003896 0.995802 1 1 1.000000
  1 0.873228 0.642351 0.420523 0.816845 0.480285 0.319518 0.003896 0.962076 1 1 1.000000
  1 0.896685 0.716013 0.000000 0.327887 0.944388 0.024945 0.148419 0.995802 1 1 1.000000
..\..\..\Desktop\General\noesis\roomitems_025_sitaji
  1 0.950071 0.238669 -0.457530 0.900401 0.255407 -0.352201 0.289442 0.828480 1 1 1.000000
  1 0.657470 0.238669 -0.824438 0.658417 0.255413 -0.707991 0.430434 0.828480 1 1 1.000000
  1 0.965371 0.317302 -0.464897 0.864247 0.052870 -0.500282 0.289442 0.852557 1 1 1.000000
..\..\..\Desktop\General\noesis\roomitems_025_sitaji
  1 0.965371 0.317302 -0.464897 0.864247 0.052870 -0.500282 0.289442 0.852557 1 1 1.000000
  1 0.657470 0.238669 -0.824438 0.658417 0.255413 -0.707991 0.430434 0.828480 1 1 1.000000
  1 0.668056 0.317302 -0.837716 0.561596 0.052868 -0.825721 0.430434 0.852557 1 1 1.000000
..\..\..\Desktop\General\noesis\roomitems_025_sitaji
  1 0.657470 0.238669 -0.824438 0.658417 0.255413 -0.707991 0.430434 0.828480 1 1 1.000000
  1 0.234648 0.238669 -1.028060 0.286028 0.255419 -0.923552 0.571426 0.828480 1 1 1.000000
  1 0.668056 0.317302 -0.837716 0.561596 0.052868 -0.825721 0.430434 0.852557 1 1 1.000000
..\..\..\Desktop\General\noesis\roomitems_025_sitaji
  1 0.668056 0.317302 -0.837716 0.561596 0.052868 -0.825721 0.430434 0.852557 1 1 1.000000
  1 0.234648 0.238669 -1.028060 0.286028 0.255419 -0.923552 0.571426 0.828480 1 1 1.000000
  1 0.238427 0.317302 -1.044615 0.147713 0.052870 -0.987616 0.571426 0.852557 1 1 1.000000
..\..\..\Desktop\General\noesis\roomitems_025_sitaji
  1 0.234648 0.238669 -1.028060 0.286028 0.255419 -0.923552 0.571426 0.828480 1 1 1.000000
  1 -0.234648 0.238669 -1.028060 -0.143014 0.255422 -0.956194 0.711870 0.828480 1 1 1.000000
  1 0.238427 0.317302 -1.044615 0.147713 0.052870 -0.987616 0.571426 0.852557 1 1 1.000000
..\..\..\Desktop\General\noesis\roomitems_025_sitaji
  1 0.238427 0.317302 -1.044615 0.147713 0.052870 -0.987616 0.571426 0.852557 1 1 1.000000
  1 -0.234648 0.238669 -1.028060 -0.143014 0.255422 -0.956194 0.711870 0.828480 1 1 1.000000
  1 -0.238427 0.317302 -1.044615 -0.295427 0.052869 -0.953902 0.711870 0.852557 1 1 1.000000
..\..\..\Desktop\General\noesis\roomitems_025_sitaji
  1 -0.234648 0.238669 -1.028060 -0.143014 0.255422 -0.956194 0.711870 0.828480 1 1 1.000000
  1 -0.657470 0.238669 -0.824438 -0.543729 0.255417 -0.799450 0.856393 0.828480 1 1 1.000000
  1 -0.238427 0.317302 -1.044615 -0.295427 0.052869 -0.953902 0.711870 0.852557 1 1 1.000000
..\..\..\Desktop\General\noesis\roomitems_025_sitaji
  1 -0.238427 0.317302 -1.044615 -0.295427 0.052869 -0.953902 0.711870 0.852557 1 1 1.000000
  1 -0.657470 0.238669 -0.824438 -0.543729 0.255417 -0.799450 0.856393 0.828480 1 1 1.000000
  1 -0.668056 0.317302 -0.837716 -0.680051 0.052868 -0.731256 0.856393 0.852557 1 1 1.000000
..\..\..\Desktop\General\noesis\roomitems_025_sitaji
  1 -0.657470 0.238669 -0.824438 -0.543729 0.255417 -0.799450 0.856393 0.828480 1 1 1.000000
  1 -0.950071 0.238669 -0.457530 -0.836753 0.255410 -0.484366 0.997385 0.828480 1 1 1.000000
  1 -0.668056 0.317302 -0.837716 -0.680051 0.052868 -0.731256 0.856393 0.852557 1 1 1.000000
..\..\..\Desktop\General\noesis\roomitems_025_sitaji
  1 -0.668056 0.317302 -0.837716 -0.680051 0.052868 -0.731256 0.856393 0.852557 1 1 1.000000
  1 -0.950071 0.238669 -0.457530 -0.836753 0.255410 -0.484366 0.997385 0.828480 1 1 1.000000
  1 -0.965371 0.317302 -0.464897 -0.929986 0.052868 -0.363774 0.997385 0.852557 1 1 1.000000
..\..\..\Desktop\General\noesis\roomitems_025_sitaji
  1 -0.950071 0.238669 -0.457530 -0.836753 0.255410 -0.484366 0.003896 0.574591 1 1 1.000000
  1 -1.054497 0.238669 0.000000 -0.964048 0.255407 -0.073345 0.148419 0.574591 1 1 1.000000
  1 -0.965371 0.317302 -0.464897 -0.929986 0.052868 -0.363774 0.003896 0.598638 1 1 1.000000
..\..\..\Desktop\General\noesis\roomitems_025_sitaji
  1 -0.965371 0.317302 -0.464897 -0.929986 0.052868 -0.363774 0.003896 0.598638 1 1 1.000000
  1 -1.054497 0.238669 0.000000 -0.964048 0.255407 -0.073345 0.148419 0.574591 1 1 1.000000
  1 -1.071479 0.317302 0.000000 -0.995724 0.052865 0.075755 0.148419 0.598638 1 1 1.000000
..\..\..\Desktop\General\noesis\roomitems_025_sitaji
  1 -1.054497 0.238669 0.000000 -0.964048 0.255407 -0.073345 0.148419 0.574591 1 1 1.000000
  1 -0.950071 0.238669 0.457530 -0.900399 0.255415 0.352200 0.289442 0.574591 1 1 1.000000
  1 -1.071479 0.317302 0.000000 -0.995724 0.052865 0.075755 0.148419 0.598638 1 1 1.000000
..\..\..\Desktop\General\noesis\roomitems_025_sitaji
  1 -1.071479 0.317302 0.000000 -0.995724 0.052865 0.075755 0.148419 0.598638 1 1 1.000000
  1 -0.950071 0.238669 0.457530 -0.900399 0.255415 0.352200 0.289442 0.574591 1 1 1.000000
  1 -0.965371 0.317302 0.464897 -0.864247 0.052870 0.500282 0.289442 0.598638 1 1 1.000000
..\..\..\Desktop\General\noesis\roomitems_025_sitaji
  1 -0.950071 0.238669 0.457530 -0.900399 0.255415 0.352200 0.289442 0.574591 1 1 1.000000
  1 -0.657470 0.238669 0.824438 -0.658416 0.255416 0.707991 0.430434 0.574591 1 1 1.000000
  1 -0.965371 0.317302 0.464897 -0.864247 0.052870 0.500282 0.289442 0.598638 1 1 1.000000
..\..\..\Desktop\General\noesis\roomitems_025_sitaji
  1 -0.965371 0.317302 0.464897 -0.864247 0.052870 0.500282 0.289442 0.598638 1 1 1.000000
  1 -0.657470 0.238669 0.824438 -0.658416 0.255416 0.707991 0.430434 0.574591 1 1 1.000000
  1 -0.668056 0.317302 0.837716 -0.561596 0.052868 0.825721 0.430434 0.598638 1 1 1.000000
..\..\..\Desktop\General\noesis\roomitems_025_sitaji
  1 -0.657470 0.238669 0.824438 -0.658416 0.255416 0.707991 0.430434 0.574591 1 1 1.000000
  1 -0.234648 0.238669 1.028060 -0.286028 0.255419 0.923552 0.571426 0.574591 1 1 1.000000
  1 -0.668056 0.317302 0.837716 -0.561596 0.052868 0.825721 0.430434 0.598638 1 1 1.000000
..\..\..\Desktop\General\noesis\roomitems_025_sitaji
  1 -0.668056 0.317302 0.837716 -0.561596 0.052868 0.825721 0.430434 0.598638 1 1 1.000000
  1 -0.234648 0.238669 1.028060 -0.286028 0.255419 0.923552 0.571426 0.574591 1 1 1.000000
  1 -0.238427 0.317302 1.044615 -0.147713 0.052870 0.987616 0.571426 0.598638 1 1 1.000000
..\..\..\Desktop\General\noesis\roomitems_025_sitaji
  1 -0.234648 0.238669 1.028060 -0.286028 0.255419 0.923552 0.571426 0.574591 1 1 1.000000
  1 0.234648 0.238669 1.028060 0.143014 0.255422 0.956194 0.711870 0.574591 1 1 1.000000
  1 -0.238427 0.317302 1.044615 -0.147713 0.052870 0.987616 0.571426 0.598638 1 1 1.000000
..\..\..\Desktop\General\noesis\roomitems_025_sitaji
  1 -0.238427 0.317302 1.044615 -0.147713 0.052870 0.987616 0.571426 0.598638 1 1 1.000000
  1 0.234648 0.238669 1.028060 0.143014 0.255422 0.956194 0.711870 0.574591 1 1 1.000000
  1 0.238427 0.317302 1.044615 0.295427 0.052869 0.953902 0.711870 0.598638 1 1 1.000000
..\..\..\Desktop\General\noesis\roomitems_025_sitaji
  1 0.234648 0.238669 1.028060 0.143014 0.255422 0.956194 0.711870 0.574591 1 1 1.000000
  1 0.657470 0.238669 0.824438 0.543729 0.255417 0.799450 0.856393 0.574591 1 1 1.000000
  1 0.238427 0.317302 1.044615 0.295427 0.052869 0.953902 0.711870 0.598638 1 1 1.000000
..\..\..\Desktop\General\noesis\roomitems_025_sitaji
  1 0.238427 0.317302 1.044615 0.295427 0.052869 0.953902 0.711870 0.598638 1 1 1.000000
  1 0.657470 0.238669 0.824438 0.543729 0.255417 0.799450 0.856393 0.574591 1 1 1.000000
  1 0.668056 0.317302 0.837716 0.680051 0.052868 0.731256 0.856393 0.598638 1 1 1.000000
..\..\..\Desktop\General\noesis\roomitems_025_sitaji
  1 0.657470 0.238669 0.824438 0.543729 0.255417 0.799450 0.856393 0.574591 1 1 1.000000
  1 0.950071 0.238669 0.457530 0.836753 0.255410 0.484366 0.997385 0.574591 1 1 1.000000
  1 0.668056 0.317302 0.837716 0.680051 0.052868 0.731256 0.856393 0.598638 1 1 1.000000
..\..\..\Desktop\General\noesis\roomitems_025_sitaji
  1 0.668056 0.317302 0.837716 0.680051 0.052868 0.731256 0.856393 0.598638 1 1 1.000000
  1 0.950071 0.238669 0.457530 0.836753 0.255410 0.484366 0.997385 0.574591 1 1 1.000000
  1 0.965371 0.317302 0.464897 0.929986 0.052868 0.363774 0.997385 0.598638 1 1 1.000000
..\..\..\Desktop\General\noesis\roomitems_025_sitaji
  1 0.950071 0.238669 0.457530 0.836753 0.255410 0.484366 0.003896 0.828480 1 1 1.000000
  1 1.054497 0.238669 0.000000 0.964048 0.255407 0.073345 0.148419 0.828480 1 1 1.000000
  1 0.965371 0.317302 0.464897 0.929986 0.052868 0.363774 0.003896 0.852557 1 1 1.000000
..\..\..\Desktop\General\noesis\roomitems_025_sitaji
  1 1.071479 0.317302 0.000000 0.995724 0.052865 -0.075755 0.148419 0.852557 1 1 1.000000
  1 0.950071 0.238669 -0.457530 0.900401 0.255407 -0.352201 0.289442 0.828480 1 1 1.000000
  1 0.965371 0.317302 -0.464897 0.864247 0.052870 -0.500282 0.289442 0.852557 1 1 1.000000
..\..\..\Desktop\General\noesis\roomitems_025_sitaji
  1 0.965371 0.317302 0.464897 0.929986 0.052868 0.363774 0.003896 0.852557 1 1 1.000000
  1 1.054497 0.238669 0.000000 0.964048 0.255407 0.073345 0.148419 0.828480 1 1 1.000000
  1 1.071479 0.317302 0.000000 0.995724 0.052865 -0.075755 0.148419 0.852557 1 1 1.000000
..\..\..\Desktop\General\noesis\roomitems_025_sitaji
  1 1.054497 0.238669 0.000000 0.964048 0.255407 0.073345 0.148419 0.828480 1 1 1.000000
  1 0.950071 0.238669 -0.457530 0.900401 0.255407 -0.352201 0.289442 0.828480 1 1 1.000000
  1 1.071479 0.317302 0.000000 0.995724 0.052865 -0.075755 0.148419 0.852557 1 1 1.000000
..\..\..\Desktop\General\noesis\roomitems_025_sitaji
  1 0.876589 0.477340 -0.422142 0.902753 0.245642 -0.353124 0.289442 0.907378 1 1 1.000000
  1 0.937908 0.409769 -0.451674 0.769751 0.526863 -0.360414 0.289442 0.880835 1 1 1.000000
  1 0.606617 0.477340 -0.760675 0.660138 0.245644 -0.709843 0.430434 0.907378 1 1 1.000000
..\..\..\Desktop\General\noesis\roomitems_025_sitaji
  1 0.937908 0.409769 -0.451674 0.769751 0.526863 -0.360414 0.289442 0.880835 1 1 1.000000
  1 1.071479 0.317302 0.000000 0.995724 0.052865 -0.075755 0.148419 0.852557 1 1 1.000000
  1 0.965371 0.317302 -0.464897 0.864247 0.052870 -0.500282 0.289442 0.852557 1 1 1.000000
..\..\..\Desktop\General\noesis\roomitems_025_sitaji
  1 0.937908 0.409769 -0.451674 0.769751 0.526863 -0.360414 0.289442 0.880835 1 1 1.000000
  1 0.965371 0.317302 -0.464897 0.864247 0.052870 -0.500282 0.289442 0.852557 1 1 1.000000
  1 0.649051 0.409769 -0.813886 0.537144 0.526861 -0.658706 0.430434 0.880835 1 1 1.000000
..\..\..\Desktop\General\noesis\roomitems_025_sitaji
  1 0.649051 0.409769 -0.813886 0.537144 0.526861 -0.658706 0.430434 0.880835 1 1 1.000000
  1 0.965371 0.317302 -0.464897 0.864247 0.052870 -0.500282 0.289442 0.852557 1 1 1.000000
  1 0.668056 0.317302 -0.837716 0.561596 0.052868 -0.825721 0.430434 0.852557 1 1 1.000000
..\..\..\Desktop\General\noesis\roomitems_025_sitaji
  1 0.606617 0.477340 -0.760675 0.660138 0.245644 -0.709843 0.430434 0.907378 1 1 1.000000
  1 0.649051 0.409769 -0.813886 0.537144 0.526861 -0.658706 0.430434 0.880835 1 1 1.000000
  1 0.216500 0.477340 -0.948546 0.286776 0.245644 -0.925969 0.571426 0.907378 1 1 1.000000
..\..\..\Desktop\General\noesis\roomitems_025_sitaji
  1 0.606617 0.477340 -0.760675 0.660138 0.245644 -0.709843 0.430434 0.907378 1 1 1.000000
  1 0.937908 0.409769 -0.451674 0.769751 0.526863 -0.360414 0.289442 0.880835 1 1 1.000000
  1 0.649051 0.409769 -0.813886 0.537144 0.526861 -0.658706 0.430434 0.880835 1 1 1.000000
..\..\..\Desktop\General\noesis\roomitems_025_sitaji
  1 1.040999 0.409769 0.000000 0.849902 0.526859 0.009260 0.148419 0.880835 1 1 1.000000
  1 0.965371 0.317302 0.464897 0.929986 0.052868 0.363774 0.003896 0.852557 1 1 1.000000
  1 1.071479 0.317302 0.000000 0.995724 0.052865 -0.075755 0.148419 0.852557 1 1 1.000000
..\..\..\Desktop\General\noesis\roomitems_025_sitaji
  1 0.937908 0.409769 -0.451674 0.769751 0.526863 -0.360414 0.289442 0.880835 1 1 1.000000
  1 0.876589 0.477340 -0.422142 0.902753 0.245642 -0.353124 0.289442 0.907378 1 1 1.000000
  1 1.040999 0.409769 0.000000 0.849902 0.526859 0.009260 0.148419 0.880835 1 1 1.000000
..\..\..\Desktop\General\noesis\roomitems_025_sitaji
  1 1.040999 0.409769 0.000000 0.849902 0.526859 0.009260 0.148419 0.880835 1 1 1.000000
  1 1.071479 0.317302 0.000000 0.995724 0.052865 -0.075755 0.148419 0.852557 1 1 1.000000
  1 0.937908 0.409769 -0.451674 0.769751 0.526863 -0.360414 0.289442 0.880835 1 1 1.000000
..\..\..\Desktop\General\noesis\roomitems_025_sitaji
  1 1.040999 0.409769 0.000000 0.849902 0.526859 0.009260 0.148419 0.880835 1 1 1.000000
  1 0.876589 0.477340 -0.422142 0.902753 0.245642 -0.353124 0.289442 0.907378 1 1 1.000000
  1 0.972941 0.477340 0.000000 0.966568 0.245639 0.073538 0.148419 0.907378 1 1 1.000000
..\..\..\Desktop\General\noesis\roomitems_025_sitaji
  1 0.216500 0.477340 -0.948546 0.286776 0.245644 -0.925969 0.571426 0.907378 1 1 1.000000
  1 0.231644 0.409769 -1.014899 0.198150 0.526861 -0.826532 0.571426 0.880835 1 1 1.000000
  1 -0.216499 0.477340 -0.948546 -0.143388 0.245643 -0.958697 0.711870 0.907378 1 1 1.000000
..\..\..\Desktop\General\noesis\roomitems_025_sitaji
  1 0.216500 0.477340 -0.948546 0.286776 0.245644 -0.925969 0.571426 0.907378 1 1 1.000000
  1 0.649051 0.409769 -0.813886 0.537144 0.526861 -0.658706 0.430434 0.880835 1 1 1.000000
  1 0.231644 0.409769 -1.014899 0.198150 0.526861 -0.826532 0.571426 0.880835 1 1 1.000000
..\..\..\Desktop\General\noesis\roomitems_025_sitaji
  1 0.231644 0.409769 -1.014899 0.198150 0.526861 -0.826532 0.571426 0.880835 1 1 1.000000
  1 0.668056 0.317302 -0.837716 0.561596 0.052868 -0.825721 0.430434 0.852557 1 1 1.000000
  1 0.238427 0.317302 -1.044615 0.147713 0.052870 -0.987616 0.571426 0.852557 1 1 1.000000
..\..\..\Desktop\General\noesis\roomitems_025_sitaji
  1 0.649051 0.409769 -0.813886 0.537144 0.526861 -0.658706 0.430434 0.880835 1 1 1.000000
  1 0.668056 0.317302 -0.837716 0.561596 0.052868 -0.825721 0.430434 0.852557 1 1 1.000000
  1 0.231644 0.409769 -1.014899 0.198150 0.526861 -0.826532 0.571426 0.880835 1 1 1.000000
..\..\..\Desktop\General\noesis\roomitems_025_sitaji
  1 -0.216499 0.477340 -0.948546 -0.143388 0.245643 -0.958697 0.711870 0.907378 1 1 1.000000
  1 0.231644 0.409769 -1.014899 0.198150 0.526861 -0.826532 0.571426 0.880835 1 1 1.000000
  1 -0.231644 0.409769 -1.014899 -0.180093 0.526860 -0.830653 0.711870 0.880835 1 1 1.000000
..\..\..\Desktop\General\noesis\roomitems_025_sitaji
  1 -0.231644 0.409769 -1.014899 -0.180093 0.526860 -0.830653 0.711870 0.880835 1 1 1.000000
  1 0.238427 0.317302 -1.044615 0.147713 0.052870 -0.987616 0.571426 0.852557 1 1 1.000000
  1 -0.238427 0.317302 -1.044615 -0.295427 0.052869 -0.953902 0.711870 0.852557 1 1 1.000000
..\..\..\Desktop\General\noesis\roomitems_025_sitaji
  1 0.231644 0.409769 -1.014899 0.198150 0.526861 -0.826532 0.571426 0.880835 1 1 1.000000
  1 0.238427 0.317302 -1.044615 0.147713 0.052870 -0.987616 0.571426 0.852557 1 1 1.000000
  1 -0.231644 0.409769 -1.014899 -0.180093 0.526860 -0.830653 0.711870 0.880835 1 1 1.000000
..\..\..\Desktop\General\noesis\roomitems_025_sitaji
  1 -0.216499 0.477340 -0.948546 -0.143388 0.245643 -0.958697 0.711870 0.907378 1 1 1.000000
  1 -0.231644 0.409769 -1.014899 -0.180093 0.526860 -0.830653 0.711870 0.880835 1 1 1.000000
  1 -0.606617 0.477340 -0.760675 -0.545151 0.245643 -0.801542 0.856393 0.907378 1 1 1.000000
..\..\..\Desktop\General\noesis\roomitems_025_sitaji
  1 -0.649051 0.409769 -0.813886 -0.522663 0.526862 -0.670253 0.856393 0.880835 1 1 1.000000
  1 -0.238427 0.317302 -1.044615 -0.295427 0.052869 -0.953902 0.711870 0.852557 1 1 1.000000
  1 -0.668056 0.317302 -0.837716 -0.680051 0.052868 -0.731256 0.856393 0.852557 1 1 1.000000
..\..\..\Desktop\General\noesis\roomitems_025_sitaji
  1 -0.606617 0.477340 -0.760675 -0.545151 0.245643 -0.801542 0.856393 0.907378 1 1 1.000000
  1 -0.649051 0.409769 -0.813886 -0.522663 0.526862 -0.670253 0.856393 0.880835 1 1 1.000000
  1 -0.876589 0.477340 -0.422142 -0.838939 0.245644 -0.485634 0.997385 0.907378 1 1 1.000000
..\..\..\Desktop\General\noesis\roomitems_025_sitaji
  1 -0.606617 0.477340 -0.760675 -0.545151 0.245643 -0.801542 0.856393 0.907378 1 1 1.000000
  1 -0.231644 0.409769 -1.014899 -0.180093 0.526860 -0.830653 0.711870 0.880835 1 1 1.000000
  1 -0.649051 0.409769 -0.813886 -0.522663 0.526862 -0.670253 0.856393 0.880835 1 1 1.000000
..\..\..\Desktop\General\noesis\roomitems_025_sitaji
  1 -0.231644 0.409769 -1.014899 -0.180093 0.526860 -0.830653 0.711870 0.880835 1 1 1.000000
  1 -0.238427 0.317302 -1.044615 -0.295427 0.052869 -0.953902 0.711870 0.852557 1 1 1.000000
  1 -0.649051 0.409769 -0.813886 -0.522663 0.526862 -0.670253 0.856393 0.880835 1 1 1.000000
..\..\..\Desktop\General\noesis\roomitems_025_sitaji
  1 -0.876589 0.477340 -0.422142 -0.838939 0.245644 -0.485634 0.997385 0.907378 1 1 1.000000
  1 -0.649051 0.409769 -0.813886 -0.522663 0.526862 -0.670253 0.856393 0.880835 1 1 1.000000
  1 -0.937908 0.409769 -0.451674 -0.761714 0.526864 -0.377102 0.997385 0.880835 1 1 1.000000
..\..\..\Desktop\General\noesis\roomitems_025_sitaji
  1 -0.649051 0.409769 -0.813886 -0.522663 0.526862 -0.670253 0.856393 0.880835 1 1 1.000000
  1 -0.668056 0.317302 -0.837716 -0.680051 0.052868 -0.731256 0.856393 0.852557 1 1 1.000000
  1 -0.937908 0.409769 -0.451674 -0.761714 0.526864 -0.377102 0.997385 0.880835 1 1 1.000000
..\..\..\Desktop\General\noesis\roomitems_025_sitaji
  1 -0.937908 0.409769 -0.451674 -0.761714 0.526864 -0.377102 0.997385 0.880835 1 1 1.000000
  1 -0.668056 0.317302 -0.837716 -0.680051 0.052868 -0.731256 0.856393 0.852557 1 1 1.000000
  1 -0.965371 0.317302 -0.464897 -0.929986 0.052868 -0.363774 0.997385 0.852557 1 1 1.000000
..\..\..\Desktop\General\noesis\roomitems_025_sitaji
  1 -0.876589 0.477340 -0.422142 -0.838939 0.245644 -0.485634 0.003896 0.653458 1 1 1.000000
  1 -0.937908 0.409769 -0.451674 -0.761714 0.526864 -0.377102 0.003896 0.626946 1 1 1.000000
  1 -0.972941 0.477340 0.000000 -0.966568 0.245639 -0.073538 0.148419 0.653458 1 1 1.000000
..\..\..\Desktop\General\noesis\roomitems_025_sitaji
  1 -0.972941 0.477340 0.000000 -0.966568 0.245639 -0.073538 0.148419 0.653458 1 1 1.000000
  1 -1.040999 0.409769 0.000000 -0.849902 0.526859 -0.009260 0.148419 0.626946 1 1 1.000000
  1 -0.876589 0.477340 0.422142 -0.902753 0.245642 0.353124 0.289442 0.653458 1 1 1.000000
..\..\..\Desktop\General\noesis\roomitems_025_sitaji
  1 -0.937908 0.409769 -0.451674 -0.761714 0.526864 -0.377102 0.003896 0.626946 1 1 1.000000
  1 -0.965371 0.317302 -0.464897 -0.929986 0.052868 -0.363774 0.003896 0.598638 1 1 1.000000
  1 -1.040999 0.409769 0.000000 -0.849902 0.526859 -0.009260 0.148419 0.626946 1 1 1.000000
..\..\..\Desktop\General\noesis\roomitems_025_sitaji
  1 -0.972941 0.477340 0.000000 -0.966568 0.245639 -0.073538 0.148419 0.653458 1 1 1.000000
  1 -0.937908 0.409769 -0.451674 -0.761714 0.526864 -0.377102 0.003896 0.626946 1 1 1.000000
  1 -1.040999 0.409769 0.000000 -0.849902 0.526859 -0.009260 0.148419 0.626946 1 1 1.000000
..\..\..\Desktop\General\noesis\roomitems_025_sitaji
  1 -1.040999 0.409769 0.000000 -0.849902 0.526859 -0.009260 0.148419 0.626946 1 1 1.000000
  1 -0.965371 0.317302 -0.464897 -0.929986 0.052868 -0.363774 0.003896 0.598638 1 1 1.000000
  1 -1.071479 0.317302 0.000000 -0.995724 0.052865 0.075755 0.148419 0.598638 1 1 1.000000
..\..\..\Desktop\General\noesis\roomitems_025_sitaji
  1 -1.040999 0.409769 0.000000 -0.849902 0.526859 -0.009260 0.148419 0.626946 1 1 1.000000
  1 -1.071479 0.317302 0.000000 -0.995724 0.052865 0.075755 0.148419 0.598638 1 1 1.000000
  1 -0.937908 0.409769 0.451674 -0.769751 0.526863 0.360414 0.289442 0.626946 1 1 1.000000
..\..\..\Desktop\General\noesis\roomitems_025_sitaji
  1 -0.876589 0.477340 0.422142 -0.902753 0.245642 0.353124 0.289442 0.653458 1 1 1.000000
  1 -0.937908 0.409769 0.451674 -0.769751 0.526863 0.360414 0.289442 0.626946 1 1 1.000000
  1 -0.606617 0.477340 0.760675 -0.636058 0.161950 0.754455 0.430434 0.653458 1 1 1.000000
..\..\..\Desktop\General\noesis\roomitems_025_sitaji
  1 -0.876589 0.477340 0.422142 -0.902753 0.245642 0.353124 0.289442 0.653458 1 1 1.000000
  1 -1.040999 0.409769 0.000000 -0.849902 0.526859 -0.009260 0.148419 0.626946 1 1 1.000000
  1 -0.937908 0.409769 0.451674 -0.769751 0.526863 0.360414 0.289442 0.626946 1 1 1.000000
..\..\..\Desktop\General\noesis\roomitems_025_sitaji
  1 -0.937908 0.409769 0.451674 -0.769751 0.526863 0.360414 0.289442 0.626946 1 1 1.000000
  1 -1.071479 0.317302 0.000000 -0.995724 0.052865 0.075755 0.148419 0.598638 1 1 1.000000
  1 -0.965371 0.317302 0.464897 -0.864247 0.052870 0.500282 0.289442 0.598638 1 1 1.000000
..\..\..\Desktop\General\noesis\roomitems_025_sitaji
  1 -0.937908 0.409769 0.451674 -0.769751 0.526863 0.360414 0.289442 0.626946 1 1 1.000000
  1 -0.965371 0.317302 0.464897 -0.864247 0.052870 0.500282 0.289442 0.598638 1 1 1.000000
  1 -0.649051 0.409769 0.813886 -0.537144 0.526861 0.658706 0.430434 0.626946 1 1 1.000000
..\..\..\Desktop\General\noesis\roomitems_025_sitaji
  1 -0.606617 0.477340 0.760675 -0.636058 0.161950 0.754455 0.430434 0.653458 1 1 1.000000
  1 -0.937908 0.409769 0.451674 -0.769751 0.526863 0.360414 0.289442 0.626946 1 1 1.000000
  1 -0.649051 0.409769 0.813886 -0.537144 0.526861 0.658706 0.430434 0.626946 1 1 1.000000
..\..\..\Desktop\General\noesis\roomitems_025_sitaji
  1 -0.606617 0.477340 0.760675 -0.636058 0.161950 0.754455 0.430434 0.653458 1 1 1.000000
  1 -0.649051 0.409769 0.813886 -0.537144 0.526861 0.658706 0.430434 0.626946 1 1 1.000000
  1 -0.216500 0.477340 0.948546 -0.243885 0.360334 0.900377 0.571426 0.653458 1 1 1.000000
..\..\..\Desktop\General\noesis\roomitems_025_sitaji
  1 -0.649051 0.409769 0.813886 -0.537144 0.526861 0.658706 0.430434 0.626946 1 1 1.000000
  1 -0.965371 0.317302 0.464897 -0.864247 0.052870 0.500282 0.289442 0.598638 1 1 1.000000
  1 -0.668056 0.317302 0.837716 -0.561596 0.052868 0.825721 0.430434 0.598638 1 1 1.000000
..\..\..\Desktop\General\noesis\roomitems_025_sitaji
  1 -0.216500 0.477340 0.948546 -0.243885 0.360334 0.900377 0.571426 0.653458 1 1 1.000000
  1 -0.231644 0.409769 1.014899 -0.198150 0.526861 0.826532 0.571426 0.626946 1 1 1.000000
  1 0.216499 0.477340 0.948546 0.143388 0.245643 0.958697 0.711870 0.653458 1 1 1.000000
..\..\..\Desktop\General\noesis\roomitems_025_sitaji
  1 -0.216500 0.477340 0.948546 -0.243885 0.360334 0.900377 0.571426 0.653458 1 1 1.000000
  1 -0.649051 0.409769 0.813886 -0.537144 0.526861 0.658706 0.430434 0.626946 1 1 1.000000
  1 -0.231644 0.409769 1.014899 -0.198150 0.526861 0.826532 0.571426 0.626946 1 1 1.000000
..\..\..\Desktop\General\noesis\roomitems_025_sitaji
  1 -0.231644 0.409769 1.014899 -0.198150 0.526861 0.826532 0.571426 0.626946 1 1 1.000000
  1 -0.668056 0.317302 0.837716 -0.561596 0.052868 0.825721 0.430434 0.598638 1 1 1.000000
  1 -0.238427 0.317302 1.044615 -0.147713 0.052870 0.987616 0.571426 0.598638 1 1 1.000000
..\..\..\Desktop\General\noesis\roomitems_025_sitaji
  1 -0.649051 0.409769 0.813886 -0.537144 0.526861 0.658706 0.430434 0.626946 1 1 1.000000
  1 -0.668056 0.317302 0.837716 -0.561596 0.052868 0.825721 0.430434 0.598638 1 1 1.000000
  1 -0.231644 0.409769 1.014899 -0.198150 0.526861 0.826532 0.571426 0.626946 1 1 1.000000
..\..\..\Desktop\General\noesis\roomitems_025_sitaji
  1 0.216499 0.477340 0.948546 0.143388 0.245643 0.958697 0.711870 0.653458 1 1 1.000000
  1 -0.231644 0.409769 1.014899 -0.198150 0.526861 0.826532 0.571426 0.626946 1 1 1.000000
  1 0.231644 0.409769 1.014899 0.180093 0.526860 0.830653 0.711870 0.626946 1 1 1.000000
..\..\..\Desktop\General\noesis\roomitems_025_sitaji
  1 0.216499 0.477340 0.948546 0.143388 0.245643 0.958697 0.711870 0.653458 1 1 1.000000
  1 0.231644 0.409769 1.014899 0.180093 0.526860 0.830653 0.711870 0.626946 1 1 1.000000
  1 0.606617 0.477340 0.760675 0.545151 0.245643 0.801542 0.856393 0.653458 1 1 1.000000
..\..\..\Desktop\General\noesis\roomitems_025_sitaji
  1 -0.231644 0.409769 1.014899 -0.198150 0.526861 0.826532 0.571426 0.626946 1 1 1.000000
  1 -0.238427 0.317302 1.044615 -0.147713 0.052870 0.987616 0.571426 0.598638 1 1 1.000000
  1 0.231644 0.409769 1.014899 0.180093 0.526860 0.830653 0.711870 0.626946 1 1 1.000000
..\..\..\Desktop\General\noesis\roomitems_025_sitaji
  1 0.231644 0.409769 1.014899 0.180093 0.526860 0.830653 0.711870 0.626946 1 1 1.000000
  1 -0.238427 0.317302 1.044615 -0.147713 0.052870 0.987616 0.571426 0.598638 1 1 1.000000
  1 0.238427 0.317302 1.044615 0.295427 0.052869 0.953902 0.711870 0.598638 1 1 1.000000
..\..\..\Desktop\General\noesis\roomitems_025_sitaji
  1 0.606617 0.477340 0.760675 0.545151 0.245643 0.801542 0.856393 0.653458 1 1 1.000000
  1 0.231644 0.409769 1.014899 0.180093 0.526860 0.830653 0.711870 0.626946 1 1 1.000000
  1 0.649051 0.409769 0.813886 0.522663 0.526862 0.670253 0.856393 0.626946 1 1 1.000000
..\..\..\Desktop\General\noesis\roomitems_025_sitaji
  1 0.649051 0.409769 0.813886 0.522663 0.526862 0.670253 0.856393 0.626946 1 1 1.000000
  1 0.238427 0.317302 1.044615 0.295427 0.052869 0.953902 0.711870 0.598638 1 1 1.000000
  1 0.668056 0.317302 0.837716 0.680051 0.052868 0.731256 0.856393 0.598638 1 1 1.000000
..\..\..\Desktop\General\noesis\roomitems_025_sitaji
  1 0.231644 0.409769 1.014899 0.180093 0.526860 0.830653 0.711870 0.626946 1 1 1.000000
  1 0.238427 0.317302 1.044615 0.295427 0.052869 0.953902 0.711870 0.598638 1 1 1.000000
  1 0.649051 0.409769 0.813886 0.522663 0.526862 0.670253 0.856393 0.626946 1 1 1.000000
..\..\..\Desktop\General\noesis\roomitems_025_sitaji
  1 0.606617 0.477340 0.760675 0.545151 0.245643 0.801542 0.856393 0.653458 1 1 1.000000
  1 0.649051 0.409769 0.813886 0.522663 0.526862 0.670253 0.856393 0.626946 1 1 1.000000
  1 0.876589 0.477340 0.422142 0.838939 0.245644 0.485634 0.997385 0.653458 1 1 1.000000
..\..\..\Desktop\General\noesis\roomitems_025_sitaji
  1 0.649051 0.409769 0.813886 0.522663 0.526862 0.670253 0.856393 0.626946 1 1 1.000000
  1 0.668056 0.317302 0.837716 0.680051 0.052868 0.731256 0.856393 0.598638 1 1 1.000000
  1 0.937908 0.409769 0.451674 0.761714 0.526864 0.377102 0.997385 0.626946 1 1 1.000000
..\..\..\Desktop\General\noesis\roomitems_025_sitaji
  1 0.876589 0.477340 0.422142 0.838939 0.245644 0.485634 0.997385 0.653458 1 1 1.000000
  1 0.649051 0.409769 0.813886 0.522663 0.526862 0.670253 0.856393 0.626946 1 1 1.000000
  1 0.937908 0.409769 0.451674 0.761714 0.526864 0.377102 0.997385 0.626946 1 1 1.000000
..\..\..\Desktop\General\noesis\roomitems_025_sitaji
  1 0.937908 0.409769 0.451674 0.761714 0.526864 0.377102 0.997385 0.626946 1 1 1.000000
  1 0.668056 0.317302 0.837716 0.680051 0.052868 0.731256 0.856393 0.598638 1 1 1.000000
  1 0.965371 0.317302 0.464897 0.929986 0.052868 0.363774 0.997385 0.598638 1 1 1.000000
..\..\..\Desktop\General\noesis\roomitems_025_sitaji
  1 0.937908 0.409769 0.451674 0.761714 0.526864 0.377102 0.003896 0.880835 1 1 1.000000
  1 0.965371 0.317302 0.464897 0.929986 0.052868 0.363774 0.003896 0.852557 1 1 1.000000
  1 1.040999 0.409769 0.000000 0.849902 0.526859 0.009260 0.148419 0.880835 1 1 1.000000
..\..\..\Desktop\General\noesis\roomitems_025_sitaji
  1 0.876589 0.477340 0.422142 0.838939 0.245644 0.485634 0.003896 0.907378 1 1 1.000000
  1 0.937908 0.409769 0.451674 0.761714 0.526864 0.377102 0.003896 0.880835 1 1 1.000000
  1 0.972941 0.477340 0.000000 0.966568 0.245639 0.073538 0.148419 0.907378 1 1 1.000000
..\..\..\Desktop\General\noesis\roomitems_025_sitaji
  1 0.972941 0.477340 0.000000 0.966568 0.245639 0.073538 0.148419 0.907378 1 1 1.000000
  1 0.937908 0.409769 0.451674 0.761714 0.526864 0.377102 0.003896 0.880835 1 1 1.000000
  1 1.040999 0.409769 0.000000 0.849902 0.526859 0.009260 0.148419 0.880835 1 1 1.000000
..\..\..\Desktop\General\noesis\roomitems_025_sitaji
  1 0.703408 0.081651 -0.882047 0.622921 -0.067527 -0.779365 0.430434 0.780418 1 1 1.000000
  1 1.016455 0.081651 -0.489498 0.899386 -0.067516 -0.431910 0.289442 0.780418 1 1 1.000000
  1 0.688362 0.000000 -0.863179 0.480515 -0.708613 -0.516694 0.430434 0.755458 1 1 1.000000
..\..\..\Desktop\General\noesis\roomitems_025_sitaji
  1 0.688362 0.000000 -0.863179 0.480515 -0.708613 -0.516694 0.430434 0.755458 1 1 1.000000
  1 1.016455 0.081651 -0.489498 0.899386 -0.067516 -0.431910 0.289442 0.780418 1 1 1.000000
  1 0.994714 0.000000 -0.479028 0.469339 -0.863722 -0.183588 0.289442 0.755458 1 1 1.000000
..\..\..\Desktop\General\noesis\roomitems_025_sitaji
  1 0.245674 0.000000 -1.076367 0.208743 -0.708616 -0.674010 0.571426 0.755458 1 1 1.000000
  1 0.703408 0.081651 -0.882047 0.622921 -0.067527 -0.779365 0.430434 0.780418 1 1 1.000000
  1 0.688362 0.000000 -0.863179 0.480515 -0.708613 -0.516694 0.430434 0.755458 1 1 1.000000
..\..\..\Desktop\General\noesis\roomitems_025_sitaji
  1 0.251044 0.081651 -1.099894 0.223078 -0.067533 -0.972458 0.571426 0.780418 1 1 1.000000
  1 0.703408 0.081651 -0.882047 0.622921 -0.067527 -0.779365 0.430434 0.780418 1 1 1.000000
  1 0.245674 0.000000 -1.076367 0.208743 -0.708616 -0.674010 0.571426 0.755458 1 1 1.000000
..\..\..\Desktop\General\noesis\roomitems_025_sitaji
  1 -0.245674 0.000000 -1.076367 -0.124051 -0.544689 -0.829413 0.711870 0.755458 1 1 1.000000
  1 0.251044 0.081651 -1.099894 0.223078 -0.067533 -0.972458 0.571426 0.780418 1 1 1.000000
  1 0.245674 0.000000 -1.076367 0.208743 -0.708616 -0.674010 0.571426 0.755458 1 1 1.000000
..\..\..\Desktop\General\noesis\roomitems_025_sitaji
  1 -0.251043 0.081651 -1.099894 -0.220948 -0.067536 -0.972944 0.711870 0.780418 1 1 1.000000
  1 0.251044 0.081651 -1.099894 0.223078 -0.067533 -0.972458 0.571426 0.780418 1 1 1.000000
  1 -0.245674 0.000000 -1.076367 -0.124051 -0.544689 -0.829413 0.711870 0.755458 1 1 1.000000
..\..\..\Desktop\General\noesis\roomitems_025_sitaji
  1 -0.688362 0.000000 -0.863179 -0.283420 -0.863725 -0.416717 0.856393 0.755458 1 1 1.000000
  1 -0.251043 0.081651 -1.099894 -0.220948 -0.067536 -0.972944 0.711870 0.780418 1 1 1.000000
  1 -0.245674 0.000000 -1.076367 -0.124051 -0.544689 -0.829413 0.711870 0.755458 1 1 1.000000
..\..\..\Desktop\General\noesis\roomitems_025_sitaji
  1 -0.703408 0.081651 -0.882047 -0.621212 -0.067531 -0.780728 0.856393 0.780418 1 1 1.000000
  1 -0.251043 0.081651 -1.099894 -0.220948 -0.067536 -0.972944 0.711870 0.780418 1 1 1.000000
  1 -0.688362 0.000000 -0.863179 -0.283420 -0.863725 -0.416717 0.856393 0.755458 1 1 1.000000
..\..\..\Desktop\General\noesis\roomitems_025_sitaji
  1 -0.994714 0.000000 -0.479028 -0.610662 -0.708615 -0.353492 0.997385 0.755458 1 1 1.000000
  1 -0.703408 0.081651 -0.882047 -0.621212 -0.067531 -0.780728 0.856393 0.780418 1 1 1.000000
  1 -0.688362 0.000000 -0.863179 -0.283420 -0.863725 -0.416717 0.856393 0.755458 1 1 1.000000
..\..\..\Desktop\General\noesis\roomitems_025_sitaji
  1 -1.016455 0.081651 -0.489500 -0.898438 -0.067520 -0.433877 0.997385 0.780418 1 1 1.000000
  1 -0.703408 0.081651 -0.882047 -0.621212 -0.067531 -0.780728 0.856393 0.780418 1 1 1.000000
  1 -0.994714 0.000000 -0.479028 -0.610662 -0.708615 -0.353492 0.997385 0.755458 1 1 1.000000
..\..\..\Desktop\General\noesis\roomitems_025_sitaji
  1 -1.128180 0.081651 0.000000 -0.997718 -0.067513 -0.001091 0.148419 0.526529 1 1 1.000000
  1 -1.016455 0.081651 -0.489500 -0.898438 -0.067520 -0.433877 0.003896 0.526529 1 1 1.000000
  1 -1.104049 0.000000 0.000000 -0.590949 -0.805455 -0.044960 0.148419 0.501539 1 1 1.000000
..\..\..\Desktop\General\noesis\roomitems_025_sitaji
  1 -1.104049 0.000000 0.000000 -0.590949 -0.805455 -0.044960 0.148419 0.501539 1 1 1.000000
  1 -1.016455 0.081651 -0.489500 -0.898438 -0.067520 -0.433877 0.003896 0.526529 1 1 1.000000
  1 -0.994714 0.000000 -0.479028 -0.610662 -0.708615 -0.353492 0.003896 0.501539 1 1 1.000000
..\..\..\Desktop\General\noesis\roomitems_025_sitaji
  1 -0.994714 0.000000 0.479028 -0.469339 -0.863722 0.183588 0.289442 0.501539 1 1 1.000000
  1 -1.128180 0.081651 0.000000 -0.997718 -0.067513 -0.001091 0.148419 0.526529 1 1 1.000000
  1 -1.104049 0.000000 0.000000 -0.590949 -0.805455 -0.044960 0.148419 0.501539 1 1 1.000000
..\..\..\Desktop\General\noesis\roomitems_025_sitaji
  1 -1.016455 0.081651 0.489498 -0.899386 -0.067526 0.431909 0.289442 0.526529 1 1 1.000000
  1 -1.128180 0.081651 0.000000 -0.997718 -0.067513 -0.001091 0.148419 0.526529 1 1 1.000000
  1 -0.994714 0.000000 0.479028 -0.469339 -0.863722 0.183588 0.289442 0.501539 1 1 1.000000
..\..\..\Desktop\General\noesis\roomitems_025_sitaji
  1 -0.688362 0.000000 0.863179 -0.480515 -0.708613 0.516694 0.430434 0.501539 1 1 1.000000
  1 -1.016455 0.081651 0.489498 -0.899386 -0.067526 0.431909 0.289442 0.526529 1 1 1.000000
  1 -0.994714 0.000000 0.479028 -0.469339 -0.863722 0.183588 0.289442 0.501539 1 1 1.000000
..\..\..\Desktop\General\noesis\roomitems_025_sitaji
  1 -0.703408 0.081651 0.882047 -0.622920 -0.067532 0.779365 0.430434 0.526529 1 1 1.000000
  1 -1.016455 0.081651 0.489498 -0.899386 -0.067526 0.431909 0.289442 0.526529 1 1 1.000000
  1 -0.688362 0.000000 0.863179 -0.480515 -0.708613 0.516694 0.430434 0.501539 1 1 1.000000
..\..\..\Desktop\General\noesis\roomitems_025_sitaji
  1 -0.245674 0.000000 1.076367 -0.208743 -0.708616 0.674010 0.571426 0.501539 1 1 1.000000
  1 -0.703408 0.081651 0.882047 -0.622920 -0.067532 0.779365 0.430434 0.526529 1 1 1.000000
  1 -0.688362 0.000000 0.863179 -0.480515 -0.708613 0.516694 0.430434 0.501539 1 1 1.000000
..\..\..\Desktop\General\noesis\roomitems_025_sitaji
  1 -0.251044 0.081651 1.099894 -0.223078 -0.067533 0.972458 0.571426 0.526529 1 1 1.000000
  1 -0.703408 0.081651 0.882047 -0.622920 -0.067532 0.779365 0.430434 0.526529 1 1 1.000000
  1 -0.245674 0.000000 1.076367 -0.208743 -0.708616 0.674010 0.571426 0.501539 1 1 1.000000
..\..\..\Desktop\General\noesis\roomitems_025_sitaji
  1 0.245673 0.000000 1.076367 0.124051 -0.544689 0.829413 0.711870 0.501539 1 1 1.000000
  1 -0.251044 0.081651 1.099894 -0.223078 -0.067533 0.972458 0.571426 0.526529 1 1 1.000000
  1 -0.245674 0.000000 1.076367 -0.208743 -0.708616 0.674010 0.571426 0.501539 1 1 1.000000
..\..\..\Desktop\General\noesis\roomitems_025_sitaji
  1 0.251044 0.081651 1.099894 0.220948 -0.067537 0.972944 0.711870 0.526529 1 1 1.000000
  1 -0.251044 0.081651 1.099894 -0.223078 -0.067533 0.972458 0.571426 0.526529 1 1 1.000000
  1 0.245673 0.000000 1.076367 0.124051 -0.544689 0.829413 0.711870 0.501539 1 1 1.000000
..\..\..\Desktop\General\noesis\roomitems_025_sitaji
  1 0.688362 0.000000 0.863179 0.283421 -0.863725 0.416716 0.856393 0.501539 1 1 1.000000
  1 0.251044 0.081651 1.099894 0.220948 -0.067537 0.972944 0.711870 0.526529 1 1 1.000000
  1 0.245673 0.000000 1.076367 0.124051 -0.544689 0.829413 0.711870 0.501539 1 1 1.000000
..\..\..\Desktop\General\noesis\roomitems_025_sitaji
  1 0.703408 0.081651 0.882047 0.621212 -0.067535 0.780727 0.856393 0.526529 1 1 1.000000
  1 0.251044 0.081651 1.099894 0.220948 -0.067537 0.972944 0.711870 0.526529 1 1 1.000000
  1 0.688362 0.000000 0.863179 0.283421 -0.863725 0.416716 0.856393 0.501539 1 1 1.000000
..\..\..\Desktop\General\noesis\roomitems_025_sitaji
  1 0.994711 0.000000 0.479028 0.610654 -0.708624 0.353488 0.997385 0.501539 1 1 1.000000
  1 0.703408 0.081651 0.882047 0.621212 -0.067535 0.780727 0.856393 0.526529 1 1 1.000000
  1 0.688362 0.000000 0.863179 0.283421 -0.863725 0.416716 0.856393 0.501539 1 1 1.000000
..\..\..\Desktop\General\noesis\roomitems_025_sitaji
  1 1.016455 0.081651 0.489500 0.898437 -0.067529 0.433878 0.997385 0.526529 1 1 1.000000
  1 0.703408 0.081651 0.882047 0.621212 -0.067535 0.780727 0.856393 0.526529 1 1 1.000000
  1 0.994711 0.000000 0.479028 0.610654 -0.708624 0.353488 0.997385 0.501539 1 1 1.000000
..\..\..\Desktop\General\noesis\roomitems_025_sitaji
  1 1.016455 0.081651 -0.489498 0.899386 -0.067516 -0.431910 0.289442 0.780418 1 1 1.000000
  1 1.128180 0.081651 0.000000 0.997718 -0.067513 0.001091 0.148419 0.780418 1 1 1.000000
  1 0.994714 0.000000 -0.479028 0.469339 -0.863722 -0.183588 0.289442 0.755458 1 1 1.000000
..\..\..\Desktop\General\noesis\roomitems_025_sitaji
  1 0.994714 0.000000 -0.479028 0.469339 -0.863722 -0.183588 0.289442 0.755458 1 1 1.000000
  1 1.128180 0.081651 0.000000 0.997718 -0.067513 0.001091 0.148419 0.780418 1 1 1.000000
  1 1.104049 0.000000 0.000000 0.590944 -0.805459 0.044960 0.148419 0.755458 1 1 1.000000
..\..\..\Desktop\General\noesis\roomitems_025_sitaji
  1 1.128180 0.081651 0.000000 0.997718 -0.067513 0.001091 0.148419 0.780418 1 1 1.000000
  1 1.016455 0.081651 0.489500 0.898437 -0.067529 0.433878 0.003896 0.780418 1 1 1.000000
  1 1.104049 0.000000 0.000000 0.590944 -0.805459 0.044960 0.148419 0.755458 1 1 1.000000
..\..\..\Desktop\General\noesis\roomitems_025_sitaji
  1 1.104049 0.000000 0.000000 0.590944 -0.805459 0.044960 0.148419 0.755458 1 1 1.000000
  1 1.016455 0.081651 0.489500 0.898437 -0.067529 0.433878 0.003896 0.780418 1 1 1.000000
  1 0.994711 0.000000 0.479028 0.610654 -0.708624 0.353488 0.003896 0.755458 1 1 1.000000
..\..\..\Desktop\General\noesis\roomitems_025_sitaji
  1 -0.688362 0.000000 0.863179 -0.480515 -0.708613 0.516694 0.194960 0.166743 1 1 1.000000
  1 0.688362 0.000000 0.863179 0.283421 -0.863725 0.416716 0.050163 0.166743 1 1 1.000000
  1 -0.245674 0.000000 1.076367 -0.208743 -0.708616 0.674010 0.148389 0.144340 1 1 1.000000
..\..\..\Desktop\General\noesis\roomitems_025_sitaji
  1 -0.245674 0.000000 1.076367 -0.208743 -0.708616 0.674010 0.148389 0.144340 1 1 1.000000
  1 0.688362 0.000000 0.863179 0.283421 -0.863725 0.416716 0.050163 0.166743 1 1 1.000000
  1 0.245673 0.000000 1.076367 0.124051 -0.544689 0.829413 0.096734 0.144340 1 1 1.000000
..\..\..\Desktop\General\noesis\roomitems_025_sitaji
  1 -0.994714 0.000000 -0.479028 -0.610662 -0.708615 -0.353492 0.227164 0.307918 1 1 1.000000
  1 0.994714 0.000000 -0.479028 0.469339 -0.863722 -0.183588 0.017959 0.307918 1 1 1.000000
  1 -1.104049 0.000000 0.000000 -0.590949 -0.805455 -0.044960 0.238670 0.257542 1 1 1.000000
..\..\..\Desktop\General\noesis\roomitems_025_sitaji
  1 -1.104049 0.000000 0.000000 -0.590949 -0.805455 -0.044960 0.238670 0.257542 1 1 1.000000
  1 0.994714 0.000000 -0.479028 0.469339 -0.863722 -0.183588 0.017959 0.307918 1 1 1.000000
  1 1.104049 0.000000 0.000000 0.590944 -0.805459 0.044960 0.006453 0.257542 1 1 1.000000
..\..\..\Desktop\General\noesis\roomitems_025_sitaji
  1 -0.657470 0.238669 0.824438 -0.658416 0.255416 0.707991 0.430434 0.574591 1 1 1.000000
  1 -0.694835 0.171112 0.871294 -0.508933 0.425499 0.748290 0.430434 0.553893 1 1 1.000000
  1 -0.234648 0.238669 1.028060 -0.286028 0.255419 0.923552 0.571426 0.574591 1 1 1.000000
..\..\..\Desktop\General\noesis\roomitems_025_sitaji
  1 -0.703408 0.081651 0.882047 -0.622920 -0.067532 0.779365 0.430434 0.526529 1 1 1.000000
  1 -0.251044 0.081651 1.099894 -0.223078 -0.067533 0.972458 0.571426 0.526529 1 1 1.000000
  1 -0.694835 0.171112 0.871294 -0.508933 0.425499 0.748290 0.430434 0.553893 1 1 1.000000
..\..\..\Desktop\General\noesis\roomitems_025_sitaji
  1 -0.251044 0.081651 1.099894 -0.223078 -0.067533 0.972458 0.571426 0.526529 1 1 1.000000
  1 0.251044 0.081651 1.099894 0.220948 -0.067537 0.972944 0.711870 0.526529 1 1 1.000000
  1 -0.247984 0.171112 1.086488 -0.133863 0.425496 0.895005 0.571426 0.553893 1 1 1.000000
..\..\..\Desktop\General\noesis\roomitems_025_sitaji
  1 -0.234648 0.238669 1.028060 -0.286028 0.255419 0.923552 0.571426 0.574591 1 1 1.000000
  1 -0.247984 0.171112 1.086488 -0.133863 0.425496 0.895005 0.571426 0.553893 1 1 1.000000
  1 0.234648 0.238669 1.028060 0.143014 0.255422 0.956194 0.711870 0.574591 1 1 1.000000
..\..\..\Desktop\General\noesis\roomitems_025_sitaji
  1 -0.234648 0.238669 1.028060 -0.286028 0.255419 0.923552 0.571426 0.574591 1 1 1.000000
  1 -0.694835 0.171112 0.871294 -0.508933 0.425499 0.748290 0.430434 0.553893 1 1 1.000000
  1 -0.247984 0.171112 1.086488 -0.133863 0.425496 0.895005 0.571426 0.553893 1 1 1.000000
..\..\..\Desktop\General\noesis\roomitems_025_sitaji
  1 -0.694835 0.171112 0.871294 -0.508933 0.425499 0.748290 0.430434 0.553893 1 1 1.000000
  1 -0.251044 0.081651 1.099894 -0.223078 -0.067533 0.972458 0.571426 0.526529 1 1 1.000000
  1 -0.247984 0.171112 1.086488 -0.133863 0.425496 0.895005 0.571426 0.553893 1 1 1.000000
..\..\..\Desktop\General\noesis\roomitems_025_sitaji
  1 -0.657470 0.238669 0.824438 -0.658416 0.255416 0.707991 0.430434 0.574591 1 1 1.000000
  1 -1.004066 0.171112 0.483532 -0.783206 0.425494 0.453369 0.289442 0.553893 1 1 1.000000
  1 -0.694835 0.171112 0.871294 -0.508933 0.425499 0.748290 0.430434 0.553893 1 1 1.000000
..\..\..\Desktop\General\noesis\roomitems_025_sitaji
  1 -0.950071 0.238669 0.457530 -0.900399 0.255415 0.352200 0.289442 0.574591 1 1 1.000000
  1 -1.004066 0.171112 0.483532 -0.783206 0.425494 0.453369 0.289442 0.553893 1 1 1.000000
  1 -0.657470 0.238669 0.824438 -0.658416 0.255416 0.707991 0.430434 0.574591 1 1 1.000000
..\..\..\Desktop\General\noesis\roomitems_025_sitaji
  1 -1.016455 0.081651 0.489498 -0.899386 -0.067526 0.431909 0.289442 0.526529 1 1 1.000000
  1 -0.703408 0.081651 0.882047 -0.622920 -0.067532 0.779365 0.430434 0.526529 1 1 1.000000
  1 -1.004066 0.171112 0.483532 -0.783206 0.425494 0.453369 0.289442 0.553893 1 1 1.000000
..\..\..\Desktop\General\noesis\roomitems_025_sitaji
  1 -1.004066 0.171112 0.483532 -0.783206 0.425494 0.453369 0.289442 0.553893 1 1 1.000000
  1 -0.703408 0.081651 0.882047 -0.622920 -0.067532 0.779365 0.430434 0.526529 1 1 1.000000
  1 -0.694835 0.171112 0.871294 -0.508933 0.425499 0.748290 0.430434 0.553893 1 1 1.000000
..\..\..\Desktop\General\noesis\roomitems_025_sitaji
  1 -0.950071 0.238669 0.457530 -0.900399 0.255415 0.352200 0.289442 0.574591 1 1 1.000000
  1 -1.114426 0.171112 0.000000 -0.902350 0.425501 0.068650 0.148419 0.553893 1 1 1.000000
  1 -1.004066 0.171112 0.483532 -0.783206 0.425494 0.453369 0.289442 0.553893 1 1 1.000000
..\..\..\Desktop\General\noesis\roomitems_025_sitaji
  1 -1.054497 0.238669 0.000000 -0.964048 0.255407 -0.073345 0.148419 0.574591 1 1 1.000000
  1 -1.114426 0.171112 0.000000 -0.902350 0.425501 0.068650 0.148419 0.553893 1 1 1.000000
  1 -0.950071 0.238669 0.457530 -0.900399 0.255415 0.352200 0.289442 0.574591 1 1 1.000000
..\..\..\Desktop\General\noesis\roomitems_025_sitaji
  1 -1.128180 0.081651 0.000000 -0.997718 -0.067513 -0.001091 0.148419 0.526529 1 1 1.000000
  1 -1.016455 0.081651 0.489498 -0.899386 -0.067526 0.431909 0.289442 0.526529 1 1 1.000000
  1 -1.114426 0.171112 0.000000 -0.902350 0.425501 0.068650 0.148419 0.553893 1 1 1.000000
..\..\..\Desktop\General\noesis\roomitems_025_sitaji
  1 -1.114426 0.171112 0.000000 -0.902350 0.425501 0.068650 0.148419 0.553893 1 1 1.000000
  1 -1.016455 0.081651 0.489498 -0.899386 -0.067526 0.431909 0.289442 0.526529 1 1 1.000000
  1 -1.004066 0.171112 0.483532 -0.783206 0.425494 0.453369 0.289442 0.553893 1 1 1.000000
..\..\..\Desktop\General\noesis\roomitems_025_sitaji
  1 -0.950071 0.238669 -0.457530 -0.836753 0.255410 -0.484366 0.003896 0.574591 1 1 1.000000
  1 -1.004063 0.171112 -0.483532 -0.842776 0.425503 -0.329661 0.003896 0.553893 1 1 1.000000
  1 -1.054497 0.238669 0.000000 -0.964048 0.255407 -0.073345 0.148419 0.574591 1 1 1.000000
..\..\..\Desktop\General\noesis\roomitems_025_sitaji
  1 -1.004063 0.171112 -0.483532 -0.842776 0.425503 -0.329661 0.003896 0.553893 1 1 1.000000
  1 -1.128180 0.081651 0.000000 -0.997718 -0.067513 -0.001091 0.148419 0.526529 1 1 1.000000
  1 -1.114426 0.171112 0.000000 -0.902350 0.425501 0.068650 0.148419 0.553893 1 1 1.000000
..\..\..\Desktop\General\noesis\roomitems_025_sitaji
  1 -1.016455 0.081651 -0.489500 -0.898438 -0.067520 -0.433877 0.003896 0.526529 1 1 1.000000
  1 -1.128180 0.081651 0.000000 -0.997718 -0.067513 -0.001091 0.148419 0.526529 1 1 1.000000
  1 -1.004063 0.171112 -0.483532 -0.842776 0.425503 -0.329661 0.003896 0.553893 1 1 1.000000
..\..\..\Desktop\General\noesis\roomitems_025_sitaji
  1 -1.054497 0.238669 0.000000 -0.964048 0.255407 -0.073345 0.148419 0.574591 1 1 1.000000
  1 -1.004063 0.171112 -0.483532 -0.842776 0.425503 -0.329661 0.003896 0.553893 1 1 1.000000
  1 -1.114426 0.171112 0.000000 -0.902350 0.425501 0.068650 0.148419 0.553893 1 1 1.000000
..\..\..\Desktop\General\noesis\roomitems_025_sitaji
  1 -0.657470 0.238669 -0.824438 -0.543729 0.255417 -0.799450 0.856393 0.828480 1 1 1.000000
  1 -0.694835 0.171112 -0.871294 -0.616281 0.425501 -0.662681 0.856393 0.807813 1 1 1.000000
  1 -0.950071 0.238669 -0.457530 -0.836753 0.255410 -0.484366 0.997385 0.828480 1 1 1.000000
..\..\..\Desktop\General\noesis\roomitems_025_sitaji
  1 -0.703408 0.081651 -0.882047 -0.621212 -0.067531 -0.780728 0.856393 0.780418 1 1 1.000000
  1 -1.016455 0.081651 -0.489500 -0.898438 -0.067520 -0.433877 0.997385 0.780418 1 1 1.000000
  1 -0.694835 0.171112 -0.871294 -0.616281 0.425501 -0.662681 0.856393 0.807813 1 1 1.000000
..\..\..\Desktop\General\noesis\roomitems_025_sitaji
  1 -0.694835 0.171112 -0.871294 -0.616281 0.425501 -0.662681 0.856393 0.807813 1 1 1.000000
  1 -1.016455 0.081651 -0.489500 -0.898438 -0.067520 -0.433877 0.997385 0.780418 1 1 1.000000
  1 -1.004063 0.171112 -0.483532 -0.842776 0.425503 -0.329661 0.997385 0.807813 1 1 1.000000
..\..\..\Desktop\General\noesis\roomitems_025_sitaji
  1 -0.950071 0.238669 -0.457530 -0.836753 0.255410 -0.484366 0.997385 0.828480 1 1 1.000000
  1 -0.694835 0.171112 -0.871294 -0.616281 0.425501 -0.662681 0.856393 0.807813 1 1 1.000000
  1 -1.004063 0.171112 -0.483532 -0.842776 0.425503 -0.329661 0.997385 0.807813 1 1 1.000000
..\..\..\Desktop\General\noesis\roomitems_025_sitaji
  1 -0.657470 0.238669 -0.824438 -0.543729 0.255417 -0.799450 0.856393 0.828480 1 1 1.000000
  1 -0.247983 0.171112 -1.086488 -0.267724 0.425498 -0.864451 0.711870 0.807813 1 1 1.000000
  1 -0.694835 0.171112 -0.871294 -0.616281 0.425501 -0.662681 0.856393 0.807813 1 1 1.000000
..\..\..\Desktop\General\noesis\roomitems_025_sitaji
  1 -0.247983 0.171112 -1.086488 -0.267724 0.425498 -0.864451 0.711870 0.807813 1 1 1.000000
  1 -0.703408 0.081651 -0.882047 -0.621212 -0.067531 -0.780728 0.856393 0.780418 1 1 1.000000
  1 -0.694835 0.171112 -0.871294 -0.616281 0.425501 -0.662681 0.856393 0.807813 1 1 1.000000
..\..\..\Desktop\General\noesis\roomitems_025_sitaji
  1 -0.234648 0.238669 -1.028060 -0.143014 0.255422 -0.956194 0.711870 0.828480 1 1 1.000000
  1 -0.247983 0.171112 -1.086488 -0.267724 0.425498 -0.864451 0.711870 0.807813 1 1 1.000000
  1 -0.657470 0.238669 -0.824438 -0.543729 0.255417 -0.799450 0.856393 0.828480 1 1 1.000000
..\..\..\Desktop\General\noesis\roomitems_025_sitaji
  1 -0.251043 0.081651 -1.099894 -0.220948 -0.067536 -0.972944 0.711870 0.780418 1 1 1.000000
  1 -0.703408 0.081651 -0.882047 -0.621212 -0.067531 -0.780728 0.856393 0.780418 1 1 1.000000
  1 -0.247983 0.171112 -1.086488 -0.267724 0.425498 -0.864451 0.711870 0.807813 1 1 1.000000
..\..\..\Desktop\General\noesis\roomitems_025_sitaji
  1 -0.234648 0.238669 -1.028060 -0.143014 0.255422 -0.956194 0.711870 0.828480 1 1 1.000000
  1 0.247984 0.171112 -1.086488 0.133863 0.425496 -0.895005 0.571426 0.807813 1 1 1.000000
  1 -0.247983 0.171112 -1.086488 -0.267724 0.425498 -0.864451 0.711870 0.807813 1 1 1.000000
..\..\..\Desktop\General\noesis\roomitems_025_sitaji
  1 0.247984 0.171112 -1.086488 0.133863 0.425496 -0.895005 0.571426 0.807813 1 1 1.000000
  1 -0.251043 0.081651 -1.099894 -0.220948 -0.067536 -0.972944 0.711870 0.780418 1 1 1.000000
  1 -0.247983 0.171112 -1.086488 -0.267724 0.425498 -0.864451 0.711870 0.807813 1 1 1.000000
..\..\..\Desktop\General\noesis\roomitems_025_sitaji
  1 0.234648 0.238669 -1.028060 0.286028 0.255419 -0.923552 0.571426 0.828480 1 1 1.000000
  1 0.247984 0.171112 -1.086488 0.133863 0.425496 -0.895005 0.571426 0.807813 1 1 1.000000
  1 -0.234648 0.238669 -1.028060 -0.143014 0.255422 -0.956194 0.711870 0.828480 1 1 1.000000
..\..\..\Desktop\General\noesis\roomitems_025_sitaji
  1 0.251044 0.081651 -1.099894 0.223078 -0.067533 -0.972458 0.571426 0.780418 1 1 1.000000
  1 -0.251043 0.081651 -1.099894 -0.220948 -0.067536 -0.972944 0.711870 0.780418 1 1 1.000000
  1 0.247984 0.171112 -1.086488 0.133863 0.425496 -0.895005 0.571426 0.807813 1 1 1.000000
..\..\..\Desktop\General\noesis\roomitems_025_sitaji
  1 0.657470 0.238669 -0.824438 0.658417 0.255413 -0.707991 0.430434 0.828480 1 1 1.000000
  1 0.694835 0.171112 -0.871294 0.508934 0.425499 -0.748289 0.430434 0.807813 1 1 1.000000
  1 0.234648 0.238669 -1.028060 0.286028 0.255419 -0.923552 0.571426 0.828480 1 1 1.000000
..\..\..\Desktop\General\noesis\roomitems_025_sitaji
  1 0.703408 0.081651 -0.882047 0.622921 -0.067527 -0.779365 0.430434 0.780418 1 1 1.000000
  1 0.251044 0.081651 -1.099894 0.223078 -0.067533 -0.972458 0.571426 0.780418 1 1 1.000000
  1 0.694835 0.171112 -0.871294 0.508934 0.425499 -0.748289 0.430434 0.807813 1 1 1.000000
..\..\..\Desktop\General\noesis\roomitems_025_sitaji
  1 0.694835 0.171112 -0.871294 0.508934 0.425499 -0.748289 0.430434 0.807813 1 1 1.000000
  1 0.251044 0.081651 -1.099894 0.223078 -0.067533 -0.972458 0.571426 0.780418 1 1 1.000000
  1 0.247984 0.171112 -1.086488 0.133863 0.425496 -0.895005 0.571426 0.807813 1 1 1.000000
..\..\..\Desktop\General\noesis\roomitems_025_sitaji
  1 0.234648 0.238669 -1.028060 0.286028 0.255419 -0.923552 0.571426 0.828480 1 1 1.000000
  1 0.694835 0.171112 -0.871294 0.508934 0.425499 -0.748289 0.430434 0.807813 1 1 1.000000
  1 0.247984 0.171112 -1.086488 0.133863 0.425496 -0.895005 0.571426 0.807813 1 1 1.000000
..\..\..\Desktop\General\noesis\roomitems_025_sitaji
  1 1.016455 0.081651 -0.489498 0.899386 -0.067516 -0.431910 0.289442 0.780418 1 1 1.000000
  1 0.703408 0.081651 -0.882047 0.622921 -0.067527 -0.779365 0.430434 0.780418 1 1 1.000000
  1 1.004063 0.171112 -0.483532 0.783205 0.425496 -0.453369 0.289442 0.807813 1 1 1.000000
..\..\..\Desktop\General\noesis\roomitems_025_sitaji
  1 1.004063 0.171112 -0.483532 0.783205 0.425496 -0.453369 0.289442 0.807813 1 1 1.000000
  1 0.703408 0.081651 -0.882047 0.622921 -0.067527 -0.779365 0.430434 0.780418 1 1 1.000000
  1 0.694835 0.171112 -0.871294 0.508934 0.425499 -0.748289 0.430434 0.807813 1 1 1.000000
..\..\..\Desktop\General\noesis\roomitems_025_sitaji
  1 0.950071 0.238669 -0.457530 0.900401 0.255407 -0.352201 0.289442 0.828480 1 1 1.000000
  1 1.004063 0.171112 -0.483532 0.783205 0.425496 -0.453369 0.289442 0.807813 1 1 1.000000
  1 0.657470 0.238669 -0.824438 0.658417 0.255413 -0.707991 0.430434 0.828480 1 1 1.000000
..\..\..\Desktop\General\noesis\roomitems_025_sitaji
  1 0.657470 0.238669 -0.824438 0.658417 0.255413 -0.707991 0.430434 0.828480 1 1 1.000000
  1 1.004063 0.171112 -0.483532 0.783205 0.425496 -0.453369 0.289442 0.807813 1 1 1.000000
  1 0.694835 0.171112 -0.871294 0.508934 0.425499 -0.748289 0.430434 0.807813 1 1 1.000000
..\..\..\Desktop\General\noesis\roomitems_025_sitaji
  1 1.114426 0.171112 0.000000 0.902349 0.425503 -0.068652 0.148419 0.807813 1 1 1.000000
  1 0.950071 0.238669 -0.457530 0.900401 0.255407 -0.352201 0.289442 0.828480 1 1 1.000000
  1 1.054497 0.238669 0.000000 0.964048 0.255407 0.073345 0.148419 0.828480 1 1 1.000000
..\..\..\Desktop\General\noesis\roomitems_025_sitaji
  1 1.004063 0.171112 -0.483532 0.783205 0.425496 -0.453369 0.289442 0.807813 1 1 1.000000
  1 0.950071 0.238669 -0.457530 0.900401 0.255407 -0.352201 0.289442 0.828480 1 1 1.000000
  1 1.114426 0.171112 0.000000 0.902349 0.425503 -0.068652 0.148419 0.807813 1 1 1.000000
..\..\..\Desktop\General\noesis\roomitems_025_sitaji
  1 1.128180 0.081651 0.000000 0.997718 -0.067513 0.001091 0.148419 0.780418 1 1 1.000000
  1 1.016455 0.081651 -0.489498 0.899386 -0.067516 -0.431910 0.289442 0.780418 1 1 1.000000
  1 1.114426 0.171112 0.000000 0.902349 0.425503 -0.068652 0.148419 0.807813 1 1 1.000000
..\..\..\Desktop\General\noesis\roomitems_025_sitaji
  1 1.114426 0.171112 0.000000 0.902349 0.425503 -0.068652 0.148419 0.807813 1 1 1.000000
  1 1.016455 0.081651 -0.489498 0.899386 -0.067516 -0.431910 0.289442 0.780418 1 1 1.000000
  1 1.004063 0.171112 -0.483532 0.783205 0.425496 -0.453369 0.289442 0.807813 1 1 1.000000
..\..\..\Desktop\General\noesis\roomitems_025_sitaji
  1 1.054497 0.238669 0.000000 0.964048 0.255407 0.073345 0.148419 0.828480 1 1 1.000000
  1 1.004063 0.171112 0.483532 0.842776 0.425502 0.329660 0.003896 0.807813 1 1 1.000000
  1 1.114426 0.171112 0.000000 0.902349 0.425503 -0.068652 0.148419 0.807813 1 1 1.000000
..\..\..\Desktop\General\noesis\roomitems_025_sitaji
  1 0.950071 0.238669 0.457530 0.836753 0.255410 0.484366 0.003896 0.828480 1 1 1.000000
  1 1.004063 0.171112 0.483532 0.842776 0.425502 0.329660 0.003896 0.807813 1 1 1.000000
  1 1.054497 0.238669 0.000000 0.964048 0.255407 0.073345 0.148419 0.828480 1 1 1.000000
..\..\..\Desktop\General\noesis\roomitems_025_sitaji
  1 1.016455 0.081651 0.489500 0.898437 -0.067529 0.433878 0.003896 0.780418 1 1 1.000000
  1 1.128180 0.081651 0.000000 0.997718 -0.067513 0.001091 0.148419 0.780418 1 1 1.000000
  1 1.004063 0.171112 0.483532 0.842776 0.425502 0.329660 0.003896 0.807813 1 1 1.000000
..\..\..\Desktop\General\noesis\roomitems_025_sitaji
  1 1.004063 0.171112 0.483532 0.842776 0.425502 0.329660 0.003896 0.807813 1 1 1.000000
  1 1.128180 0.081651 0.000000 0.997718 -0.067513 0.001091 0.148419 0.780418 1 1 1.000000
  1 1.114426 0.171112 0.000000 0.902349 0.425503 -0.068652 0.148419 0.807813 1 1 1.000000
..\..\..\Desktop\General\noesis\roomitems_025_sitaji
  1 0.703408 0.081651 0.882047 0.621212 -0.067535 0.780727 0.856393 0.526529 1 1 1.000000
  1 1.016455 0.081651 0.489500 0.898437 -0.067529 0.433878 0.997385 0.526529 1 1 1.000000
  1 0.694835 0.171112 0.871294 0.616281 0.425501 0.662681 0.856393 0.553893 1 1 1.000000
..\..\..\Desktop\General\noesis\roomitems_025_sitaji
  1 0.657470 0.238669 0.824438 0.543729 0.255417 0.799450 0.856393 0.574591 1 1 1.000000
  1 0.694835 0.171112 0.871294 0.616281 0.425501 0.662681 0.856393 0.553893 1 1 1.000000
  1 0.950071 0.238669 0.457530 0.836753 0.255410 0.484366 0.997385 0.574591 1 1 1.000000
..\..\..\Desktop\General\noesis\roomitems_025_sitaji
  1 0.950071 0.238669 0.457530 0.836753 0.255410 0.484366 0.997385 0.574591 1 1 1.000000
  1 0.694835 0.171112 0.871294 0.616281 0.425501 0.662681 0.856393 0.553893 1 1 1.000000
  1 1.004063 0.171112 0.483532 0.842776 0.425502 0.329660 0.997385 0.553893 1 1 1.000000
..\..\..\Desktop\General\noesis\roomitems_025_sitaji
  1 0.694835 0.171112 0.871294 0.616281 0.425501 0.662681 0.856393 0.553893 1 1 1.000000
  1 1.016455 0.081651 0.489500 0.898437 -0.067529 0.433878 0.997385 0.526529 1 1 1.000000
  1 1.004063 0.171112 0.483532 0.842776 0.425502 0.329660 0.997385 0.553893 1 1 1.000000
..\..\..\Desktop\General\noesis\roomitems_025_sitaji
  1 0.657470 0.238669 0.824438 0.543729 0.255417 0.799450 0.856393 0.574591 1 1 1.000000
  1 0.247983 0.171112 1.086488 0.267724 0.425499 0.864451 0.711870 0.553893 1 1 1.000000
  1 0.694835 0.171112 0.871294 0.616281 0.425501 0.662681 0.856393 0.553893 1 1 1.000000
..\..\..\Desktop\General\noesis\roomitems_025_sitaji
  1 0.234648 0.238669 1.028060 0.143014 0.255422 0.956194 0.711870 0.574591 1 1 1.000000
  1 -0.247984 0.171112 1.086488 -0.133863 0.425496 0.895005 0.571426 0.553893 1 1 1.000000
  1 0.247983 0.171112 1.086488 0.267724 0.425499 0.864451 0.711870 0.553893 1 1 1.000000
..\..\..\Desktop\General\noesis\roomitems_025_sitaji
  1 -0.247984 0.171112 1.086488 -0.133863 0.425496 0.895005 0.571426 0.553893 1 1 1.000000
  1 0.251044 0.081651 1.099894 0.220948 -0.067537 0.972944 0.711870 0.526529 1 1 1.000000
  1 0.247983 0.171112 1.086488 0.267724 0.425499 0.864451 0.711870 0.553893 1 1 1.000000
..\..\..\Desktop\General\noesis\roomitems_025_sitaji
  1 0.247983 0.171112 1.086488 0.267724 0.425499 0.864451 0.711870 0.553893 1 1 1.000000
  1 0.703408 0.081651 0.882047 0.621212 -0.067535 0.780727 0.856393 0.526529 1 1 1.000000
  1 0.694835 0.171112 0.871294 0.616281 0.425501 0.662681 0.856393 0.553893 1 1 1.000000
..\..\..\Desktop\General\noesis\roomitems_025_sitaji
  1 0.251044 0.081651 1.099894 0.220948 -0.067537 0.972944 0.711870 0.526529 1 1 1.000000
  1 0.703408 0.081651 0.882047 0.621212 -0.067535 0.780727 0.856393 0.526529 1 1 1.000000
  1 0.247983 0.171112 1.086488 0.267724 0.425499 0.864451 0.711870 0.553893 1 1 1.000000
..\..\..\Desktop\General\noesis\roomitems_025_sitaji
  1 0.234648 0.238669 1.028060 0.143014 0.255422 0.956194 0.711870 0.574591 1 1 1.000000
  1 0.247983 0.171112 1.086488 0.267724 0.425499 0.864451 0.711870 0.553893 1 1 1.000000
  1 0.657470 0.238669 0.824438 0.543729 0.255417 0.799450 0.856393 0.574591 1 1 1.000000
..\..\..\Desktop\General\noesis\roomitems_025_sitaji
  1 0.807886 0.716013 0.389057 0.398670 0.887584 0.230776 0.593037 0.111040 1 1 1.000000
  1 -0.807886 0.716013 0.389057 -0.306239 0.944388 0.119788 0.250237 0.111040 1 1 1.000000
  1 0.559074 0.716013 0.701058 0.216351 0.923040 0.318104 0.540257 0.044867 1 1 1.000000
..\..\..\Desktop\General\noesis\roomitems_025_sitaji
  1 0.559074 0.716013 0.701058 0.216351 0.923040 0.318104 0.540257 0.044867 1 1 1.000000
  1 -0.807886 0.716013 0.389057 -0.306239 0.944388 0.119788 0.250237 0.111040 1 1 1.000000
  1 -0.559074 0.716013 0.701058 -0.261984 0.923041 0.281709 0.303017 0.044867 1 1 1.000000
..\..\..\Desktop\General\noesis\roomitems_025_sitaji
  1 0.559074 0.716013 0.701058 0.216351 0.923040 0.318104 0.540257 0.044867 1 1 1.000000
  1 -0.559074 0.716013 0.701058 -0.261984 0.923041 0.281709 0.303017 0.044867 1 1 1.000000
  1 0.199531 0.716013 0.874205 0.068140 0.887580 0.455587 0.463977 0.008127 1 1 1.000000
..\..\..\Desktop\General\noesis\roomitems_025_sitaji
  1 0.199531 0.716013 0.874205 0.068140 0.887580 0.455587 0.463977 0.008127 1 1 1.000000
  1 -0.559074 0.716013 0.701058 -0.261984 0.923041 0.281709 0.303017 0.044867 1 1 1.000000
  1 -0.199532 0.716013 0.874205 -0.167625 0.823986 0.541248 0.379297 0.008127 1 1 1.000000
..\..\..\Desktop\General\noesis\roomitems_025_sitaji
  1 -0.559074 0.716013 -0.701058 -0.216351 0.923040 -0.318104 0.303017 0.342344 1 1 1.000000
  1 0.559074 0.716013 -0.701056 0.261981 0.923043 -0.281706 0.540257 0.342344 1 1 1.000000
  1 -0.199531 0.716013 -0.874205 -0.068140 0.887580 -0.455587 0.379297 0.379053 1 1 1.000000
..\..\..\Desktop\General\noesis\roomitems_025_sitaji
  1 -0.199531 0.716013 -0.874205 -0.068140 0.887580 -0.455587 0.379297 0.379053 1 1 1.000000
  1 0.559074 0.716013 -0.701056 0.261981 0.923043 -0.281706 0.540257 0.342344 1 1 1.000000
  1 0.199532 0.716013 -0.874205 0.167625 0.823988 -0.541244 0.463977 0.379053 1 1 1.000000
..\..\..\Desktop\General\noesis\roomitems_025_sitaji
  1 0.994711 0.000000 0.479028 0.610654 -0.708624 0.353488 0.017959 0.207166 1 1 1.000000
  1 0.688362 0.000000 0.863179 0.283421 -0.863725 0.416716 0.050163 0.166743 1 1 1.000000
  1 -0.994714 0.000000 0.479028 -0.469339 -0.863722 0.183588 0.227164 0.207166 1 1 1.000000
..\..\..\Desktop\General\noesis\roomitems_025_sitaji
  1 -0.994714 0.000000 0.479028 -0.469339 -0.863722 0.183588 0.227164 0.207166 1 1 1.000000
  1 0.688362 0.000000 0.863179 0.283421 -0.863725 0.416716 0.050163 0.166743 1 1 1.000000
  1 -0.688362 0.000000 0.863179 -0.480515 -0.708613 0.516694 0.194960 0.166743 1 1 1.000000
..\..\..\Desktop\General\noesis\roomitems_025_sitaji
  1 0.994711 0.000000 0.479028 0.610654 -0.708624 0.353488 0.017959 0.207166 1 1 1.000000
  1 -0.994714 0.000000 0.479028 -0.469339 -0.863722 0.183588 0.227164 0.207166 1 1 1.000000
  1 1.104049 0.000000 0.000000 0.590944 -0.805459 0.044960 0.006453 0.257542 1 1 1.000000
..\..\..\Desktop\General\noesis\roomitems_025_sitaji
  1 1.104049 0.000000 0.000000 0.590944 -0.805459 0.044960 0.006453 0.257542 1 1 1.000000
  1 -0.994714 0.000000 0.479028 -0.469339 -0.863722 0.183588 0.227164 0.207166 1 1 1.000000
  1 -1.104049 0.000000 0.000000 -0.590949 -0.805455 -0.044960 0.238670 0.257542 1 1 1.000000
..\..\..\Desktop\General\noesis\roomitems_025_sitaji
  1 -0.994714 0.000000 -0.479028 -0.610662 -0.708615 -0.353492 0.227164 0.307918 1 1 1.000000
  1 -0.688362 0.000000 -0.863179 -0.283420 -0.863725 -0.416717 0.194960 0.348310 1 1 1.000000
  1 0.994714 0.000000 -0.479028 0.469339 -0.863722 -0.183588 0.017959 0.307918 1 1 1.000000
..\..\..\Desktop\General\noesis\roomitems_025_sitaji
  1 0.994714 0.000000 -0.479028 0.469339 -0.863722 -0.183588 0.017959 0.307918 1 1 1.000000
  1 -0.688362 0.000000 -0.863179 -0.283420 -0.863725 -0.416717 0.194960 0.348310 1 1 1.000000
  1 0.688362 0.000000 -0.863179 0.480515 -0.708613 -0.516694 0.050163 0.348310 1 1 1.000000
..\..\..\Desktop\General\noesis\roomitems_025_sitaji
  1 0.688362 0.000000 -0.863179 0.480515 -0.708613 -0.516694 0.050163 0.348310 1 1 1.000000
  1 -0.688362 0.000000 -0.863179 -0.283420 -0.863725 -0.416717 0.194960 0.348310 1 1 1.000000
  1 0.245674 0.000000 -1.076367 0.208743 -0.708616 -0.674010 0.096734 0.370713 1 1 1.000000
..\..\..\Desktop\General\noesis\roomitems_025_sitaji
  1 0.245674 0.000000 -1.076367 0.208743 -0.708616 -0.674010 0.096734 0.370713 1 1 1.000000
  1 -0.688362 0.000000 -0.863179 -0.283420 -0.863725 -0.416717 0.194960 0.348310 1 1 1.000000
  1 -0.245674 0.000000 -1.076367 -0.124051 -0.544689 -0.829413 0.148389 0.370713 1 1 1.000000
..\..\..\Desktop\General\noesis\roomitems_025_sitaji
  1 0.738587 0.716013 -0.355685 0.931289 0.000000 -0.364282 0.006179 0.444192 1 1 1.000000
  1 0.511119 0.716013 -0.640920 0.681003 0.000000 -0.732280 0.147567 0.444192 1 1 1.000000
  1 0.738587 0.841893 -0.355685 0.605046 0.715019 -0.350240 0.006179 0.492955 1 1 1.000000
..\..\..\Desktop\General\noesis\roomitems_025_sitaji
  1 0.738587 0.841893 -0.355685 0.605046 0.715019 -0.350240 0.006179 0.492955 1 1 1.000000
  1 0.511119 0.716013 -0.640920 0.681003 0.000000 -0.732280 0.147567 0.444192 1 1 1.000000
  1 0.511119 0.841893 -0.640920 0.393165 0.715018 -0.578075 0.147567 0.492955 1 1 1.000000
..\..\..\Desktop\General\noesis\roomitems_025_sitaji
  1 0.511119 0.716013 -0.640920 0.681003 0.000000 -0.732280 0.147567 0.444192 1 1 1.000000
  1 0.182416 0.716013 -0.799216 0.295841 0.000000 -0.955237 0.288955 0.444192 1 1 1.000000
  1 0.511119 0.841893 -0.640920 0.393165 0.715018 -0.578075 0.147567 0.492955 1 1 1.000000
..\..\..\Desktop\General\noesis\roomitems_025_sitaji
  1 0.511119 0.841893 -0.640920 0.393165 0.715018 -0.578075 0.147567 0.492955 1 1 1.000000
  1 0.182416 0.716013 -0.799216 0.295841 0.000000 -0.955237 0.288955 0.444192 1 1 1.000000
  1 0.182416 0.841893 -0.799216 0.140008 0.322684 -0.936095 0.288955 0.492955 1 1 1.000000
..\..\..\Desktop\General\noesis\roomitems_025_sitaji
  1 0.182416 0.716013 -0.799216 0.295841 0.000000 -0.955237 0.288955 0.444192 1 1 1.000000
  1 -0.182416 0.716013 -0.799216 -0.147918 0.000000 -0.989000 0.430342 0.444192 1 1 1.000000
  1 0.182416 0.841893 -0.799216 0.140008 0.322684 -0.936095 0.288955 0.492955 1 1 1.000000
..\..\..\Desktop\General\noesis\roomitems_025_sitaji
  1 0.182416 0.841893 -0.799216 0.140008 0.322684 -0.936095 0.288955 0.492955 1 1 1.000000
  1 -0.182416 0.716013 -0.799216 -0.147918 0.000000 -0.989000 0.430342 0.444192 1 1 1.000000
  1 -0.182416 0.841893 -0.799216 -0.244425 0.563349 -0.789236 0.430342 0.492955 1 1 1.000000
..\..\..\Desktop\General\noesis\roomitems_025_sitaji
  1 -0.182416 0.716013 -0.799216 -0.147918 0.000000 -0.989000 0.430342 0.444192 1 1 1.000000
  1 -0.511119 0.716013 -0.640923 -0.562379 0.000000 -0.826879 0.571730 0.444192 1 1 1.000000
  1 -0.182416 0.841893 -0.799216 -0.244425 0.563349 -0.789236 0.430342 0.492955 1 1 1.000000
..\..\..\Desktop\General\noesis\roomitems_025_sitaji
  1 -0.182416 0.841893 -0.799216 -0.244425 0.563349 -0.789236 0.430342 0.492955 1 1 1.000000
  1 -0.511119 0.716013 -0.640923 -0.562379 0.000000 -0.826879 0.571730 0.444192 1 1 1.000000
  1 -0.511119 0.841893 -0.640923 -0.476094 0.715018 -0.511941 0.571730 0.492955 1 1 1.000000
..\..\..\Desktop\General\noesis\roomitems_025_sitaji
  1 -0.511119 0.716013 -0.640923 -0.562379 0.000000 -0.826879 0.571730 0.444192 1 1 1.000000
  1 -0.738587 0.716013 -0.355685 -0.865459 0.000000 -0.500980 0.713118 0.444192 1 1 1.000000
  1 -0.511119 0.841893 -0.640923 -0.476094 0.715018 -0.511941 0.571730 0.492955 1 1 1.000000
..\..\..\Desktop\General\noesis\roomitems_025_sitaji
  1 -0.511119 0.841893 -0.640923 -0.476094 0.715018 -0.511941 0.571730 0.492955 1 1 1.000000
  1 -0.738587 0.716013 -0.355685 -0.865459 0.000000 -0.500980 0.713118 0.444192 1 1 1.000000
  1 -0.738587 0.841893 -0.355685 -0.651070 0.715018 -0.254670 0.713118 0.492955 1 1 1.000000
..\..\..\Desktop\General\noesis\roomitems_025_sitaji
  1 -0.738587 0.716013 -0.355685 -0.865459 0.000000 -0.500980 0.713118 0.444192 1 1 1.000000
  1 -0.819768 0.716013 0.000000 -0.997118 0.000000 -0.075860 0.854536 0.444192 1 1 1.000000
  1 -0.738587 0.841893 -0.355685 -0.651070 0.715018 -0.254670 0.713118 0.492955 1 1 1.000000
..\..\..\Desktop\General\noesis\roomitems_025_sitaji
  1 -0.738587 0.841893 -0.355685 -0.651070 0.715018 -0.254670 0.713118 0.492955 1 1 1.000000
  1 -0.819768 0.716013 0.000000 -0.997118 0.000000 -0.075860 0.854536 0.444192 1 1 1.000000
  1 -0.819768 0.841893 0.000000 -0.823838 0.563349 0.062677 0.854536 0.492955 1 1 1.000000
..\..\..\Desktop\General\noesis\roomitems_025_sitaji
  1 -0.819768 0.716013 0.000000 -0.997118 0.000000 -0.075860 0.854536 0.444192 1 1 1.000000
  1 -0.738587 0.716013 0.355685 -0.931289 0.000000 0.364282 0.995924 0.444192 1 1 1.000000
  1 -0.819768 0.841893 0.000000 -0.823838 0.563349 0.062677 0.854536 0.492955 1 1 1.000000
..\..\..\Desktop\General\noesis\roomitems_025_sitaji
  1 -0.819768 0.841893 0.000000 -0.823838 0.563349 0.062677 0.854536 0.492955 1 1 1.000000
  1 -0.738587 0.716013 0.355685 -0.931289 0.000000 0.364282 0.995924 0.444192 1 1 1.000000
  1 -0.738587 0.841893 0.355685 -0.511789 0.806415 0.296257 0.995924 0.492955 1 1 1.000000
..\..\..\Desktop\General\noesis\roomitems_025_sitaji
  1 -0.738587 0.716013 0.355685 -0.931289 0.000000 0.364282 0.006179 0.389280 1 1 1.000000
  1 -0.511119 0.716013 0.640920 -0.681003 0.000000 0.732280 0.147567 0.389280 1 1 1.000000
  1 -0.738587 0.841893 0.355685 -0.511789 0.806415 0.296257 0.006179 0.438043 1 1 1.000000
..\..\..\Desktop\General\noesis\roomitems_025_sitaji
  1 -0.738587 0.841893 0.355685 -0.511789 0.806415 0.296257 0.006179 0.438043 1 1 1.000000
  1 -0.511119 0.716013 0.640920 -0.681003 0.000000 0.732280 0.147567 0.389280 1 1 1.000000
  1 -0.511119 0.841893 0.640920 -0.393165 0.715018 0.578075 0.147567 0.438043 1 1 1.000000
..\..\..\Desktop\General\noesis\roomitems_025_sitaji
  1 -0.511119 0.716013 0.640920 -0.681003 0.000000 0.732280 0.147567 0.389280 1 1 1.000000
  1 -0.182416 0.716013 0.799216 -0.295841 0.000000 0.955237 0.288955 0.389280 1 1 1.000000
  1 -0.511119 0.841893 0.640920 -0.393165 0.715018 0.578075 0.147567 0.438043 1 1 1.000000
..\..\..\Desktop\General\noesis\roomitems_025_sitaji
  1 -0.511119 0.841893 0.640920 -0.393165 0.715018 0.578075 0.147567 0.438043 1 1 1.000000
  1 -0.182416 0.716013 0.799216 -0.295841 0.000000 0.955237 0.288955 0.389280 1 1 1.000000
  1 -0.182416 0.841893 0.799216 -0.140008 0.322684 0.936095 0.288955 0.438043 1 1 1.000000
..\..\..\Desktop\General\noesis\roomitems_025_sitaji
  1 -0.182416 0.716013 0.799216 -0.295841 0.000000 0.955237 0.288955 0.389280 1 1 1.000000
  1 0.182416 0.716013 0.799216 0.147918 0.000000 0.989000 0.430342 0.389280 1 1 1.000000
  1 -0.182416 0.841893 0.799216 -0.140008 0.322684 0.936095 0.288955 0.438043 1 1 1.000000
..\..\..\Desktop\General\noesis\roomitems_025_sitaji
  1 -0.182416 0.841893 0.799216 -0.140008 0.322684 0.936095 0.288955 0.438043 1 1 1.000000
  1 0.182416 0.716013 0.799216 0.147918 0.000000 0.989000 0.430342 0.389280 1 1 1.000000
  1 0.182416 0.841893 0.799216 0.244426 0.563349 0.789236 0.430342 0.438043 1 1 1.000000
..\..\..\Desktop\General\noesis\roomitems_025_sitaji
  1 0.182416 0.716013 0.799216 0.147918 0.000000 0.989000 0.430342 0.389280 1 1 1.000000
  1 0.511119 0.716013 0.640923 0.562380 0.000000 0.826879 0.571730 0.389280 1 1 1.000000
  1 0.182416 0.841893 0.799216 0.244426 0.563349 0.789236 0.430342 0.438043 1 1 1.000000
..\..\..\Desktop\General\noesis\roomitems_025_sitaji
  1 0.182416 0.841893 0.799216 0.244426 0.563349 0.789236 0.430342 0.438043 1 1 1.000000
  1 0.511119 0.716013 0.640923 0.562380 0.000000 0.826879 0.571730 0.389280 1 1 1.000000
  1 0.511119 0.841893 0.640923 0.476094 0.715018 0.511941 0.571730 0.438043 1 1 1.000000
..\..\..\Desktop\General\noesis\roomitems_025_sitaji
  1 0.511119 0.716013 0.640923 0.562380 0.000000 0.826879 0.571730 0.389280 1 1 1.000000
  1 0.738587 0.716013 0.355685 0.865459 0.000000 0.500980 0.713118 0.389280 1 1 1.000000
  1 0.511119 0.841893 0.640923 0.476094 0.715018 0.511941 0.571730 0.438043 1 1 1.000000
..\..\..\Desktop\General\noesis\roomitems_025_sitaji
  1 0.511119 0.841893 0.640923 0.476094 0.715018 0.511941 0.571730 0.438043 1 1 1.000000
  1 0.738587 0.716013 0.355685 0.865459 0.000000 0.500980 0.713118 0.389280 1 1 1.000000
  1 0.738587 0.841893 0.355685 0.769449 0.563350 0.300975 0.713118 0.438043 1 1 1.000000
..\..\..\Desktop\General\noesis\roomitems_025_sitaji
  1 0.738587 0.716013 0.355685 0.865459 0.000000 0.500980 0.713118 0.389280 1 1 1.000000
  1 0.819768 0.716013 0.000000 0.997118 0.000000 0.075860 0.854536 0.389280 1 1 1.000000
  1 0.738587 0.841893 0.355685 0.769449 0.563350 0.300975 0.713118 0.438043 1 1 1.000000
..\..\..\Desktop\General\noesis\roomitems_025_sitaji
  1 0.738587 0.841893 0.355685 0.769449 0.563350 0.300975 0.713118 0.438043 1 1 1.000000
  1 0.819768 0.716013 0.000000 0.997118 0.000000 0.075860 0.854536 0.389280 1 1 1.000000
  1 0.819768 0.841893 0.000000 0.589647 0.806414 -0.044860 0.854536 0.438043 1 1 1.000000
..\..\..\Desktop\General\noesis\roomitems_025_sitaji
  1 0.819768 0.716013 0.000000 0.997118 0.000000 0.075860 0.854536 0.389280 1 1 1.000000
  1 0.738587 0.716013 -0.355685 0.931289 0.000000 -0.364282 0.995924 0.389280 1 1 1.000000
  1 0.819768 0.841893 0.000000 0.589647 0.806414 -0.044860 0.854536 0.438043 1 1 1.000000
..\..\..\Desktop\General\noesis\roomitems_025_sitaji
  1 0.819768 0.841893 0.000000 0.589647 0.806414 -0.044860 0.854536 0.438043 1 1 1.000000
  1 0.738587 0.716013 -0.355685 0.931289 0.000000 -0.364282 0.995924 0.389280 1 1 1.000000
  1 0.738587 0.841893 -0.355685 0.605046 0.715019 -0.350240 0.995924 0.438043 1 1 1.000000
..\..\..\Desktop\General\noesis\roomitems_025_sitaji
  1 -0.819768 0.841893 0.000000 -0.823838 0.563349 0.062677 0.620462 0.193590 1 1 1.000000
  1 -0.738587 0.841893 0.355685 -0.511789 0.806415 0.296257 0.638878 0.113019 1 1 1.000000
  1 0.819768 0.841893 0.000000 0.589647 0.806414 -0.044860 0.991845 0.193590 1 1 1.000000
..\..\..\Desktop\General\noesis\roomitems_025_sitaji
  1 0.819768 0.841893 0.000000 0.589647 0.806414 -0.044860 0.991845 0.193590 1 1 1.000000
  1 -0.738587 0.841893 0.355685 -0.511789 0.806415 0.296257 0.638878 0.113019 1 1 1.000000
  1 0.738587 0.841893 0.355685 0.769449 0.563350 0.300975 0.973460 0.113019 1 1 1.000000
..\..\..\Desktop\General\noesis\roomitems_025_sitaji
  1 -0.819768 0.841893 0.000000 -0.823838 0.563349 0.062677 0.620462 0.193590 1 1 1.000000
  1 0.819768 0.841893 0.000000 0.589647 0.806414 -0.044860 0.991845 0.193590 1 1 1.000000
  1 -0.738587 0.841893 -0.355685 -0.651070 0.715018 -0.254670 0.638878 0.274161 1 1 1.000000
..\..\..\Desktop\General\noesis\roomitems_025_sitaji
  1 -0.738587 0.841893 -0.355685 -0.651070 0.715018 -0.254670 0.638878 0.274161 1 1 1.000000
  1 0.819768 0.841893 0.000000 0.589647 0.806414 -0.044860 0.991845 0.193590 1 1 1.000000
  1 0.738587 0.841893 -0.355685 0.605046 0.715019 -0.350240 0.973460 0.274161 1 1 1.000000
..\..\..\Desktop\General\noesis\roomitems_025_sitaji
  1 -0.738587 0.841893 -0.355685 -0.651070 0.715018 -0.254670 0.638878 0.274161 1 1 1.000000
  1 0.738587 0.841893 -0.355685 0.605046 0.715019 -0.350240 0.973460 0.274161 1 1 1.000000
  1 -0.511119 0.841893 -0.640923 -0.476094 0.715018 -0.511941 0.690380 0.338783 1 1 1.000000
..\..\..\Desktop\General\noesis\roomitems_025_sitaji
  1 -0.511119 0.841893 -0.640923 -0.476094 0.715018 -0.511941 0.690380 0.338783 1 1 1.000000
  1 0.738587 0.841893 -0.355685 0.605046 0.715019 -0.350240 0.973460 0.274161 1 1 1.000000
  1 0.511119 0.841893 -0.640920 0.393165 0.715018 -0.578075 0.921927 0.338783 1 1 1.000000
..\..\..\Desktop\General\noesis\roomitems_025_sitaji
  1 0.738587 0.841893 0.355685 0.769449 0.563350 0.300975 0.973460 0.113019 1 1 1.000000
  1 -0.738587 0.841893 0.355685 -0.511789 0.806415 0.296257 0.638878 0.113019 1 1 1.000000
  1 0.511119 0.841893 0.640923 0.476094 0.715018 0.511941 0.921927 0.048428 1 1 1.000000
..\..\..\Desktop\General\noesis\roomitems_025_sitaji
  1 0.511119 0.841893 0.640923 0.476094 0.715018 0.511941 0.921927 0.048428 1 1 1.000000
  1 -0.738587 0.841893 0.355685 -0.511789 0.806415 0.296257 0.638878 0.113019 1 1 1.000000
  1 -0.511119 0.841893 0.640920 -0.393165 0.715018 0.578075 0.690380 0.048428 1 1 1.000000
..\..\..\Desktop\General\noesis\roomitems_025_sitaji
  1 0.511119 0.841893 0.640923 0.476094 0.715018 0.511941 0.921927 0.048428 1 1 1.000000
  1 -0.511119 0.841893 0.640920 -0.393165 0.715018 0.578075 0.690380 0.048428 1 1 1.000000
  1 0.182416 0.841893 0.799216 0.244426 0.563349 0.789236 0.847474 0.012571 1 1 1.000000
..\..\..\Desktop\General\noesis\roomitems_025_sitaji
  1 0.182416 0.841893 0.799216 0.244426 0.563349 0.789236 0.847474 0.012571 1 1 1.000000
  1 -0.511119 0.841893 0.640920 -0.393165 0.715018 0.578075 0.690380 0.048428 1 1 1.000000
  1 -0.182416 0.841893 0.799216 -0.140008 0.322684 0.936095 0.764833 0.012571 1 1 1.000000
..\..\..\Desktop\General\noesis\roomitems_025_sitaji
  1 -0.511119 0.841893 -0.640923 -0.476094 0.715018 -0.511941 0.690380 0.338783 1 1 1.000000
  1 0.511119 0.841893 -0.640920 0.393165 0.715018 -0.578075 0.921927 0.338783 1 1 1.000000
  1 -0.182416 0.841893 -0.799216 -0.244425 0.563349 -0.789236 0.764833 0.374609 1 1 1.000000
..\..\..\Desktop\General\noesis\roomitems_025_sitaji
  1 -0.182416 0.841893 -0.799216 -0.244425 0.563349 -0.789236 0.764833 0.374609 1 1 1.000000
  1 0.511119 0.841893 -0.640920 0.393165 0.715018 -0.578075 0.921927 0.338783 1 1 1.000000
  1 0.182416 0.841893 -0.799216 0.140008 0.322684 -0.936095 0.847474 0.374609 1 1 1.000000
..\..\..\Desktop\General\noesis\roomitem_027_yukihuru
  2 0.983216 0.950989 -0.473492 0.704189 -0.654403 -0.275452 0.000000 0.098392 1 2 1.000000
  2 0.680406 0.950989 -0.853202 0.514939 -0.654401 -0.553711 0.071413 0.098392 1 2 1.000000
  2 1.183416 1.296745 -0.569902 0.821291 -0.415758 -0.390674 0.000000 0.211096 1 2 1.000000
..\..\..\Desktop\General\noesis\roomitem_027_yukihuru
  2 1.183416 1.296745 -0.569902 0.821291 -0.415758 -0.390674 0.000000 0.211096 1 2 1.000000
  2 0.680406 0.950989 -0.853202 0.514939 -0.654401 -0.553711 0.071413 0.098392 1 2 1.000000
  2 0.818949 1.296745 -1.026927 0.570451 -0.415759 -0.708329 0.071413 0.211096 1 2 1.000000
..\..\..\Desktop\General\noesis\roomitem_027_yukihuru
  2 0.680406 0.950989 -0.853202 0.514939 -0.654401 -0.553711 0.071413 0.098392 1 2 1.000000
  2 0.242834 0.950989 -1.063926 0.223698 -0.654402 -0.722300 0.142857 0.098392 1 2 1.000000
  2 0.818949 1.296745 -1.026927 0.570451 -0.415759 -0.708329 0.071413 0.211096 1 2 1.000000
..\..\..\Desktop\General\noesis\roomitem_027_yukihuru
  2 0.818949 1.296745 -1.026927 0.570451 -0.415759 -0.708329 0.071413 0.211096 1 2 1.000000
  2 0.242834 0.950989 -1.063926 0.223698 -0.654402 -0.722300 0.142857 0.098392 1 2 1.000000
  2 0.292280 1.296745 -1.280558 0.206626 -0.415760 -0.885691 0.142857 0.211096 1 2 1.000000
..\..\..\Desktop\General\noesis\roomitem_027_yukihuru
  2 0.242834 0.950989 -1.063926 0.223698 -0.654402 -0.722300 0.142857 0.098392 1 2 1.000000
  2 -0.242834 0.950989 -1.063926 -0.111849 -0.654402 -0.747828 0.214270 0.098392 1 2 1.000000
  2 0.292280 1.296745 -1.280558 0.206626 -0.415760 -0.885691 0.142857 0.211096 1 2 1.000000
..\..\..\Desktop\General\noesis\roomitem_027_yukihuru
  2 0.292280 1.296745 -1.280558 0.206626 -0.415760 -0.885691 0.142857 0.211096 1 2 1.000000
  2 -0.242834 0.950989 -1.063926 -0.111849 -0.654402 -0.747828 0.214270 0.098392 1 2 1.000000
  2 -0.292280 1.296745 -1.280558 -0.198125 -0.415761 -0.887631 0.214270 0.211096 1 2 1.000000
..\..\..\Desktop\General\noesis\roomitem_027_yukihuru
  2 -0.242834 0.950989 -1.063926 -0.111849 -0.654402 -0.747828 0.214270 0.098392 1 2 1.000000
  2 -0.680406 0.950989 -0.853202 -0.425243 -0.654401 -0.625242 0.285714 0.098392 1 2 1.000000
  2 -0.292280 1.296745 -1.280558 -0.198125 -0.415761 -0.887631 0.214270 0.211096 1 2 1.000000
..\..\..\Desktop\General\noesis\roomitem_027_yukihuru
  2 -0.292280 1.296745 -1.280558 -0.198125 -0.415761 -0.887631 0.214270 0.211096 1 2 1.000000
  2 -0.680406 0.950989 -0.853202 -0.425243 -0.654401 -0.625242 0.285714 0.098392 1 2 1.000000
  2 -0.818949 1.296745 -1.026927 -0.563632 -0.415760 -0.713766 0.285714 0.211096 1 2 1.000000
..\..\..\Desktop\General\noesis\roomitem_027_yukihuru
  2 -0.680406 0.950989 -0.853202 -0.425243 -0.654401 -0.625242 0.285714 0.098392 1 2 1.000000
  2 -0.983216 0.950989 -0.473492 -0.654412 -0.654402 -0.378817 0.357127 0.098392 1 2 1.000000
  2 -0.818949 1.296745 -1.026927 -0.563632 -0.415760 -0.713766 0.285714 0.211096 1 2 1.000000
..\..\..\Desktop\General\noesis\roomitem_027_yukihuru
  2 -0.818949 1.296745 -1.026927 -0.563632 -0.415760 -0.713766 0.285714 0.211096 1 2 1.000000
  2 -0.983216 0.950989 -0.473492 -0.654412 -0.654402 -0.378817 0.357127 0.098392 1 2 1.000000
  2 -1.183416 1.296745 -0.569902 -0.817507 -0.415760 -0.398530 0.357127 0.211096 1 2 1.000000
..\..\..\Desktop\General\noesis\roomitem_027_yukihuru
  2 -0.983216 0.950989 -0.473492 -0.654412 -0.654402 -0.378817 0.357127 0.098392 1 2 1.000000
  2 -1.091287 0.950989 0.000000 -0.753966 -0.654404 -0.057362 0.428571 0.098392 1 2 1.000000
  2 -1.183416 1.296745 -0.569902 -0.817507 -0.415760 -0.398530 0.357127 0.211096 1 2 1.000000
..\..\..\Desktop\General\noesis\roomitem_027_yukihuru
  2 -1.183416 1.296745 -0.569902 -0.817507 -0.415760 -0.398530 0.357127 0.211096 1 2 1.000000
  2 -1.091287 0.950989 0.000000 -0.753966 -0.654404 -0.057362 0.428571 0.098392 1 2 1.000000
  2 -1.313492 1.296745 0.000000 -0.909465 -0.415758 -0.004360 0.428571 0.211096 1 2 1.000000
..\..\..\Desktop\General\noesis\roomitem_027_yukihuru
  2 -1.091287 0.950989 0.000000 -0.753966 -0.654404 -0.057362 0.428571 0.098392 1 2 1.000000
  2 -0.983216 0.950989 0.473493 -0.704190 -0.654403 0.275451 0.499985 0.098392 1 2 1.000000
  2 -1.313492 1.296745 0.000000 -0.909465 -0.415758 -0.004360 0.428571 0.211096 1 2 1.000000
..\..\..\Desktop\General\noesis\roomitem_027_yukihuru
  2 -1.313492 1.296745 0.000000 -0.909465 -0.415758 -0.004360 0.428571 0.211096 1 2 1.000000
  2 -0.983216 0.950989 0.473493 -0.704190 -0.654403 0.275451 0.499985 0.098392 1 2 1.000000
  2 -1.183416 1.296745 0.569902 -0.821292 -0.415757 0.390674 0.499985 0.211096 1 2 1.000000
..\..\..\Desktop\General\noesis\roomitem_027_yukihuru
  2 -0.983216 0.950989 0.473493 -0.704190 -0.654403 0.275451 0.499985 0.098392 1 2 1.000000
  2 -0.680408 0.950989 0.853203 -0.514939 -0.654403 0.553710 0.571428 0.098392 1 2 1.000000
  2 -1.183416 1.296745 0.569902 -0.821292 -0.415757 0.390674 0.499985 0.211096 1 2 1.000000
..\..\..\Desktop\General\noesis\roomitem_027_yukihuru
  2 -1.183416 1.296745 0.569902 -0.821292 -0.415757 0.390674 0.499985 0.211096 1 2 1.000000
  2 -0.680408 0.950989 0.853203 -0.514939 -0.654403 0.553710 0.571428 0.098392 1 2 1.000000
  2 -0.818949 1.296745 1.026928 -0.570451 -0.415757 0.708330 0.571428 0.211096 1 2 1.000000
..\..\..\Desktop\General\noesis\roomitem_027_yukihuru
  2 -0.680408 0.950989 0.853203 -0.514939 -0.654403 0.553710 0.571428 0.098392 1 2 1.000000
  2 -0.242835 0.950989 1.063927 -0.223698 -0.654403 0.722299 0.642872 0.098392 1 2 1.000000
  2 -0.818949 1.296745 1.026928 -0.570451 -0.415757 0.708330 0.571428 0.211096 1 2 1.000000
..\..\..\Desktop\General\noesis\roomitem_027_yukihuru
  2 -0.818949 1.296745 1.026928 -0.570451 -0.415757 0.708330 0.571428 0.211096 1 2 1.000000
  2 -0.242835 0.950989 1.063927 -0.223698 -0.654403 0.722299 0.642872 0.098392 1 2 1.000000
  2 -0.292280 1.296745 1.280559 -0.206626 -0.415760 0.885691 0.642872 0.211096 1 2 1.000000
..\..\..\Desktop\General\noesis\roomitem_027_yukihuru
  2 -0.242835 0.950989 1.063927 -0.223698 -0.654403 0.722299 0.642872 0.098392 1 2 1.000000
  2 0.242834 0.950989 1.063927 0.111849 -0.654403 0.747828 0.714285 0.098392 1 2 1.000000
  2 -0.292280 1.296745 1.280559 -0.206626 -0.415760 0.885691 0.642872 0.211096 1 2 1.000000
..\..\..\Desktop\General\noesis\roomitem_027_yukihuru
  2 -0.292280 1.296745 1.280559 -0.206626 -0.415760 0.885691 0.642872 0.211096 1 2 1.000000
  2 0.242834 0.950989 1.063927 0.111849 -0.654403 0.747828 0.714285 0.098392 1 2 1.000000
  2 0.292280 1.296745 1.280559 0.198125 -0.415761 0.887631 0.714285 0.211096 1 2 1.000000
..\..\..\Desktop\General\noesis\roomitem_027_yukihuru
  2 0.242834 0.950989 1.063927 0.111849 -0.654403 0.747828 0.714285 0.098392 1 2 1.000000
  2 0.680406 0.950989 0.853203 0.425243 -0.654403 0.625240 0.785729 0.098392 1 2 1.000000
  2 0.292280 1.296745 1.280559 0.198125 -0.415761 0.887631 0.714285 0.211096 1 2 1.000000
..\..\..\Desktop\General\noesis\roomitem_027_yukihuru
  2 0.292280 1.296745 1.280559 0.198125 -0.415761 0.887631 0.714285 0.211096 1 2 1.000000
  2 0.680406 0.950989 0.853203 0.425243 -0.654403 0.625240 0.785729 0.098392 1 2 1.000000
  2 0.818949 1.296745 1.026928 0.563633 -0.415760 0.713766 0.785729 0.211096 1 2 1.000000
..\..\..\Desktop\General\noesis\roomitem_027_yukihuru
  2 0.680406 0.950989 0.853203 0.425243 -0.654403 0.625240 0.785729 0.098392 1 2 1.000000
  2 0.983216 0.950989 0.473493 0.654412 -0.654403 0.378817 0.857143 0.098392 1 2 1.000000
  2 0.818949 1.296745 1.026928 0.563633 -0.415760 0.713766 0.785729 0.211096 1 2 1.000000
..\..\..\Desktop\General\noesis\roomitem_027_yukihuru
  2 0.818949 1.296745 1.026928 0.563633 -0.415760 0.713766 0.785729 0.211096 1 2 1.000000
  2 0.983216 0.950989 0.473493 0.654412 -0.654403 0.378817 0.857143 0.098392 1 2 1.000000
  2 1.183416 1.296745 0.569902 0.817507 -0.415760 0.398530 0.857143 0.211096 1 2 1.000000
..\..\..\Desktop\General\noesis\roomitem_027_yukihuru
  2 0.983216 0.950989 0.473493 0.654412 -0.654403 0.378817 0.857143 0.098392 1 2 1.000000
  2 1.091287 0.950989 0.000000 0.753966 -0.654404 0.057362 0.928586 0.098392 1 2 1.000000
  2 1.183416 1.296745 0.569902 0.817507 -0.415760 0.398530 0.857143 0.211096 1 2 1.000000
..\..\..\Desktop\General\noesis\roomitem_027_yukihuru
  2 1.183416 1.296745 0.569902 0.817507 -0.415760 0.398530 0.857143 0.211096 1 2 1.000000
  2 1.091287 0.950989 0.000000 0.753966 -0.654404 0.057362 0.928586 0.098392 1 2 1.000000
  2 1.313492 1.296745 0.000000 0.909465 -0.415758 0.004360 0.928586 0.211096 1 2 1.000000
..\..\..\Desktop\General\noesis\roomitem_027_yukihuru
  2 1.091287 0.950989 0.000000 0.753966 -0.654404 0.057362 0.928586 0.098392 1 2 1.000000
  2 0.983216 0.950989 -0.473492 0.704189 -0.654403 -0.275452 1.000000 0.098392 1 2 1.000000
  2 1.313492 1.296745 0.000000 0.909465 -0.415758 0.004360 0.928586 0.211096 1 2 1.000000
..\..\..\Desktop\General\noesis\roomitem_027_yukihuru
  2 1.313492 1.296745 0.000000 0.909465 -0.415758 0.004360 0.928586 0.211096 1 2 1.000000
  2 0.983216 0.950989 -0.473492 0.704189 -0.654403 -0.275452 1.000000 0.098392 1 2 1.000000
  2 1.183416 1.296745 -0.569902 0.821291 -0.415758 -0.390674 1.000000 0.211096 1 2 1.000000
..\..\..\Desktop\General\noesis\roomitem_027_yukihuru
  2 1.183416 1.296745 -0.569902 0.821291 -0.415758 -0.390674 0.000000 0.211096 1 2 1.000000
  2 0.818949 1.296745 -1.026927 0.570451 -0.415759 -0.708329 0.071413 0.211096 1 2 1.000000
  2 1.287739 1.691096 -0.620141 0.892423 -0.142453 -0.428122 0.000000 0.323801 1 2 1.000000
..\..\..\Desktop\General\noesis\roomitem_027_yukihuru
  2 0.818949 1.296745 -1.026927 0.570451 -0.415759 -0.708329 0.071413 0.211096 1 2 1.000000
  2 0.292280 1.296745 -1.280558 0.206626 -0.415760 -0.885691 0.142857 0.211096 1 2 1.000000
  2 0.891144 1.691096 -1.117458 0.618291 -0.142456 -0.772931 0.071413 0.323801 1 2 1.000000
..\..\..\Desktop\General\noesis\roomitem_027_yukihuru
  2 1.287739 1.691096 -0.620141 0.892423 -0.142453 -0.428122 0.000000 0.323801 1 2 1.000000
  2 0.818949 1.296745 -1.026927 0.570451 -0.415759 -0.708329 0.071413 0.211096 1 2 1.000000
  2 0.891144 1.691096 -1.117458 0.618291 -0.142456 -0.772931 0.071413 0.323801 1 2 1.000000
..\..\..\Desktop\General\noesis\roomitem_027_yukihuru
  2 0.891144 1.691096 -1.117458 0.618291 -0.142456 -0.772931 0.071413 0.323801 1 2 1.000000
  2 0.292280 1.296745 -1.280558 0.206626 -0.415760 -0.885691 0.142857 0.211096 1 2 1.000000
  2 0.318045 1.691096 -1.393449 0.221697 -0.142457 -0.964653 0.142857 0.323801 1 2 1.000000
..\..\..\Desktop\General\noesis\roomitem_027_yukihuru
  2 0.292280 1.296745 -1.280558 0.206626 -0.415760 -0.885691 0.142857 0.211096 1 2 1.000000
  2 -0.292280 1.296745 -1.280558 -0.198125 -0.415761 -0.887631 0.214270 0.211096 1 2 1.000000
  2 0.318045 1.691096 -1.393449 0.221697 -0.142457 -0.964653 0.142857 0.323801 1 2 1.000000
..\..\..\Desktop\General\noesis\roomitem_027_yukihuru
  2 -0.292280 1.296745 -1.280558 -0.198125 -0.415761 -0.887631 0.214270 0.211096 1 2 1.000000
  2 -0.818949 1.296745 -1.026927 -0.563632 -0.415760 -0.713766 0.285714 0.211096 1 2 1.000000
  2 -0.318045 1.691096 -1.393449 -0.218806 -0.142457 -0.965313 0.214270 0.323801 1 2 1.000000
..\..\..\Desktop\General\noesis\roomitem_027_yukihuru
  2 0.318045 1.691096 -1.393449 0.221697 -0.142457 -0.964653 0.142857 0.323801 1 2 1.000000
  2 -0.292280 1.296745 -1.280558 -0.198125 -0.415761 -0.887631 0.214270 0.211096 1 2 1.000000
  2 -0.318045 1.691096 -1.393449 -0.218806 -0.142457 -0.965313 0.214270 0.323801 1 2 1.000000
..\..\..\Desktop\General\noesis\roomitem_027_yukihuru
  2 -0.818949 1.296745 -1.026927 -0.563632 -0.415760 -0.713766 0.285714 0.211096 1 2 1.000000
  2 -1.183416 1.296745 -0.569902 -0.817507 -0.415760 -0.398530 0.357127 0.211096 1 2 1.000000
  2 -0.891144 1.691096 -1.117458 -0.615971 -0.142456 -0.774781 0.285714 0.323801 1 2 1.000000
..\..\..\Desktop\General\noesis\roomitem_027_yukihuru
  2 -0.318045 1.691096 -1.393449 -0.218806 -0.142457 -0.965313 0.214270 0.323801 1 2 1.000000
  2 -0.818949 1.296745 -1.026927 -0.563632 -0.415760 -0.713766 0.285714 0.211096 1 2 1.000000
  2 -0.891144 1.691096 -1.117458 -0.615971 -0.142456 -0.774781 0.285714 0.323801 1 2 1.000000
..\..\..\Desktop\General\noesis\roomitem_027_yukihuru
  2 -0.891144 1.691096 -1.117458 -0.615971 -0.142456 -0.774781 0.285714 0.323801 1 2 1.000000
  2 -1.183416 1.296745 -0.569902 -0.817507 -0.415760 -0.398530 0.357127 0.211096 1 2 1.000000
  2 -1.287739 1.691096 -0.620144 -0.891136 -0.142453 -0.430794 0.357127 0.323801 1 2 1.000000
..\..\..\Desktop\General\noesis\roomitem_027_yukihuru
  2 -1.183416 1.296745 -0.569902 -0.817507 -0.415760 -0.398530 0.357127 0.211096 1 2 1.000000
  2 -1.313492 1.296745 0.000000 -0.909465 -0.415758 -0.004360 0.428571 0.211096 1 2 1.000000
  2 -1.287739 1.691096 -0.620144 -0.891136 -0.142453 -0.430794 0.357127 0.323801 1 2 1.000000
..\..\..\Desktop\General\noesis\roomitem_027_yukihuru
  2 -1.313492 1.296745 0.000000 -0.909465 -0.415758 -0.004360 0.428571 0.211096 1 2 1.000000
  2 -1.183416 1.296745 0.569902 -0.821292 -0.415757 0.390674 0.499985 0.211096 1 2 1.000000
  2 -1.429282 1.691096 -0.000000 -0.989801 -0.142453 -0.001482 0.428571 0.323801 1 2 1.000000
..\..\..\Desktop\General\noesis\roomitem_027_yukihuru
  2 -1.287739 1.691096 -0.620144 -0.891136 -0.142453 -0.430794 0.357127 0.323801 1 2 1.000000
  2 -1.313492 1.296745 0.000000 -0.909465 -0.415758 -0.004360 0.428571 0.211096 1 2 1.000000
  2 -1.429282 1.691096 -0.000000 -0.989801 -0.142453 -0.001482 0.428571 0.323801 1 2 1.000000
..\..\..\Desktop\General\noesis\roomitem_027_yukihuru
  2 -1.429282 1.691096 -0.000000 -0.989801 -0.142453 -0.001482 0.428571 0.323801 1 2 1.000000
  2 -1.183416 1.296745 0.569902 -0.821292 -0.415757 0.390674 0.499985 0.211096 1 2 1.000000
  2 -1.287739 1.691096 0.620141 -0.892423 -0.142453 0.428122 0.499985 0.323801 1 2 1.000000
..\..\..\Desktop\General\noesis\roomitem_027_yukihuru
  2 -1.183416 1.296745 0.569902 -0.821292 -0.415757 0.390674 0.499985 0.211096 1 2 1.000000
  2 -0.818949 1.296745 1.026928 -0.570451 -0.415757 0.708330 0.571428 0.211096 1 2 1.000000
  2 -1.287739 1.691096 0.620141 -0.892423 -0.142453 0.428122 0.499985 0.323801 1 2 1.000000
..\..\..\Desktop\General\noesis\roomitem_027_yukihuru
  2 -0.818949 1.296745 1.026928 -0.570451 -0.415757 0.708330 0.571428 0.211096 1 2 1.000000
  2 -0.292280 1.296745 1.280559 -0.206626 -0.415760 0.885691 0.642872 0.211096 1 2 1.000000
  2 -0.891144 1.691096 1.117458 -0.618291 -0.142456 0.772931 0.571428 0.323801 1 2 1.000000
..\..\..\Desktop\General\noesis\roomitem_027_yukihuru
  2 -1.287739 1.691096 0.620141 -0.892423 -0.142453 0.428122 0.499985 0.323801 1 2 1.000000
  2 -0.818949 1.296745 1.026928 -0.570451 -0.415757 0.708330 0.571428 0.211096 1 2 1.000000
  2 -0.891144 1.691096 1.117458 -0.618291 -0.142456 0.772931 0.571428 0.323801 1 2 1.000000
..\..\..\Desktop\General\noesis\roomitem_027_yukihuru
  2 -0.292280 1.296745 1.280559 -0.206626 -0.415760 0.885691 0.642872 0.211096 1 2 1.000000
  2 0.292280 1.296745 1.280559 0.198125 -0.415761 0.887631 0.714285 0.211096 1 2 1.000000
  2 -0.318045 1.691096 1.393450 -0.221698 -0.142457 0.964653 0.642872 0.323801 1 2 1.000000
..\..\..\Desktop\General\noesis\roomitem_027_yukihuru
  2 -0.891144 1.691096 1.117458 -0.618291 -0.142456 0.772931 0.571428 0.323801 1 2 1.000000
  2 -0.292280 1.296745 1.280559 -0.206626 -0.415760 0.885691 0.642872 0.211096 1 2 1.000000
  2 -0.318045 1.691096 1.393450 -0.221698 -0.142457 0.964653 0.642872 0.323801 1 2 1.000000
..\..\..\Desktop\General\noesis\roomitem_027_yukihuru
  2 -0.318045 1.691096 1.393450 -0.221698 -0.142457 0.964653 0.642872 0.323801 1 2 1.000000
  2 0.292280 1.296745 1.280559 0.198125 -0.415761 0.887631 0.714285 0.211096 1 2 1.000000
  2 0.318045 1.691096 1.393450 0.218807 -0.142456 0.965313 0.714285 0.323801 1 2 1.000000
..\..\..\Desktop\General\noesis\roomitem_027_yukihuru
  2 0.292280 1.296745 1.280559 0.198125 -0.415761 0.887631 0.714285 0.211096 1 2 1.000000
  2 0.818949 1.296745 1.026928 0.563633 -0.415760 0.713766 0.785729 0.211096 1 2 1.000000
  2 0.318045 1.691096 1.393450 0.218807 -0.142456 0.965313 0.714285 0.323801 1 2 1.000000
..\..\..\Desktop\General\noesis\roomitem_027_yukihuru
  2 0.818949 1.296745 1.026928 0.563633 -0.415760 0.713766 0.785729 0.211096 1 2 1.000000
  2 1.183416 1.296745 0.569902 0.817507 -0.415760 0.398530 0.857143 0.211096 1 2 1.000000
  2 0.891144 1.691096 1.117458 0.615972 -0.142455 0.774781 0.785729 0.323801 1 2 1.000000
..\..\..\Desktop\General\noesis\roomitem_027_yukihuru
  2 0.318045 1.691096 1.393450 0.218807 -0.142456 0.965313 0.714285 0.323801 1 2 1.000000
  2 0.818949 1.296745 1.026928 0.563633 -0.415760 0.713766 0.785729 0.211096 1 2 1.000000
  2 0.891144 1.691096 1.117458 0.615972 -0.142455 0.774781 0.785729 0.323801 1 2 1.000000
..\..\..\Desktop\General\noesis\roomitem_027_yukihuru
  2 1.183416 1.296745 0.569902 0.817507 -0.415760 0.398530 0.857143 0.211096 1 2 1.000000
  2 1.313492 1.296745 0.000000 0.909465 -0.415758 0.004360 0.928586 0.211096 1 2 1.000000
  2 1.287739 1.691096 0.620144 0.891136 -0.142453 0.430794 0.857143 0.323801 1 2 1.000000
..\..\..\Desktop\General\noesis\roomitem_027_yukihuru
  2 0.891144 1.691096 1.117458 0.615972 -0.142455 0.774781 0.785729 0.323801 1 2 1.000000
  2 1.183416 1.296745 0.569902 0.817507 -0.415760 0.398530 0.857143 0.211096 1 2 1.000000
  2 1.287739 1.691096 0.620144 0.891136 -0.142453 0.430794 0.857143 0.323801 1 2 1.000000
..\..\..\Desktop\General\noesis\roomitem_027_yukihuru
  2 1.287739 1.691096 0.620144 0.891136 -0.142453 0.430794 0.857143 0.323801 1 2 1.000000
  2 1.313492 1.296745 0.000000 0.909465 -0.415758 0.004360 0.928586 0.211096 1 2 1.000000
  2 1.429282 1.691096 0.000000 0.989801 -0.142453 0.001482 0.928586 0.323801 1 2 1.000000
..\..\..\Desktop\General\noesis\roomitem_027_yukihuru
  2 1.313492 1.296745 0.000000 0.909465 -0.415758 0.004360 0.928586 0.211096 1 2 1.000000
  2 1.183416 1.296745 -0.569902 0.821291 -0.415758 -0.390674 1.000000 0.211096 1 2 1.000000
  2 1.429282 1.691096 0.000000 0.989801 -0.142453 0.001482 0.928586 0.323801 1 2 1.000000
..\..\..\Desktop\General\noesis\roomitem_027_yukihuru
  2 1.429282 1.691096 0.000000 0.989801 -0.142453 0.001482 0.928586 0.323801 1 2 1.000000
  2 1.183416 1.296745 -0.569902 0.821291 -0.415758 -0.390674 1.000000 0.211096 1 2 1.000000
  2 1.287739 1.691096 -0.620141 0.892423 -0.142453 -0.428122 1.000000 0.323801 1 2 1.000000
..\..\..\Desktop\General\noesis\roomitem_027_yukihuru
  2 1.287739 1.691096 -0.620141 0.892423 -0.142453 -0.428122 0.000000 0.323801 1 2 1.000000
  2 0.891144 1.691096 -1.117458 0.618291 -0.142456 -0.772931 0.071413 0.323801 1 2 1.000000
  2 1.287739 2.102095 -0.620141 0.891137 0.142452 -0.430793 0.000000 0.436506 1 2 1.000000
..\..\..\Desktop\General\noesis\roomitem_027_yukihuru
  2 0.891144 1.691096 -1.117458 0.618291 -0.142456 -0.772931 0.071413 0.323801 1 2 1.000000
  2 0.318045 1.691096 -1.393449 0.221697 -0.142457 -0.964653 0.142857 0.323801 1 2 1.000000
  2 0.891144 2.102095 -1.117458 0.615972 0.142455 -0.774781 0.071413 0.436506 1 2 1.000000
..\..\..\Desktop\General\noesis\roomitem_027_yukihuru
  2 1.287739 2.102095 -0.620141 0.891137 0.142452 -0.430793 0.000000 0.436506 1 2 1.000000
  2 0.891144 1.691096 -1.117458 0.618291 -0.142456 -0.772931 0.071413 0.323801 1 2 1.000000
  2 0.891144 2.102095 -1.117458 0.615972 0.142455 -0.774781 0.071413 0.436506 1 2 1.000000
..\..\..\Desktop\General\noesis\roomitem_027_yukihuru
  2 0.318045 1.691096 -1.393449 0.221697 -0.142457 -0.964653 0.142857 0.323801 1 2 1.000000
  2 -0.318045 1.691096 -1.393449 -0.218806 -0.142457 -0.965313 0.214270 0.323801 1 2 1.000000
  2 0.318045 2.102095 -1.393449 0.218806 0.142457 -0.965313 0.142857 0.436506 1 2 1.000000
..\..\..\Desktop\General\noesis\roomitem_027_yukihuru
  2 0.891144 2.102095 -1.117458 0.615972 0.142455 -0.774781 0.071413 0.436506 1 2 1.000000
  2 0.318045 1.691096 -1.393449 0.221697 -0.142457 -0.964653 0.142857 0.323801 1 2 1.000000
  2 0.318045 2.102095 -1.393449 0.218806 0.142457 -0.965313 0.142857 0.436506 1 2 1.000000
..\..\..\Desktop\General\noesis\roomitem_027_yukihuru
  2 0.318045 2.102095 -1.393449 0.218806 0.142457 -0.965313 0.142857 0.436506 1 2 1.000000
  2 -0.318045 1.691096 -1.393449 -0.218806 -0.142457 -0.965313 0.214270 0.323801 1 2 1.000000
  2 -0.318045 2.102095 -1.393449 -0.221697 0.142457 -0.964653 0.214270 0.436506 1 2 1.000000
..\..\..\Desktop\General\noesis\roomitem_027_yukihuru
  2 -0.318045 1.691096 -1.393449 -0.218806 -0.142457 -0.965313 0.214270 0.323801 1 2 1.000000
  2 -0.891144 1.691096 -1.117458 -0.615971 -0.142456 -0.774781 0.285714 0.323801 1 2 1.000000
  2 -0.318045 2.102095 -1.393449 -0.221697 0.142457 -0.964653 0.214270 0.436506 1 2 1.000000
..\..\..\Desktop\General\noesis\roomitem_027_yukihuru
  2 -0.891144 1.691096 -1.117458 -0.615971 -0.142456 -0.774781 0.285714 0.323801 1 2 1.000000
  2 -1.287739 1.691096 -0.620144 -0.891136 -0.142453 -0.430794 0.357127 0.323801 1 2 1.000000
  2 -0.891144 2.102095 -1.117458 -0.618290 0.142456 -0.772932 0.285714 0.436506 1 2 1.000000
..\..\..\Desktop\General\noesis\roomitem_027_yukihuru
  2 -0.318045 2.102095 -1.393449 -0.221697 0.142457 -0.964653 0.214270 0.436506 1 2 1.000000
  2 -0.891144 1.691096 -1.117458 -0.615971 -0.142456 -0.774781 0.285714 0.323801 1 2 1.000000
  2 -0.891144 2.102095 -1.117458 -0.618290 0.142456 -0.772932 0.285714 0.436506 1 2 1.000000
..\..\..\Desktop\General\noesis\roomitem_027_yukihuru
  2 -1.287739 1.691096 -0.620144 -0.891136 -0.142453 -0.430794 0.357127 0.323801 1 2 1.000000
  2 -1.429282 1.691096 -0.000000 -0.989801 -0.142453 -0.001482 0.428571 0.323801 1 2 1.000000
  2 -1.287739 2.102095 -0.620144 -0.892423 0.142455 -0.428122 0.357127 0.436506 1 2 1.000000
..\..\..\Desktop\General\noesis\roomitem_027_yukihuru
  2 -0.891144 2.102095 -1.117458 -0.618290 0.142456 -0.772932 0.285714 0.436506 1 2 1.000000
  2 -1.287739 1.691096 -0.620144 -0.891136 -0.142453 -0.430794 0.357127 0.323801 1 2 1.000000
  2 -1.287739 2.102095 -0.620144 -0.892423 0.142455 -0.428122 0.357127 0.436506 1 2 1.000000
..\..\..\Desktop\General\noesis\roomitem_027_yukihuru
  2 -1.287739 2.102095 -0.620144 -0.892423 0.142455 -0.428122 0.357127 0.436506 1 2 1.000000
  2 -1.429282 1.691096 -0.000000 -0.989801 -0.142453 -0.001482 0.428571 0.323801 1 2 1.000000
  2 -1.429282 2.102095 -0.000000 -0.989801 0.142453 0.001483 0.428571 0.436506 1 2 1.000000
..\..\..\Desktop\General\noesis\roomitem_027_yukihuru
  2 -1.429282 1.691096 -0.000000 -0.989801 -0.142453 -0.001482 0.428571 0.323801 1 2 1.000000
  2 -1.287739 1.691096 0.620141 -0.892423 -0.142453 0.428122 0.499985 0.323801 1 2 1.000000
  2 -1.429282 2.102095 -0.000000 -0.989801 0.142453 0.001483 0.428571 0.436506 1 2 1.000000
..\..\..\Desktop\General\noesis\roomitem_027_yukihuru
  2 -1.287739 1.691096 0.620141 -0.892423 -0.142453 0.428122 0.499985 0.323801 1 2 1.000000
  2 -0.891144 1.691096 1.117458 -0.618291 -0.142456 0.772931 0.571428 0.323801 1 2 1.000000
  2 -1.287739 2.102095 0.620141 -0.891137 0.142452 0.430793 0.499985 0.436506 1 2 1.000000
..\..\..\Desktop\General\noesis\roomitem_027_yukihuru
  2 -1.429282 2.102095 -0.000000 -0.989801 0.142453 0.001483 0.428571 0.436506 1 2 1.000000
  2 -1.287739 1.691096 0.620141 -0.892423 -0.142453 0.428122 0.499985 0.323801 1 2 1.000000
  2 -1.287739 2.102095 0.620141 -0.891137 0.142452 0.430793 0.499985 0.436506 1 2 1.000000
..\..\..\Desktop\General\noesis\roomitem_027_yukihuru
  2 -0.891144 1.691096 1.117458 -0.618291 -0.142456 0.772931 0.571428 0.323801 1 2 1.000000
  2 -0.318045 1.691096 1.393450 -0.221698 -0.142457 0.964653 0.642872 0.323801 1 2 1.000000
  2 -0.891144 2.102095 1.117458 -0.615973 0.142454 0.774780 0.571428 0.436506 1 2 1.000000
..\..\..\Desktop\General\noesis\roomitem_027_yukihuru
  2 -1.287739 2.102095 0.620141 -0.891137 0.142452 0.430793 0.499985 0.436506 1 2 1.000000
  2 -0.891144 1.691096 1.117458 -0.618291 -0.142456 0.772931 0.571428 0.323801 1 2 1.000000
  2 -0.891144 2.102095 1.117458 -0.615973 0.142454 0.774780 0.571428 0.436506 1 2 1.000000
..\..\..\Desktop\General\noesis\roomitem_027_yukihuru
  2 -0.891144 2.102095 1.117458 -0.615973 0.142454 0.774780 0.571428 0.436506 1 2 1.000000
  2 -0.318045 1.691096 1.393450 -0.221698 -0.142457 0.964653 0.642872 0.323801 1 2 1.000000
  2 -0.318045 2.102095 1.393450 -0.218807 0.142456 0.965313 0.642872 0.436506 1 2 1.000000
..\..\..\Desktop\General\noesis\roomitem_027_yukihuru
  2 -0.318045 1.691096 1.393450 -0.221698 -0.142457 0.964653 0.642872 0.323801 1 2 1.000000
  2 0.318045 1.691096 1.393450 0.218807 -0.142456 0.965313 0.714285 0.323801 1 2 1.000000
  2 -0.318045 2.102095 1.393450 -0.218807 0.142456 0.965313 0.642872 0.436506 1 2 1.000000
..\..\..\Desktop\General\noesis\roomitem_027_yukihuru
  2 0.318045 1.691096 1.393450 0.218807 -0.142456 0.965313 0.714285 0.323801 1 2 1.000000
  2 0.891144 1.691096 1.117458 0.615972 -0.142455 0.774781 0.785729 0.323801 1 2 1.000000
  2 0.318045 2.102095 1.393450 0.221698 0.142457 0.964653 0.714285 0.436506 1 2 1.000000
..\..\..\Desktop\General\noesis\roomitem_027_yukihuru
  2 -0.318045 2.102095 1.393450 -0.218807 0.142456 0.965313 0.642872 0.436506 1 2 1.000000
  2 0.318045 1.691096 1.393450 0.218807 -0.142456 0.965313 0.714285 0.323801 1 2 1.000000
  2 0.318045 2.102095 1.393450 0.221698 0.142457 0.964653 0.714285 0.436506 1 2 1.000000
..\..\..\Desktop\General\noesis\roomitem_027_yukihuru
  2 0.891144 1.691096 1.117458 0.615972 -0.142455 0.774781 0.785729 0.323801 1 2 1.000000
  2 1.287739 1.691096 0.620144 0.891136 -0.142453 0.430794 0.857143 0.323801 1 2 1.000000
  2 0.891144 2.102095 1.117458 0.618290 0.142456 0.772932 0.785729 0.436506 1 2 1.000000
..\..\..\Desktop\General\noesis\roomitem_027_yukihuru
  2 0.318045 2.102095 1.393450 0.221698 0.142457 0.964653 0.714285 0.436506 1 2 1.000000
  2 0.891144 1.691096 1.117458 0.615972 -0.142455 0.774781 0.785729 0.323801 1 2 1.000000
  2 0.891144 2.102095 1.117458 0.618290 0.142456 0.772932 0.785729 0.436506 1 2 1.000000
..\..\..\Desktop\General\noesis\roomitem_027_yukihuru
  2 0.891144 2.102095 1.117458 0.618290 0.142456 0.772932 0.785729 0.436506 1 2 1.000000
  2 1.287739 1.691096 0.620144 0.891136 -0.142453 0.430794 0.857143 0.323801 1 2 1.000000
  2 1.287739 2.102095 0.620144 0.892423 0.142454 0.428122 0.857143 0.436506 1 2 1.000000
..\..\..\Desktop\General\noesis\roomitem_027_yukihuru
  2 1.287739 1.691096 0.620144 0.891136 -0.142453 0.430794 0.857143 0.323801 1 2 1.000000
  2 1.429282 1.691096 0.000000 0.989801 -0.142453 0.001482 0.928586 0.323801 1 2 1.000000
  2 1.287739 2.102095 0.620144 0.892423 0.142454 0.428122 0.857143 0.436506 1 2 1.000000
..\..\..\Desktop\General\noesis\roomitem_027_yukihuru
  2 1.287739 2.102095 0.620144 0.892423 0.142454 0.428122 0.857143 0.436506 1 2 1.000000
  2 1.429282 1.691096 0.000000 0.989801 -0.142453 0.001482 0.928586 0.323801 1 2 1.000000
  2 1.429282 2.102095 0.000000 0.989801 0.142453 -0.001483 0.928586 0.436506 1 2 1.000000
..\..\..\Desktop\General\noesis\roomitem_027_yukihuru
  2 1.429282 1.691096 0.000000 0.989801 -0.142453 0.001482 0.928586 0.323801 1 2 1.000000
  2 1.287739 1.691096 -0.620141 0.892423 -0.142453 -0.428122 1.000000 0.323801 1 2 1.000000
  2 1.429282 2.102095 0.000000 0.989801 0.142453 -0.001483 0.928586 0.436506 1 2 1.000000
..\..\..\Desktop\General\noesis\roomitem_027_yukihuru
  2 1.429282 2.102095 0.000000 0.989801 0.142453 -0.001483 0.928586 0.436506 1 2 1.000000
  2 1.287739 1.691096 -0.620141 0.892423 -0.142453 -0.428122 1.000000 0.323801 1 2 1.000000
  2 1.287739 2.102095 -0.620141 0.891137 0.142452 -0.430793 1.000000 0.436506 1 2 1.000000
..\..\..\Desktop\General\noesis\roomitem_027_yukihuru
  2 1.287739 2.102095 -0.620141 0.891137 0.142452 -0.430793 0.000000 0.436506 1 2 1.000000
  2 0.891144 2.102095 -1.117458 0.615972 0.142455 -0.774781 0.071413 0.436506 1 2 1.000000
  2 1.183416 2.496446 -0.569902 0.817508 0.415758 -0.398530 0.000000 0.549211 1 2 1.000000
..\..\..\Desktop\General\noesis\roomitem_027_yukihuru
  2 1.183416 2.496446 -0.569902 0.817508 0.415758 -0.398530 0.000000 0.549211 1 2 1.000000
  2 0.891144 2.102095 -1.117458 0.615972 0.142455 -0.774781 0.071413 0.436506 1 2 1.000000
  2 0.818949 2.496446 -1.026927 0.563633 0.415760 -0.713766 0.071413 0.549211 1 2 1.000000
..\..\..\Desktop\General\noesis\roomitem_027_yukihuru
  2 0.891144 2.102095 -1.117458 0.615972 0.142455 -0.774781 0.071413 0.436506 1 2 1.000000
  2 0.318045 2.102095 -1.393449 0.218806 0.142457 -0.965313 0.142857 0.436506 1 2 1.000000
  2 0.818949 2.496446 -1.026927 0.563633 0.415760 -0.713766 0.071413 0.549211 1 2 1.000000
..\..\..\Desktop\General\noesis\roomitem_027_yukihuru
  2 0.818949 2.496446 -1.026927 0.563633 0.415760 -0.713766 0.071413 0.549211 1 2 1.000000
  2 0.318045 2.102095 -1.393449 0.218806 0.142457 -0.965313 0.142857 0.436506 1 2 1.000000
  2 0.292280 2.496446 -1.280558 0.198125 0.415760 -0.887632 0.142857 0.549211 1 2 1.000000
..\..\..\Desktop\General\noesis\roomitem_027_yukihuru
  2 0.318045 2.102095 -1.393449 0.218806 0.142457 -0.965313 0.142857 0.436506 1 2 1.000000
  2 -0.318045 2.102095 -1.393449 -0.221697 0.142457 -0.964653 0.214270 0.436506 1 2 1.000000
  2 0.292280 2.496446 -1.280558 0.198125 0.415760 -0.887632 0.142857 0.549211 1 2 1.000000
..\..\..\Desktop\General\noesis\roomitem_027_yukihuru
  2 0.292280 2.496446 -1.280558 0.198125 0.415760 -0.887632 0.142857 0.549211 1 2 1.000000
  2 -0.318045 2.102095 -1.393449 -0.221697 0.142457 -0.964653 0.214270 0.436506 1 2 1.000000
  2 -0.292280 2.496446 -1.280558 -0.206626 0.415759 -0.885692 0.214270 0.549211 1 2 1.000000
..\..\..\Desktop\General\noesis\roomitem_027_yukihuru
  2 -0.318045 2.102095 -1.393449 -0.221697 0.142457 -0.964653 0.214270 0.436506 1 2 1.000000
  2 -0.891144 2.102095 -1.117458 -0.618290 0.142456 -0.772932 0.285714 0.436506 1 2 1.000000
  2 -0.292280 2.496446 -1.280558 -0.206626 0.415759 -0.885692 0.214270 0.549211 1 2 1.000000
..\..\..\Desktop\General\noesis\roomitem_027_yukihuru
  2 -0.292280 2.496446 -1.280558 -0.206626 0.415759 -0.885692 0.214270 0.549211 1 2 1.000000
  2 -0.891144 2.102095 -1.117458 -0.618290 0.142456 -0.772932 0.285714 0.436506 1 2 1.000000
  2 -0.818949 2.496446 -1.026927 -0.570450 0.415759 -0.708330 0.285714 0.549211 1 2 1.000000
..\..\..\Desktop\General\noesis\roomitem_027_yukihuru
  2 -0.891144 2.102095 -1.117458 -0.618290 0.142456 -0.772932 0.285714 0.436506 1 2 1.000000
  2 -1.287739 2.102095 -0.620144 -0.892423 0.142455 -0.428122 0.357127 0.436506 1 2 1.000000
  2 -0.818949 2.496446 -1.026927 -0.570450 0.415759 -0.708330 0.285714 0.549211 1 2 1.000000
..\..\..\Desktop\General\noesis\roomitem_027_yukihuru
  2 -0.818949 2.496446 -1.026927 -0.570450 0.415759 -0.708330 0.285714 0.549211 1 2 1.000000
  2 -1.287739 2.102095 -0.620144 -0.892423 0.142455 -0.428122 0.357127 0.436506 1 2 1.000000
  2 -1.183416 2.496446 -0.569902 -0.821291 0.415758 -0.390674 0.357127 0.549211 1 2 1.000000
..\..\..\Desktop\General\noesis\roomitem_027_yukihuru
  2 -1.287739 2.102095 -0.620144 -0.892423 0.142455 -0.428122 0.357127 0.436506 1 2 1.000000
  2 -1.429282 2.102095 -0.000000 -0.989801 0.142453 0.001483 0.428571 0.436506 1 2 1.000000
  2 -1.183416 2.496446 -0.569902 -0.821291 0.415758 -0.390674 0.357127 0.549211 1 2 1.000000
..\..\..\Desktop\General\noesis\roomitem_027_yukihuru
  2 -1.183416 2.496446 -0.569902 -0.821291 0.415758 -0.390674 0.357127 0.549211 1 2 1.000000
  2 -1.429282 2.102095 -0.000000 -0.989801 0.142453 0.001483 0.428571 0.436506 1 2 1.000000
  2 -1.313492 2.496446 0.000000 -0.909465 0.415757 0.004360 0.428571 0.549211 1 2 1.000000
..\..\..\Desktop\General\noesis\roomitem_027_yukihuru
  2 -1.429282 2.102095 -0.000000 -0.989801 0.142453 0.001483 0.428571 0.436506 1 2 1.000000
  2 -1.287739 2.102095 0.620141 -0.891137 0.142452 0.430793 0.499985 0.436506 1 2 1.000000
  2 -1.313492 2.496446 0.000000 -0.909465 0.415757 0.004360 0.428571 0.549211 1 2 1.000000
..\..\..\Desktop\General\noesis\roomitem_027_yukihuru
  2 -1.313492 2.496446 0.000000 -0.909465 0.415757 0.004360 0.428571 0.549211 1 2 1.000000
  2 -1.287739 2.102095 0.620141 -0.891137 0.142452 0.430793 0.499985 0.436506 1 2 1.000000
  2 -1.183416 2.496446 0.569902 -0.817508 0.415758 0.398530 0.499985 0.549211 1 2 1.000000
..\..\..\Desktop\General\noesis\roomitem_027_yukihuru
  2 -1.287739 2.102095 0.620141 -0.891137 0.142452 0.430793 0.499985 0.436506 1 2 1.000000
  2 -0.891144 2.102095 1.117458 -0.615973 0.142454 0.774780 0.571428 0.436506 1 2 1.000000
  2 -1.183416 2.496446 0.569902 -0.817508 0.415758 0.398530 0.499985 0.549211 1 2 1.000000
..\..\..\Desktop\General\noesis\roomitem_027_yukihuru
  2 -1.183416 2.496446 0.569902 -0.817508 0.415758 0.398530 0.499985 0.549211 1 2 1.000000
  2 -0.891144 2.102095 1.117458 -0.615973 0.142454 0.774780 0.571428 0.436506 1 2 1.000000
  2 -0.818949 2.496446 1.026928 -0.563634 0.415758 0.713766 0.571428 0.549211 1 2 1.000000
..\..\..\Desktop\General\noesis\roomitem_027_yukihuru
  2 -0.891144 2.102095 1.117458 -0.615973 0.142454 0.774780 0.571428 0.436506 1 2 1.000000
  2 -0.318045 2.102095 1.393450 -0.218807 0.142456 0.965313 0.642872 0.436506 1 2 1.000000
  2 -0.818949 2.496446 1.026928 -0.563634 0.415758 0.713766 0.571428 0.549211 1 2 1.000000
..\..\..\Desktop\General\noesis\roomitem_027_yukihuru
  2 -0.818949 2.496446 1.026928 -0.563634 0.415758 0.713766 0.571428 0.549211 1 2 1.000000
  2 -0.318045 2.102095 1.393450 -0.218807 0.142456 0.965313 0.642872 0.436506 1 2 1.000000
  2 -0.292280 2.496446 1.280559 -0.198125 0.415760 0.887632 0.642872 0.549211 1 2 1.000000
..\..\..\Desktop\General\noesis\roomitem_027_yukihuru
  2 -0.318045 2.102095 1.393450 -0.218807 0.142456 0.965313 0.642872 0.436506 1 2 1.000000
  2 0.318045 2.102095 1.393450 0.221698 0.142457 0.964653 0.714285 0.436506 1 2 1.000000
  2 -0.292280 2.496446 1.280559 -0.198125 0.415760 0.887632 0.642872 0.549211 1 2 1.000000
..\..\..\Desktop\General\noesis\roomitem_027_yukihuru
  2 -0.292280 2.496446 1.280559 -0.198125 0.415760 0.887632 0.642872 0.549211 1 2 1.000000
  2 0.318045 2.102095 1.393450 0.221698 0.142457 0.964653 0.714285 0.436506 1 2 1.000000
  2 0.292280 2.496446 1.280559 0.206626 0.415759 0.885692 0.714285 0.549211 1 2 1.000000
..\..\..\Desktop\General\noesis\roomitem_027_yukihuru
  2 0.318045 2.102095 1.393450 0.221698 0.142457 0.964653 0.714285 0.436506 1 2 1.000000
  2 0.891144 2.102095 1.117458 0.618290 0.142456 0.772932 0.785729 0.436506 1 2 1.000000
  2 0.292280 2.496446 1.280559 0.206626 0.415759 0.885692 0.714285 0.549211 1 2 1.000000
..\..\..\Desktop\General\noesis\roomitem_027_yukihuru
  2 0.292280 2.496446 1.280559 0.206626 0.415759 0.885692 0.714285 0.549211 1 2 1.000000
  2 0.891144 2.102095 1.117458 0.618290 0.142456 0.772932 0.785729 0.436506 1 2 1.000000
  2 0.818949 2.496446 1.026928 0.570451 0.415758 0.708330 0.785729 0.549211 1 2 1.000000
..\..\..\Desktop\General\noesis\roomitem_027_yukihuru
  2 0.891144 2.102095 1.117458 0.618290 0.142456 0.772932 0.785729 0.436506 1 2 1.000000
  2 1.287739 2.102095 0.620144 0.892423 0.142454 0.428122 0.857143 0.436506 1 2 1.000000
  2 0.818949 2.496446 1.026928 0.570451 0.415758 0.708330 0.785729 0.549211 1 2 1.000000
..\..\..\Desktop\General\noesis\roomitem_027_yukihuru
  2 0.818949 2.496446 1.026928 0.570451 0.415758 0.708330 0.785729 0.549211 1 2 1.000000
  2 1.287739 2.102095 0.620144 0.892423 0.142454 0.428122 0.857143 0.436506 1 2 1.000000
  2 1.183416 2.496446 0.569902 0.821291 0.415758 0.390674 0.857143 0.549211 1 2 1.000000
..\..\..\Desktop\General\noesis\roomitem_027_yukihuru
  2 1.287739 2.102095 0.620144 0.892423 0.142454 0.428122 0.857143 0.436506 1 2 1.000000
  2 1.429282 2.102095 0.000000 0.989801 0.142453 -0.001483 0.928586 0.436506 1 2 1.000000
  2 1.183416 2.496446 0.569902 0.821291 0.415758 0.390674 0.857143 0.549211 1 2 1.000000
..\..\..\Desktop\General\noesis\roomitem_027_yukihuru
  2 1.183416 2.496446 0.569902 0.821291 0.415758 0.390674 0.857143 0.549211 1 2 1.000000
  2 1.429282 2.102095 0.000000 0.989801 0.142453 -0.001483 0.928586 0.436506 1 2 1.000000
  2 1.313492 2.496446 0.000000 0.909465 0.415757 -0.004360 0.928586 0.549211 1 2 1.000000
..\..\..\Desktop\General\noesis\roomitem_027_yukihuru
  2 1.429282 2.102095 0.000000 0.989801 0.142453 -0.001483 0.928586 0.436506 1 2 1.000000
  2 1.287739 2.102095 -0.620141 0.891137 0.142452 -0.430793 1.000000 0.436506 1 2 1.000000
  2 1.313492 2.496446 0.000000 0.909465 0.415757 -0.004360 0.928586 0.549211 1 2 1.000000
..\..\..\Desktop\General\noesis\roomitem_027_yukihuru
  2 1.313492 2.496446 0.000000 0.909465 0.415757 -0.004360 0.928586 0.549211 1 2 1.000000
  2 1.287739 2.102095 -0.620141 0.891137 0.142452 -0.430793 1.000000 0.436506 1 2 1.000000
  2 1.183416 2.496446 -0.569902 0.817508 0.415758 -0.398530 1.000000 0.549211 1 2 1.000000
..\..\..\Desktop\General\noesis\roomitem_027_yukihuru
  2 1.183416 2.496446 -0.569902 0.817508 0.415758 -0.398530 0.000000 0.549211 1 2 1.000000
  2 0.818949 2.496446 -1.026927 0.563633 0.415760 -0.713766 0.071413 0.549211 1 2 1.000000
  2 0.983216 2.842203 -0.473492 0.677571 0.655228 -0.334027 0.000000 0.661885 1 2 1.000000
..\..\..\Desktop\General\noesis\roomitem_027_yukihuru
  2 0.983216 2.842203 -0.473492 0.677571 0.655228 -0.334027 0.000000 0.661885 1 2 1.000000
  2 0.818949 2.496446 -1.026927 0.563633 0.415760 -0.713766 0.071413 0.549211 1 2 1.000000
  2 0.680406 2.842203 -0.853202 0.465543 0.655226 -0.594936 0.071413 0.661885 1 2 1.000000
..\..\..\Desktop\General\noesis\roomitem_027_yukihuru
  2 0.818949 2.496446 -1.026927 0.563633 0.415760 -0.713766 0.071413 0.549211 1 2 1.000000
  2 0.292280 2.496446 -1.280558 0.198125 0.415760 -0.887632 0.142857 0.549211 1 2 1.000000
  2 0.680406 2.842203 -0.853202 0.465543 0.655226 -0.594936 0.071413 0.661885 1 2 1.000000
..\..\..\Desktop\General\noesis\roomitem_027_yukihuru
  2 0.680406 2.842203 -0.853202 0.465543 0.655226 -0.594936 0.071413 0.661885 1 2 1.000000
  2 0.292280 2.496446 -1.280558 0.198125 0.415760 -0.887632 0.142857 0.549211 1 2 1.000000
  2 0.242834 2.842203 -1.063926 0.161307 0.655227 -0.738010 0.142857 0.661885 1 2 1.000000
..\..\..\Desktop\General\noesis\roomitem_027_yukihuru
  2 0.292280 2.496446 -1.280558 0.198125 0.415760 -0.887632 0.142857 0.549211 1 2 1.000000
  2 -0.292280 2.496446 -1.280558 -0.206626 0.415759 -0.885692 0.214270 0.549211 1 2 1.000000
  2 0.242834 2.842203 -1.063926 0.161307 0.655227 -0.738010 0.142857 0.661885 1 2 1.000000
..\..\..\Desktop\General\noesis\roomitem_027_yukihuru
  2 0.242834 2.842203 -1.063926 0.161307 0.655227 -0.738010 0.142857 0.661885 1 2 1.000000
  2 -0.292280 2.496446 -1.280558 -0.206626 0.415759 -0.885692 0.214270 0.549211 1 2 1.000000
  2 -0.242834 2.842203 -1.063926 -0.174879 0.655227 -0.734912 0.214270 0.661885 1 2 1.000000
..\..\..\Desktop\General\noesis\roomitem_027_yukihuru
  2 -0.292280 2.496446 -1.280558 -0.206626 0.415759 -0.885692 0.214270 0.549211 1 2 1.000000
  2 -0.818949 2.496446 -1.026927 -0.570450 0.415759 -0.708330 0.285714 0.549211 1 2 1.000000
  2 -0.242834 2.842203 -1.063926 -0.174879 0.655227 -0.734912 0.214270 0.661885 1 2 1.000000
..\..\..\Desktop\General\noesis\roomitem_027_yukihuru
  2 -0.242834 2.842203 -1.063926 -0.174879 0.655227 -0.734912 0.214270 0.661885 1 2 1.000000
  2 -0.818949 2.496446 -1.026927 -0.570450 0.415759 -0.708330 0.285714 0.549211 1 2 1.000000
  2 -0.680406 2.842203 -0.853202 -0.476426 0.655227 -0.586256 0.285714 0.661885 1 2 1.000000
..\..\..\Desktop\General\noesis\roomitem_027_yukihuru
  2 -0.818949 2.496446 -1.026927 -0.570450 0.415759 -0.708330 0.285714 0.549211 1 2 1.000000
  2 -1.183416 2.496446 -0.569902 -0.821291 0.415758 -0.390674 0.357127 0.549211 1 2 1.000000
  2 -0.680406 2.842203 -0.853202 -0.476426 0.655227 -0.586256 0.285714 0.661885 1 2 1.000000
..\..\..\Desktop\General\noesis\roomitem_027_yukihuru
  2 -0.680406 2.842203 -0.853202 -0.476426 0.655227 -0.586256 0.285714 0.661885 1 2 1.000000
  2 -1.183416 2.496446 -0.569902 -0.821291 0.415758 -0.390674 0.357127 0.549211 1 2 1.000000
  2 -0.983216 2.842203 -0.473492 -0.683611 0.655228 -0.321485 0.357127 0.661885 1 2 1.000000
..\..\..\Desktop\General\noesis\roomitem_027_yukihuru
  2 -1.183416 2.496446 -0.569902 -0.821291 0.415758 -0.390674 0.357127 0.549211 1 2 1.000000
  2 -1.313492 2.496446 0.000000 -0.909465 0.415757 0.004360 0.428571 0.549211 1 2 1.000000
  2 -0.983216 2.842203 -0.473492 -0.683611 0.655228 -0.321485 0.357127 0.661885 1 2 1.000000
..\..\..\Desktop\General\noesis\roomitem_027_yukihuru
  2 -0.983216 2.842203 -0.473492 -0.683611 0.655228 -0.321485 0.357127 0.661885 1 2 1.000000
  2 -1.313492 2.496446 0.000000 -0.909465 0.415757 0.004360 0.428571 0.549211 1 2 1.000000
  2 -1.091287 2.842203 0.000000 -0.755399 0.655228 0.006961 0.428571 0.661885 1 2 1.000000
..\..\..\Desktop\General\noesis\roomitem_027_yukihuru
  2 -1.313492 2.496446 0.000000 -0.909465 0.415757 0.004360 0.428571 0.549211 1 2 1.000000
  2 -1.183416 2.496446 0.569902 -0.817508 0.415758 0.398530 0.499985 0.549211 1 2 1.000000
  2 -1.091287 2.842203 0.000000 -0.755399 0.655228 0.006961 0.428571 0.661885 1 2 1.000000
..\..\..\Desktop\General\noesis\roomitem_027_yukihuru
  2 -1.091287 2.842203 0.000000 -0.755399 0.655228 0.006961 0.428571 0.661885 1 2 1.000000
  2 -1.183416 2.496446 0.569902 -0.817508 0.415758 0.398530 0.499985 0.549211 1 2 1.000000
  2 -0.983216 2.842203 0.473493 -0.677572 0.655227 0.334026 0.499985 0.661885 1 2 1.000000
..\..\..\Desktop\General\noesis\roomitem_027_yukihuru
  2 -1.183416 2.496446 0.569902 -0.817508 0.415758 0.398530 0.499985 0.549211 1 2 1.000000
  2 -0.818949 2.496446 1.026928 -0.563634 0.415758 0.713766 0.571428 0.549211 1 2 1.000000
  2 -0.983216 2.842203 0.473493 -0.677572 0.655227 0.334026 0.499985 0.661885 1 2 1.000000
..\..\..\Desktop\General\noesis\roomitem_027_yukihuru
  2 -0.983216 2.842203 0.473493 -0.677572 0.655227 0.334026 0.499985 0.661885 1 2 1.000000
  2 -0.818949 2.496446 1.026928 -0.563634 0.415758 0.713766 0.571428 0.549211 1 2 1.000000
  2 -0.680408 2.842203 0.853203 -0.465543 0.655226 0.594935 0.571428 0.661885 1 2 1.000000
..\..\..\Desktop\General\noesis\roomitem_027_yukihuru
  2 -0.818949 2.496446 1.026928 -0.563634 0.415758 0.713766 0.571428 0.549211 1 2 1.000000
  2 -0.292280 2.496446 1.280559 -0.198125 0.415760 0.887632 0.642872 0.549211 1 2 1.000000
  2 -0.680408 2.842203 0.853203 -0.465543 0.655226 0.594935 0.571428 0.661885 1 2 1.000000
..\..\..\Desktop\General\noesis\roomitem_027_yukihuru
  2 -0.680408 2.842203 0.853203 -0.465543 0.655226 0.594935 0.571428 0.661885 1 2 1.000000
  2 -0.292280 2.496446 1.280559 -0.198125 0.415760 0.887632 0.642872 0.549211 1 2 1.000000
  2 -0.242835 2.842203 1.063927 -0.161306 0.655227 0.738010 0.642872 0.661885 1 2 1.000000
..\..\..\Desktop\General\noesis\roomitem_027_yukihuru
  2 -0.292280 2.496446 1.280559 -0.198125 0.415760 0.887632 0.642872 0.549211 1 2 1.000000
  2 0.292280 2.496446 1.280559 0.206626 0.415759 0.885692 0.714285 0.549211 1 2 1.000000
  2 -0.242835 2.842203 1.063927 -0.161306 0.655227 0.738010 0.642872 0.661885 1 2 1.000000
..\..\..\Desktop\General\noesis\roomitem_027_yukihuru
  2 -0.242835 2.842203 1.063927 -0.161306 0.655227 0.738010 0.642872 0.661885 1 2 1.000000
  2 0.292280 2.496446 1.280559 0.206626 0.415759 0.885692 0.714285 0.549211 1 2 1.000000
  2 0.242834 2.842203 1.063927 0.174879 0.655227 0.734912 0.714285 0.661885 1 2 1.000000
..\..\..\Desktop\General\noesis\roomitem_027_yukihuru
  2 0.292280 2.496446 1.280559 0.206626 0.415759 0.885692 0.714285 0.549211 1 2 1.000000
  2 0.818949 2.496446 1.026928 0.570451 0.415758 0.708330 0.785729 0.549211 1 2 1.000000
  2 0.242834 2.842203 1.063927 0.174879 0.655227 0.734912 0.714285 0.661885 1 2 1.000000
..\..\..\Desktop\General\noesis\roomitem_027_yukihuru
  2 0.242834 2.842203 1.063927 0.174879 0.655227 0.734912 0.714285 0.661885 1 2 1.000000
  2 0.818949 2.496446 1.026928 0.570451 0.415758 0.708330 0.785729 0.549211 1 2 1.000000
  2 0.680406 2.842203 0.853203 0.476426 0.655227 0.586256 0.785729 0.661885 1 2 1.000000
..\..\..\Desktop\General\noesis\roomitem_027_yukihuru
  2 0.818949 2.496446 1.026928 0.570451 0.415758 0.708330 0.785729 0.549211 1 2 1.000000
  2 1.183416 2.496446 0.569902 0.821291 0.415758 0.390674 0.857143 0.549211 1 2 1.000000
  2 0.680406 2.842203 0.853203 0.476426 0.655227 0.586256 0.785729 0.661885 1 2 1.000000
..\..\..\Desktop\General\noesis\roomitem_027_yukihuru
  2 0.680406 2.842203 0.853203 0.476426 0.655227 0.586256 0.785729 0.661885 1 2 1.000000
  2 1.183416 2.496446 0.569902 0.821291 0.415758 0.390674 0.857143 0.549211 1 2 1.000000
  2 0.983216 2.842203 0.473493 0.683611 0.655228 0.321485 0.857143 0.661885 1 2 1.000000
..\..\..\Desktop\General\noesis\roomitem_027_yukihuru
  2 1.183416 2.496446 0.569902 0.821291 0.415758 0.390674 0.857143 0.549211 1 2 1.000000
  2 1.313492 2.496446 0.000000 0.909465 0.415757 -0.004360 0.928586 0.549211 1 2 1.000000
  2 0.983216 2.842203 0.473493 0.683611 0.655228 0.321485 0.857143 0.661885 1 2 1.000000
..\..\..\Desktop\General\noesis\roomitem_027_yukihuru
  2 0.983216 2.842203 0.473493 0.683611 0.655228 0.321485 0.857143 0.661885 1 2 1.000000
  2 1.313492 2.496446 0.000000 0.909465 0.415757 -0.004360 0.928586 0.549211 1 2 1.000000
  2 1.091287 2.842203 0.000000 0.755399 0.655228 -0.006961 0.928586 0.661885 1 2 1.000000
..\..\..\Desktop\General\noesis\roomitem_027_yukihuru
  2 1.313492 2.496446 0.000000 0.909465 0.415757 -0.004360 0.928586 0.549211 1 2 1.000000
  2 1.183416 2.496446 -0.569902 0.817508 0.415758 -0.398530 1.000000 0.549211 1 2 1.000000
  2 1.091287 2.842203 0.000000 0.755399 0.655228 -0.006961 0.928586 0.661885 1 2 1.000000
..\..\..\Desktop\General\noesis\roomitem_027_yukihuru
  2 1.091287 2.842203 0.000000 0.755399 0.655228 -0.006961 0.928586 0.661885 1 2 1.000000
  2 1.183416 2.496446 -0.569902 0.817508 0.415758 -0.398530 1.000000 0.549211 1 2 1.000000
  2 0.983216 2.842203 -0.473492 0.677571 0.655228 -0.334027 1.000000 0.661885 1 2 1.000000
..\..\..\Desktop\General\noesis\roomitem_027_yukihuru
  2 0.983216 2.842203 -0.473492 0.677571 0.655228 -0.334027 0.000000 0.661885 1 2 1.000000
  2 0.680406 2.842203 -0.853202 0.465543 0.655226 -0.594936 0.071413 0.661885 1 2 1.000000
  2 0.703365 3.111350 -0.338723 0.482790 0.841474 -0.242561 0.000000 0.774590 1 2 1.000000
..\..\..\Desktop\General\noesis\roomitem_027_yukihuru
  2 0.703365 3.111350 -0.338723 0.482790 0.841474 -0.242561 0.000000 0.774590 1 2 1.000000
  2 0.680406 2.842203 -0.853202 0.465543 0.655226 -0.594936 0.071413 0.661885 1 2 1.000000
  2 0.486744 3.111350 -0.610356 0.329734 0.841474 -0.428016 0.071413 0.774590 1 2 1.000000
..\..\..\Desktop\General\noesis\roomitem_027_yukihuru
  2 0.680406 2.842203 -0.853202 0.465543 0.655226 -0.594936 0.071413 0.661885 1 2 1.000000
  2 0.242834 2.842203 -1.063926 0.161307 0.655227 -0.738010 0.142857 0.661885 1 2 1.000000
  2 0.486744 3.111350 -0.610356 0.329734 0.841474 -0.428016 0.071413 0.774590 1 2 1.000000
..\..\..\Desktop\General\noesis\roomitem_027_yukihuru
  2 0.486744 3.111350 -0.610356 0.329734 0.841474 -0.428016 0.071413 0.774590 1 2 1.000000
  2 0.242834 2.842203 -1.063926 0.161307 0.655227 -0.738010 0.142857 0.661885 1 2 1.000000
  2 0.173717 3.111350 -0.761102 0.111372 0.841474 -0.528695 0.142857 0.774590 1 2 1.000000
..\..\..\Desktop\General\noesis\roomitem_027_yukihuru
  2 0.242834 2.842203 -1.063926 0.161307 0.655227 -0.738010 0.142857 0.661885 1 2 1.000000
  2 -0.242834 2.842203 -1.063926 -0.174879 0.655227 -0.734912 0.214270 0.661885 1 2 1.000000
  2 0.173717 3.111350 -0.761102 0.111372 0.841474 -0.528695 0.142857 0.774590 1 2 1.000000
..\..\..\Desktop\General\noesis\roomitem_027_yukihuru
  2 0.173717 3.111350 -0.761102 0.111372 0.841474 -0.528695 0.142857 0.774590 1 2 1.000000
  2 -0.242834 2.842203 -1.063926 -0.174879 0.655227 -0.734912 0.214270 0.661885 1 2 1.000000
  2 -0.173716 3.111350 -0.761102 -0.129050 0.841474 -0.524660 0.214270 0.774590 1 2 1.000000
..\..\..\Desktop\General\noesis\roomitem_027_yukihuru
  2 -0.242834 2.842203 -1.063926 -0.174879 0.655227 -0.734912 0.214270 0.661885 1 2 1.000000
  2 -0.680406 2.842203 -0.853202 -0.476426 0.655227 -0.586256 0.285714 0.661885 1 2 1.000000
  2 -0.173716 3.111350 -0.761102 -0.129050 0.841474 -0.524660 0.214270 0.774590 1 2 1.000000
..\..\..\Desktop\General\noesis\roomitem_027_yukihuru
  2 -0.173716 3.111350 -0.761102 -0.129050 0.841474 -0.524660 0.214270 0.774590 1 2 1.000000
  2 -0.680406 2.842203 -0.853202 -0.476426 0.655227 -0.586256 0.285714 0.661885 1 2 1.000000
  2 -0.486744 3.111350 -0.610356 -0.343912 0.841474 -0.416710 0.285714 0.774590 1 2 1.000000
..\..\..\Desktop\General\noesis\roomitem_027_yukihuru
  2 -0.680406 2.842203 -0.853202 -0.476426 0.655227 -0.586256 0.285714 0.661885 1 2 1.000000
  2 -0.983216 2.842203 -0.473492 -0.683611 0.655228 -0.321485 0.357127 0.661885 1 2 1.000000
  2 -0.486744 3.111350 -0.610356 -0.343912 0.841474 -0.416710 0.285714 0.774590 1 2 1.000000
..\..\..\Desktop\General\noesis\roomitem_027_yukihuru
  2 -0.486744 3.111350 -0.610356 -0.343912 0.841474 -0.416710 0.285714 0.774590 1 2 1.000000
  2 -0.983216 2.842203 -0.473492 -0.683611 0.655228 -0.321485 0.357127 0.661885 1 2 1.000000
  2 -0.703365 3.111350 -0.338723 -0.490657 0.841474 -0.226224 0.357127 0.774590 1 2 1.000000
..\..\..\Desktop\General\noesis\roomitem_027_yukihuru
  2 -0.983216 2.842203 -0.473492 -0.683611 0.655228 -0.321485 0.357127 0.661885 1 2 1.000000
  2 -1.091287 2.842203 0.000000 -0.755399 0.655228 0.006961 0.428571 0.661885 1 2 1.000000
  2 -0.703365 3.111350 -0.338723 -0.490657 0.841474 -0.226224 0.357127 0.774590 1 2 1.000000
..\..\..\Desktop\General\noesis\roomitem_027_yukihuru
  2 -0.703365 3.111350 -0.338723 -0.490657 0.841474 -0.226224 0.357127 0.774590 1 2 1.000000
  2 -1.091287 2.842203 0.000000 -0.755399 0.655228 0.006961 0.428571 0.661885 1 2 1.000000
  2 -0.780675 3.111350 0.000000 -0.540222 0.841474 0.009068 0.428571 0.774590 1 2 1.000000
..\..\..\Desktop\General\noesis\roomitem_027_yukihuru
  2 -1.091287 2.842203 0.000000 -0.755399 0.655228 0.006961 0.428571 0.661885 1 2 1.000000
  2 -0.983216 2.842203 0.473493 -0.677572 0.655227 0.334026 0.499985 0.661885 1 2 1.000000
  2 -0.780675 3.111350 0.000000 -0.540222 0.841474 0.009068 0.428571 0.774590 1 2 1.000000
..\..\..\Desktop\General\noesis\roomitem_027_yukihuru
  2 -0.780675 3.111350 0.000000 -0.540222 0.841474 0.009068 0.428571 0.774590 1 2 1.000000
  2 -0.983216 2.842203 0.473493 -0.677572 0.655227 0.334026 0.499985 0.661885 1 2 1.000000
  2 -0.703365 3.111350 0.338723 -0.482790 0.841474 0.242561 0.499985 0.774590 1 2 1.000000
..\..\..\Desktop\General\noesis\roomitem_027_yukihuru
  2 -0.983216 2.842203 0.473493 -0.677572 0.655227 0.334026 0.499985 0.661885 1 2 1.000000
  2 -0.680408 2.842203 0.853203 -0.465543 0.655226 0.594935 0.571428 0.661885 1 2 1.000000
  2 -0.703365 3.111350 0.338723 -0.482790 0.841474 0.242561 0.499985 0.774590 1 2 1.000000
..\..\..\Desktop\General\noesis\roomitem_027_yukihuru
  2 -0.703365 3.111350 0.338723 -0.482790 0.841474 0.242561 0.499985 0.774590 1 2 1.000000
  2 -0.680408 2.842203 0.853203 -0.465543 0.655226 0.594935 0.571428 0.661885 1 2 1.000000
  2 -0.486744 3.111350 0.610357 -0.329733 0.841474 0.428015 0.571428 0.774590 1 2 1.000000
..\..\..\Desktop\General\noesis\roomitem_027_yukihuru
  2 -0.680408 2.842203 0.853203 -0.465543 0.655226 0.594935 0.571428 0.661885 1 2 1.000000
  2 -0.242835 2.842203 1.063927 -0.161306 0.655227 0.738010 0.642872 0.661885 1 2 1.000000
  2 -0.486744 3.111350 0.610357 -0.329733 0.841474 0.428015 0.571428 0.774590 1 2 1.000000
..\..\..\Desktop\General\noesis\roomitem_027_yukihuru
  2 -0.486744 3.111350 0.610357 -0.329733 0.841474 0.428015 0.571428 0.774590 1 2 1.000000
  2 -0.242835 2.842203 1.063927 -0.161306 0.655227 0.738010 0.642872 0.661885 1 2 1.000000
  2 -0.173717 3.111350 0.761103 -0.111372 0.841474 0.528695 0.642872 0.774590 1 2 1.000000
..\..\..\Desktop\General\noesis\roomitem_027_yukihuru
  2 -0.242835 2.842203 1.063927 -0.161306 0.655227 0.738010 0.642872 0.661885 1 2 1.000000
  2 0.242834 2.842203 1.063927 0.174879 0.655227 0.734912 0.714285 0.661885 1 2 1.000000
  2 -0.173717 3.111350 0.761103 -0.111372 0.841474 0.528695 0.642872 0.774590 1 2 1.000000
..\..\..\Desktop\General\noesis\roomitem_027_yukihuru
  2 -0.173717 3.111350 0.761103 -0.111372 0.841474 0.528695 0.642872 0.774590 1 2 1.000000
  2 0.242834 2.842203 1.063927 0.174879 0.655227 0.734912 0.714285 0.661885 1 2 1.000000
  2 0.173716 3.111350 0.761103 0.129050 0.841474 0.524660 0.714285 0.774590 1 2 1.000000
..\..\..\Desktop\General\noesis\roomitem_027_yukihuru
  2 0.242834 2.842203 1.063927 0.174879 0.655227 0.734912 0.714285 0.661885 1 2 1.000000
  2 0.680406 2.842203 0.853203 0.476426 0.655227 0.586256 0.785729 0.661885 1 2 1.000000
  2 0.173716 3.111350 0.761103 0.129050 0.841474 0.524660 0.714285 0.774590 1 2 1.000000
..\..\..\Desktop\General\noesis\roomitem_027_yukihuru
  2 0.173716 3.111350 0.761103 0.129050 0.841474 0.524660 0.714285 0.774590 1 2 1.000000
  2 0.680406 2.842203 0.853203 0.476426 0.655227 0.586256 0.785729 0.661885 1 2 1.000000
  2 0.486744 3.111350 0.610357 0.343912 0.841474 0.416710 0.785729 0.774590 1 2 1.000000
..\..\..\Desktop\General\noesis\roomitem_027_yukihuru
  2 0.680406 2.842203 0.853203 0.476426 0.655227 0.586256 0.785729 0.661885 1 2 1.000000
  2 0.983216 2.842203 0.473493 0.683611 0.655228 0.321485 0.857143 0.661885 1 2 1.000000
  2 0.486744 3.111350 0.610357 0.343912 0.841474 0.416710 0.785729 0.774590 1 2 1.000000
..\..\..\Desktop\General\noesis\roomitem_027_yukihuru
  2 0.486744 3.111350 0.610357 0.343912 0.841474 0.416710 0.785729 0.774590 1 2 1.000000
  2 0.983216 2.842203 0.473493 0.683611 0.655228 0.321485 0.857143 0.661885 1 2 1.000000
  2 0.703365 3.111350 0.338723 0.490657 0.841474 0.226224 0.857143 0.774590 1 2 1.000000
..\..\..\Desktop\General\noesis\roomitem_027_yukihuru
  2 0.983216 2.842203 0.473493 0.683611 0.655228 0.321485 0.857143 0.661885 1 2 1.000000
  2 1.091287 2.842203 0.000000 0.755399 0.655228 -0.006961 0.928586 0.661885 1 2 1.000000
  2 0.703365 3.111350 0.338723 0.490657 0.841474 0.226224 0.857143 0.774590 1 2 1.000000
..\..\..\Desktop\General\noesis\roomitem_027_yukihuru
  2 0.703365 3.111350 0.338723 0.490657 0.841474 0.226224 0.857143 0.774590 1 2 1.000000
  2 1.091287 2.842203 0.000000 0.755399 0.655228 -0.006961 0.928586 0.661885 1 2 1.000000
  2 0.780675 3.111350 0.000000 0.540222 0.841474 -0.009068 0.928586 0.774590 1 2 1.000000
..\..\..\Desktop\General\noesis\roomitem_027_yukihuru
  2 1.091287 2.842203 0.000000 0.755399 0.655228 -0.006961 0.928586 0.661885 1 2 1.000000
  2 0.983216 2.842203 -0.473492 0.677571 0.655228 -0.334027 1.000000 0.661885 1 2 1.000000
  2 0.780675 3.111350 0.000000 0.540222 0.841474 -0.009068 0.928586 0.774590 1 2 1.000000
..\..\..\Desktop\General\noesis\roomitem_027_yukihuru
  2 0.780675 3.111350 0.000000 0.540222 0.841474 -0.009068 0.928586 0.774590 1 2 1.000000
  2 0.983216 2.842203 -0.473492 0.677571 0.655228 -0.334027 1.000000 0.661885 1 2 1.000000
  2 0.703365 3.111350 -0.338723 0.482790 0.841474 -0.242561 1.000000 0.774590 1 2 1.000000
..\..\..\Desktop\General\noesis\roomitem_027_yukihuru
  2 0.703365 3.111350 -0.338723 0.482790 0.841474 -0.242561 0.000000 0.774590 1 2 1.000000
  2 0.486744 3.111350 -0.610356 0.329734 0.841474 -0.428016 0.071413 0.774590 1 2 1.000000
  2 0.366530 3.282086 -0.176511 0.269998 0.950909 -0.151241 0.000000 0.887295 1 2 1.000000
..\..\..\Desktop\General\noesis\roomitem_027_yukihuru
  2 0.366530 3.282086 -0.176511 0.269998 0.950909 -0.151241 0.000000 0.887295 1 2 1.000000
  2 0.486744 3.111350 -0.610356 0.329734 0.841474 -0.428016 0.071413 0.774590 1 2 1.000000
  2 0.253646 3.282086 -0.318061 0.177639 0.950908 -0.253412 0.071413 0.887295 1 2 1.000000
..\..\..\Desktop\General\noesis\roomitem_027_yukihuru
  2 0.486744 3.111350 -0.610356 0.329734 0.841474 -0.428016 0.071413 0.774590 1 2 1.000000
  2 0.173717 3.111350 -0.761102 0.111372 0.841474 -0.528695 0.142857 0.774590 1 2 1.000000
  2 0.253646 3.282086 -0.318061 0.177639 0.950908 -0.253412 0.071413 0.887295 1 2 1.000000
..\..\..\Desktop\General\noesis\roomitem_027_yukihuru
  2 0.253646 3.282086 -0.318061 0.177639 0.950908 -0.253412 0.071413 0.887295 1 2 1.000000
  2 0.173717 3.111350 -0.761102 0.111372 0.841474 -0.528695 0.142857 0.774590 1 2 1.000000
  2 0.090525 3.282086 -0.396618 0.050096 0.950908 -0.305391 0.142857 0.887295 1 2 1.000000
..\..\..\Desktop\General\noesis\roomitem_027_yukihuru
  2 0.173717 3.111350 -0.761102 0.111372 0.841474 -0.528695 0.142857 0.774590 1 2 1.000000
  2 -0.173716 3.111350 -0.761102 -0.129050 0.841474 -0.524660 0.214270 0.774590 1 2 1.000000
  2 0.090525 3.282086 -0.396618 0.050096 0.950908 -0.305391 0.142857 0.887295 1 2 1.000000
..\..\..\Desktop\General\noesis\roomitem_027_yukihuru
  2 0.090525 3.282086 -0.396618 0.050096 0.950908 -0.305391 0.142857 0.887295 1 2 1.000000
  2 -0.173716 3.111350 -0.761102 -0.129050 0.841474 -0.524660 0.214270 0.774590 1 2 1.000000
  2 -0.090525 3.282086 -0.396618 -0.087371 0.950908 -0.296883 0.214270 0.887295 1 2 1.000000
..\..\..\Desktop\General\noesis\roomitem_027_yukihuru
  2 -0.173716 3.111350 -0.761102 -0.129050 0.841474 -0.524660 0.214270 0.774590 1 2 1.000000
  2 -0.486744 3.111350 -0.610356 -0.343912 0.841474 -0.416710 0.285714 0.774590 1 2 1.000000
  2 -0.090525 3.282086 -0.396618 -0.087371 0.950908 -0.296883 0.214270 0.887295 1 2 1.000000
..\..\..\Desktop\General\noesis\roomitem_027_yukihuru
  2 -0.090525 3.282086 -0.396618 -0.087371 0.950908 -0.296883 0.214270 0.887295 1 2 1.000000
  2 -0.486744 3.111350 -0.610356 -0.343912 0.841474 -0.416710 0.285714 0.774590 1 2 1.000000
  2 -0.253646 3.282086 -0.318061 -0.207530 0.950908 -0.229574 0.285714 0.887295 1 2 1.000000
..\..\..\Desktop\General\noesis\roomitem_027_yukihuru
  2 -0.486744 3.111350 -0.610356 -0.343912 0.841474 -0.416710 0.285714 0.774590 1 2 1.000000
  2 -0.703365 3.111350 -0.338723 -0.490657 0.841474 -0.226224 0.357127 0.774590 1 2 1.000000
  2 -0.253646 3.282086 -0.318061 -0.207530 0.950908 -0.229574 0.285714 0.887295 1 2 1.000000
..\..\..\Desktop\General\noesis\roomitem_027_yukihuru
  2 -0.253646 3.282086 -0.318061 -0.207530 0.950908 -0.229574 0.285714 0.887295 1 2 1.000000
  2 -0.703365 3.111350 -0.338723 -0.490657 0.841474 -0.226224 0.357127 0.774590 1 2 1.000000
  2 -0.366530 3.282086 -0.176511 -0.286587 0.950909 -0.116794 0.357127 0.887295 1 2 1.000000
..\..\..\Desktop\General\noesis\roomitem_027_yukihuru
  2 -0.703365 3.111350 -0.338723 -0.490657 0.841474 -0.226224 0.357127 0.774590 1 2 1.000000
  2 -0.780675 3.111350 0.000000 -0.540222 0.841474 0.009068 0.428571 0.774590 1 2 1.000000
  2 -0.366530 3.282086 -0.176511 -0.286587 0.950909 -0.116794 0.357127 0.887295 1 2 1.000000
..\..\..\Desktop\General\noesis\roomitem_027_yukihuru
  2 -0.366530 3.282086 -0.176511 -0.286587 0.950909 -0.116794 0.357127 0.887295 1 2 1.000000
  2 -0.780675 3.111350 0.000000 -0.540222 0.841474 0.009068 0.428571 0.774590 1 2 1.000000
  2 -0.406815 3.282086 0.000000 -0.308882 0.950908 0.019116 0.428571 0.887295 1 2 1.000000
..\..\..\Desktop\General\noesis\roomitem_027_yukihuru
  2 -0.780675 3.111350 0.000000 -0.540222 0.841474 0.009068 0.428571 0.774590 1 2 1.000000
  2 -0.703365 3.111350 0.338723 -0.482790 0.841474 0.242561 0.499985 0.774590 1 2 1.000000
  2 -0.406815 3.282086 0.000000 -0.308882 0.950908 0.019116 0.428571 0.887295 1 2 1.000000
..\..\..\Desktop\General\noesis\roomitem_027_yukihuru
  2 -0.406815 3.282086 0.000000 -0.308882 0.950908 0.019116 0.428571 0.887295 1 2 1.000000
  2 -0.703365 3.111350 0.338723 -0.482790 0.841474 0.242561 0.499985 0.774590 1 2 1.000000
  2 -0.366530 3.282086 0.176511 -0.269998 0.950909 0.151241 0.499985 0.887295 1 2 1.000000
..\..\..\Desktop\General\noesis\roomitem_027_yukihuru
  2 -0.703365 3.111350 0.338723 -0.482790 0.841474 0.242561 0.499985 0.774590 1 2 1.000000
  2 -0.486744 3.111350 0.610357 -0.329733 0.841474 0.428015 0.571428 0.774590 1 2 1.000000
  2 -0.366530 3.282086 0.176511 -0.269998 0.950909 0.151241 0.499985 0.887295 1 2 1.000000
..\..\..\Desktop\General\noesis\roomitem_027_yukihuru
  2 -0.366530 3.282086 0.176511 -0.269998 0.950909 0.151241 0.499985 0.887295 1 2 1.000000
  2 -0.486744 3.111350 0.610357 -0.329733 0.841474 0.428015 0.571428 0.774590 1 2 1.000000
  2 -0.253646 3.282086 0.318062 -0.177639 0.950908 0.253412 0.571428 0.887295 1 2 1.000000
..\..\..\Desktop\General\noesis\roomitem_027_yukihuru
  2 -0.486744 3.111350 0.610357 -0.329733 0.841474 0.428015 0.571428 0.774590 1 2 1.000000
  2 -0.173717 3.111350 0.761103 -0.111372 0.841474 0.528695 0.642872 0.774590 1 2 1.000000
  2 -0.253646 3.282086 0.318062 -0.177639 0.950908 0.253412 0.571428 0.887295 1 2 1.000000
..\..\..\Desktop\General\noesis\roomitem_027_yukihuru
  2 -0.253646 3.282086 0.318062 -0.177639 0.950908 0.253412 0.571428 0.887295 1 2 1.000000
  2 -0.173717 3.111350 0.761103 -0.111372 0.841474 0.528695 0.642872 0.774590 1 2 1.000000
  2 -0.090525 3.282086 0.396618 -0.050096 0.950908 0.305391 0.642872 0.887295 1 2 1.000000
..\..\..\Desktop\General\noesis\roomitem_027_yukihuru
  2 -0.173717 3.111350 0.761103 -0.111372 0.841474 0.528695 0.642872 0.774590 1 2 1.000000
  2 0.173716 3.111350 0.761103 0.129050 0.841474 0.524660 0.714285 0.774590 1 2 1.000000
  2 -0.090525 3.282086 0.396618 -0.050096 0.950908 0.305391 0.642872 0.887295 1 2 1.000000
..\..\..\Desktop\General\noesis\roomitem_027_yukihuru
  2 -0.090525 3.282086 0.396618 -0.050096 0.950908 0.305391 0.642872 0.887295 1 2 1.000000
  2 0.173716 3.111350 0.761103 0.129050 0.841474 0.524660 0.714285 0.774590 1 2 1.000000
  2 0.090525 3.282086 0.396618 0.087371 0.950909 0.296883 0.714285 0.887295 1 2 1.000000
..\..\..\Desktop\General\noesis\roomitem_027_yukihuru
  2 0.173716 3.111350 0.761103 0.129050 0.841474 0.524660 0.714285 0.774590 1 2 1.000000
  2 0.486744 3.111350 0.610357 0.343912 0.841474 0.416710 0.785729 0.774590 1 2 1.000000
  2 0.090525 3.282086 0.396618 0.087371 0.950909 0.296883 0.714285 0.887295 1 2 1.000000
..\..\..\Desktop\General\noesis\roomitem_027_yukihuru
  2 0.090525 3.282086 0.396618 0.087371 0.950909 0.296883 0.714285 0.887295 1 2 1.000000
  2 0.486744 3.111350 0.610357 0.343912 0.841474 0.416710 0.785729 0.774590 1 2 1.000000
  2 0.253646 3.282086 0.318062 0.207530 0.950909 0.229574 0.785729 0.887295 1 2 1.000000
..\..\..\Desktop\General\noesis\roomitem_027_yukihuru
  2 0.486744 3.111350 0.610357 0.343912 0.841474 0.416710 0.785729 0.774590 1 2 1.000000
  2 0.703365 3.111350 0.338723 0.490657 0.841474 0.226224 0.857143 0.774590 1 2 1.000000
  2 0.253646 3.282086 0.318062 0.207530 0.950909 0.229574 0.785729 0.887295 1 2 1.000000
..\..\..\Desktop\General\noesis\roomitem_027_yukihuru
  2 0.253646 3.282086 0.318062 0.207530 0.950909 0.229574 0.785729 0.887295 1 2 1.000000
  2 0.703365 3.111350 0.338723 0.490657 0.841474 0.226224 0.857143 0.774590 1 2 1.000000
  2 0.366530 3.282086 0.176511 0.286587 0.950909 0.116794 0.857143 0.887295 1 2 1.000000
..\..\..\Desktop\General\noesis\roomitem_027_yukihuru
  2 0.703365 3.111350 0.338723 0.490657 0.841474 0.226224 0.857143 0.774590 1 2 1.000000
  2 0.780675 3.111350 0.000000 0.540222 0.841474 -0.009068 0.928586 0.774590 1 2 1.000000
  2 0.366530 3.282086 0.176511 0.286587 0.950909 0.116794 0.857143 0.887295 1 2 1.000000
..\..\..\Desktop\General\noesis\roomitem_027_yukihuru
  2 0.366530 3.282086 0.176511 0.286587 0.950909 0.116794 0.857143 0.887295 1 2 1.000000
  2 0.780675 3.111350 0.000000 0.540222 0.841474 -0.009068 0.928586 0.774590 1 2 1.000000
  2 0.406815 3.282086 0.000000 0.308882 0.950908 -0.019116 0.928586 0.887295 1 2 1.000000
..\..\..\Desktop\General\noesis\roomitem_027_yukihuru
  2 0.780675 3.111350 0.000000 0.540222 0.841474 -0.009068 0.928586 0.774590 1 2 1.000000
  2 0.703365 3.111350 -0.338723 0.482790 0.841474 -0.242561 1.000000 0.774590 1 2 1.000000
  2 0.406815 3.282086 0.000000 0.308882 0.950908 -0.019116 0.928586 0.887295 1 2 1.000000
..\..\..\Desktop\General\noesis\roomitem_027_yukihuru
  2 0.406815 3.282086 0.000000 0.308882 0.950908 -0.019116 0.928586 0.887295 1 2 1.000000
  2 0.703365 3.111350 -0.338723 0.482790 0.841474 -0.242561 1.000000 0.774590 1 2 1.000000
  2 0.366530 3.282086 -0.176511 0.269998 0.950909 -0.151241 1.000000 0.887295 1 2 1.000000
..\..\..\Desktop\General\noesis\roomitem_027_yukihuru
  2 0.366530 3.282086 -0.176511 0.269998 0.950909 -0.151241 0.000000 0.887295 1 2 1.000000
  2 0.253646 3.282086 -0.318061 0.177639 0.950908 -0.253412 0.071413 0.887295 1 2 1.000000
  2 0.000000 3.340578 0.000000 -0.000000 1.000000 0.000000 0.500015 1.000000 1 2 1.000000
..\..\..\Desktop\General\noesis\roomitem_027_yukihuru
  2 0.253646 3.282086 -0.318061 0.177639 0.950908 -0.253412 0.071413 0.887295 1 2 1.000000
  2 0.090525 3.282086 -0.396618 0.050096 0.950908 -0.305391 0.142857 0.887295 1 2 1.000000
  2 0.000000 3.340578 0.000000 -0.000000 1.000000 0.000000 0.500015 1.000000 1 2 1.000000
..\..\..\Desktop\General\noesis\roomitem_027_yukihuru
  2 0.090525 3.282086 -0.396618 0.050096 0.950908 -0.305391 0.142857 0.887295 1 2 1.000000
  2 -0.090525 3.282086 -0.396618 -0.087371 0.950908 -0.296883 0.214270 0.887295 1 2 1.000000
  2 0.000000 3.340578 0.000000 -0.000000 1.000000 0.000000 0.500015 1.000000 1 2 1.000000
..\..\..\Desktop\General\noesis\roomitem_027_yukihuru
  2 -0.090525 3.282086 -0.396618 -0.087371 0.950908 -0.296883 0.214270 0.887295 1 2 1.000000
  2 -0.253646 3.282086 -0.318061 -0.207530 0.950908 -0.229574 0.285714 0.887295 1 2 1.000000
  2 0.000000 3.340578 0.000000 -0.000000 1.000000 0.000000 0.500015 1.000000 1 2 1.000000
..\..\..\Desktop\General\noesis\roomitem_027_yukihuru
  2 -0.253646 3.282086 -0.318061 -0.207530 0.950908 -0.229574 0.285714 0.887295 1 2 1.000000
  2 -0.366530 3.282086 -0.176511 -0.286587 0.950909 -0.116794 0.357127 0.887295 1 2 1.000000
  2 0.000000 3.340578 0.000000 -0.000000 1.000000 0.000000 0.500015 1.000000 1 2 1.000000
..\..\..\Desktop\General\noesis\roomitem_027_yukihuru
  2 -0.366530 3.282086 -0.176511 -0.286587 0.950909 -0.116794 0.357127 0.887295 1 2 1.000000
  2 -0.406815 3.282086 0.000000 -0.308882 0.950908 0.019116 0.428571 0.887295 1 2 1.000000
  2 0.000000 3.340578 0.000000 -0.000000 1.000000 0.000000 0.500015 1.000000 1 2 1.000000
..\..\..\Desktop\General\noesis\roomitem_027_yukihuru
  2 -0.406815 3.282086 0.000000 -0.308882 0.950908 0.019116 0.428571 0.887295 1 2 1.000000
  2 -0.366530 3.282086 0.176511 -0.269998 0.950909 0.151241 0.499985 0.887295 1 2 1.000000
  2 0.000000 3.340578 0.000000 -0.000000 1.000000 0.000000 0.500015 1.000000 1 2 1.000000
..\..\..\Desktop\General\noesis\roomitem_027_yukihuru
  2 -0.366530 3.282086 0.176511 -0.269998 0.950909 0.151241 0.499985 0.887295 1 2 1.000000
  2 -0.253646 3.282086 0.318062 -0.177639 0.950908 0.253412 0.571428 0.887295 1 2 1.000000
  2 0.000000 3.340578 0.000000 -0.000000 1.000000 0.000000 0.500015 1.000000 1 2 1.000000
..\..\..\Desktop\General\noesis\roomitem_027_yukihuru
  2 -0.253646 3.282086 0.318062 -0.177639 0.950908 0.253412 0.571428 0.887295 1 2 1.000000
  2 -0.090525 3.282086 0.396618 -0.050096 0.950908 0.305391 0.642872 0.887295 1 2 1.000000
  2 0.000000 3.340578 0.000000 -0.000000 1.000000 0.000000 0.500015 1.000000 1 2 1.000000
..\..\..\Desktop\General\noesis\roomitem_027_yukihuru
  2 -0.090525 3.282086 0.396618 -0.050096 0.950908 0.305391 0.642872 0.887295 1 2 1.000000
  2 0.090525 3.282086 0.396618 0.087371 0.950909 0.296883 0.714285 0.887295 1 2 1.000000
  2 0.000000 3.340578 0.000000 -0.000000 1.000000 0.000000 0.500015 1.000000 1 2 1.000000
..\..\..\Desktop\General\noesis\roomitem_027_yukihuru
  2 0.090525 3.282086 0.396618 0.087371 0.950909 0.296883 0.714285 0.887295 1 2 1.000000
  2 0.253646 3.282086 0.318062 0.207530 0.950909 0.229574 0.785729 0.887295 1 2 1.000000
  2 0.000000 3.340578 0.000000 -0.000000 1.000000 0.000000 0.500015 1.000000 1 2 1.000000
..\..\..\Desktop\General\noesis\roomitem_027_yukihuru
  2 0.253646 3.282086 0.318062 0.207530 0.950909 0.229574 0.785729 0.887295 1 2 1.000000
  2 0.366530 3.282086 0.176511 0.286587 0.950909 0.116794 0.857143 0.887295 1 2 1.000000
  2 0.000000 3.340578 0.000000 -0.000000 1.000000 0.000000 0.500015 1.000000 1 2 1.000000
..\..\..\Desktop\General\noesis\roomitem_027_yukihuru
  2 0.366530 3.282086 0.176511 0.286587 0.950909 0.116794 0.857143 0.887295 1 2 1.000000
  2 0.406815 3.282086 0.000000 0.308882 0.950908 -0.019116 0.928586 0.887295 1 2 1.000000
  2 0.000000 3.340578 0.000000 -0.000000 1.000000 0.000000 0.500015 1.000000 1 2 1.000000
..\..\..\Desktop\General\noesis\roomitem_027_yukihuru
  2 0.406815 3.282086 0.000000 0.308882 0.950908 -0.019116 0.928586 0.887295 1 2 1.000000
  2 0.366530 3.282086 -0.176511 0.269998 0.950909 -0.151241 1.000000 0.887295 1 2 1.000000
  2 0.000000 3.340578 0.000000 -0.000000 1.000000 0.000000 0.500015 1.000000 1 2 1.000000
..\..\..\Desktop\General\noesis\roomitem_027_yukihuru
  2 0.511119 0.716015 -0.640922 0.368624 -0.755222 -0.541993 0.071413 0.000000 1 2 1.000000
  2 0.242834 0.950989 -1.063926 0.223698 -0.654402 -0.722300 0.142857 0.098392 1 2 1.000000
  2 0.680406 0.950989 -0.853202 0.514939 -0.654401 -0.553711 0.071413 0.098392 1 2 1.000000
..\..\..\Desktop\General\noesis\roomitem_027_yukihuru
  2 0.511119 0.716015 -0.640922 0.368624 -0.755222 -0.541993 0.071413 0.000000 1 2 1.000000
  2 0.680406 0.950989 -0.853202 0.514939 -0.654401 -0.553711 0.071413 0.098392 1 2 1.000000
  2 0.738587 0.716015 -0.355685 0.567281 -0.755222 -0.328378 0.000000 0.000000 1 2 1.000000
..\..\..\Desktop\General\noesis\roomitem_027_yukihuru
  2 0.738587 0.716015 -0.355685 0.567281 -0.755222 -0.328378 0.000000 0.000000 1 2 1.000000
  2 0.680406 0.950989 -0.853202 0.514939 -0.654401 -0.553711 0.071413 0.098392 1 2 1.000000
  2 0.983216 0.950989 -0.473492 0.704189 -0.654403 -0.275452 0.000000 0.098392 1 2 1.000000
..\..\..\Desktop\General\noesis\roomitem_027_yukihuru
  2 0.182416 0.716015 -0.799215 0.096955 -0.755224 -0.648257 0.142857 0.000000 1 2 1.000000
  2 -0.242834 0.950989 -1.063926 -0.111849 -0.654402 -0.747828 0.214270 0.098392 1 2 1.000000
  2 0.242834 0.950989 -1.063926 0.223698 -0.654402 -0.722300 0.142857 0.098392 1 2 1.000000
..\..\..\Desktop\General\noesis\roomitem_027_yukihuru
  2 0.182416 0.716015 -0.799215 0.096955 -0.755224 -0.648257 0.142857 0.000000 1 2 1.000000
  2 0.242834 0.950989 -1.063926 0.223698 -0.654402 -0.722300 0.142857 0.098392 1 2 1.000000
  2 0.511119 0.716015 -0.640922 0.368624 -0.755222 -0.541993 0.071413 0.000000 1 2 1.000000
..\..\..\Desktop\General\noesis\roomitem_027_yukihuru
  2 -0.182416 0.716015 -0.799215 -0.193913 -0.755223 -0.626128 0.214270 0.000000 1 2 1.000000
  2 -0.680406 0.950989 -0.853202 -0.425243 -0.654401 -0.625242 0.285714 0.098392 1 2 1.000000
  2 -0.242834 0.950989 -1.063926 -0.111849 -0.654402 -0.747828 0.214270 0.098392 1 2 1.000000
..\..\..\Desktop\General\noesis\roomitem_027_yukihuru
  2 -0.182416 0.716015 -0.799215 -0.193913 -0.755223 -0.626128 0.214270 0.000000 1 2 1.000000
  2 -0.242834 0.950989 -1.063926 -0.111849 -0.654402 -0.747828 0.214270 0.098392 1 2 1.000000
  2 0.182416 0.716015 -0.799215 0.096955 -0.755224 -0.648257 0.142857 0.000000 1 2 1.000000
..\..\..\Desktop\General\noesis\roomitem_027_yukihuru
  2 -0.511119 0.716015 -0.640922 -0.446377 -0.755222 -0.479988 0.285714 0.000000 1 2 1.000000
  2 -0.680406 0.950989 -0.853202 -0.425243 -0.654401 -0.625242 0.285714 0.098392 1 2 1.000000
  2 -0.182416 0.716015 -0.799215 -0.193913 -0.755223 -0.626128 0.214270 0.000000 1 2 1.000000
..\..\..\Desktop\General\noesis\roomitem_027_yukihuru
  2 -0.511119 0.716015 -0.640922 -0.446377 -0.755222 -0.479988 0.285714 0.000000 1 2 1.000000
  2 -0.983216 0.950989 -0.473492 -0.654412 -0.654402 -0.378817 0.357127 0.098392 1 2 1.000000
  2 -0.680406 0.950989 -0.853202 -0.425243 -0.654401 -0.625242 0.285714 0.098392 1 2 1.000000
..\..\..\Desktop\General\noesis\roomitem_027_yukihuru
  2 -0.738587 0.716015 -0.355685 -0.610429 -0.755224 -0.238775 0.357127 0.000000 1 2 1.000000
  2 -1.091287 0.950989 0.000000 -0.753966 -0.654404 -0.057362 0.428571 0.098392 1 2 1.000000
  2 -0.983216 0.950989 -0.473492 -0.654412 -0.654402 -0.378817 0.357127 0.098392 1 2 1.000000
..\..\..\Desktop\General\noesis\roomitem_027_yukihuru
  2 -0.738587 0.716015 -0.355685 -0.610429 -0.755224 -0.238775 0.357127 0.000000 1 2 1.000000
  2 -0.983216 0.950989 -0.473492 -0.654412 -0.654402 -0.378817 0.357127 0.098392 1 2 1.000000
  2 -0.511119 0.716015 -0.640922 -0.446377 -0.755222 -0.479988 0.285714 0.000000 1 2 1.000000
..\..\..\Desktop\General\noesis\roomitem_027_yukihuru
  2 -0.819768 0.716015 -0.000000 -0.653578 -0.755224 0.049725 0.428571 0.000000 1 2 1.000000
  2 -0.983216 0.950989 0.473493 -0.704190 -0.654403 0.275451 0.499985 0.098392 1 2 1.000000
  2 -1.091287 0.950989 0.000000 -0.753966 -0.654404 -0.057362 0.428571 0.098392 1 2 1.000000
..\..\..\Desktop\General\noesis\roomitem_027_yukihuru
  2 -0.819768 0.716015 -0.000000 -0.653578 -0.755224 0.049725 0.428571 0.000000 1 2 1.000000
  2 -1.091287 0.950989 0.000000 -0.753966 -0.654404 -0.057362 0.428571 0.098392 1 2 1.000000
  2 -0.738587 0.716015 -0.355685 -0.610429 -0.755224 -0.238775 0.357127 0.000000 1 2 1.000000
..\..\..\Desktop\General\noesis\roomitem_027_yukihuru
  2 -0.738587 0.716015 0.355686 -0.567279 -0.755224 0.328376 0.499985 0.000000 1 2 1.000000
  2 -0.983216 0.950989 0.473493 -0.704190 -0.654403 0.275451 0.499985 0.098392 1 2 1.000000
  2 -0.819768 0.716015 -0.000000 -0.653578 -0.755224 0.049725 0.428571 0.000000 1 2 1.000000
..\..\..\Desktop\General\noesis\roomitem_027_yukihuru
  2 -0.738587 0.716015 0.355686 -0.567279 -0.755224 0.328376 0.499985 0.000000 1 2 1.000000
  2 -0.680408 0.950989 0.853203 -0.514939 -0.654403 0.553710 0.571428 0.098392 1 2 1.000000
  2 -0.983216 0.950989 0.473493 -0.704190 -0.654403 0.275451 0.499985 0.098392 1 2 1.000000
..\..\..\Desktop\General\noesis\roomitem_027_yukihuru
  2 -0.511119 0.716015 0.640920 -0.368622 -0.755225 0.541990 0.571428 0.000000 1 2 1.000000
  2 -0.680408 0.950989 0.853203 -0.514939 -0.654403 0.553710 0.571428 0.098392 1 2 1.000000
  2 -0.738587 0.716015 0.355686 -0.567279 -0.755224 0.328376 0.499985 0.000000 1 2 1.000000
..\..\..\Desktop\General\noesis\roomitem_027_yukihuru
  2 -0.511119 0.716015 0.640920 -0.368622 -0.755225 0.541990 0.571428 0.000000 1 2 1.000000
  2 -0.242835 0.950989 1.063927 -0.223698 -0.654403 0.722299 0.642872 0.098392 1 2 1.000000
  2 -0.680408 0.950989 0.853203 -0.514939 -0.654403 0.553710 0.571428 0.098392 1 2 1.000000
..\..\..\Desktop\General\noesis\roomitem_027_yukihuru
  2 -0.182416 0.716015 0.799216 -0.096957 -0.755224 0.648256 0.642872 0.000000 1 2 1.000000
  2 -0.242835 0.950989 1.063927 -0.223698 -0.654403 0.722299 0.642872 0.098392 1 2 1.000000
  2 -0.511119 0.716015 0.640920 -0.368622 -0.755225 0.541990 0.571428 0.000000 1 2 1.000000
..\..\..\Desktop\General\noesis\roomitem_027_yukihuru
  2 -0.182416 0.716015 0.799216 -0.096957 -0.755224 0.648256 0.642872 0.000000 1 2 1.000000
  2 0.242834 0.950989 1.063927 0.111849 -0.654403 0.747828 0.714285 0.098392 1 2 1.000000
  2 -0.242835 0.950989 1.063927 -0.223698 -0.654403 0.722299 0.642872 0.098392 1 2 1.000000
..\..\..\Desktop\General\noesis\roomitem_027_yukihuru
  2 0.182416 0.716015 0.799216 0.193914 -0.755224 0.626126 0.714285 0.000000 1 2 1.000000
  2 0.242834 0.950989 1.063927 0.111849 -0.654403 0.747828 0.714285 0.098392 1 2 1.000000
  2 -0.182416 0.716015 0.799216 -0.096957 -0.755224 0.648256 0.642872 0.000000 1 2 1.000000
..\..\..\Desktop\General\noesis\roomitem_027_yukihuru
  2 0.182416 0.716015 0.799216 0.193914 -0.755224 0.626126 0.714285 0.000000 1 2 1.000000
  2 0.680406 0.950989 0.853203 0.425243 -0.654403 0.625240 0.785729 0.098392 1 2 1.000000
  2 0.242834 0.950989 1.063927 0.111849 -0.654403 0.747828 0.714285 0.098392 1 2 1.000000
..\..\..\Desktop\General\noesis\roomitem_027_yukihuru
  2 0.511119 0.716015 0.640920 0.446376 -0.755223 0.479986 0.785729 0.000000 1 2 1.000000
  2 0.983216 0.950989 0.473493 0.654412 -0.654403 0.378817 0.857143 0.098392 1 2 1.000000
  2 0.680406 0.950989 0.853203 0.425243 -0.654403 0.625240 0.785729 0.098392 1 2 1.000000
..\..\..\Desktop\General\noesis\roomitem_027_yukihuru
  2 0.511119 0.716015 0.640920 0.446376 -0.755223 0.479986 0.785729 0.000000 1 2 1.000000
  2 0.680406 0.950989 0.853203 0.425243 -0.654403 0.625240 0.785729 0.098392 1 2 1.000000
  2 0.182416 0.716015 0.799216 0.193914 -0.755224 0.626126 0.714285 0.000000 1 2 1.000000
..\..\..\Desktop\General\noesis\roomitem_027_yukihuru
  2 0.738587 0.716015 0.355686 0.610429 -0.755224 0.238776 0.857143 0.000000 1 2 1.000000
  2 1.091287 0.950989 0.000000 0.753966 -0.654404 0.057362 0.928586 0.098392 1 2 1.000000
  2 0.983216 0.950989 0.473493 0.654412 -0.654403 0.378817 0.857143 0.098392 1 2 1.000000
..\..\..\Desktop\General\noesis\roomitem_027_yukihuru
  2 0.738587 0.716015 0.355686 0.610429 -0.755224 0.238776 0.857143 0.000000 1 2 1.000000
  2 0.983216 0.950989 0.473493 0.654412 -0.654403 0.378817 0.857143 0.098392 1 2 1.000000
  2 0.511119 0.716015 0.640920 0.446376 -0.755223 0.479986 0.785729 0.000000 1 2 1.000000
..\..\..\Desktop\General\noesis\roomitem_027_yukihuru
  2 0.819768 0.716015 -0.000000 0.653578 -0.755224 -0.049725 0.928586 0.000000 1 2 1.000000
  2 1.091287 0.950989 0.000000 0.753966 -0.654404 0.057362 0.928586 0.098392 1 2 1.000000
  2 0.738587 0.716015 0.355686 0.610429 -0.755224 0.238776 0.857143 0.000000 1 2 1.000000
..\..\..\Desktop\General\noesis\roomitem_027_yukihuru
  2 0.819768 0.716015 -0.000000 0.653578 -0.755224 -0.049725 0.928586 0.000000 1 2 1.000000
  2 0.983216 0.950989 -0.473492 0.704189 -0.654403 -0.275452 1.000000 0.098392 1 2 1.000000
  2 1.091287 0.950989 0.000000 0.753966 -0.654404 0.057362 0.928586 0.098392 1 2 1.000000
..\..\..\Desktop\General\noesis\roomitem_027_yukihuru
  2 0.738587 0.716015 -0.355685 0.567281 -0.755222 -0.328378 1.000000 0.000000 1 2 1.000000
  2 0.983216 0.950989 -0.473492 0.704189 -0.654403 -0.275452 1.000000 0.098392 1 2 1.000000
  2 0.819768 0.716015 -0.000000 0.653578 -0.755224 -0.049725 0.928586 0.000000 1 2 1.000000
..\..\..\Desktop\General\noesis\roomitems_025_daruma
  3 -0.744799 2.112650 -0.054818 -0.927198 -0.348859 -0.136386 0.325769 0.452677 1 3 1.000000
  3 -0.699498 2.120390 -0.047331 0.858506 0.342518 -0.381638 0.339995 0.452677 1 3 1.000000
  3 -0.475261 1.401970 -0.055128 -0.329434 -0.124471 -0.935938 0.325769 0.091815 1 3 1.000000
..\..\..\Desktop\General\noesis\roomitems_025_daruma
  3 -0.475261 1.401970 -0.055128 -0.329434 -0.124471 -0.935938 0.325769 0.091815 1 3 1.000000
  3 -0.699498 2.120390 -0.047331 0.858506 0.342518 -0.381638 0.339995 0.452677 1 3 1.000000
  3 -0.416632 1.424900 -0.044784 0.867098 0.351369 -0.353103 0.339995 0.091815 1 3 1.000000
..\..\..\Desktop\General\noesis\roomitems_025_daruma
  3 -0.416632 1.424900 -0.044784 0.867098 0.351369 -0.353103 0.339995 0.091815 1 3 1.000000
  3 -0.699498 2.120390 -0.047331 0.858506 0.342518 -0.381638 0.339995 0.452677 1 3 1.000000
  3 -0.454486 1.410700 0.004560 -0.119950 -0.025431 0.992454 0.354221 0.091815 1 3 1.000000
..\..\..\Desktop\General\noesis\roomitems_025_daruma
  3 -0.454486 1.410700 0.004560 -0.119950 -0.025431 0.992454 0.354221 0.091815 1 3 1.000000
  3 -0.699498 2.120390 -0.047331 0.858506 0.342518 -0.381638 0.339995 0.452677 1 3 1.000000
  3 -0.731664 2.135010 -0.008832 -0.078344 -0.011549 0.996860 0.354221 0.452677 1 3 1.000000
..\..\..\Desktop\General\noesis\roomitems_025_daruma
  3 -0.731664 2.135010 -0.008832 -0.078344 -0.011549 0.996860 0.354221 0.452677 1 3 1.000000
  3 -0.744799 2.112650 -0.054818 -0.927198 -0.348859 -0.136386 0.368448 0.452677 1 3 1.000000
  3 -0.454486 1.410700 0.004560 -0.119950 -0.025431 0.992454 0.354221 0.091815 1 3 1.000000
..\..\..\Desktop\General\noesis\roomitems_025_daruma
  3 -0.454486 1.410700 0.004560 -0.119950 -0.025431 0.992454 0.354221 0.091815 1 3 1.000000
  3 -0.744799 2.112650 -0.054818 -0.927198 -0.348859 -0.136386 0.368448 0.452677 1 3 1.000000
  3 -0.475261 1.401970 -0.055128 -0.329434 -0.124471 -0.935938 0.368448 0.091815 1 3 1.000000
..\..\..\Desktop\General\noesis\roomitems_025_daruma
  3 -0.686867 1.910250 0.004474 -0.121777 -0.742145 0.659083 0.462090 0.103787 1 3 1.000000
  3 -0.693606 1.893911 0.015922 -0.557227 0.462169 0.689853 0.464070 0.117800 1 3 1.000000
  3 -0.650356 1.924570 0.007870 0.218476 -0.496979 0.839809 0.451398 0.102934 1 3 1.000000
..\..\..\Desktop\General\noesis\roomitems_025_daruma
  3 -0.650356 1.924570 0.007870 0.218476 -0.496979 0.839809 0.451398 0.102934 1 3 1.000000
  3 -0.693606 1.893911 0.015922 -0.557227 0.462169 0.689853 0.464070 0.117800 1 3 1.000000
  3 -0.627616 1.917601 0.028948 -0.005390 0.606129 0.795348 0.451550 0.118500 1 3 1.000000
..\..\..\Desktop\General\noesis\roomitems_025_daruma
  3 -0.557433 1.919680 -0.074498 0.715063 0.212573 -0.665957 0.418711 0.157188 1 3 1.000000
  3 -0.558610 1.919240 -0.007382 0.909040 0.178102 0.376730 0.427241 0.140342 1 3 1.000000
  3 -0.630308 1.889880 -0.090575 0.246861 -0.464060 -0.850710 0.447042 0.154782 1 3 1.000000
..\..\..\Desktop\General\noesis\roomitems_025_daruma
  3 -0.630308 1.889880 -0.090575 0.246861 -0.464060 -0.850710 0.447042 0.154782 1 3 1.000000
  3 -0.558610 1.919240 -0.007382 0.909040 0.178102 0.376730 0.427241 0.140342 1 3 1.000000
  3 -0.608059 1.899310 0.028221 0.324917 -0.213508 0.921327 0.445762 0.142261 1 3 1.000000
..\..\..\Desktop\General\noesis\roomitems_025_daruma
  3 -0.627616 1.917601 0.028948 -0.005390 0.606129 0.795348 0.451550 0.118500 1 3 1.000000
  3 -0.693606 1.893911 0.015922 -0.557227 0.462169 0.689853 0.464070 0.117800 1 3 1.000000
  3 -0.608059 1.899310 0.028221 0.324917 -0.213508 0.921327 0.445762 0.142261 1 3 1.000000
..\..\..\Desktop\General\noesis\roomitems_025_daruma
  3 -0.588828 1.933870 -0.003984 0.436550 0.754042 0.490758 0.427698 0.116216 1 3 1.000000
  3 -0.608059 1.899310 0.028221 0.324917 -0.213508 0.921327 0.445762 0.142261 1 3 1.000000
  3 -0.558610 1.919240 -0.007382 0.909040 0.178102 0.376730 0.427241 0.140342 1 3 1.000000
..\..\..\Desktop\General\noesis\roomitems_025_daruma
  3 -0.627616 1.917601 0.028948 -0.005390 0.606129 0.795348 0.451550 0.118500 1 3 1.000000
  3 -0.608059 1.899310 0.028221 0.324917 -0.213508 0.921327 0.445762 0.142261 1 3 1.000000
  3 -0.588828 1.933870 -0.003984 0.436550 0.754042 0.490758 0.427698 0.116216 1 3 1.000000
..\..\..\Desktop\General\noesis\roomitems_025_daruma
  3 -0.627616 1.917601 0.028948 -0.005390 0.606129 0.795348 0.451550 0.118500 1 3 1.000000
  3 -0.607010 1.941160 -0.007852 0.721950 -0.024408 0.691514 0.425779 0.101167 1 3 1.000000
  3 -0.650356 1.924570 0.007870 0.218476 -0.496979 0.839809 0.451398 0.102934 1 3 1.000000
..\..\..\Desktop\General\noesis\roomitems_025_daruma
  3 -0.588828 1.933870 -0.003984 0.436550 0.754042 0.490758 0.427698 0.116216 1 3 1.000000
  3 -0.607010 1.941160 -0.007852 0.721950 -0.024408 0.691514 0.425779 0.101167 1 3 1.000000
  3 -0.627616 1.917601 0.028948 -0.005390 0.606129 0.795348 0.451550 0.118500 1 3 1.000000
..\..\..\Desktop\General\noesis\roomitems_025_daruma
  3 -0.642536 1.909030 -0.077817 -0.162157 0.523975 -0.836155 0.392909 0.115271 1 3 1.000000
  3 -0.705029 1.892040 -0.072511 -0.647725 0.615398 -0.449153 0.378866 0.115149 1 3 1.000000
  3 -0.654354 1.919080 -0.067749 0.026149 -0.333528 -0.942377 0.393914 0.101167 1 3 1.000000
..\..\..\Desktop\General\noesis\roomitems_025_daruma
  3 -0.654354 1.919080 -0.067749 0.026149 -0.333528 -0.942377 0.393914 0.101167 1 3 1.000000
  3 -0.705029 1.892040 -0.072511 -0.647725 0.615398 -0.449153 0.378866 0.115149 1 3 1.000000
  3 -0.695414 1.903770 -0.047666 -0.838147 -0.402142 -0.368498 0.385172 0.101990 1 3 1.000000
..\..\..\Desktop\General\noesis\roomitems_025_daruma
  3 -0.588828 1.933870 -0.003984 0.436550 0.754042 0.490758 0.427698 0.116216 1 3 1.000000
  3 -0.597795 1.947040 -0.025599 0.920445 0.362581 0.146000 0.412131 0.100497 1 3 1.000000
  3 -0.607010 1.941160 -0.007852 0.721950 -0.024408 0.691514 0.425779 0.101167 1 3 1.000000
..\..\..\Desktop\General\noesis\roomitems_025_daruma
  3 -0.582170 1.935800 -0.069184 0.272670 0.837227 -0.474028 0.413685 0.109818 1 3 1.000000
  3 -0.558610 1.919240 -0.007382 0.909040 0.178102 0.376730 0.427241 0.140342 1 3 1.000000
  3 -0.557433 1.919680 -0.074498 0.715063 0.212573 -0.665957 0.418711 0.157188 1 3 1.000000
..\..\..\Desktop\General\noesis\roomitems_025_daruma
  3 -0.588828 1.933870 -0.003984 0.436550 0.754042 0.490758 0.427698 0.116216 1 3 1.000000
  3 -0.558610 1.919240 -0.007382 0.909040 0.178102 0.376730 0.427241 0.140342 1 3 1.000000
  3 -0.582170 1.935800 -0.069184 0.272670 0.837227 -0.474028 0.413685 0.109818 1 3 1.000000
..\..\..\Desktop\General\noesis\roomitems_025_daruma
  3 -0.582170 1.935800 -0.069184 0.272670 0.837227 -0.474028 0.413685 0.109818 1 3 1.000000
  3 -0.597795 1.947040 -0.025599 0.920445 0.362581 0.146000 0.412131 0.100497 1 3 1.000000
  3 -0.588828 1.933870 -0.003984 0.436550 0.754042 0.490758 0.427698 0.116216 1 3 1.000000
..\..\..\Desktop\General\noesis\roomitems_025_daruma
  3 -0.654354 1.919080 -0.067749 0.026149 -0.333528 -0.942377 0.393914 0.101167 1 3 1.000000
  3 -0.610123 1.936401 -0.065157 0.514448 -0.477838 -0.712049 0.405186 0.100740 1 3 1.000000
  3 -0.642536 1.909030 -0.077817 -0.162157 0.523975 -0.836155 0.392909 0.115271 1 3 1.000000
..\..\..\Desktop\General\noesis\roomitems_025_daruma
  3 -0.597795 1.947040 -0.025599 0.920445 0.362581 0.146000 0.412131 0.100497 1 3 1.000000
  3 -0.582170 1.935800 -0.069184 0.272670 0.837227 -0.474028 0.413685 0.109818 1 3 1.000000
  3 -0.610123 1.936401 -0.065157 0.514448 -0.477838 -0.712049 0.405186 0.100740 1 3 1.000000
..\..\..\Desktop\General\noesis\roomitems_025_daruma
  3 -0.642536 1.909030 -0.077817 -0.162157 0.523975 -0.836155 0.392909 0.115271 1 3 1.000000
  3 -0.610123 1.936401 -0.065157 0.514448 -0.477838 -0.712049 0.405186 0.100740 1 3 1.000000
  3 -0.582170 1.935800 -0.069184 0.272670 0.837227 -0.474028 0.413685 0.109818 1 3 1.000000
..\..\..\Desktop\General\noesis\roomitems_025_daruma
  3 -0.702096 1.865750 0.021925 -0.305681 -0.691273 0.654752 0.468762 0.140921 1 3 1.000000
  3 -0.630308 1.889880 -0.090575 0.246861 -0.464060 -0.850710 0.447042 0.154782 1 3 1.000000
  3 -0.608059 1.899310 0.028221 0.324917 -0.213508 0.921327 0.445762 0.142261 1 3 1.000000
..\..\..\Desktop\General\noesis\roomitems_025_daruma
  3 -0.608059 1.899310 0.028221 0.324917 -0.213508 0.921327 0.445762 0.142261 1 3 1.000000
  3 -0.693606 1.893911 0.015922 -0.557227 0.462169 0.689853 0.464070 0.117800 1 3 1.000000
  3 -0.702096 1.865750 0.021925 -0.305681 -0.691273 0.654752 0.468762 0.140921 1 3 1.000000
..\..\..\Desktop\General\noesis\roomitems_025_daruma
  3 -0.693606 1.893911 0.015922 -0.557227 0.462169 0.689853 0.464070 0.117800 1 3 1.000000
  3 -0.712486 1.887720 -0.021640 -0.867049 0.462380 0.185556 0.472356 0.117099 1 3 1.000000
  3 -0.702096 1.865750 0.021925 -0.305681 -0.691273 0.654752 0.468762 0.140921 1 3 1.000000
..\..\..\Desktop\General\noesis\roomitems_025_daruma
  3 -0.702096 1.865750 0.021925 -0.305681 -0.691273 0.654752 0.468762 0.140921 1 3 1.000000
  3 -0.712486 1.887720 -0.021640 -0.867049 0.462380 0.185556 0.472356 0.117099 1 3 1.000000
  3 -0.720863 1.857760 -0.012735 -0.996652 -0.053874 0.061497 0.474032 0.142444 1 3 1.000000
..\..\..\Desktop\General\noesis\roomitems_025_daruma
  3 -0.693606 1.893911 0.015922 -0.557227 0.462169 0.689853 0.464070 0.117800 1 3 1.000000
  3 -0.694577 1.905870 -0.009974 -0.946754 -0.174409 0.270628 0.470102 0.103726 1 3 1.000000
  3 -0.712486 1.887720 -0.021640 -0.867049 0.462380 0.185556 0.472356 0.117099 1 3 1.000000
..\..\..\Desktop\General\noesis\roomitems_025_daruma
  3 -0.686867 1.910250 0.004474 -0.121777 -0.742145 0.659083 0.462090 0.103787 1 3 1.000000
  3 -0.694577 1.905870 -0.009974 -0.946754 -0.174409 0.270628 0.470102 0.103726 1 3 1.000000
  3 -0.693606 1.893911 0.015922 -0.557227 0.462169 0.689853 0.464070 0.117800 1 3 1.000000
..\..\..\Desktop\General\noesis\roomitems_025_daruma
  3 -0.709661 1.860201 -0.090810 -0.291354 -0.743251 -0.602238 0.483170 0.157554 1 3 1.000000
  3 -0.630308 1.889880 -0.090575 0.246861 -0.464060 -0.850710 0.447042 0.154782 1 3 1.000000
  3 -0.702096 1.865750 0.021925 -0.305681 -0.691273 0.654752 0.468762 0.140921 1 3 1.000000
..\..\..\Desktop\General\noesis\roomitems_025_daruma
  3 -0.709661 1.860201 -0.090810 -0.291354 -0.743251 -0.602238 0.483170 0.157554 1 3 1.000000
  3 -0.702096 1.865750 0.021925 -0.305681 -0.691273 0.654752 0.468762 0.140921 1 3 1.000000
  3 -0.720863 1.857760 -0.012735 -0.996652 -0.053874 0.061497 0.474032 0.142444 1 3 1.000000
..\..\..\Desktop\General\noesis\roomitems_025_daruma
  3 -0.705029 1.892040 -0.072511 -0.647725 0.615398 -0.449153 0.483384 0.115241 1 3 1.000000
  3 -0.720863 1.857760 -0.012735 -0.996652 -0.053874 0.061497 0.474032 0.142444 1 3 1.000000
  3 -0.712486 1.887720 -0.021640 -0.867049 0.462380 0.185556 0.472356 0.117099 1 3 1.000000
..\..\..\Desktop\General\noesis\roomitems_025_daruma
  3 -0.694577 1.905870 -0.009974 -0.946754 -0.174409 0.270628 0.470102 0.103726 1 3 1.000000
  3 -0.705029 1.892040 -0.072511 -0.647725 0.615398 -0.449153 0.483384 0.115241 1 3 1.000000
  3 -0.712486 1.887720 -0.021640 -0.867049 0.462380 0.185556 0.472356 0.117099 1 3 1.000000
..\..\..\Desktop\General\noesis\roomitems_025_daruma
  3 -0.709661 1.860201 -0.090810 -0.291354 -0.743251 -0.602238 0.483170 0.157554 1 3 1.000000
  3 -0.720863 1.857760 -0.012735 -0.996652 -0.053874 0.061497 0.474032 0.142444 1 3 1.000000
  3 -0.705029 1.892040 -0.072511 -0.647725 0.615398 -0.449153 0.483384 0.115241 1 3 1.000000
..\..\..\Desktop\General\noesis\roomitems_025_daruma
  3 -0.642536 1.909030 -0.077817 -0.162157 0.523975 -0.836155 0.392909 0.115271 1 3 1.000000
  3 -0.630308 1.889880 -0.090575 0.246861 -0.464060 -0.850710 0.397783 0.156883 1 3 1.000000
  3 -0.705029 1.892040 -0.072511 -0.647725 0.615398 -0.449153 0.378866 0.115149 1 3 1.000000
..\..\..\Desktop\General\noesis\roomitems_025_daruma
  3 -0.557433 1.919680 -0.074498 0.715063 0.212573 -0.665957 0.418711 0.157188 1 3 1.000000
  3 -0.630308 1.889880 -0.090575 0.246861 -0.464060 -0.850710 0.397783 0.156883 1 3 1.000000
  3 -0.582170 1.935800 -0.069184 0.272670 0.837227 -0.474028 0.413685 0.109818 1 3 1.000000
..\..\..\Desktop\General\noesis\roomitems_025_daruma
  3 -0.582170 1.935800 -0.069184 0.272670 0.837227 -0.474028 0.413685 0.109818 1 3 1.000000
  3 -0.630308 1.889880 -0.090575 0.246861 -0.464060 -0.850710 0.397783 0.156883 1 3 1.000000
  3 -0.642536 1.909030 -0.077817 -0.162157 0.523975 -0.836155 0.392909 0.115271 1 3 1.000000
..\..\..\Desktop\General\noesis\roomitems_025_daruma
  3 -0.705029 1.892040 -0.072511 -0.647725 0.615398 -0.449153 0.378866 0.115149 1 3 1.000000
  3 -0.630308 1.889880 -0.090575 0.246861 -0.464060 -0.850710 0.397783 0.156883 1 3 1.000000
  3 -0.709661 1.860201 -0.090810 -0.291354 -0.743251 -0.602238 0.377312 0.157249 1 3 1.000000
..\..\..\Desktop\General\noesis\roomitems_025_daruma
  3 -0.694577 1.905870 -0.009974 -0.946754 -0.174409 0.270628 0.470102 0.103726 1 3 1.000000
  3 -0.695414 1.903770 -0.047666 -0.838147 -0.402142 -0.368498 0.481282 0.102050 1 3 1.000000
  3 -0.705029 1.892040 -0.072511 -0.647725 0.615398 -0.449153 0.483384 0.115241 1 3 1.000000
..\..\..\Desktop\General\noesis\roomitems_025_daruma
  3 -0.598294 1.985840 -0.028217 0.774628 0.621563 0.116666 0.482835 0.221739 1 3 1.000000
  3 -0.587300 1.989250 -0.020847 0.053249 0.997861 0.037933 0.482835 0.215159 1 3 1.000000
  3 -0.621460 1.973760 -0.088986 0.026950 0.859725 -0.510045 0.466873 0.221739 1 3 1.000000
..\..\..\Desktop\General\noesis\roomitems_025_daruma
  3 -0.621460 1.973760 -0.088986 0.026950 0.859725 -0.510045 0.466873 0.221739 1 3 1.000000
  3 -0.587300 1.989250 -0.020847 0.053249 0.997861 0.037933 0.482835 0.215159 1 3 1.000000
  3 -0.621015 1.973390 -0.105290 -0.039846 0.870725 -0.490153 0.466873 0.215159 1 3 1.000000
..\..\..\Desktop\General\noesis\roomitems_025_daruma
  3 -0.712830 1.937240 -0.068743 -0.605140 0.228941 -0.762491 0.436440 0.221739 1 3 1.000000
  3 -0.725012 1.931991 -0.076729 -0.699665 0.556029 -0.448664 0.436440 0.215159 1 3 1.000000
  3 -0.720442 1.936260 -0.018413 -0.906329 0.320373 0.275552 0.422641 0.221739 1 3 1.000000
..\..\..\Desktop\General\noesis\roomitems_025_daruma
  3 -0.720442 1.936260 -0.018413 -0.906329 0.320373 0.275552 0.422641 0.221739 1 3 1.000000
  3 -0.725012 1.931991 -0.076729 -0.699665 0.556029 -0.448664 0.436440 0.215159 1 3 1.000000
  3 -0.736233 1.929590 -0.007020 -0.888012 0.456461 0.055474 0.422641 0.215159 1 3 1.000000
..\..\..\Desktop\General\noesis\roomitems_025_daruma
  3 -0.712830 1.937240 -0.068743 -0.605140 0.228941 -0.762491 0.436440 0.221739 1 3 1.000000
  3 -0.668350 1.954050 -0.109649 -0.415255 0.757065 -0.504398 0.453073 0.215159 1 3 1.000000
  3 -0.725012 1.931991 -0.076729 -0.699665 0.556029 -0.448664 0.436440 0.215159 1 3 1.000000
..\..\..\Desktop\General\noesis\roomitems_025_daruma
  3 -0.668350 1.954050 -0.109649 -0.415255 0.757065 -0.504398 0.453073 0.215159 1 3 1.000000
  3 -0.665369 1.955750 -0.090312 -0.279801 0.420275 -0.863181 0.453073 0.221739 1 3 1.000000
  3 -0.621015 1.973390 -0.105290 -0.039846 0.870725 -0.490153 0.466873 0.215159 1 3 1.000000
..\..\..\Desktop\General\noesis\roomitems_025_daruma
  3 -0.665369 1.955750 -0.090312 -0.279801 0.420275 -0.863181 0.453073 0.221739 1 3 1.000000
  3 -0.668350 1.954050 -0.109649 -0.415255 0.757065 -0.504398 0.453073 0.215159 1 3 1.000000
  3 -0.712830 1.937240 -0.068743 -0.605140 0.228941 -0.762491 0.436440 0.221739 1 3 1.000000
..\..\..\Desktop\General\noesis\roomitems_025_daruma
  3 -0.621015 1.973390 -0.105290 -0.039846 0.870725 -0.490153 0.466873 0.215159 1 3 1.000000
  3 -0.665369 1.955750 -0.090312 -0.279801 0.420275 -0.863181 0.453073 0.221739 1 3 1.000000
  3 -0.621460 1.973760 -0.088986 0.026950 0.859725 -0.510045 0.466873 0.221739 1 3 1.000000
..\..\..\Desktop\General\noesis\roomitems_025_daruma
  3 -0.616389 1.979831 0.003181 0.073846 0.794861 0.602281 0.385629 0.221739 1 3 1.000000
  3 -0.659194 1.962710 0.011915 -0.273392 0.783154 0.558504 0.396991 0.221739 1 3 1.000000
  3 -0.613877 1.980350 0.024968 -0.151577 0.900468 0.407655 0.385629 0.215159 1 3 1.000000
..\..\..\Desktop\General\noesis\roomitems_025_daruma
  3 -0.613877 1.980350 0.024968 -0.151577 0.900468 0.407655 0.385629 0.215159 1 3 1.000000
  3 -0.659194 1.962710 0.011915 -0.273392 0.783154 0.558504 0.396991 0.221739 1 3 1.000000
  3 -0.673615 1.957140 0.028633 -0.370796 0.824963 0.426552 0.396991 0.215159 1 3 1.000000
..\..\..\Desktop\General\noesis\roomitems_025_daruma
  3 -0.736233 1.929590 -0.007020 -0.888012 0.456461 0.055474 0.422641 0.215159 1 3 1.000000
  3 -0.710330 1.941700 0.022935 -0.605655 0.704293 0.370342 0.410060 0.215159 1 3 1.000000
  3 -0.720442 1.936260 -0.018413 -0.906329 0.320373 0.275552 0.422641 0.221739 1 3 1.000000
..\..\..\Desktop\General\noesis\roomitems_025_daruma
  3 -0.695434 1.947760 0.009586 -0.475352 0.574552 0.666282 0.410060 0.221739 1 3 1.000000
  3 -0.673615 1.957140 0.028633 -0.370796 0.824963 0.426552 0.396991 0.215159 1 3 1.000000
  3 -0.659194 1.962710 0.011915 -0.273392 0.783154 0.558504 0.396991 0.221739 1 3 1.000000
..\..\..\Desktop\General\noesis\roomitems_025_daruma
  3 -0.710330 1.941700 0.022935 -0.605655 0.704293 0.370342 0.410060 0.215159 1 3 1.000000
  3 -0.673615 1.957140 0.028633 -0.370796 0.824963 0.426552 0.396991 0.215159 1 3 1.000000
  3 -0.695434 1.947760 0.009586 -0.475352 0.574552 0.666282 0.410060 0.221739 1 3 1.000000
..\..\..\Desktop\General\noesis\roomitems_025_daruma
  3 -0.720442 1.936260 -0.018413 -0.906329 0.320373 0.275552 0.422641 0.221739 1 3 1.000000
  3 -0.710330 1.941700 0.022935 -0.605655 0.704293 0.370342 0.410060 0.215159 1 3 1.000000
  3 -0.695434 1.947760 0.009586 -0.475352 0.574552 0.666282 0.410060 0.221739 1 3 1.000000
..\..\..\Desktop\General\noesis\roomitems_025_daruma
  3 -0.587300 1.989250 -0.020847 0.053249 0.997861 0.037933 0.377221 0.215159 1 3 1.000000
  3 -0.616389 1.979831 0.003181 0.073846 0.794861 0.602281 0.385629 0.221739 1 3 1.000000
  3 -0.613877 1.980350 0.024968 -0.151577 0.900468 0.407655 0.385629 0.215159 1 3 1.000000
..\..\..\Desktop\General\noesis\roomitems_025_daruma
  3 -0.598294 1.985840 -0.028217 0.774628 0.621563 0.116666 0.377221 0.221739 1 3 1.000000
  3 -0.616389 1.979831 0.003181 0.073846 0.794861 0.602281 0.385629 0.221739 1 3 1.000000
  3 -0.587300 1.989250 -0.020847 0.053249 0.997861 0.037933 0.377221 0.215159 1 3 1.000000
..\..\..\Desktop\General\noesis\roomitems_025_daruma
  3 -0.725012 1.931991 -0.076729 -0.699665 0.556029 -0.448664 0.436440 0.215159 1 3 1.000000
  3 -0.723563 1.913760 -0.074226 -0.644568 -0.554778 -0.526074 0.436440 0.197704 1 3 1.000000
  3 -0.736233 1.929590 -0.007020 -0.888012 0.456461 0.055474 0.422641 0.215159 1 3 1.000000
..\..\..\Desktop\General\noesis\roomitems_025_daruma
  3 -0.736233 1.929590 -0.007020 -0.888012 0.456461 0.055474 0.422641 0.215159 1 3 1.000000
  3 -0.723563 1.913760 -0.074226 -0.644568 -0.554778 -0.526074 0.436440 0.197704 1 3 1.000000
  3 -0.736388 1.911031 -0.003434 -0.885330 -0.372160 0.278724 0.422641 0.197704 1 3 1.000000
..\..\..\Desktop\General\noesis\roomitems_025_daruma
  3 -0.736233 1.929590 -0.007020 -0.888012 0.456461 0.055474 0.422641 0.215159 1 3 1.000000
  3 -0.736388 1.911031 -0.003434 -0.885330 -0.372160 0.278724 0.422641 0.197704 1 3 1.000000
  3 -0.710330 1.941700 0.022935 -0.605655 0.704293 0.370342 0.410060 0.215159 1 3 1.000000
..\..\..\Desktop\General\noesis\roomitems_025_daruma
  3 -0.621015 1.973390 -0.105290 -0.039846 0.870725 -0.490153 0.466873 0.215159 1 3 1.000000
  3 -0.663006 1.937420 -0.112117 -0.127119 -0.263838 -0.956154 0.453073 0.197704 1 3 1.000000
  3 -0.668350 1.954050 -0.109649 -0.415255 0.757065 -0.504398 0.453073 0.215159 1 3 1.000000
..\..\..\Desktop\General\noesis\roomitems_025_daruma
  3 -0.668350 1.954050 -0.109649 -0.415255 0.757065 -0.504398 0.453073 0.215159 1 3 1.000000
  3 -0.663006 1.937420 -0.112117 -0.127119 -0.263838 -0.956154 0.453073 0.197704 1 3 1.000000
  3 -0.725012 1.931991 -0.076729 -0.699665 0.556029 -0.448664 0.436440 0.215159 1 3 1.000000
..\..\..\Desktop\General\noesis\roomitems_025_daruma
  3 -0.725012 1.931991 -0.076729 -0.699665 0.556029 -0.448664 0.436440 0.215159 1 3 1.000000
  3 -0.663006 1.937420 -0.112117 -0.127119 -0.263838 -0.956154 0.453073 0.197704 1 3 1.000000
  3 -0.723563 1.913760 -0.074226 -0.644568 -0.554778 -0.526074 0.436440 0.197704 1 3 1.000000
..\..\..\Desktop\General\noesis\roomitems_025_daruma
  3 -0.600026 1.962830 -0.107100 0.577999 -0.137241 -0.804414 0.466873 0.197704 1 3 1.000000
  3 -0.663006 1.937420 -0.112117 -0.127119 -0.263838 -0.956154 0.453073 0.197704 1 3 1.000000
  3 -0.621015 1.973390 -0.105290 -0.039846 0.870725 -0.490153 0.466873 0.215159 1 3 1.000000
..\..\..\Desktop\General\noesis\roomitems_025_daruma
  3 -0.673615 1.957140 0.028633 -0.370796 0.824963 0.426552 0.396991 0.215159 1 3 1.000000
  3 -0.660567 1.944121 0.042611 0.036893 0.055478 0.997778 0.396991 0.197704 1 3 1.000000
  3 -0.613877 1.980350 0.024968 -0.151577 0.900468 0.407655 0.385629 0.215159 1 3 1.000000
..\..\..\Desktop\General\noesis\roomitems_025_daruma
  3 -0.613877 1.980350 0.024968 -0.151577 0.900468 0.407655 0.385629 0.215159 1 3 1.000000
  3 -0.660567 1.944121 0.042611 0.036893 0.055478 0.997778 0.396991 0.197704 1 3 1.000000
  3 -0.591810 1.970840 0.026176 0.714838 0.262556 0.648129 0.385629 0.197704 1 3 1.000000
..\..\..\Desktop\General\noesis\roomitems_025_daruma
  3 -0.613877 1.980350 0.024968 -0.151577 0.900468 0.407655 0.385629 0.215159 1 3 1.000000
  3 -0.591810 1.970840 0.026176 0.714838 0.262556 0.648129 0.385629 0.197704 1 3 1.000000
  3 -0.587300 1.989250 -0.020847 0.053249 0.997861 0.037933 0.377221 0.215159 1 3 1.000000
..\..\..\Desktop\General\noesis\roomitems_025_daruma
  3 -0.673615 1.957140 0.028633 -0.370796 0.824963 0.426552 0.396991 0.215159 1 3 1.000000
  3 -0.705384 1.925400 0.036053 -0.472277 -0.069452 0.878710 0.410060 0.197704 1 3 1.000000
  3 -0.660567 1.944121 0.042611 0.036893 0.055478 0.997778 0.396991 0.197704 1 3 1.000000
..\..\..\Desktop\General\noesis\roomitems_025_daruma
  3 -0.710330 1.941700 0.022935 -0.605655 0.704293 0.370342 0.410060 0.215159 1 3 1.000000
  3 -0.736388 1.911031 -0.003434 -0.885330 -0.372160 0.278724 0.422641 0.197704 1 3 1.000000
  3 -0.705384 1.925400 0.036053 -0.472277 -0.069452 0.878710 0.410060 0.197704 1 3 1.000000
..\..\..\Desktop\General\noesis\roomitems_025_daruma
  3 -0.710330 1.941700 0.022935 -0.605655 0.704293 0.370342 0.410060 0.215159 1 3 1.000000
  3 -0.705384 1.925400 0.036053 -0.472277 -0.069452 0.878710 0.410060 0.197704 1 3 1.000000
  3 -0.673615 1.957140 0.028633 -0.370796 0.824963 0.426552 0.396991 0.215159 1 3 1.000000
..\..\..\Desktop\General\noesis\roomitems_025_daruma
  3 -0.621015 1.973390 -0.105290 -0.039846 0.870725 -0.490153 0.466873 0.215159 1 3 1.000000
  3 -0.575012 1.979250 -0.028627 0.904545 0.410852 -0.114015 0.482835 0.197704 1 3 1.000000
  3 -0.600026 1.962830 -0.107100 0.577999 -0.137241 -0.804414 0.466873 0.197704 1 3 1.000000
..\..\..\Desktop\General\noesis\roomitems_025_daruma
  3 -0.587300 1.989250 -0.020847 0.053249 0.997861 0.037933 0.482835 0.215159 1 3 1.000000
  3 -0.575012 1.979250 -0.028627 0.904545 0.410852 -0.114015 0.482835 0.197704 1 3 1.000000
  3 -0.621015 1.973390 -0.105290 -0.039846 0.870725 -0.490153 0.466873 0.215159 1 3 1.000000
..\..\..\Desktop\General\noesis\roomitems_025_daruma
  3 -0.587300 1.989250 -0.020847 0.053249 0.997861 0.037933 0.377221 0.215159 1 3 1.000000
  3 -0.591810 1.970840 0.026176 0.714838 0.262556 0.648129 0.385629 0.197704 1 3 1.000000
  3 -0.575012 1.979250 -0.028627 0.904545 0.410852 -0.114015 0.377221 0.197704 1 3 1.000000
..\..\..\Desktop\General\noesis\roomitems_025_daruma
  3 -0.596079 1.945861 -0.085876 0.725041 -0.622794 -0.294012 0.466873 0.180279 1 3 1.000000
  3 -0.576903 1.960340 -0.021867 0.803314 -0.590184 0.079815 0.482835 0.180279 1 3 1.000000
  3 -0.610123 1.936401 -0.065157 0.514448 -0.477838 -0.712049 0.466873 0.173699 1 3 1.000000
..\..\..\Desktop\General\noesis\roomitems_025_daruma
  3 -0.610123 1.936401 -0.065157 0.514448 -0.477838 -0.712049 0.466873 0.173699 1 3 1.000000
  3 -0.576903 1.960340 -0.021867 0.803314 -0.590184 0.079815 0.482835 0.180279 1 3 1.000000
  3 -0.597795 1.947040 -0.025599 0.920445 0.362581 0.146000 0.482835 0.173699 1 3 1.000000
..\..\..\Desktop\General\noesis\roomitems_025_daruma
  3 -0.695414 1.903770 -0.047666 -0.838147 -0.402142 -0.368498 0.436440 0.173699 1 3 1.000000
  3 -0.694577 1.905870 -0.009974 -0.946754 -0.174409 0.270628 0.422641 0.173699 1 3 1.000000
  3 -0.710105 1.902260 -0.061326 -0.067680 -0.980558 -0.184188 0.436440 0.180279 1 3 1.000000
..\..\..\Desktop\General\noesis\roomitems_025_daruma
  3 -0.710105 1.902260 -0.061326 -0.067680 -0.980558 -0.184188 0.436440 0.180279 1 3 1.000000
  3 -0.694577 1.905870 -0.009974 -0.946754 -0.174409 0.270628 0.422641 0.173699 1 3 1.000000
  3 -0.722742 1.900141 0.000305 -0.147853 -0.947229 0.284423 0.422641 0.180279 1 3 1.000000
..\..\..\Desktop\General\noesis\roomitems_025_daruma
  3 -0.596079 1.945861 -0.085876 0.725041 -0.622794 -0.294012 0.466873 0.180279 1 3 1.000000
  3 -0.610123 1.936401 -0.065157 0.514448 -0.477838 -0.712049 0.466873 0.173699 1 3 1.000000
  3 -0.655382 1.922550 -0.091946 0.236654 -0.866364 -0.439782 0.453073 0.180279 1 3 1.000000
..\..\..\Desktop\General\noesis\roomitems_025_daruma
  3 -0.695414 1.903770 -0.047666 -0.838147 -0.402142 -0.368498 0.436440 0.173699 1 3 1.000000
  3 -0.710105 1.902260 -0.061326 -0.067680 -0.980558 -0.184188 0.436440 0.180279 1 3 1.000000
  3 -0.654354 1.919080 -0.067749 0.026149 -0.333528 -0.942377 0.453073 0.173699 1 3 1.000000
..\..\..\Desktop\General\noesis\roomitems_025_daruma
  3 -0.654354 1.919080 -0.067749 0.026149 -0.333528 -0.942377 0.453073 0.173699 1 3 1.000000
  3 -0.710105 1.902260 -0.061326 -0.067680 -0.980558 -0.184188 0.436440 0.180279 1 3 1.000000
  3 -0.655382 1.922550 -0.091946 0.236654 -0.866364 -0.439782 0.453073 0.180279 1 3 1.000000
..\..\..\Desktop\General\noesis\roomitems_025_daruma
  3 -0.655382 1.922550 -0.091946 0.236654 -0.866364 -0.439782 0.453073 0.180279 1 3 1.000000
  3 -0.610123 1.936401 -0.065157 0.514448 -0.477838 -0.712049 0.466873 0.173699 1 3 1.000000
  3 -0.654354 1.919080 -0.067749 0.026149 -0.333528 -0.942377 0.453073 0.173699 1 3 1.000000
..\..\..\Desktop\General\noesis\roomitems_025_daruma
  3 -0.607010 1.941160 -0.007852 0.721950 -0.024408 0.691514 0.385629 0.173699 1 3 1.000000
  3 -0.592209 1.952350 0.017307 0.590080 -0.644257 0.486559 0.385629 0.180279 1 3 1.000000
  3 -0.650356 1.924570 0.007870 0.218476 -0.496979 0.839809 0.396991 0.173699 1 3 1.000000
..\..\..\Desktop\General\noesis\roomitems_025_daruma
  3 -0.650356 1.924570 0.007870 0.218476 -0.496979 0.839809 0.396991 0.173699 1 3 1.000000
  3 -0.592209 1.952350 0.017307 0.590080 -0.644257 0.486559 0.385629 0.180279 1 3 1.000000
  3 -0.652458 1.929281 0.038681 0.312317 -0.665033 0.678372 0.396991 0.180279 1 3 1.000000
..\..\..\Desktop\General\noesis\roomitems_025_daruma
  3 -0.694577 1.905870 -0.009974 -0.946754 -0.174409 0.270628 0.422641 0.173699 1 3 1.000000
  3 -0.686867 1.910250 0.004474 -0.121777 -0.742145 0.659083 0.410060 0.173699 1 3 1.000000
  3 -0.722742 1.900141 0.000305 -0.147853 -0.947229 0.284423 0.422641 0.180279 1 3 1.000000
..\..\..\Desktop\General\noesis\roomitems_025_daruma
  3 -0.686867 1.910250 0.004474 -0.121777 -0.742145 0.659083 0.410060 0.173699 1 3 1.000000
  3 -0.650356 1.924570 0.007870 0.218476 -0.496979 0.839809 0.396991 0.173699 1 3 1.000000
  3 -0.689482 1.914430 0.031275 0.112502 -0.803408 0.584704 0.410060 0.180279 1 3 1.000000
..\..\..\Desktop\General\noesis\roomitems_025_daruma
  3 -0.722742 1.900141 0.000305 -0.147853 -0.947229 0.284423 0.422641 0.180279 1 3 1.000000
  3 -0.686867 1.910250 0.004474 -0.121777 -0.742145 0.659083 0.410060 0.173699 1 3 1.000000
  3 -0.689482 1.914430 0.031275 0.112502 -0.803408 0.584704 0.410060 0.180279 1 3 1.000000
..\..\..\Desktop\General\noesis\roomitems_025_daruma
  3 -0.689482 1.914430 0.031275 0.112502 -0.803408 0.584704 0.410060 0.180279 1 3 1.000000
  3 -0.650356 1.924570 0.007870 0.218476 -0.496979 0.839809 0.396991 0.173699 1 3 1.000000
  3 -0.652458 1.929281 0.038681 0.312317 -0.665033 0.678372 0.396991 0.180279 1 3 1.000000
..\..\..\Desktop\General\noesis\roomitems_025_daruma
  3 -0.607010 1.941160 -0.007852 0.721950 -0.024408 0.691514 0.385629 0.173699 1 3 1.000000
  3 -0.576903 1.960340 -0.021867 0.803314 -0.590184 0.079815 0.377221 0.180279 1 3 1.000000
  3 -0.592209 1.952350 0.017307 0.590080 -0.644257 0.486559 0.385629 0.180279 1 3 1.000000
..\..\..\Desktop\General\noesis\roomitems_025_daruma
  3 -0.597795 1.947040 -0.025599 0.920445 0.362581 0.146000 0.377221 0.173699 1 3 1.000000
  3 -0.576903 1.960340 -0.021867 0.803314 -0.590184 0.079815 0.377221 0.180279 1 3 1.000000
  3 -0.607010 1.941160 -0.007852 0.721950 -0.024408 0.691514 0.385629 0.173699 1 3 1.000000
..\..\..\Desktop\General\noesis\roomitems_025_daruma
  3 -0.722742 1.900141 0.000305 -0.147853 -0.947229 0.284423 0.422641 0.180279 1 3 1.000000
  3 -0.736388 1.911031 -0.003434 -0.885330 -0.372160 0.278724 0.422641 0.197734 1 3 1.000000
  3 -0.710105 1.902260 -0.061326 -0.067680 -0.980558 -0.184188 0.436440 0.180279 1 3 1.000000
..\..\..\Desktop\General\noesis\roomitems_025_daruma
  3 -0.710105 1.902260 -0.061326 -0.067680 -0.980558 -0.184188 0.436440 0.180279 1 3 1.000000
  3 -0.723563 1.913760 -0.074226 -0.644568 -0.554778 -0.526074 0.436440 0.197734 1 3 1.000000
  3 -0.655382 1.922550 -0.091946 0.236654 -0.866364 -0.439782 0.453073 0.180279 1 3 1.000000
..\..\..\Desktop\General\noesis\roomitems_025_daruma
  3 -0.710105 1.902260 -0.061326 -0.067680 -0.980558 -0.184188 0.436440 0.180279 1 3 1.000000
  3 -0.736388 1.911031 -0.003434 -0.885330 -0.372160 0.278724 0.422641 0.197734 1 3 1.000000
  3 -0.723563 1.913760 -0.074226 -0.644568 -0.554778 -0.526074 0.436440 0.197734 1 3 1.000000
..\..\..\Desktop\General\noesis\roomitems_025_daruma
  3 -0.596079 1.945861 -0.085876 0.725041 -0.622794 -0.294012 0.466873 0.180279 1 3 1.000000
  3 -0.655382 1.922550 -0.091946 0.236654 -0.866364 -0.439782 0.453073 0.180279 1 3 1.000000
  3 -0.600026 1.962830 -0.107100 0.577999 -0.137241 -0.804414 0.466873 0.197734 1 3 1.000000
..\..\..\Desktop\General\noesis\roomitems_025_daruma
  3 -0.655382 1.922550 -0.091946 0.236654 -0.866364 -0.439782 0.453073 0.180279 1 3 1.000000
  3 -0.723563 1.913760 -0.074226 -0.644568 -0.554778 -0.526074 0.436440 0.197734 1 3 1.000000
  3 -0.663006 1.937420 -0.112117 -0.127119 -0.263838 -0.956154 0.453073 0.197734 1 3 1.000000
..\..\..\Desktop\General\noesis\roomitems_025_daruma
  3 -0.600026 1.962830 -0.107100 0.577999 -0.137241 -0.804414 0.466873 0.197734 1 3 1.000000
  3 -0.655382 1.922550 -0.091946 0.236654 -0.866364 -0.439782 0.453073 0.180279 1 3 1.000000
  3 -0.663006 1.937420 -0.112117 -0.127119 -0.263838 -0.956154 0.453073 0.197734 1 3 1.000000
..\..\..\Desktop\General\noesis\roomitems_025_daruma
  3 -0.652458 1.929281 0.038681 0.312317 -0.665033 0.678372 0.396991 0.180279 1 3 1.000000
  3 -0.592209 1.952350 0.017307 0.590080 -0.644257 0.486559 0.385629 0.180279 1 3 1.000000
  3 -0.660567 1.944121 0.042611 0.036893 0.055478 0.997778 0.396991 0.197734 1 3 1.000000
..\..\..\Desktop\General\noesis\roomitems_025_daruma
  3 -0.652458 1.929281 0.038681 0.312317 -0.665033 0.678372 0.396991 0.180279 1 3 1.000000
  3 -0.660567 1.944121 0.042611 0.036893 0.055478 0.997778 0.396991 0.197734 1 3 1.000000
  3 -0.689482 1.914430 0.031275 0.112502 -0.803408 0.584704 0.410060 0.180279 1 3 1.000000
..\..\..\Desktop\General\noesis\roomitems_025_daruma
  3 -0.592209 1.952350 0.017307 0.590080 -0.644257 0.486559 0.385629 0.180279 1 3 1.000000
  3 -0.576903 1.960340 -0.021867 0.803314 -0.590184 0.079815 0.377221 0.180279 1 3 1.000000
  3 -0.591810 1.970840 0.026176 0.714838 0.262556 0.648129 0.385629 0.197734 1 3 1.000000
..\..\..\Desktop\General\noesis\roomitems_025_daruma
  3 -0.660567 1.944121 0.042611 0.036893 0.055478 0.997778 0.396991 0.197734 1 3 1.000000
  3 -0.592209 1.952350 0.017307 0.590080 -0.644257 0.486559 0.385629 0.180279 1 3 1.000000
  3 -0.591810 1.970840 0.026176 0.714838 0.262556 0.648129 0.385629 0.197734 1 3 1.000000
..\..\..\Desktop\General\noesis\roomitems_025_daruma
  3 -0.689482 1.914430 0.031275 0.112502 -0.803408 0.584704 0.410060 0.180279 1 3 1.000000
  3 -0.660567 1.944121 0.042611 0.036893 0.055478 0.997778 0.396991 0.197734 1 3 1.000000
  3 -0.705384 1.925400 0.036053 -0.472277 -0.069452 0.878710 0.410060 0.197734 1 3 1.000000
..\..\..\Desktop\General\noesis\roomitems_025_daruma
  3 -0.722742 1.900141 0.000305 -0.147853 -0.947229 0.284423 0.422641 0.180279 1 3 1.000000
  3 -0.705384 1.925400 0.036053 -0.472277 -0.069452 0.878710 0.410060 0.197734 1 3 1.000000
  3 -0.736388 1.911031 -0.003434 -0.885330 -0.372160 0.278724 0.422641 0.197734 1 3 1.000000
..\..\..\Desktop\General\noesis\roomitems_025_daruma
  3 -0.689482 1.914430 0.031275 0.112502 -0.803408 0.584704 0.410060 0.180279 1 3 1.000000
  3 -0.705384 1.925400 0.036053 -0.472277 -0.069452 0.878710 0.410060 0.197734 1 3 1.000000
  3 -0.722742 1.900141 0.000305 -0.147853 -0.947229 0.284423 0.422641 0.180279 1 3 1.000000
..\..\..\Desktop\General\noesis\roomitems_025_daruma
  3 -0.575012 1.979250 -0.028627 0.904545 0.410852 -0.114015 0.482835 0.197734 1 3 1.000000
  3 -0.596079 1.945861 -0.085876 0.725041 -0.622794 -0.294012 0.466873 0.180279 1 3 1.000000
  3 -0.600026 1.962830 -0.107100 0.577999 -0.137241 -0.804414 0.466873 0.197734 1 3 1.000000
..\..\..\Desktop\General\noesis\roomitems_025_daruma
  3 -0.576903 1.960340 -0.021867 0.803314 -0.590184 0.079815 0.482835 0.180279 1 3 1.000000
  3 -0.596079 1.945861 -0.085876 0.725041 -0.622794 -0.294012 0.466873 0.180279 1 3 1.000000
  3 -0.575012 1.979250 -0.028627 0.904545 0.410852 -0.114015 0.482835 0.197734 1 3 1.000000
..\..\..\Desktop\General\noesis\roomitems_025_daruma
  3 -0.591810 1.970840 0.026176 0.714838 0.262556 0.648129 0.385629 0.197734 1 3 1.000000
  3 -0.576903 1.960340 -0.021867 0.803314 -0.590184 0.079815 0.377221 0.180279 1 3 1.000000
  3 -0.575012 1.979250 -0.028627 0.904545 0.410852 -0.114015 0.377221 0.197734 1 3 1.000000
..\..\..\Desktop\General\noesis\roomitems_025_daruma
  3 -0.751375 1.966681 -0.072354 -0.734093 -0.648334 -0.201916 0.420509 0.271393 1 3 1.000000
  3 -0.720442 1.936260 -0.018413 -0.906329 0.320373 0.275552 0.425322 0.232766 1 3 1.000000
  3 -0.757892 1.986100 -0.022883 -0.718110 -0.549428 0.427138 0.427119 0.286807 1 3 1.000000
..\..\..\Desktop\General\noesis\roomitems_025_daruma
  3 -0.656212 2.212590 -0.122821 0.708916 0.147482 -0.689701 0.482835 0.415634 1 3 1.000000
  3 -0.683370 2.282940 -0.136459 0.493186 0.512124 -0.703205 0.482835 0.476195 1 3 1.000000
  3 -0.653769 2.222610 -0.094013 0.935129 0.299422 -0.189422 0.479149 0.422093 1 3 1.000000
..\..\..\Desktop\General\noesis\roomitems_025_daruma
  3 -0.653769 2.222610 -0.094013 0.935129 0.299422 -0.189422 0.479149 0.422093 1 3 1.000000
  3 -0.683370 2.282940 -0.136459 0.493186 0.512124 -0.703205 0.482835 0.476195 1 3 1.000000
  3 -0.683071 2.295400 -0.118425 0.639058 0.747899 -0.179589 0.479241 0.484937 1 3 1.000000
..\..\..\Desktop\General\noesis\roomitems_025_daruma
  3 -0.720442 1.936260 -0.018413 -0.906329 0.320373 0.275552 0.425322 0.232766 1 3 1.000000
  3 -0.736674 2.006670 0.008721 -0.384938 -0.239458 0.891338 0.437964 0.291133 1 3 1.000000
  3 -0.757892 1.986100 -0.022883 -0.718110 -0.549428 0.427138 0.427119 0.286807 1 3 1.000000
..\..\..\Desktop\General\noesis\roomitems_025_daruma
  3 -0.775408 2.059630 0.005265 -0.308353 -0.000035 0.951272 0.436410 0.335030 1 3 1.000000
  3 -0.736674 2.006670 0.008721 -0.384938 -0.239458 0.891338 0.437964 0.291133 1 3 1.000000
  3 -0.704886 2.084750 0.007895 0.054132 0.188074 0.980662 0.449387 0.334299 1 3 1.000000
..\..\..\Desktop\General\noesis\roomitems_025_daruma
  3 -0.704886 2.084750 0.007895 0.054132 0.188074 0.980662 0.449387 0.334299 1 3 1.000000
  3 -0.736674 2.006670 0.008721 -0.384938 -0.239458 0.891338 0.437964 0.291133 1 3 1.000000
  3 -0.681793 2.025831 0.013936 0.081052 0.061831 0.994790 0.449570 0.294910 1 3 1.000000
..\..\..\Desktop\General\noesis\roomitems_025_daruma
  3 -0.647224 2.163001 -0.034560 0.305066 0.388871 0.869318 0.465776 0.375484 1 3 1.000000
  3 -0.629839 2.175730 -0.049626 0.871746 0.376495 0.313545 0.474854 0.380876 1 3 1.000000
  3 -0.674874 2.229200 -0.054265 0.195552 0.410842 0.890488 0.467238 0.429617 1 3 1.000000
..\..\..\Desktop\General\noesis\roomitems_025_daruma
  3 -0.629839 2.175730 -0.049626 0.871746 0.376495 0.313545 0.474854 0.380876 1 3 1.000000
  3 -0.653769 2.222610 -0.094013 0.935129 0.299422 -0.189422 0.479149 0.422093 1 3 1.000000
  3 -0.651327 2.232620 -0.065205 0.782833 0.475033 0.401892 0.475463 0.428520 1 3 1.000000
..\..\..\Desktop\General\noesis\roomitems_025_daruma
  3 -0.674874 2.229200 -0.054265 0.195552 0.410842 0.890488 0.467238 0.429617 1 3 1.000000
  3 -0.629839 2.175730 -0.049626 0.871746 0.376495 0.313545 0.474854 0.380876 1 3 1.000000
  3 -0.651327 2.232620 -0.065205 0.782833 0.475033 0.401892 0.475463 0.428520 1 3 1.000000
..\..\..\Desktop\General\noesis\roomitems_025_daruma
  3 -0.698067 2.058930 -0.105755 -0.014229 -0.070016 -0.997444 0.392696 0.315869 1 3 1.000000
  3 -0.750615 2.046961 -0.103303 -0.117790 -0.143586 -0.982603 0.404394 0.330278 1 3 1.000000
  3 -0.734818 2.145700 -0.101019 -0.060333 -0.153573 -0.986294 0.395194 0.386939 1 3 1.000000
..\..\..\Desktop\General\noesis\roomitems_025_daruma
  3 -0.734818 2.145700 -0.101019 -0.060333 -0.153573 -0.986294 0.395194 0.386939 1 3 1.000000
  3 -0.750615 2.046961 -0.103303 -0.117790 -0.143586 -0.982603 0.404394 0.330278 1 3 1.000000
  3 -0.787580 2.124070 -0.099258 0.001143 -0.163356 -0.986567 0.405064 0.385476 1 3 1.000000
..\..\..\Desktop\General\noesis\roomitems_025_daruma
  3 -0.629839 2.175730 -0.049626 0.871746 0.376495 0.313545 0.474854 0.380876 1 3 1.000000
  3 -0.647224 2.163001 -0.034560 0.305066 0.388871 0.869318 0.465776 0.375484 1 3 1.000000
  3 -0.615025 2.110260 -0.032239 0.846509 0.226177 0.481939 0.472661 0.330643 1 3 1.000000
..\..\..\Desktop\General\noesis\roomitems_025_daruma
  3 -0.615025 2.110260 -0.032239 0.846509 0.226177 0.481939 0.472661 0.330643 1 3 1.000000
  3 -0.618212 2.093131 -0.108068 0.732089 0.060387 -0.678527 0.482835 0.319342 1 3 1.000000
  3 -0.629839 2.175730 -0.049626 0.871746 0.376495 0.313545 0.474854 0.380876 1 3 1.000000
..\..\..\Desktop\General\noesis\roomitems_025_daruma
  3 -0.615025 2.110260 -0.032239 0.846509 0.226177 0.481939 0.472661 0.330643 1 3 1.000000
  3 -0.608584 2.043271 -0.040540 0.959655 0.117136 0.255620 0.474093 0.289914 1 3 1.000000
  3 -0.618212 2.093131 -0.108068 0.732089 0.060387 -0.678527 0.482835 0.319342 1 3 1.000000
..\..\..\Desktop\General\noesis\roomitems_025_daruma
  3 -0.618212 2.093131 -0.108068 0.732089 0.060387 -0.678527 0.482835 0.319342 1 3 1.000000
  3 -0.608584 2.043271 -0.040540 0.959655 0.117136 0.255620 0.474093 0.289914 1 3 1.000000
  3 -0.616235 2.030981 -0.100425 0.647631 -0.097924 -0.755636 0.482835 0.283213 1 3 1.000000
..\..\..\Desktop\General\noesis\roomitems_025_daruma
  3 -0.665369 1.955750 -0.090312 -0.279801 0.420275 -0.863181 0.393579 0.232705 1 3 1.000000
  3 -0.750615 2.046961 -0.103303 -0.117790 -0.143586 -0.982603 0.404394 0.330278 1 3 1.000000
  3 -0.698067 2.058930 -0.105755 -0.014229 -0.070016 -0.997444 0.392696 0.315869 1 3 1.000000
..\..\..\Desktop\General\noesis\roomitems_025_daruma
  3 -0.647224 2.163001 -0.034560 0.305066 0.388871 0.869318 0.465776 0.375484 1 3 1.000000
  3 -0.674874 2.229200 -0.054265 0.195552 0.410842 0.890488 0.467238 0.429617 1 3 1.000000
  3 -0.698453 2.219750 -0.054864 0.072707 0.428813 0.900463 0.458557 0.428185 1 3 1.000000
..\..\..\Desktop\General\noesis\roomitems_025_daruma
  3 -0.659194 1.962710 0.011915 -0.273392 0.783154 0.558504 0.449448 0.239072 1 3 1.000000
  3 -0.616389 1.979831 0.003181 0.073846 0.794861 0.602281 0.464923 0.242179 1 3 1.000000
  3 -0.681793 2.025831 0.013936 0.081052 0.061831 0.994790 0.449570 0.294910 1 3 1.000000
..\..\..\Desktop\General\noesis\roomitems_025_daruma
  3 -0.681793 2.025831 0.013936 0.081052 0.061831 0.994790 0.449570 0.294910 1 3 1.000000
  3 -0.630956 2.039911 -0.002977 0.578971 0.207903 0.788397 0.464131 0.292473 1 3 1.000000
  3 -0.704886 2.084750 0.007895 0.054132 0.188074 0.980662 0.449387 0.334299 1 3 1.000000
..\..\..\Desktop\General\noesis\roomitems_025_daruma
  3 -0.681793 2.025831 0.013936 0.081052 0.061831 0.994790 0.449570 0.294910 1 3 1.000000
  3 -0.616389 1.979831 0.003181 0.073846 0.794861 0.602281 0.464923 0.242179 1 3 1.000000
  3 -0.630956 2.039911 -0.002977 0.578971 0.207903 0.788397 0.464131 0.292473 1 3 1.000000
..\..\..\Desktop\General\noesis\roomitems_025_daruma
  3 -0.751536 2.264020 -0.067303 -0.063035 0.816002 0.574601 0.452129 0.475189 1 3 1.000000
  3 -0.729046 2.223901 -0.040582 0.197311 0.504220 0.840732 0.453835 0.439152 1 3 1.000000
  3 -0.726604 2.263541 -0.080255 0.011554 0.813755 0.581093 0.458831 0.468396 1 3 1.000000
..\..\..\Desktop\General\noesis\roomitems_025_daruma
  3 -0.726604 2.263541 -0.080255 0.011554 0.813755 0.581093 0.458831 0.468396 1 3 1.000000
  3 -0.729046 2.223901 -0.040582 0.197311 0.504220 0.840732 0.453835 0.439152 1 3 1.000000
  3 -0.698453 2.219750 -0.054864 0.072707 0.428813 0.900463 0.458557 0.428185 1 3 1.000000
..\..\..\Desktop\General\noesis\roomitems_025_daruma
  3 -0.698067 2.058930 -0.105755 -0.014229 -0.070016 -0.997444 0.392696 0.315869 1 3 1.000000
  3 -0.616235 2.030981 -0.100425 0.647631 -0.097924 -0.755636 0.377221 0.282969 1 3 1.000000
  3 -0.665369 1.955750 -0.090312 -0.279801 0.420275 -0.863181 0.393579 0.232705 1 3 1.000000
..\..\..\Desktop\General\noesis\roomitems_025_daruma
  3 -0.698067 2.058930 -0.105755 -0.014229 -0.070016 -0.997444 0.392696 0.315869 1 3 1.000000
  3 -0.734818 2.145700 -0.101019 -0.060333 -0.153573 -0.986294 0.395194 0.386939 1 3 1.000000
  3 -0.618212 2.093131 -0.108068 0.732089 0.060387 -0.678527 0.377221 0.319098 1 3 1.000000
..\..\..\Desktop\General\noesis\roomitems_025_daruma
  3 -0.616235 2.030981 -0.100425 0.647631 -0.097924 -0.755636 0.377221 0.282969 1 3 1.000000
  3 -0.698067 2.058930 -0.105755 -0.014229 -0.070016 -0.997444 0.392696 0.315869 1 3 1.000000
  3 -0.618212 2.093131 -0.108068 0.732089 0.060387 -0.678527 0.377221 0.319098 1 3 1.000000
..\..\..\Desktop\General\noesis\roomitems_025_daruma
  3 -0.681793 2.025831 0.013936 0.081052 0.061831 0.994790 0.449570 0.294910 1 3 1.000000
  3 -0.695434 1.947760 0.009586 -0.475352 0.574552 0.666282 0.435252 0.236544 1 3 1.000000
  3 -0.659194 1.962710 0.011915 -0.273392 0.783154 0.558504 0.449448 0.239072 1 3 1.000000
..\..\..\Desktop\General\noesis\roomitems_025_daruma
  3 -0.695434 1.947760 0.009586 -0.475352 0.574552 0.666282 0.435252 0.236544 1 3 1.000000
  3 -0.736674 2.006670 0.008721 -0.384938 -0.239458 0.891338 0.437964 0.291133 1 3 1.000000
  3 -0.720442 1.936260 -0.018413 -0.906329 0.320373 0.275552 0.425322 0.232766 1 3 1.000000
..\..\..\Desktop\General\noesis\roomitems_025_daruma
  3 -0.736674 2.006670 0.008721 -0.384938 -0.239458 0.891338 0.437964 0.291133 1 3 1.000000
  3 -0.695434 1.947760 0.009586 -0.475352 0.574552 0.666282 0.435252 0.236544 1 3 1.000000
  3 -0.681793 2.025831 0.013936 0.081052 0.061831 0.994790 0.449570 0.294910 1 3 1.000000
..\..\..\Desktop\General\noesis\roomitems_025_daruma
  3 -0.808306 2.105421 -0.011606 -0.355296 0.073305 0.931875 0.433851 0.376094 1 3 1.000000
  3 -0.849476 2.174221 -0.036860 -0.486666 0.263899 0.832775 0.431292 0.435588 1 3 1.000000
  3 -0.834402 2.091901 -0.026282 -0.829144 -0.329366 0.451706 0.426692 0.373413 1 3 1.000000
..\..\..\Desktop\General\noesis\roomitems_025_daruma
  3 -0.834402 2.091901 -0.026282 -0.829144 -0.329366 0.451706 0.426692 0.373413 1 3 1.000000
  3 -0.849476 2.174221 -0.036860 -0.486666 0.263899 0.832775 0.431292 0.435588 1 3 1.000000
  3 -0.869867 2.162340 -0.048487 -0.788097 0.010438 0.615463 0.424956 0.432572 1 3 1.000000
..\..\..\Desktop\General\noesis\roomitems_025_daruma
  3 -0.615025 2.110260 -0.032239 0.846509 0.226177 0.481939 0.472661 0.330643 1 3 1.000000
  3 -0.647224 2.163001 -0.034560 0.305066 0.388871 0.869318 0.465776 0.375484 1 3 1.000000
  3 -0.638515 2.106540 -0.010674 0.481858 0.245754 0.841082 0.465472 0.333233 1 3 1.000000
..\..\..\Desktop\General\noesis\roomitems_025_daruma
  3 -0.704886 2.084750 0.007895 0.054132 0.188074 0.980662 0.449387 0.334299 1 3 1.000000
  3 -0.630956 2.039911 -0.002977 0.578971 0.207903 0.788397 0.464131 0.292473 1 3 1.000000
  3 -0.638515 2.106540 -0.010674 0.481858 0.245754 0.841082 0.465472 0.333233 1 3 1.000000
..\..\..\Desktop\General\noesis\roomitems_025_daruma
  3 -0.630956 2.039911 -0.002977 0.578971 0.207903 0.788397 0.464131 0.292473 1 3 1.000000
  3 -0.608584 2.043271 -0.040540 0.959655 0.117136 0.255620 0.474093 0.289914 1 3 1.000000
  3 -0.638515 2.106540 -0.010674 0.481858 0.245754 0.841082 0.465472 0.333233 1 3 1.000000
..\..\..\Desktop\General\noesis\roomitems_025_daruma
  3 -0.638515 2.106540 -0.010674 0.481858 0.245754 0.841082 0.465472 0.333233 1 3 1.000000
  3 -0.608584 2.043271 -0.040540 0.959655 0.117136 0.255620 0.474093 0.289914 1 3 1.000000
  3 -0.615025 2.110260 -0.032239 0.846509 0.226177 0.481939 0.472661 0.330643 1 3 1.000000
..\..\..\Desktop\General\noesis\roomitems_025_daruma
  3 -0.706213 2.277451 -0.137485 -0.004877 0.244225 -0.969706 0.382186 0.472691 1 3 1.000000
  3 -0.706951 2.297560 -0.118567 -0.237007 0.944453 -0.227675 0.381090 0.487070 1 3 1.000000
  3 -0.683370 2.282940 -0.136459 0.493186 0.512124 -0.703205 0.377221 0.472874 1 3 1.000000
..\..\..\Desktop\General\noesis\roomitems_025_daruma
  3 -0.699436 2.151201 -0.015762 0.173277 0.391660 0.903647 0.454261 0.379902 1 3 1.000000
  3 -0.698453 2.219750 -0.054864 0.072707 0.428813 0.900463 0.458557 0.428185 1 3 1.000000
  3 -0.729046 2.223901 -0.040582 0.197311 0.504220 0.840732 0.453835 0.439152 1 3 1.000000
..\..\..\Desktop\General\noesis\roomitems_025_daruma
  3 -0.647224 2.163001 -0.034560 0.305066 0.388871 0.869318 0.465776 0.375484 1 3 1.000000
  3 -0.699436 2.151201 -0.015762 0.173277 0.391660 0.903647 0.454261 0.379902 1 3 1.000000
  3 -0.638515 2.106540 -0.010674 0.481858 0.245754 0.841082 0.465472 0.333233 1 3 1.000000
..\..\..\Desktop\General\noesis\roomitems_025_daruma
  3 -0.638515 2.106540 -0.010674 0.481858 0.245754 0.841082 0.465472 0.333233 1 3 1.000000
  3 -0.699436 2.151201 -0.015762 0.173277 0.391660 0.903647 0.454261 0.379902 1 3 1.000000
  3 -0.704886 2.084750 0.007895 0.054132 0.188074 0.980662 0.449387 0.334299 1 3 1.000000
..\..\..\Desktop\General\noesis\roomitems_025_daruma
  3 -0.699436 2.151201 -0.015762 0.173277 0.391660 0.903647 0.454261 0.379902 1 3 1.000000
  3 -0.647224 2.163001 -0.034560 0.305066 0.388871 0.869318 0.465776 0.375484 1 3 1.000000
  3 -0.698453 2.219750 -0.054864 0.072707 0.428813 0.900463 0.458557 0.428185 1 3 1.000000
..\..\..\Desktop\General\noesis\roomitems_025_daruma
  3 -0.740119 2.258210 -0.136222 -0.234415 0.342369 -0.909853 0.387639 0.470650 1 3 1.000000
  3 -0.706951 2.297560 -0.118567 -0.237007 0.944453 -0.227675 0.381090 0.487070 1 3 1.000000
  3 -0.706213 2.277451 -0.137485 -0.004877 0.244225 -0.969706 0.382186 0.472691 1 3 1.000000
..\..\..\Desktop\General\noesis\roomitems_025_daruma
  3 -0.754360 2.131270 -0.008273 -0.072143 0.280405 0.957167 0.444148 0.380206 1 3 1.000000
  3 -0.704886 2.084750 0.007895 0.054132 0.188074 0.980662 0.449387 0.334299 1 3 1.000000
  3 -0.699436 2.151201 -0.015762 0.173277 0.391660 0.903647 0.454261 0.379902 1 3 1.000000
..\..\..\Desktop\General\noesis\roomitems_025_daruma
  3 -0.808306 2.105421 -0.011606 -0.355296 0.073305 0.931875 0.433851 0.376094 1 3 1.000000
  3 -0.775408 2.059630 0.005265 -0.308353 -0.000035 0.951272 0.436410 0.335030 1 3 1.000000
  3 -0.754360 2.131270 -0.008273 -0.072143 0.280405 0.957167 0.444148 0.380206 1 3 1.000000
..\..\..\Desktop\General\noesis\roomitems_025_daruma
  3 -0.699436 2.151201 -0.015762 0.173277 0.391660 0.903647 0.454261 0.379902 1 3 1.000000
  3 -0.729046 2.223901 -0.040582 0.197311 0.504220 0.840732 0.453835 0.439152 1 3 1.000000
  3 -0.754360 2.131270 -0.008273 -0.072143 0.280405 0.957167 0.444148 0.380206 1 3 1.000000
..\..\..\Desktop\General\noesis\roomitems_025_daruma
  3 -0.754360 2.131270 -0.008273 -0.072143 0.280405 0.957167 0.444148 0.380206 1 3 1.000000
  3 -0.775408 2.059630 0.005265 -0.308353 -0.000035 0.951272 0.436410 0.335030 1 3 1.000000
  3 -0.704886 2.084750 0.007895 0.054132 0.188074 0.980662 0.449387 0.334299 1 3 1.000000
..\..\..\Desktop\General\noesis\roomitems_025_daruma
  3 -0.751536 2.264020 -0.067303 -0.063035 0.816002 0.574601 0.452129 0.475189 1 3 1.000000
  3 -0.792306 2.205101 -0.033521 -0.208379 0.466741 0.859495 0.442442 0.442442 1 3 1.000000
  3 -0.729046 2.223901 -0.040582 0.197311 0.504220 0.840732 0.453835 0.439152 1 3 1.000000
..\..\..\Desktop\General\noesis\roomitems_025_daruma
  3 -0.754360 2.131270 -0.008273 -0.072143 0.280405 0.957167 0.444148 0.380206 1 3 1.000000
  3 -0.792306 2.205101 -0.033521 -0.208379 0.466741 0.859495 0.442442 0.442442 1 3 1.000000
  3 -0.808306 2.105421 -0.011606 -0.355296 0.073305 0.931875 0.433851 0.376094 1 3 1.000000
..\..\..\Desktop\General\noesis\roomitems_025_daruma
  3 -0.808306 2.105421 -0.011606 -0.355296 0.073305 0.931875 0.433851 0.376094 1 3 1.000000
  3 -0.792306 2.205101 -0.033521 -0.208379 0.466741 0.859495 0.442442 0.442442 1 3 1.000000
  3 -0.849476 2.174221 -0.036860 -0.486666 0.263899 0.832775 0.431292 0.435588 1 3 1.000000
..\..\..\Desktop\General\noesis\roomitems_025_daruma
  3 -0.754360 2.131270 -0.008273 -0.072143 0.280405 0.957167 0.444148 0.380206 1 3 1.000000
  3 -0.729046 2.223901 -0.040582 0.197311 0.504220 0.840732 0.453835 0.439152 1 3 1.000000
  3 -0.792306 2.205101 -0.033521 -0.208379 0.466741 0.859495 0.442442 0.442442 1 3 1.000000
..\..\..\Desktop\General\noesis\roomitems_025_daruma
  3 -0.775408 2.059630 0.005265 -0.308353 -0.000035 0.951272 0.436410 0.335030 1 3 1.000000
  3 -0.808306 2.105421 -0.011606 -0.355296 0.073305 0.931875 0.433851 0.376094 1 3 1.000000
  3 -0.802816 2.042371 -0.019651 -0.760455 -0.486199 0.430487 0.426327 0.330064 1 3 1.000000
..\..\..\Desktop\General\noesis\roomitems_025_daruma
  3 -0.802816 2.042371 -0.019651 -0.760455 -0.486199 0.430487 0.426327 0.330064 1 3 1.000000
  3 -0.736674 2.006670 0.008721 -0.384938 -0.239458 0.891338 0.437964 0.291133 1 3 1.000000
  3 -0.775408 2.059630 0.005265 -0.308353 -0.000035 0.951272 0.436410 0.335030 1 3 1.000000
..\..\..\Desktop\General\noesis\roomitems_025_daruma
  3 -0.757892 1.986100 -0.022883 -0.718110 -0.549428 0.427138 0.427119 0.286807 1 3 1.000000
  3 -0.736674 2.006670 0.008721 -0.384938 -0.239458 0.891338 0.437964 0.291133 1 3 1.000000
  3 -0.802816 2.042371 -0.019651 -0.760455 -0.486199 0.430487 0.426327 0.330064 1 3 1.000000
..\..\..\Desktop\General\noesis\roomitems_025_daruma
  3 -0.802816 2.042371 -0.019651 -0.760455 -0.486199 0.430487 0.426327 0.330064 1 3 1.000000
  3 -0.808306 2.105421 -0.011606 -0.355296 0.073305 0.931875 0.433851 0.376094 1 3 1.000000
  3 -0.834402 2.091901 -0.026282 -0.829144 -0.329366 0.451706 0.426692 0.373413 1 3 1.000000
..\..\..\Desktop\General\noesis\roomitems_025_daruma
  3 -0.757892 1.986100 -0.022883 -0.718110 -0.549428 0.427138 0.427119 0.286807 1 3 1.000000
  3 -0.802816 2.042371 -0.019651 -0.760455 -0.486199 0.430487 0.426327 0.330064 1 3 1.000000
  3 -0.751375 1.966681 -0.072354 -0.734093 -0.648334 -0.201916 0.420509 0.271393 1 3 1.000000
..\..\..\Desktop\General\noesis\roomitems_025_daruma
  3 -0.629839 2.175730 -0.049626 0.871746 0.376495 0.313545 0.474854 0.380876 1 3 1.000000
  3 -0.618212 2.093131 -0.108068 0.732089 0.060387 -0.678527 0.482835 0.319342 1 3 1.000000
  3 -0.647470 2.179641 -0.121982 0.556979 0.044880 -0.829313 0.482835 0.388279 1 3 1.000000
..\..\..\Desktop\General\noesis\roomitems_025_daruma
  3 -0.656212 2.212590 -0.122821 0.708916 0.147482 -0.689701 0.482835 0.415634 1 3 1.000000
  3 -0.653769 2.222610 -0.094013 0.935129 0.299422 -0.189422 0.479149 0.422093 1 3 1.000000
  3 -0.647470 2.179641 -0.121982 0.556979 0.044880 -0.829313 0.482835 0.388279 1 3 1.000000
..\..\..\Desktop\General\noesis\roomitems_025_daruma
  3 -0.647470 2.179641 -0.121982 0.556979 0.044880 -0.829313 0.482835 0.388279 1 3 1.000000
  3 -0.653769 2.222610 -0.094013 0.935129 0.299422 -0.189422 0.479149 0.422093 1 3 1.000000
  3 -0.629839 2.175730 -0.049626 0.871746 0.376495 0.313545 0.474854 0.380876 1 3 1.000000
..\..\..\Desktop\General\noesis\roomitems_025_daruma
  3 -0.835530 2.091440 -0.093398 -0.663619 -0.517894 -0.539810 0.416701 0.374205 1 3 1.000000
  3 -0.802816 2.042371 -0.019651 -0.760455 -0.486199 0.430487 0.426327 0.330064 1 3 1.000000
  3 -0.834402 2.091901 -0.026282 -0.829144 -0.329366 0.451706 0.426692 0.373413 1 3 1.000000
..\..\..\Desktop\General\noesis\roomitems_025_daruma
  3 -0.835530 2.091440 -0.093398 -0.663619 -0.517894 -0.539810 0.416701 0.374205 1 3 1.000000
  3 -0.870126 2.164911 -0.117338 -0.744981 -0.230673 -0.625934 0.416244 0.443904 1 3 1.000000
  3 -0.787580 2.124070 -0.099258 0.001143 -0.163356 -0.986567 0.405064 0.385476 1 3 1.000000
..\..\..\Desktop\General\noesis\roomitems_025_daruma
  3 -0.835530 2.091440 -0.093398 -0.663619 -0.517894 -0.539810 0.416701 0.374205 1 3 1.000000
  3 -0.834402 2.091901 -0.026282 -0.829144 -0.329366 0.451706 0.426692 0.373413 1 3 1.000000
  3 -0.870126 2.164911 -0.117338 -0.744981 -0.230673 -0.625934 0.416244 0.443904 1 3 1.000000
..\..\..\Desktop\General\noesis\roomitems_025_daruma
  3 -0.834402 2.091901 -0.026282 -0.829144 -0.329366 0.451706 0.426692 0.373413 1 3 1.000000
  3 -0.869867 2.162340 -0.048487 -0.788097 0.010438 0.615463 0.424956 0.432572 1 3 1.000000
  3 -0.878615 2.177480 -0.067184 -0.960192 0.127584 0.248504 0.423859 0.454231 1 3 1.000000
..\..\..\Desktop\General\noesis\roomitems_025_daruma
  3 -0.849476 2.174221 -0.036860 -0.486666 0.263899 0.832775 0.431292 0.435588 1 3 1.000000
  3 -0.878615 2.177480 -0.067184 -0.960192 0.127584 0.248504 0.423859 0.454231 1 3 1.000000
  3 -0.869867 2.162340 -0.048487 -0.788097 0.010438 0.615463 0.424956 0.432572 1 3 1.000000
..\..\..\Desktop\General\noesis\roomitems_025_daruma
  3 -0.870126 2.164911 -0.117338 -0.744981 -0.230673 -0.625934 0.416244 0.443904 1 3 1.000000
  3 -0.834402 2.091901 -0.026282 -0.829144 -0.329366 0.451706 0.426692 0.373413 1 3 1.000000
  3 -0.878615 2.177480 -0.067184 -0.960192 0.127584 0.248504 0.423859 0.454231 1 3 1.000000
..\..\..\Desktop\General\noesis\roomitems_025_daruma
  3 -0.712830 1.937240 -0.068743 -0.605140 0.228941 -0.762491 0.412497 0.230360 1 3 1.000000
  3 -0.750615 2.046961 -0.103303 -0.117790 -0.143586 -0.982603 0.404394 0.330278 1 3 1.000000
  3 -0.665369 1.955750 -0.090312 -0.279801 0.420275 -0.863181 0.393579 0.232705 1 3 1.000000
..\..\..\Desktop\General\noesis\roomitems_025_daruma
  3 -0.720442 1.936260 -0.018413 -0.906329 0.320373 0.275552 0.425322 0.232766 1 3 1.000000
  3 -0.751375 1.966681 -0.072354 -0.734093 -0.648334 -0.201916 0.420509 0.271393 1 3 1.000000
  3 -0.712830 1.937240 -0.068743 -0.605140 0.228941 -0.762491 0.412497 0.230360 1 3 1.000000
..\..\..\Desktop\General\noesis\roomitems_025_daruma
  3 -0.787580 2.124070 -0.099258 0.001143 -0.163356 -0.986567 0.405064 0.385476 1 3 1.000000
  3 -0.870126 2.164911 -0.117338 -0.744981 -0.230673 -0.625934 0.416244 0.443904 1 3 1.000000
  3 -0.852636 2.184211 -0.125520 -0.265674 0.058310 -0.962298 0.412253 0.460689 1 3 1.000000
..\..\..\Desktop\General\noesis\roomitems_025_daruma
  3 -0.787580 2.124070 -0.099258 0.001143 -0.163356 -0.986567 0.405064 0.385476 1 3 1.000000
  3 -0.811207 2.232370 -0.123703 -0.282005 0.254442 -0.925058 0.402383 0.469919 1 3 1.000000
  3 -0.734818 2.145700 -0.101019 -0.060333 -0.153573 -0.986294 0.395194 0.386939 1 3 1.000000
..\..\..\Desktop\General\noesis\roomitems_025_daruma
  3 -0.852636 2.184211 -0.125520 -0.265674 0.058310 -0.962298 0.412253 0.460689 1 3 1.000000
  3 -0.811207 2.232370 -0.123703 -0.282005 0.254442 -0.925058 0.402383 0.469919 1 3 1.000000
  3 -0.787580 2.124070 -0.099258 0.001143 -0.163356 -0.986567 0.405064 0.385476 1 3 1.000000
..\..\..\Desktop\General\noesis\roomitems_025_daruma
  3 -0.726604 2.263541 -0.080255 0.011554 0.813755 0.581093 0.458831 0.468396 1 3 1.000000
  3 -0.698453 2.219750 -0.054864 0.072707 0.428813 0.900463 0.458557 0.428185 1 3 1.000000
  3 -0.700967 2.281291 -0.076553 -0.211476 0.674591 0.707252 0.468609 0.468122 1 3 1.000000
..\..\..\Desktop\General\noesis\roomitems_025_daruma
  3 -0.700967 2.281291 -0.076553 -0.211476 0.674591 0.707252 0.468609 0.468122 1 3 1.000000
  3 -0.698453 2.219750 -0.054864 0.072707 0.428813 0.900463 0.458557 0.428185 1 3 1.000000
  3 -0.674874 2.229200 -0.054265 0.195552 0.410842 0.890488 0.467238 0.429617 1 3 1.000000
..\..\..\Desktop\General\noesis\roomitems_025_daruma
  3 -0.673985 2.282930 -0.089994 0.556565 0.727327 0.401536 0.476347 0.468518 1 3 1.000000
  3 -0.674874 2.229200 -0.054265 0.195552 0.410842 0.890488 0.467238 0.429617 1 3 1.000000
  3 -0.651327 2.232620 -0.065205 0.782833 0.475033 0.401892 0.475463 0.428520 1 3 1.000000
..\..\..\Desktop\General\noesis\roomitems_025_daruma
  3 -0.653769 2.222610 -0.094013 0.935129 0.299422 -0.189422 0.479149 0.422093 1 3 1.000000
  3 -0.673985 2.282930 -0.089994 0.556565 0.727327 0.401536 0.476347 0.468518 1 3 1.000000
  3 -0.651327 2.232620 -0.065205 0.782833 0.475033 0.401892 0.475463 0.428520 1 3 1.000000
..\..\..\Desktop\General\noesis\roomitems_025_daruma
  3 -0.683071 2.295400 -0.118425 0.639058 0.747899 -0.179589 0.479241 0.484937 1 3 1.000000
  3 -0.673985 2.282930 -0.089994 0.556565 0.727327 0.401536 0.476347 0.468518 1 3 1.000000
  3 -0.653769 2.222610 -0.094013 0.935129 0.299422 -0.189422 0.479149 0.422093 1 3 1.000000
..\..\..\Desktop\General\noesis\roomitems_025_daruma
  3 -0.700967 2.281291 -0.076553 -0.211476 0.674591 0.707252 0.468609 0.468122 1 3 1.000000
  3 -0.674874 2.229200 -0.054265 0.195552 0.410842 0.890488 0.467238 0.429617 1 3 1.000000
  3 -0.673985 2.282930 -0.089994 0.556565 0.727327 0.401536 0.476347 0.468518 1 3 1.000000
..\..\..\Desktop\General\noesis\roomitems_025_daruma
  3 -0.647470 2.179641 -0.121982 0.556979 0.044880 -0.829313 0.377221 0.388035 1 3 1.000000
  3 -0.740119 2.258210 -0.136222 -0.234415 0.342369 -0.909853 0.387639 0.470650 1 3 1.000000
  3 -0.706213 2.277451 -0.137485 -0.004877 0.244225 -0.969706 0.382186 0.472691 1 3 1.000000
..\..\..\Desktop\General\noesis\roomitems_025_daruma
  3 -0.618212 2.093131 -0.108068 0.732089 0.060387 -0.678527 0.377221 0.319098 1 3 1.000000
  3 -0.734818 2.145700 -0.101019 -0.060333 -0.153573 -0.986294 0.395194 0.386939 1 3 1.000000
  3 -0.647470 2.179641 -0.121982 0.556979 0.044880 -0.829313 0.377221 0.388035 1 3 1.000000
..\..\..\Desktop\General\noesis\roomitems_025_daruma
  3 -0.734818 2.145700 -0.101019 -0.060333 -0.153573 -0.986294 0.395194 0.386939 1 3 1.000000
  3 -0.740119 2.258210 -0.136222 -0.234415 0.342369 -0.909853 0.387639 0.470650 1 3 1.000000
  3 -0.647470 2.179641 -0.121982 0.556979 0.044880 -0.829313 0.377221 0.388035 1 3 1.000000
..\..\..\Desktop\General\noesis\roomitems_025_daruma
  3 -0.647470 2.179641 -0.121982 0.556979 0.044880 -0.829313 0.377221 0.388035 1 3 1.000000
  3 -0.706213 2.277451 -0.137485 -0.004877 0.244225 -0.969706 0.382186 0.472691 1 3 1.000000
  3 -0.656212 2.212590 -0.122821 0.708916 0.147482 -0.689701 0.377221 0.415391 1 3 1.000000
..\..\..\Desktop\General\noesis\roomitems_025_daruma
  3 -0.656212 2.212590 -0.122821 0.708916 0.147482 -0.689701 0.377221 0.415391 1 3 1.000000
  3 -0.706213 2.277451 -0.137485 -0.004877 0.244225 -0.969706 0.382186 0.472691 1 3 1.000000
  3 -0.683370 2.282940 -0.136459 0.493186 0.512124 -0.703205 0.377221 0.472874 1 3 1.000000
..\..\..\Desktop\General\noesis\roomitems_025_daruma
  3 -0.616389 1.979831 0.003181 0.073846 0.794861 0.602281 0.464923 0.242179 1 3 1.000000
  3 -0.598294 1.985840 -0.028217 0.774628 0.621563 0.116666 0.471960 0.241905 1 3 1.000000
  3 -0.630956 2.039911 -0.002977 0.578971 0.207903 0.788397 0.464131 0.292473 1 3 1.000000
..\..\..\Desktop\General\noesis\roomitems_025_daruma
  3 -0.616235 2.030981 -0.100425 0.647631 -0.097924 -0.755636 0.482835 0.283213 1 3 1.000000
  3 -0.608584 2.043271 -0.040540 0.959655 0.117136 0.255620 0.474093 0.289914 1 3 1.000000
  3 -0.598294 1.985840 -0.028217 0.774628 0.621563 0.116666 0.471960 0.241905 1 3 1.000000
..\..\..\Desktop\General\noesis\roomitems_025_daruma
  3 -0.630956 2.039911 -0.002977 0.578971 0.207903 0.788397 0.464131 0.292473 1 3 1.000000
  3 -0.598294 1.985840 -0.028217 0.774628 0.621563 0.116666 0.471960 0.241905 1 3 1.000000
  3 -0.608584 2.043271 -0.040540 0.959655 0.117136 0.255620 0.474093 0.289914 1 3 1.000000
..\..\..\Desktop\General\noesis\roomitems_025_daruma
  3 -0.852636 2.184211 -0.125520 -0.265674 0.058310 -0.962298 0.412253 0.460689 1 3 1.000000
  3 -0.863090 2.205510 -0.105751 -0.758215 0.536733 -0.370173 0.418132 0.472752 1 3 1.000000
  3 -0.811207 2.232370 -0.123703 -0.282005 0.254442 -0.925058 0.402383 0.469919 1 3 1.000000
..\..\..\Desktop\General\noesis\roomitems_025_daruma
  3 -0.870126 2.164911 -0.117338 -0.744981 -0.230673 -0.625934 0.416244 0.443904 1 3 1.000000
  3 -0.878615 2.177480 -0.067184 -0.960192 0.127584 0.248504 0.423859 0.454231 1 3 1.000000
  3 -0.863090 2.205510 -0.105751 -0.758215 0.536733 -0.370173 0.418132 0.472752 1 3 1.000000
..\..\..\Desktop\General\noesis\roomitems_025_daruma
  3 -0.870126 2.164911 -0.117338 -0.744981 -0.230673 -0.625934 0.416244 0.443904 1 3 1.000000
  3 -0.863090 2.205510 -0.105751 -0.758215 0.536733 -0.370173 0.418132 0.472752 1 3 1.000000
  3 -0.852636 2.184211 -0.125520 -0.265674 0.058310 -0.962298 0.412253 0.460689 1 3 1.000000
..\..\..\Desktop\General\noesis\roomitems_025_daruma
  3 -0.859668 2.202111 -0.059011 -0.590979 0.643595 0.486343 0.427880 0.466873 1 3 1.000000
  3 -0.878615 2.177480 -0.067184 -0.960192 0.127584 0.248504 0.423859 0.454231 1 3 1.000000
  3 -0.849476 2.174221 -0.036860 -0.486666 0.263899 0.832775 0.431292 0.435588 1 3 1.000000
..\..\..\Desktop\General\noesis\roomitems_025_daruma
  3 -0.859668 2.202111 -0.059011 -0.590979 0.643595 0.486343 0.427880 0.466873 1 3 1.000000
  3 -0.863090 2.205510 -0.105751 -0.758215 0.536733 -0.370173 0.418132 0.472752 1 3 1.000000
  3 -0.878615 2.177480 -0.067184 -0.960192 0.127584 0.248504 0.423859 0.454231 1 3 1.000000
..\..\..\Desktop\General\noesis\roomitems_025_daruma
  3 -0.849476 2.174221 -0.036860 -0.486666 0.263899 0.832775 0.431292 0.435588 1 3 1.000000
  3 -0.792306 2.205101 -0.033521 -0.208379 0.466741 0.859495 0.442442 0.442442 1 3 1.000000
  3 -0.859668 2.202111 -0.059011 -0.590979 0.643595 0.486343 0.427880 0.466873 1 3 1.000000
..\..\..\Desktop\General\noesis\roomitems_025_daruma
  3 -0.863090 2.205510 -0.105751 -0.758215 0.536733 -0.370173 0.418132 0.472752 1 3 1.000000
  3 -0.859668 2.202111 -0.059011 -0.590979 0.643595 0.486343 0.427880 0.466873 1 3 1.000000
  3 -0.824056 2.242560 -0.100619 -0.619108 0.780659 -0.085300 0.435344 0.487466 1 3 1.000000
..\..\..\Desktop\General\noesis\roomitems_025_daruma
  3 -0.824056 2.242560 -0.100619 -0.619108 0.780659 -0.085300 0.435344 0.487466 1 3 1.000000
  3 -0.859668 2.202111 -0.059011 -0.590979 0.643595 0.486343 0.427880 0.466873 1 3 1.000000
  3 -0.793890 2.253721 -0.082372 -0.379613 0.813238 0.441065 0.445153 0.478266 1 3 1.000000
..\..\..\Desktop\General\noesis\roomitems_025_daruma
  3 -0.859668 2.202111 -0.059011 -0.590979 0.643595 0.486343 0.427880 0.466873 1 3 1.000000
  3 -0.792306 2.205101 -0.033521 -0.208379 0.466741 0.859495 0.442442 0.442442 1 3 1.000000
  3 -0.793890 2.253721 -0.082372 -0.379613 0.813238 0.441065 0.445153 0.478266 1 3 1.000000
..\..\..\Desktop\General\noesis\roomitems_025_daruma
  3 -0.793890 2.253721 -0.082372 -0.379613 0.813238 0.441065 0.445153 0.478266 1 3 1.000000
  3 -0.792306 2.205101 -0.033521 -0.208379 0.466741 0.859495 0.442442 0.442442 1 3 1.000000
  3 -0.751536 2.264020 -0.067303 -0.063035 0.816002 0.574601 0.452129 0.475189 1 3 1.000000
..\..\..\Desktop\General\noesis\roomitems_025_daruma
  3 -0.750615 2.046961 -0.103303 -0.117790 -0.143586 -0.982603 0.404394 0.330278 1 3 1.000000
  3 -0.782504 2.033381 -0.095191 -0.442882 -0.390722 -0.806965 0.415848 0.319159 1 3 1.000000
  3 -0.787580 2.124070 -0.099258 0.001143 -0.163356 -0.986567 0.405064 0.385476 1 3 1.000000
..\..\..\Desktop\General\noesis\roomitems_025_daruma
  3 -0.787580 2.124070 -0.099258 0.001143 -0.163356 -0.986567 0.405064 0.385476 1 3 1.000000
  3 -0.782504 2.033381 -0.095191 -0.442882 -0.390722 -0.806965 0.415848 0.319159 1 3 1.000000
  3 -0.835530 2.091440 -0.093398 -0.663619 -0.517894 -0.539810 0.416701 0.374205 1 3 1.000000
..\..\..\Desktop\General\noesis\roomitems_025_daruma
  3 -0.782504 2.033381 -0.095191 -0.442882 -0.390722 -0.806965 0.415848 0.319159 1 3 1.000000
  3 -0.750615 2.046961 -0.103303 -0.117790 -0.143586 -0.982603 0.404394 0.330278 1 3 1.000000
  3 -0.712830 1.937240 -0.068743 -0.605140 0.228941 -0.762491 0.412497 0.230360 1 3 1.000000
..\..\..\Desktop\General\noesis\roomitems_025_daruma
  3 -0.751375 1.966681 -0.072354 -0.734093 -0.648334 -0.201916 0.420509 0.271393 1 3 1.000000
  3 -0.802816 2.042371 -0.019651 -0.760455 -0.486199 0.430487 0.426327 0.330064 1 3 1.000000
  3 -0.782504 2.033381 -0.095191 -0.442882 -0.390722 -0.806965 0.415848 0.319159 1 3 1.000000
..\..\..\Desktop\General\noesis\roomitems_025_daruma
  3 -0.782504 2.033381 -0.095191 -0.442882 -0.390722 -0.806965 0.415848 0.319159 1 3 1.000000
  3 -0.802816 2.042371 -0.019651 -0.760455 -0.486199 0.430487 0.426327 0.330064 1 3 1.000000
  3 -0.835530 2.091440 -0.093398 -0.663619 -0.517894 -0.539810 0.416701 0.374205 1 3 1.000000
..\..\..\Desktop\General\noesis\roomitems_025_daruma
  3 -0.712830 1.937240 -0.068743 -0.605140 0.228941 -0.762491 0.412497 0.230360 1 3 1.000000
  3 -0.751375 1.966681 -0.072354 -0.734093 -0.648334 -0.201916 0.420509 0.271393 1 3 1.000000
  3 -0.782504 2.033381 -0.095191 -0.442882 -0.390722 -0.806965 0.415848 0.319159 1 3 1.000000
..\..\..\Desktop\General\noesis\roomitems_025_daruma
  3 -0.734818 2.145700 -0.101019 -0.060333 -0.153573 -0.986294 0.395194 0.386939 1 3 1.000000
  3 -0.770763 2.247591 -0.130432 -0.246814 0.245362 -0.937486 0.394889 0.473026 1 3 1.000000
  3 -0.740119 2.258210 -0.136222 -0.234415 0.342369 -0.909853 0.387639 0.470650 1 3 1.000000
..\..\..\Desktop\General\noesis\roomitems_025_daruma
  3 -0.811207 2.232370 -0.123703 -0.282005 0.254442 -0.925058 0.402383 0.469919 1 3 1.000000
  3 -0.770763 2.247591 -0.130432 -0.246814 0.245362 -0.937486 0.394889 0.473026 1 3 1.000000
  3 -0.734818 2.145700 -0.101019 -0.060333 -0.153573 -0.986294 0.395194 0.386939 1 3 1.000000
..\..\..\Desktop\General\noesis\roomitems_025_daruma
  3 -0.740119 2.258210 -0.136222 -0.234415 0.342369 -0.909853 0.387639 0.470650 1 3 1.000000
  3 -0.770763 2.247591 -0.130432 -0.246814 0.245362 -0.937486 0.394889 0.473026 1 3 1.000000
  3 -0.759670 2.274311 -0.114821 -0.151755 0.972337 -0.177570 0.391477 0.489019 1 3 1.000000
..\..\..\Desktop\General\noesis\roomitems_025_daruma
  3 -0.811207 2.232370 -0.123703 -0.282005 0.254442 -0.925058 0.402383 0.469919 1 3 1.000000
  3 -0.863090 2.205510 -0.105751 -0.758215 0.536733 -0.370173 0.418132 0.472752 1 3 1.000000
  3 -0.824056 2.242560 -0.100619 -0.619108 0.780659 -0.085300 0.402810 0.478510 1 3 1.000000
..\..\..\Desktop\General\noesis\roomitems_025_daruma
  3 -0.824056 2.242560 -0.100619 -0.619108 0.780659 -0.085300 0.402810 0.478510 1 3 1.000000
  3 -0.796136 2.262740 -0.108898 -0.465202 0.813435 -0.349157 0.398088 0.483597 1 3 1.000000
  3 -0.811207 2.232370 -0.123703 -0.282005 0.254442 -0.925058 0.402383 0.469919 1 3 1.000000
..\..\..\Desktop\General\noesis\roomitems_025_daruma
  3 -0.770763 2.247591 -0.130432 -0.246814 0.245362 -0.937486 0.394889 0.473026 1 3 1.000000
  3 -0.796136 2.262740 -0.108898 -0.465202 0.813435 -0.349157 0.398088 0.483597 1 3 1.000000
  3 -0.759670 2.274311 -0.114821 -0.151755 0.972337 -0.177570 0.391477 0.489019 1 3 1.000000
..\..\..\Desktop\General\noesis\roomitems_025_daruma
  3 -0.811207 2.232370 -0.123703 -0.282005 0.254442 -0.925058 0.402383 0.469919 1 3 1.000000
  3 -0.796136 2.262740 -0.108898 -0.465202 0.813435 -0.349157 0.398088 0.483597 1 3 1.000000
  3 -0.770763 2.247591 -0.130432 -0.246814 0.245362 -0.937486 0.394889 0.473026 1 3 1.000000
..\..\..\Desktop\General\noesis\roomitems_025_daruma
  3 -0.740119 2.258210 -0.136222 -0.234415 0.342369 -0.909853 0.387639 0.470650 1 3 1.000000
  3 -0.739497 2.272440 -0.114212 -0.354197 0.935152 0.005972 0.387517 0.481526 1 3 1.000000
  3 -0.706951 2.297560 -0.118567 -0.237007 0.944453 -0.227675 0.381090 0.487070 1 3 1.000000
..\..\..\Desktop\General\noesis\roomitems_025_daruma
  3 -0.759670 2.274311 -0.114821 -0.151755 0.972337 -0.177570 0.391477 0.489019 1 3 1.000000
  3 -0.739497 2.272440 -0.114212 -0.354197 0.935152 0.005972 0.387517 0.481526 1 3 1.000000
  3 -0.740119 2.258210 -0.136222 -0.234415 0.342369 -0.909853 0.387639 0.470650 1 3 1.000000
..\..\..\Desktop\General\noesis\roomitems_025_daruma
  3 -0.751536 2.264020 -0.067303 -0.063035 0.816002 0.574601 0.452129 0.475189 1 3 1.000000
  3 -0.759670 2.274311 -0.114821 -0.151755 0.972337 -0.177570 0.450819 0.487618 1 3 1.000000
  3 -0.793890 2.253721 -0.082372 -0.379613 0.813238 0.441065 0.445153 0.478266 1 3 1.000000
..\..\..\Desktop\General\noesis\roomitems_025_daruma
  3 -0.726604 2.263541 -0.080255 0.011554 0.813755 0.581093 0.458831 0.468396 1 3 1.000000
  3 -0.759670 2.274311 -0.114821 -0.151755 0.972337 -0.177570 0.450819 0.487618 1 3 1.000000
  3 -0.751536 2.264020 -0.067303 -0.063035 0.816002 0.574601 0.452129 0.475189 1 3 1.000000
..\..\..\Desktop\General\noesis\roomitems_025_daruma
  3 -0.824056 2.242560 -0.100619 -0.619108 0.780659 -0.085300 0.435344 0.487466 1 3 1.000000
  3 -0.793890 2.253721 -0.082372 -0.379613 0.813238 0.441065 0.445153 0.478266 1 3 1.000000
  3 -0.796136 2.262740 -0.108898 -0.465202 0.813435 -0.349157 0.443295 0.487770 1 3 1.000000
..\..\..\Desktop\General\noesis\roomitems_025_daruma
  3 -0.793890 2.253721 -0.082372 -0.379613 0.813238 0.441065 0.445153 0.478266 1 3 1.000000
  3 -0.759670 2.274311 -0.114821 -0.151755 0.972337 -0.177570 0.450819 0.487618 1 3 1.000000
  3 -0.796136 2.262740 -0.108898 -0.465202 0.813435 -0.349157 0.443295 0.487770 1 3 1.000000
..\..\..\Desktop\General\noesis\roomitems_025_daruma
  3 -0.739497 2.272440 -0.114212 -0.354197 0.935152 0.005972 0.459166 0.480733 1 3 1.000000
  3 -0.759670 2.274311 -0.114821 -0.151755 0.972337 -0.177570 0.450819 0.487618 1 3 1.000000
  3 -0.726604 2.263541 -0.080255 0.011554 0.813755 0.581093 0.458831 0.468396 1 3 1.000000
..\..\..\Desktop\General\noesis\roomitems_025_daruma
  3 -0.700967 2.281291 -0.076553 -0.211476 0.674591 0.707252 0.468609 0.468122 1 3 1.000000
  3 -0.739497 2.272440 -0.114212 -0.354197 0.935152 0.005972 0.459166 0.480733 1 3 1.000000
  3 -0.726604 2.263541 -0.080255 0.011554 0.813755 0.581093 0.458831 0.468396 1 3 1.000000
..\..\..\Desktop\General\noesis\roomitems_025_daruma
  3 -0.706951 2.297560 -0.118567 -0.237007 0.944453 -0.227675 0.468426 0.487618 1 3 1.000000
  3 -0.683071 2.295400 -0.118425 0.639058 0.747899 -0.179589 0.479241 0.484937 1 3 1.000000
  3 -0.683370 2.282940 -0.136459 0.493186 0.512124 -0.703205 0.482835 0.476195 1 3 1.000000
..\..\..\Desktop\General\noesis\roomitems_025_daruma
  3 -0.706951 2.297560 -0.118567 -0.237007 0.944453 -0.227675 0.468426 0.487618 1 3 1.000000
  3 -0.739497 2.272440 -0.114212 -0.354197 0.935152 0.005972 0.459166 0.480733 1 3 1.000000
  3 -0.700967 2.281291 -0.076553 -0.211476 0.674591 0.707252 0.468609 0.468122 1 3 1.000000
..\..\..\Desktop\General\noesis\roomitems_025_daruma
  3 -0.673985 2.282930 -0.089994 0.556565 0.727327 0.401536 0.476347 0.468518 1 3 1.000000
  3 -0.706951 2.297560 -0.118567 -0.237007 0.944453 -0.227675 0.468426 0.487618 1 3 1.000000
  3 -0.700967 2.281291 -0.076553 -0.211476 0.674591 0.707252 0.468609 0.468122 1 3 1.000000
..\..\..\Desktop\General\noesis\roomitems_025_daruma
  3 -0.683071 2.295400 -0.118425 0.639058 0.747899 -0.179589 0.479241 0.484937 1 3 1.000000
  3 -0.706951 2.297560 -0.118567 -0.237007 0.944453 -0.227675 0.468426 0.487618 1 3 1.000000
  3 -0.673985 2.282930 -0.089994 0.556565 0.727327 0.401536 0.476347 0.468518 1 3 1.000000
..\..\..\Desktop\General\noesis\roomitems_025_daruma
  3 -0.621460 1.973760 -0.088986 0.026950 0.859725 -0.510045 0.482835 0.235904 1 3 1.000000
  3 -0.616235 2.030981 -0.100425 0.647631 -0.097924 -0.755636 0.482835 0.283213 1 3 1.000000
  3 -0.598294 1.985840 -0.028217 0.774628 0.621563 0.116666 0.471960 0.241905 1 3 1.000000
..\..\..\Desktop\General\noesis\roomitems_025_daruma
  3 -0.665369 1.955750 -0.090312 -0.279801 0.420275 -0.863181 0.393579 0.232705 1 3 1.000000
  3 -0.616235 2.030981 -0.100425 0.647631 -0.097924 -0.755636 0.377221 0.282969 1 3 1.000000
  3 -0.621460 1.973760 -0.088986 0.026950 0.859725 -0.510045 0.377221 0.235660 1 3 1.000000
..\..\..\Desktop\General\noesis\roomitems_025_daruma
  3 0.069229 1.580000 0.498755 -0.952099 0.005330 0.305743 0.283243 0.534714 1 3 1.000000
  3 0.066235 1.764951 0.378364 -0.993247 0.098908 0.060646 0.283243 0.601488 1 3 1.000000
  3 0.110613 1.548280 0.437039 -0.843039 -0.401472 -0.357917 0.263442 0.534714 1 3 1.000000
..\..\..\Desktop\General\noesis\roomitems_025_daruma
  3 0.110613 1.548280 0.437039 -0.843039 -0.401472 -0.357917 0.263442 0.534714 1 3 1.000000
  3 0.066235 1.764951 0.378364 -0.993247 0.098908 0.060646 0.283243 0.601488 1 3 1.000000
  3 0.102895 1.736860 0.323694 -0.854549 -0.321722 -0.407727 0.263442 0.601488 1 3 1.000000
..\..\..\Desktop\General\noesis\roomitems_025_daruma
  3 0.125826 1.610780 0.547506 -0.253895 0.361323 0.897208 0.303836 0.534714 1 3 1.000000
  3 0.116371 1.792220 0.421548 -0.340639 0.622968 0.704184 0.303836 0.601488 1 3 1.000000
  3 0.069229 1.580000 0.498755 -0.952099 0.005330 0.305743 0.283243 0.534714 1 3 1.000000
..\..\..\Desktop\General\noesis\roomitems_025_daruma
  3 0.069229 1.580000 0.498755 -0.952099 0.005330 0.305743 0.283243 0.534714 1 3 1.000000
  3 0.116371 1.792220 0.421548 -0.340639 0.622968 0.704184 0.303836 0.601488 1 3 1.000000
  3 0.066235 1.764951 0.378364 -0.993247 0.098908 0.060646 0.283243 0.601488 1 3 1.000000
..\..\..\Desktop\General\noesis\roomitems_025_daruma
  3 0.125826 1.610780 0.547506 -0.253895 0.361323 0.897208 0.303836 0.534714 1 3 1.000000
  3 0.203167 1.791390 0.410062 0.526812 0.582461 0.619038 0.324277 0.601488 1 3 1.000000
  3 0.116371 1.792220 0.421548 -0.340639 0.622968 0.704184 0.303836 0.601488 1 3 1.000000
..\..\..\Desktop\General\noesis\roomitems_025_daruma
  3 0.223808 1.609850 0.534540 0.623693 0.300859 0.721450 0.324277 0.534714 1 3 1.000000
  3 0.203167 1.791390 0.410062 0.526812 0.582461 0.619038 0.324277 0.601488 1 3 1.000000
  3 0.125826 1.610780 0.547506 -0.253895 0.361323 0.897208 0.303836 0.534714 1 3 1.000000
..\..\..\Desktop\General\noesis\roomitems_025_daruma
  3 0.223808 1.609850 0.534540 0.623693 0.300859 0.721450 0.324277 0.534714 1 3 1.000000
  3 0.265193 1.578130 0.472824 0.998818 -0.012304 0.047020 0.345387 0.534714 1 3 1.000000
  3 0.203167 1.791390 0.410062 0.526812 0.582461 0.619038 0.324277 0.601488 1 3 1.000000
..\..\..\Desktop\General\noesis\roomitems_025_daruma
  3 0.203167 1.791390 0.410062 0.526812 0.582461 0.619038 0.324277 0.601488 1 3 1.000000
  3 0.265193 1.578130 0.472824 0.998818 -0.012304 0.047020 0.345387 0.534714 1 3 1.000000
  3 0.239826 1.763300 0.355394 0.974771 0.086926 -0.205588 0.345387 0.601488 1 3 1.000000
..\..\..\Desktop\General\noesis\roomitems_025_daruma
  3 0.265193 1.578130 0.472824 0.998818 -0.012304 0.047020 0.345387 0.534714 1 3 1.000000
  3 0.208594 1.547350 0.424073 0.713291 -0.415691 -0.564284 0.365645 0.534714 1 3 1.000000
  3 0.239826 1.763300 0.355394 0.974771 0.086926 -0.205588 0.345387 0.601488 1 3 1.000000
..\..\..\Desktop\General\noesis\roomitems_025_daruma
  3 0.239826 1.763300 0.355394 0.974771 0.086926 -0.205588 0.345387 0.601488 1 3 1.000000
  3 0.208594 1.547350 0.424073 0.713291 -0.415691 -0.564284 0.365645 0.534714 1 3 1.000000
  3 0.189690 1.736030 0.312208 0.705957 -0.338847 -0.621939 0.365645 0.601488 1 3 1.000000
..\..\..\Desktop\General\noesis\roomitems_025_daruma
  3 0.102895 1.736860 0.323694 -0.854549 -0.321722 -0.407727 0.263442 0.601488 1 3 1.000000
  3 0.066235 1.764951 0.378364 -0.993247 0.098908 0.060646 0.283243 0.601488 1 3 1.000000
  3 0.070799 1.838331 0.302038 -0.923880 0.381672 -0.027804 0.283243 0.631859 1 3 1.000000
..\..\..\Desktop\General\noesis\roomitems_025_daruma
  3 0.066235 1.764951 0.378364 -0.993247 0.098908 0.060646 0.283243 0.601488 1 3 1.000000
  3 0.110915 1.875821 0.324989 -0.460128 0.824413 0.329585 0.303836 0.631859 1 3 1.000000
  3 0.070799 1.838331 0.302038 -0.923880 0.381672 -0.027804 0.283243 0.631859 1 3 1.000000
..\..\..\Desktop\General\noesis\roomitems_025_daruma
  3 0.116371 1.792220 0.421548 -0.340639 0.622968 0.704184 0.303836 0.601488 1 3 1.000000
  3 0.110915 1.875821 0.324989 -0.460128 0.824413 0.329585 0.303836 0.631859 1 3 1.000000
  3 0.066235 1.764951 0.378364 -0.993247 0.098908 0.060646 0.283243 0.601488 1 3 1.000000
..\..\..\Desktop\General\noesis\roomitems_025_daruma
  3 0.116371 1.792220 0.421548 -0.340639 0.622968 0.704184 0.303836 0.601488 1 3 1.000000
  3 0.183089 1.875131 0.315439 0.476118 0.829711 0.291363 0.324277 0.631859 1 3 1.000000
  3 0.110915 1.875821 0.324989 -0.460128 0.824413 0.329585 0.303836 0.631859 1 3 1.000000
..\..\..\Desktop\General\noesis\roomitems_025_daruma
  3 0.203167 1.791390 0.410062 0.526812 0.582461 0.619038 0.324277 0.601488 1 3 1.000000
  3 0.239826 1.763300 0.355394 0.974771 0.086926 -0.205588 0.345387 0.601488 1 3 1.000000
  3 0.183089 1.875131 0.315439 0.476118 0.829711 0.291363 0.324277 0.631859 1 3 1.000000
..\..\..\Desktop\General\noesis\roomitems_025_daruma
  3 0.203167 1.791390 0.410062 0.526812 0.582461 0.619038 0.324277 0.601488 1 3 1.000000
  3 0.183089 1.875131 0.315439 0.476118 0.829711 0.291363 0.324277 0.631859 1 3 1.000000
  3 0.116371 1.792220 0.421548 -0.340639 0.622968 0.704184 0.303836 0.601488 1 3 1.000000
..\..\..\Desktop\General\noesis\roomitems_025_daruma
  3 0.183089 1.875131 0.315439 0.476118 0.829711 0.291363 0.324277 0.631859 1 3 1.000000
  3 0.239826 1.763300 0.355394 0.974771 0.086926 -0.205588 0.345387 0.601488 1 3 1.000000
  3 0.215146 1.836950 0.282937 0.876948 0.052028 -0.477761 0.345387 0.631859 1 3 1.000000
..\..\..\Desktop\General\noesis\roomitems_025_daruma
  3 0.239826 1.763300 0.355394 0.974771 0.086926 -0.205588 0.345387 0.601488 1 3 1.000000
  3 0.189690 1.736030 0.312208 0.705957 -0.338847 -0.621939 0.365645 0.601488 1 3 1.000000
  3 0.215146 1.836950 0.282937 0.876948 0.052028 -0.477761 0.345387 0.631859 1 3 1.000000
..\..\..\Desktop\General\noesis\roomitems_025_daruma
  3 0.215146 1.836950 0.282937 0.876948 0.052028 -0.477761 0.345387 0.631859 1 3 1.000000
  3 0.189690 1.736030 0.312208 0.705957 -0.338847 -0.621939 0.365645 0.601488 1 3 1.000000
  3 0.175029 1.799461 0.259984 0.686255 -0.341002 -0.642473 0.365645 0.631859 1 3 1.000000
..\..\..\Desktop\General\noesis\roomitems_025_daruma
  3 0.110915 1.875821 0.324989 -0.460128 0.824413 0.329585 0.303836 0.631859 1 3 1.000000
  3 0.183089 1.875131 0.315439 0.476118 0.829711 0.291363 0.324277 0.631859 1 3 1.000000
  3 0.131667 1.869501 0.180457 0.261962 0.862772 -0.432436 0.303836 0.653671 1 3 1.000000
..\..\..\Desktop\General\noesis\roomitems_025_daruma
  3 0.183089 1.875131 0.315439 0.476118 0.829711 0.291363 0.324277 0.631859 1 3 1.000000
  3 0.215146 1.836950 0.282937 0.876948 0.052028 -0.477761 0.345387 0.631859 1 3 1.000000
  3 0.131667 1.869501 0.180457 0.261962 0.862772 -0.432436 0.303836 0.653671 1 3 1.000000
..\..\..\Desktop\General\noesis\roomitems_025_daruma
  3 0.215146 1.836950 0.282937 0.876948 0.052028 -0.477761 0.345387 0.631859 1 3 1.000000
  3 0.175029 1.799461 0.259984 0.686255 -0.341002 -0.642473 0.365645 0.631859 1 3 1.000000
  3 0.131667 1.869501 0.180457 0.261962 0.862772 -0.432436 0.303836 0.653671 1 3 1.000000
..\..\..\Desktop\General\noesis\roomitems_025_daruma
  3 0.070799 1.838331 0.302038 -0.923880 0.381672 -0.027804 0.283243 0.631859 1 3 1.000000
  3 0.110915 1.875821 0.324989 -0.460128 0.824413 0.329585 0.303836 0.631859 1 3 1.000000
  3 0.131667 1.869501 0.180457 0.261962 0.862772 -0.432436 0.303836 0.653671 1 3 1.000000
..\..\..\Desktop\General\noesis\roomitems_025_daruma
  3 0.069229 1.580000 0.498755 -0.952099 0.005330 0.305743 0.283243 0.534714 1 3 1.000000
  3 0.100105 1.510870 0.533611 -0.788801 -0.495857 0.363205 0.283243 0.491609 1 3 1.000000
  3 0.125826 1.610780 0.547506 -0.253895 0.361323 0.897208 0.303836 0.534714 1 3 1.000000
..\..\..\Desktop\General\noesis\roomitems_025_daruma
  3 0.069229 1.580000 0.498755 -0.952099 0.005330 0.305743 0.283243 0.534714 1 3 1.000000
  3 0.110613 1.548280 0.437039 -0.843039 -0.401472 -0.357917 0.263442 0.534714 1 3 1.000000
  3 0.100105 1.510870 0.533611 -0.788801 -0.495857 0.363205 0.283243 0.491609 1 3 1.000000
..\..\..\Desktop\General\noesis\roomitems_025_daruma
  3 0.100105 1.510870 0.533611 -0.788801 -0.495857 0.363205 0.283243 0.491609 1 3 1.000000
  3 0.110613 1.548280 0.437039 -0.843039 -0.401472 -0.357917 0.263442 0.534714 1 3 1.000000
  3 0.130276 1.487560 0.488278 -0.507932 -0.832559 -0.221020 0.263442 0.491609 1 3 1.000000
..\..\..\Desktop\General\noesis\roomitems_025_daruma
  3 0.125826 1.610780 0.547506 -0.253895 0.361323 0.897208 0.303836 0.534714 1 3 1.000000
  3 0.100105 1.510870 0.533611 -0.788801 -0.495857 0.363205 0.283243 0.491609 1 3 1.000000
  3 0.141459 1.533500 0.569485 -0.211074 -0.237183 0.948258 0.303836 0.491609 1 3 1.000000
..\..\..\Desktop\General\noesis\roomitems_025_daruma
  3 0.212985 1.532820 0.560019 0.387694 -0.125826 0.913160 0.324277 0.491609 1 3 1.000000
  3 0.125826 1.610780 0.547506 -0.253895 0.361323 0.897208 0.303836 0.534714 1 3 1.000000
  3 0.141459 1.533500 0.569485 -0.211074 -0.237183 0.948258 0.303836 0.491609 1 3 1.000000
..\..\..\Desktop\General\noesis\roomitems_025_daruma
  3 0.223808 1.609850 0.534540 0.623693 0.300859 0.721450 0.324277 0.534714 1 3 1.000000
  3 0.125826 1.610780 0.547506 -0.253895 0.361323 0.897208 0.303836 0.534714 1 3 1.000000
  3 0.212985 1.532820 0.560019 0.387694 -0.125826 0.913160 0.324277 0.491609 1 3 1.000000
..\..\..\Desktop\General\noesis\roomitems_025_daruma
  3 0.265193 1.578130 0.472824 0.998818 -0.012304 0.047020 0.345387 0.534714 1 3 1.000000
  3 0.243157 1.509510 0.514682 0.846691 -0.511436 0.146791 0.345387 0.491609 1 3 1.000000
  3 0.208594 1.547350 0.424073 0.713291 -0.415691 -0.564284 0.365645 0.534714 1 3 1.000000
..\..\..\Desktop\General\noesis\roomitems_025_daruma
  3 0.265193 1.578130 0.472824 0.998818 -0.012304 0.047020 0.345387 0.534714 1 3 1.000000
  3 0.223808 1.609850 0.534540 0.623693 0.300859 0.721450 0.324277 0.534714 1 3 1.000000
  3 0.243157 1.509510 0.514682 0.846691 -0.511436 0.146791 0.345387 0.491609 1 3 1.000000
..\..\..\Desktop\General\noesis\roomitems_025_daruma
  3 0.243157 1.509510 0.514682 0.846691 -0.511436 0.146791 0.345387 0.491609 1 3 1.000000
  3 0.223808 1.609850 0.534540 0.623693 0.300859 0.721450 0.324277 0.534714 1 3 1.000000
  3 0.212985 1.532820 0.560019 0.387694 -0.125826 0.913160 0.324277 0.491609 1 3 1.000000
..\..\..\Desktop\General\noesis\roomitems_025_daruma
  3 0.208594 1.547350 0.424073 0.713291 -0.415691 -0.564284 0.365645 0.534714 1 3 1.000000
  3 0.243157 1.509510 0.514682 0.846691 -0.511436 0.146791 0.345387 0.491609 1 3 1.000000
  3 0.201802 1.486880 0.478814 0.417309 -0.841361 -0.343460 0.365645 0.491609 1 3 1.000000
..\..\..\Desktop\General\noesis\roomitems_025_daruma
  3 0.100105 1.510870 0.533611 -0.788801 -0.495857 0.363205 0.283243 0.491609 1 3 1.000000
  3 0.130276 1.487560 0.488278 -0.507932 -0.832559 -0.221020 0.263442 0.491609 1 3 1.000000
  3 0.171119 1.468120 0.523314 0.041732 -0.923323 0.381751 0.303836 0.468091 1 3 1.000000
..\..\..\Desktop\General\noesis\roomitems_025_daruma
  3 0.141459 1.533500 0.569485 -0.211074 -0.237183 0.948258 0.303836 0.491609 1 3 1.000000
  3 0.100105 1.510870 0.533611 -0.788801 -0.495857 0.363205 0.283243 0.491609 1 3 1.000000
  3 0.171119 1.468120 0.523314 0.041732 -0.923323 0.381751 0.303836 0.468091 1 3 1.000000
..\..\..\Desktop\General\noesis\roomitems_025_daruma
  3 0.212985 1.532820 0.560019 0.387694 -0.125826 0.913160 0.324277 0.491609 1 3 1.000000
  3 0.141459 1.533500 0.569485 -0.211074 -0.237183 0.948258 0.303836 0.491609 1 3 1.000000
  3 0.171119 1.468120 0.523314 0.041732 -0.923323 0.381751 0.303836 0.468091 1 3 1.000000
..\..\..\Desktop\General\noesis\roomitems_025_daruma
  3 0.243157 1.509510 0.514682 0.846691 -0.511436 0.146791 0.345387 0.491609 1 3 1.000000
  3 0.212985 1.532820 0.560019 0.387694 -0.125826 0.913160 0.324277 0.491609 1 3 1.000000
  3 0.171119 1.468120 0.523314 0.041732 -0.923323 0.381751 0.303836 0.468091 1 3 1.000000
..\..\..\Desktop\General\noesis\roomitems_025_daruma
  3 0.201802 1.486880 0.478814 0.417309 -0.841361 -0.343460 0.365645 0.491609 1 3 1.000000
  3 0.243157 1.509510 0.514682 0.846691 -0.511436 0.146791 0.345387 0.491609 1 3 1.000000
  3 0.171119 1.468120 0.523314 0.041732 -0.923323 0.381751 0.303836 0.468091 1 3 1.000000
..\..\..\Desktop\General\noesis\roomitems_025_daruma
  3 0.130276 1.487560 0.488278 -0.507932 -0.832559 -0.221020 0.263442 0.491609 1 3 1.000000
  3 0.201802 1.486880 0.478814 0.417309 -0.841361 -0.343460 0.243794 0.491609 1 3 1.000000
  3 0.171119 1.468120 0.523314 0.041732 -0.923323 0.381751 0.303836 0.468091 1 3 1.000000
..\..\..\Desktop\General\noesis\roomitems_025_daruma
  3 0.193896 1.385370 0.534559 0.467804 -0.832344 -0.297258 0.316904 0.697903 1 3 1.000000
  3 0.148563 1.385370 0.534559 -0.277525 -0.873973 -0.398938 0.343346 0.697903 1 3 1.000000
  3 0.203285 1.421160 0.502331 0.499994 -0.328183 -0.801437 0.316904 0.727360 1 3 1.000000
..\..\..\Desktop\General\noesis\roomitems_025_daruma
  3 0.203285 1.421160 0.502331 0.499994 -0.328183 -0.801437 0.316904 0.727360 1 3 1.000000
  3 0.148563 1.385370 0.534559 -0.277525 -0.873973 -0.398938 0.343346 0.697903 1 3 1.000000
  3 0.139174 1.421160 0.502331 -0.499999 -0.328190 -0.801432 0.343346 0.727360 1 3 1.000000
..\..\..\Desktop\General\noesis\roomitems_025_daruma
  3 0.148563 1.385370 0.534559 -0.277525 -0.873973 -0.398938 0.189600 0.697903 1 3 1.000000
  3 0.125896 1.400250 0.570890 -0.745312 -0.650192 0.147514 0.214885 0.697903 1 3 1.000000
  3 0.139174 1.421160 0.502331 -0.499999 -0.328190 -0.801432 0.189600 0.727360 1 3 1.000000
..\..\..\Desktop\General\noesis\roomitems_025_daruma
  3 0.139174 1.421160 0.502331 -0.499999 -0.328190 -0.801432 0.189600 0.727360 1 3 1.000000
  3 0.125896 1.400250 0.570890 -0.745312 -0.650192 0.147514 0.214885 0.697903 1 3 1.000000
  3 0.107119 1.442200 0.553710 -1.000000 -0.000001 -0.000014 0.214885 0.727360 1 3 1.000000
..\..\..\Desktop\General\noesis\roomitems_025_daruma
  3 0.125896 1.400250 0.570890 -0.745312 -0.650192 0.147514 0.214885 0.697903 1 3 1.000000
  3 0.148563 1.415120 0.607222 -0.467819 -0.384814 0.795653 0.241296 0.697903 1 3 1.000000
  3 0.107119 1.442200 0.553710 -1.000000 -0.000001 -0.000014 0.214885 0.727360 1 3 1.000000
..\..\..\Desktop\General\noesis\roomitems_025_daruma
  3 0.107119 1.442200 0.553710 -1.000000 -0.000001 -0.000014 0.214885 0.727360 1 3 1.000000
  3 0.148563 1.415120 0.607222 -0.467819 -0.384814 0.795653 0.241296 0.697903 1 3 1.000000
  3 0.139174 1.463240 0.605091 -0.500005 0.328195 0.801425 0.241296 0.727360 1 3 1.000000
..\..\..\Desktop\General\noesis\roomitems_025_daruma
  3 0.148563 1.415120 0.607222 -0.467819 -0.384814 0.795653 0.241296 0.697903 1 3 1.000000
  3 0.193896 1.415120 0.607222 0.277536 -0.343185 0.897328 0.266915 0.697903 1 3 1.000000
  3 0.139174 1.463240 0.605091 -0.500005 0.328195 0.801425 0.241296 0.727360 1 3 1.000000
..\..\..\Desktop\General\noesis\roomitems_025_daruma
  3 0.139174 1.463240 0.605091 -0.500005 0.328195 0.801425 0.241296 0.727360 1 3 1.000000
  3 0.193896 1.415120 0.607222 0.277536 -0.343185 0.897328 0.266915 0.697903 1 3 1.000000
  3 0.203285 1.463240 0.605091 0.500009 0.328191 0.801425 0.266915 0.727360 1 3 1.000000
..\..\..\Desktop\General\noesis\roomitems_025_daruma
  3 0.193896 1.415120 0.607222 0.277536 -0.343185 0.897328 0.266915 0.697903 1 3 1.000000
  3 0.216562 1.400250 0.570890 0.745315 -0.566933 0.350844 0.292016 0.697903 1 3 1.000000
  3 0.203285 1.463240 0.605091 0.500009 0.328191 0.801425 0.266915 0.727360 1 3 1.000000
..\..\..\Desktop\General\noesis\roomitems_025_daruma
  3 0.216562 1.400250 0.570890 0.745315 -0.566933 0.350844 0.292016 0.697903 1 3 1.000000
  3 0.193896 1.385370 0.534559 0.467804 -0.832344 -0.297258 0.316904 0.697903 1 3 1.000000
  3 0.235340 1.442200 0.553710 1.000000 -0.000002 -0.000006 0.292016 0.727360 1 3 1.000000
..\..\..\Desktop\General\noesis\roomitems_025_daruma
  3 0.235340 1.442200 0.553710 1.000000 -0.000002 -0.000006 0.292016 0.727360 1 3 1.000000
  3 0.193896 1.385370 0.534559 0.467804 -0.832344 -0.297258 0.316904 0.697903 1 3 1.000000
  3 0.203285 1.421160 0.502331 0.499994 -0.328183 -0.801437 0.316904 0.727360 1 3 1.000000
..\..\..\Desktop\General\noesis\roomitems_025_daruma
  3 0.203285 1.463240 0.605091 0.500009 0.328191 0.801425 0.266915 0.727360 1 3 1.000000
  3 0.216562 1.400250 0.570890 0.745315 -0.566933 0.350844 0.292016 0.697903 1 3 1.000000
  3 0.235340 1.442200 0.553710 1.000000 -0.000002 -0.000006 0.292016 0.727360 1 3 1.000000
..\..\..\Desktop\General\noesis\roomitems_025_daruma
  3 0.203285 1.421160 0.502331 0.499994 -0.328183 -0.801437 0.316904 0.727360 1 3 1.000000
  3 0.139174 1.421160 0.502331 -0.499999 -0.328190 -0.801432 0.343346 0.727360 1 3 1.000000
  3 0.193896 1.469270 0.500200 0.277508 0.343113 -0.897365 0.316904 0.757244 1 3 1.000000
..\..\..\Desktop\General\noesis\roomitems_025_daruma
  3 0.193896 1.469270 0.500200 0.277508 0.343113 -0.897365 0.316904 0.757244 1 3 1.000000
  3 0.139174 1.421160 0.502331 -0.499999 -0.328190 -0.801432 0.343346 0.727360 1 3 1.000000
  3 0.148563 1.469270 0.500200 -0.467787 0.384741 -0.795707 0.343346 0.757244 1 3 1.000000
..\..\..\Desktop\General\noesis\roomitems_025_daruma
  3 0.139174 1.421160 0.502331 -0.499999 -0.328190 -0.801432 0.189600 0.727360 1 3 1.000000
  3 0.107119 1.442200 0.553710 -1.000000 -0.000001 -0.000014 0.214885 0.727360 1 3 1.000000
  3 0.148563 1.469270 0.500200 -0.467787 0.384741 -0.795707 0.189600 0.757244 1 3 1.000000
..\..\..\Desktop\General\noesis\roomitems_025_daruma
  3 0.107119 1.442200 0.553710 -1.000000 -0.000001 -0.000014 0.214885 0.727360 1 3 1.000000
  3 0.139174 1.463240 0.605091 -0.500005 0.328195 0.801425 0.241296 0.727360 1 3 1.000000
  3 0.125896 1.484150 0.536530 -0.745317 0.650173 -0.147571 0.214885 0.757244 1 3 1.000000
..\..\..\Desktop\General\noesis\roomitems_025_daruma
  3 0.148563 1.469270 0.500200 -0.467787 0.384741 -0.795707 0.189600 0.757244 1 3 1.000000
  3 0.107119 1.442200 0.553710 -1.000000 -0.000001 -0.000014 0.214885 0.727360 1 3 1.000000
  3 0.125896 1.484150 0.536530 -0.745317 0.650173 -0.147571 0.214885 0.757244 1 3 1.000000
..\..\..\Desktop\General\noesis\roomitems_025_daruma
  3 0.125896 1.484150 0.536530 -0.745317 0.650173 -0.147571 0.214885 0.757244 1 3 1.000000
  3 0.139174 1.463240 0.605091 -0.500005 0.328195 0.801425 0.241296 0.727360 1 3 1.000000
  3 0.148563 1.499030 0.572862 -0.277524 0.873977 0.398930 0.241296 0.757244 1 3 1.000000
..\..\..\Desktop\General\noesis\roomitems_025_daruma
  3 0.139174 1.463240 0.605091 -0.500005 0.328195 0.801425 0.241296 0.727360 1 3 1.000000
  3 0.203285 1.463240 0.605091 0.500009 0.328191 0.801425 0.266915 0.727360 1 3 1.000000
  3 0.148563 1.499030 0.572862 -0.277524 0.873977 0.398930 0.241296 0.757244 1 3 1.000000
..\..\..\Desktop\General\noesis\roomitems_025_daruma
  3 0.148563 1.499030 0.572862 -0.277524 0.873977 0.398930 0.241296 0.757244 1 3 1.000000
  3 0.203285 1.463240 0.605091 0.500009 0.328191 0.801425 0.266915 0.727360 1 3 1.000000
  3 0.193896 1.499030 0.572862 0.467805 0.832346 0.297252 0.266915 0.757244 1 3 1.000000
..\..\..\Desktop\General\noesis\roomitems_025_daruma
  3 0.203285 1.463240 0.605091 0.500009 0.328191 0.801425 0.266915 0.727360 1 3 1.000000
  3 0.235340 1.442200 0.553710 1.000000 -0.000002 -0.000006 0.292016 0.727360 1 3 1.000000
  3 0.193896 1.499030 0.572862 0.467805 0.832346 0.297252 0.266915 0.757244 1 3 1.000000
..\..\..\Desktop\General\noesis\roomitems_025_daruma
  3 0.193896 1.499030 0.572862 0.467805 0.832346 0.297252 0.266915 0.757244 1 3 1.000000
  3 0.235340 1.442200 0.553710 1.000000 -0.000002 -0.000006 0.292016 0.727360 1 3 1.000000
  3 0.216562 1.484150 0.536530 0.745303 0.566913 -0.350903 0.292016 0.757244 1 3 1.000000
..\..\..\Desktop\General\noesis\roomitems_025_daruma
  3 0.235340 1.442200 0.553710 1.000000 -0.000002 -0.000006 0.292016 0.727360 1 3 1.000000
  3 0.203285 1.421160 0.502331 0.499994 -0.328183 -0.801437 0.316904 0.727360 1 3 1.000000
  3 0.216562 1.484150 0.536530 0.745303 0.566913 -0.350903 0.292016 0.757244 1 3 1.000000
..\..\..\Desktop\General\noesis\roomitems_025_daruma
  3 0.216562 1.484150 0.536530 0.745303 0.566913 -0.350903 0.292016 0.757244 1 3 1.000000
  3 0.203285 1.421160 0.502331 0.499994 -0.328183 -0.801437 0.316904 0.727360 1 3 1.000000
  3 0.193896 1.469270 0.500200 0.277508 0.343113 -0.897365 0.316904 0.757244 1 3 1.000000
..\..\..\Desktop\General\noesis\roomitems_025_daruma
  3 0.148563 1.415120 0.607222 -0.467819 -0.384814 0.795653 0.241296 0.697903 1 3 1.000000
  3 0.125896 1.400250 0.570890 -0.745312 -0.650192 0.147514 0.214885 0.697903 1 3 1.000000
  3 0.171229 1.382870 0.578006 0.000000 -0.925435 0.378907 0.266915 0.675086 1 3 1.000000
..\..\..\Desktop\General\noesis\roomitems_025_daruma
  3 0.193896 1.415120 0.607222 0.277536 -0.343185 0.897328 0.266915 0.697903 1 3 1.000000
  3 0.148563 1.415120 0.607222 -0.467819 -0.384814 0.795653 0.241296 0.697903 1 3 1.000000
  3 0.171229 1.382870 0.578006 0.000000 -0.925435 0.378907 0.266915 0.675086 1 3 1.000000
..\..\..\Desktop\General\noesis\roomitems_025_daruma
  3 0.216562 1.400250 0.570890 0.745315 -0.566933 0.350844 0.292016 0.697903 1 3 1.000000
  3 0.193896 1.415120 0.607222 0.277536 -0.343185 0.897328 0.266915 0.697903 1 3 1.000000
  3 0.171229 1.382870 0.578006 0.000000 -0.925435 0.378907 0.266915 0.675086 1 3 1.000000
..\..\..\Desktop\General\noesis\roomitems_025_daruma
  3 0.193896 1.385370 0.534559 0.467804 -0.832344 -0.297258 0.316904 0.697903 1 3 1.000000
  3 0.216562 1.400250 0.570890 0.745315 -0.566933 0.350844 0.292016 0.697903 1 3 1.000000
  3 0.171229 1.382870 0.578006 0.000000 -0.925435 0.378907 0.266915 0.675086 1 3 1.000000
..\..\..\Desktop\General\noesis\roomitems_025_daruma
  3 0.148563 1.385370 0.534559 -0.277525 -0.873973 -0.398938 0.343346 0.697903 1 3 1.000000
  3 0.193896 1.385370 0.534559 0.467804 -0.832344 -0.297258 0.316904 0.697903 1 3 1.000000
  3 0.171229 1.382870 0.578006 0.000000 -0.925435 0.378907 0.266915 0.675086 1 3 1.000000
..\..\..\Desktop\General\noesis\roomitems_025_daruma
  3 0.125896 1.400250 0.570890 -0.745312 -0.650192 0.147514 0.214885 0.697903 1 3 1.000000
  3 0.148563 1.385370 0.534559 -0.277525 -0.873973 -0.398938 0.189600 0.697903 1 3 1.000000
  3 0.171229 1.382870 0.578006 0.000000 -0.925435 0.378907 0.266915 0.675086 1 3 1.000000
..\..\..\Desktop\General\noesis\roomitems_025_daruma
  3 0.193896 1.469270 0.500200 0.277508 0.343113 -0.897365 0.316904 0.757244 1 3 1.000000
  3 0.148563 1.469270 0.500200 -0.467787 0.384741 -0.795707 0.343346 0.757244 1 3 1.000000
  3 0.171229 1.501530 0.529415 0.000000 0.925395 -0.379003 0.266915 0.782407 1 3 1.000000
..\..\..\Desktop\General\noesis\roomitems_025_daruma
  3 0.148563 1.469270 0.500200 -0.467787 0.384741 -0.795707 0.189600 0.757244 1 3 1.000000
  3 0.125896 1.484150 0.536530 -0.745317 0.650173 -0.147571 0.214885 0.757244 1 3 1.000000
  3 0.171229 1.501530 0.529415 0.000000 0.925395 -0.379003 0.266915 0.782407 1 3 1.000000
..\..\..\Desktop\General\noesis\roomitems_025_daruma
  3 0.125896 1.484150 0.536530 -0.745317 0.650173 -0.147571 0.214885 0.757244 1 3 1.000000
  3 0.148563 1.499030 0.572862 -0.277524 0.873977 0.398930 0.241296 0.757244 1 3 1.000000
  3 0.171229 1.501530 0.529415 0.000000 0.925395 -0.379003 0.266915 0.782407 1 3 1.000000
..\..\..\Desktop\General\noesis\roomitems_025_daruma
  3 0.148563 1.499030 0.572862 -0.277524 0.873977 0.398930 0.241296 0.757244 1 3 1.000000
  3 0.193896 1.499030 0.572862 0.467805 0.832346 0.297252 0.266915 0.757244 1 3 1.000000
  3 0.171229 1.501530 0.529415 0.000000 0.925395 -0.379003 0.266915 0.782407 1 3 1.000000
..\..\..\Desktop\General\noesis\roomitems_025_daruma
  3 0.193896 1.499030 0.572862 0.467805 0.832346 0.297252 0.266915 0.757244 1 3 1.000000
  3 0.216562 1.484150 0.536530 0.745303 0.566913 -0.350903 0.292016 0.757244 1 3 1.000000
  3 0.171229 1.501530 0.529415 0.000000 0.925395 -0.379003 0.266915 0.782407 1 3 1.000000
..\..\..\Desktop\General\noesis\roomitems_025_daruma
  3 0.216562 1.484150 0.536530 0.745303 0.566913 -0.350903 0.292016 0.757244 1 3 1.000000
  3 0.193896 1.469270 0.500200 0.277508 0.343113 -0.897365 0.316904 0.757244 1 3 1.000000
  3 0.171229 1.501530 0.529415 0.000000 0.925395 -0.379003 0.266915 0.782407 1 3 1.000000
..\..\..\Desktop\General\noesis\roomitems_025_daruma
  3 0.561455 1.605370 -0.010286 0.284649 -0.057201 0.956924 0.285467 0.534988 1 3 1.000000
  3 0.428508 1.779060 -0.000182 0.120438 0.096449 0.988024 0.285467 0.601762 1 3 1.000000
  3 0.504655 1.562420 -0.048443 -0.418589 -0.647483 0.636828 0.266397 0.534988 1 3 1.000000
..\..\..\Desktop\General\noesis\roomitems_025_daruma
  3 0.504655 1.562420 -0.048443 -0.418589 -0.647483 0.636828 0.266397 0.534988 1 3 1.000000
  3 0.428508 1.779060 -0.000182 0.120438 0.096449 0.988024 0.285467 0.601762 1 3 1.000000
  3 0.371805 1.750970 -0.033612 -0.348804 -0.336767 0.874599 0.266397 0.601762 1 3 1.000000
..\..\..\Desktop\General\noesis\roomitems_025_daruma
  3 0.561455 1.605370 -0.010286 0.284649 -0.057201 0.956924 0.285467 0.534988 1 3 1.000000
  3 0.468714 1.806330 -0.052736 0.699368 0.649031 0.299404 0.304658 0.601762 1 3 1.000000
  3 0.428508 1.779060 -0.000182 0.120438 0.096449 0.988024 0.285467 0.601762 1 3 1.000000
..\..\..\Desktop\General\noesis\roomitems_025_daruma
  3 0.600052 1.644930 -0.069218 0.792987 0.543755 0.274777 0.304658 0.534988 1 3 1.000000
  3 0.468714 1.806330 -0.052736 0.699368 0.649031 0.299404 0.304658 0.601762 1 3 1.000000
  3 0.561455 1.605370 -0.010286 0.284649 -0.057201 0.956924 0.285467 0.534988 1 3 1.000000
..\..\..\Desktop\General\noesis\roomitems_025_daruma
  3 0.600052 1.644930 -0.069218 0.792987 0.543755 0.274777 0.304658 0.534988 1 3 1.000000
  3 0.452218 1.805501 -0.138721 0.558907 0.612290 -0.559217 0.324459 0.601762 1 3 1.000000
  3 0.468714 1.806330 -0.052736 0.699368 0.649031 0.299404 0.304658 0.601762 1 3 1.000000
..\..\..\Desktop\General\noesis\roomitems_025_daruma
  3 0.581851 1.641530 -0.166309 0.638089 0.505428 -0.580848 0.324459 0.534988 1 3 1.000000
  3 0.452218 1.805501 -0.138721 0.558907 0.612290 -0.559217 0.324459 0.601762 1 3 1.000000
  3 0.600052 1.644930 -0.069218 0.792987 0.543755 0.274777 0.304658 0.534988 1 3 1.000000
..\..\..\Desktop\General\noesis\roomitems_025_daruma
  3 0.581851 1.641530 -0.166309 0.638089 0.505428 -0.580848 0.324459 0.534988 1 3 1.000000
  3 0.525050 1.598570 -0.204466 -0.003456 0.007507 -0.999966 0.344108 0.534988 1 3 1.000000
  3 0.452218 1.805501 -0.138721 0.558907 0.612290 -0.559217 0.324459 0.601762 1 3 1.000000
..\..\..\Desktop\General\noesis\roomitems_025_daruma
  3 0.452218 1.805501 -0.138721 0.558907 0.612290 -0.559217 0.324459 0.601762 1 3 1.000000
  3 0.525050 1.598570 -0.204466 -0.003456 0.007507 -0.999966 0.344108 0.534988 1 3 1.000000
  3 0.395518 1.777411 -0.172151 -0.256700 0.072399 -0.963776 0.344108 0.601762 1 3 1.000000
..\..\..\Desktop\General\noesis\roomitems_025_daruma
  3 0.525050 1.598570 -0.204466 -0.003456 0.007507 -0.999966 0.344108 0.534988 1 3 1.000000
  3 0.486453 1.559020 -0.145533 -0.561943 -0.607564 -0.561326 0.365340 0.534988 1 3 1.000000
  3 0.395518 1.777411 -0.172151 -0.256700 0.072399 -0.963776 0.344108 0.601762 1 3 1.000000
..\..\..\Desktop\General\noesis\roomitems_025_daruma
  3 0.395518 1.777411 -0.172151 -0.256700 0.072399 -0.963776 0.344108 0.601762 1 3 1.000000
  3 0.486453 1.559020 -0.145533 -0.561943 -0.607564 -0.561326 0.365340 0.534988 1 3 1.000000
  3 0.355309 1.750140 -0.119596 -0.645393 -0.353422 -0.677172 0.365340 0.601762 1 3 1.000000
..\..\..\Desktop\General\noesis\roomitems_025_daruma
  3 0.371805 1.750970 -0.033612 -0.348804 -0.336767 0.874599 0.266397 0.601762 1 3 1.000000
  3 0.428508 1.779060 -0.000182 0.120438 0.096449 0.988024 0.285467 0.601762 1 3 1.000000
  3 0.352045 1.852440 -0.000316 0.025778 0.381675 0.923937 0.285467 0.632164 1 3 1.000000
..\..\..\Desktop\General\noesis\roomitems_025_daruma
  3 0.468714 1.806330 -0.052736 0.699368 0.649031 0.299404 0.304658 0.601762 1 3 1.000000
  3 0.372633 1.889930 -0.041695 0.355688 0.824413 0.440261 0.304658 0.632164 1 3 1.000000
  3 0.428508 1.779060 -0.000182 0.120438 0.096449 0.988024 0.285467 0.601762 1 3 1.000000
..\..\..\Desktop\General\noesis\roomitems_025_daruma
  3 0.428508 1.779060 -0.000182 0.120438 0.096449 0.988024 0.285467 0.601762 1 3 1.000000
  3 0.372633 1.889930 -0.041695 0.355688 0.824413 0.440261 0.304658 0.632164 1 3 1.000000
  3 0.352045 1.852440 -0.000316 0.025778 0.381675 0.923937 0.285467 0.632164 1 3 1.000000
..\..\..\Desktop\General\noesis\roomitems_025_daruma
  3 0.468714 1.806330 -0.052736 0.699368 0.649031 0.299404 0.304658 0.601762 1 3 1.000000
  3 0.358917 1.889241 -0.113194 0.263282 0.829716 -0.492193 0.324459 0.632164 1 3 1.000000
  3 0.372633 1.889930 -0.041695 0.355688 0.824413 0.440261 0.304658 0.632164 1 3 1.000000
..\..\..\Desktop\General\noesis\roomitems_025_daruma
  3 0.452218 1.805501 -0.138721 0.558907 0.612290 -0.559217 0.324459 0.601762 1 3 1.000000
  3 0.395518 1.777411 -0.172151 -0.256700 0.072399 -0.963776 0.344108 0.601762 1 3 1.000000
  3 0.358917 1.889241 -0.113194 0.263282 0.829716 -0.492193 0.324459 0.632164 1 3 1.000000
..\..\..\Desktop\General\noesis\roomitems_025_daruma
  3 0.452218 1.805501 -0.138721 0.558907 0.612290 -0.559217 0.324459 0.601762 1 3 1.000000
  3 0.358917 1.889241 -0.113194 0.263282 0.829716 -0.492193 0.324459 0.632164 1 3 1.000000
  3 0.468714 1.806330 -0.052736 0.699368 0.649031 0.299404 0.304658 0.601762 1 3 1.000000
..\..\..\Desktop\General\noesis\roomitems_025_daruma
  3 0.395518 1.777411 -0.172151 -0.256700 0.072399 -0.963776 0.344108 0.601762 1 3 1.000000
  3 0.355309 1.750140 -0.119596 -0.645393 -0.353422 -0.677172 0.365340 0.601762 1 3 1.000000
  3 0.324612 1.851061 -0.143313 -0.315414 0.367759 -0.874796 0.344108 0.632164 1 3 1.000000
..\..\..\Desktop\General\noesis\roomitems_025_daruma
  3 0.358917 1.889241 -0.113194 0.263282 0.829716 -0.492193 0.324459 0.632164 1 3 1.000000
  3 0.395518 1.777411 -0.172151 -0.256700 0.072399 -0.963776 0.344108 0.601762 1 3 1.000000
  3 0.324612 1.851061 -0.143313 -0.315414 0.367759 -0.874796 0.344108 0.632164 1 3 1.000000
..\..\..\Desktop\General\noesis\roomitems_025_daruma
  3 0.358917 1.889241 -0.113194 0.263282 0.829716 -0.492193 0.324459 0.632164 1 3 1.000000
  3 0.324612 1.851061 -0.143313 -0.315414 0.367759 -0.874796 0.344108 0.632164 1 3 1.000000
  3 0.227141 1.883610 -0.054038 -0.169989 0.985291 0.017500 0.304658 0.653945 1 3 1.000000
..\..\..\Desktop\General\noesis\roomitems_025_daruma
  3 0.352045 1.852440 -0.000316 0.025778 0.381675 0.923937 0.285467 0.632164 1 3 1.000000
  3 0.372633 1.889930 -0.041695 0.355688 0.824413 0.440261 0.304658 0.632164 1 3 1.000000
  3 0.227141 1.883610 -0.054038 -0.169989 0.985291 0.017500 0.304658 0.653945 1 3 1.000000
..\..\..\Desktop\General\noesis\roomitems_025_daruma
  3 0.372633 1.889930 -0.041695 0.355688 0.824413 0.440261 0.304658 0.632164 1 3 1.000000
  3 0.358917 1.889241 -0.113194 0.263282 0.829716 -0.492193 0.324459 0.632164 1 3 1.000000
  3 0.227141 1.883610 -0.054038 -0.169989 0.985291 0.017500 0.304658 0.653945 1 3 1.000000
..\..\..\Desktop\General\noesis\roomitems_025_daruma
  3 0.486453 1.559020 -0.145533 -0.561943 -0.607564 -0.561326 0.244373 0.534988 1 3 1.000000
  3 0.577423 1.502190 -0.145170 -0.273133 -0.941218 -0.198764 0.244373 0.491883 1 3 1.000000
  3 0.504655 1.562420 -0.048443 -0.418589 -0.647483 0.636828 0.266397 0.534988 1 3 1.000000
..\..\..\Desktop\General\noesis\roomitems_025_daruma
  3 0.504655 1.562420 -0.048443 -0.418589 -0.647483 0.636828 0.266397 0.534988 1 3 1.000000
  3 0.590062 1.506390 -0.074257 -0.066185 -0.844993 0.530666 0.266397 0.491883 1 3 1.000000
  3 0.561455 1.605370 -0.010286 0.284649 -0.057201 0.956924 0.285467 0.534988 1 3 1.000000
..\..\..\Desktop\General\noesis\roomitems_025_daruma
  3 0.504655 1.562420 -0.048443 -0.418589 -0.647483 0.636828 0.266397 0.534988 1 3 1.000000
  3 0.577423 1.502190 -0.145170 -0.273133 -0.941218 -0.198764 0.244373 0.491883 1 3 1.000000
  3 0.590062 1.506390 -0.074257 -0.066185 -0.844993 0.530666 0.266397 0.491883 1 3 1.000000
..\..\..\Desktop\General\noesis\roomitems_025_daruma
  3 0.561455 1.605370 -0.010286 0.284649 -0.057201 0.956924 0.285467 0.534988 1 3 1.000000
  3 0.590062 1.506390 -0.074257 -0.066185 -0.844993 0.530666 0.266397 0.491883 1 3 1.000000
  3 0.624956 1.545070 -0.046061 0.670880 -0.243395 0.700484 0.285467 0.491883 1 3 1.000000
..\..\..\Desktop\General\noesis\roomitems_025_daruma
  3 0.561455 1.605370 -0.010286 0.284649 -0.057201 0.956924 0.285467 0.534988 1 3 1.000000
  3 0.624956 1.545070 -0.046061 0.670880 -0.243395 0.700484 0.285467 0.491883 1 3 1.000000
  3 0.600052 1.644930 -0.069218 0.792987 0.543755 0.274777 0.304658 0.534988 1 3 1.000000
..\..\..\Desktop\General\noesis\roomitems_025_daruma
  3 0.600052 1.644930 -0.069218 0.792987 0.543755 0.274777 0.304658 0.534988 1 3 1.000000
  3 0.624956 1.545070 -0.046061 0.670880 -0.243395 0.700484 0.285467 0.491883 1 3 1.000000
  3 0.647217 1.579550 -0.088777 0.967293 0.240133 0.081739 0.304658 0.491883 1 3 1.000000
..\..\..\Desktop\General\noesis\roomitems_025_daruma
  3 0.600052 1.644930 -0.069218 0.792987 0.543755 0.274777 0.304658 0.534988 1 3 1.000000
  3 0.647217 1.579550 -0.088777 0.967293 0.240133 0.081739 0.304658 0.491883 1 3 1.000000
  3 0.581851 1.641530 -0.166309 0.638089 0.505428 -0.580848 0.324459 0.534988 1 3 1.000000
..\..\..\Desktop\General\noesis\roomitems_025_daruma
  3 0.581851 1.641530 -0.166309 0.638089 0.505428 -0.580848 0.324459 0.534988 1 3 1.000000
  3 0.647217 1.579550 -0.088777 0.967293 0.240133 0.081739 0.304658 0.491883 1 3 1.000000
  3 0.634577 1.575350 -0.159689 0.864524 0.089797 -0.494504 0.324459 0.491883 1 3 1.000000
..\..\..\Desktop\General\noesis\roomitems_025_daruma
  3 0.525050 1.598570 -0.204466 -0.003456 0.007507 -0.999966 0.344108 0.534988 1 3 1.000000
  3 0.599677 1.536670 -0.187886 0.243171 -0.409624 -0.879248 0.344108 0.491883 1 3 1.000000
  3 0.486453 1.559020 -0.145533 -0.561943 -0.607564 -0.561326 0.365340 0.534988 1 3 1.000000
..\..\..\Desktop\General\noesis\roomitems_025_daruma
  3 0.525050 1.598570 -0.204466 -0.003456 0.007507 -0.999966 0.344108 0.534988 1 3 1.000000
  3 0.581851 1.641530 -0.166309 0.638089 0.505428 -0.580848 0.324459 0.534988 1 3 1.000000
  3 0.599677 1.536670 -0.187886 0.243171 -0.409624 -0.879248 0.344108 0.491883 1 3 1.000000
..\..\..\Desktop\General\noesis\roomitems_025_daruma
  3 0.599677 1.536670 -0.187886 0.243171 -0.409624 -0.879248 0.344108 0.491883 1 3 1.000000
  3 0.581851 1.641530 -0.166309 0.638089 0.505428 -0.580848 0.324459 0.534988 1 3 1.000000
  3 0.634577 1.575350 -0.159689 0.864524 0.089797 -0.494504 0.324459 0.491883 1 3 1.000000
..\..\..\Desktop\General\noesis\roomitems_025_daruma
  3 0.486453 1.559020 -0.145533 -0.561943 -0.607564 -0.561326 0.365340 0.534988 1 3 1.000000
  3 0.599677 1.536670 -0.187886 0.243171 -0.409624 -0.879248 0.344108 0.491883 1 3 1.000000
  3 0.577423 1.502190 -0.145170 -0.273133 -0.941218 -0.198764 0.365340 0.491883 1 3 1.000000
..\..\..\Desktop\General\noesis\roomitems_025_daruma
  3 0.647217 1.579550 -0.088777 0.967293 0.240133 0.081739 0.304658 0.491883 1 3 1.000000
  3 0.624956 1.545070 -0.046061 0.670880 -0.243395 0.700484 0.285467 0.491883 1 3 1.000000
  3 0.627405 1.501590 -0.117337 0.698030 -0.711325 -0.082289 0.304658 0.468366 1 3 1.000000
..\..\..\Desktop\General\noesis\roomitems_025_daruma
  3 0.624956 1.545070 -0.046061 0.670880 -0.243395 0.700484 0.285467 0.491883 1 3 1.000000
  3 0.590062 1.506390 -0.074257 -0.066185 -0.844993 0.530666 0.266397 0.491883 1 3 1.000000
  3 0.627405 1.501590 -0.117337 0.698030 -0.711325 -0.082289 0.304658 0.468366 1 3 1.000000
..\..\..\Desktop\General\noesis\roomitems_025_daruma
  3 0.590062 1.506390 -0.074257 -0.066185 -0.844993 0.530666 0.266397 0.491883 1 3 1.000000
  3 0.577423 1.502190 -0.145170 -0.273133 -0.941218 -0.198764 0.244373 0.491883 1 3 1.000000
  3 0.627405 1.501590 -0.117337 0.698030 -0.711325 -0.082289 0.304658 0.468366 1 3 1.000000
..\..\..\Desktop\General\noesis\roomitems_025_daruma
  3 0.599677 1.536670 -0.187886 0.243171 -0.409624 -0.879248 0.344108 0.491883 1 3 1.000000
  3 0.634577 1.575350 -0.159689 0.864524 0.089797 -0.494504 0.324459 0.491883 1 3 1.000000
  3 0.627405 1.501590 -0.117337 0.698030 -0.711325 -0.082289 0.304658 0.468366 1 3 1.000000
..\..\..\Desktop\General\noesis\roomitems_025_daruma
  3 0.577423 1.502190 -0.145170 -0.273133 -0.941218 -0.198764 0.365340 0.491883 1 3 1.000000
  3 0.599677 1.536670 -0.187886 0.243171 -0.409624 -0.879248 0.344108 0.491883 1 3 1.000000
  3 0.627405 1.501590 -0.117337 0.698030 -0.711325 -0.082289 0.304658 0.468366 1 3 1.000000
..\..\..\Desktop\General\noesis\roomitems_025_daruma
  3 0.634577 1.575350 -0.159689 0.864524 0.089797 -0.494504 0.324459 0.491883 1 3 1.000000
  3 0.647217 1.579550 -0.088777 0.967293 0.240133 0.081739 0.304658 0.491883 1 3 1.000000
  3 0.627405 1.501590 -0.117337 0.698030 -0.711325 -0.082289 0.304658 0.468366 1 3 1.000000
..\..\..\Desktop\General\noesis\roomitems_025_daruma
  3 0.386263 2.533361 0.135728 0.293079 0.944692 -0.147183 0.007951 0.075365 1 3 1.000000
  3 0.371839 2.522201 0.126711 -0.542103 0.422515 -0.726364 0.007951 0.057879 1 3 1.000000
  3 0.266265 2.555591 0.206948 0.077266 0.996644 -0.027042 0.130411 0.075365 1 3 1.000000
..\..\..\Desktop\General\noesis\roomitems_025_daruma
  3 0.266265 2.555591 0.206948 0.077266 0.996644 -0.027042 0.130411 0.075365 1 3 1.000000
  3 0.371839 2.522201 0.126711 -0.542103 0.422515 -0.726364 0.007951 0.057879 1 3 1.000000
  3 0.256716 2.542121 0.195848 -0.398116 -0.002817 -0.917331 0.130411 0.057879 1 3 1.000000
..\..\..\Desktop\General\noesis\roomitems_025_daruma
  3 0.371839 2.522201 0.126711 -0.542103 0.422515 -0.726364 0.007951 0.057879 1 3 1.000000
  3 0.377883 2.507331 0.139484 -0.282681 -0.946107 0.158026 0.007951 0.040424 1 3 1.000000
  3 0.256716 2.542121 0.195848 -0.398116 -0.002817 -0.917331 0.130411 0.057879 1 3 1.000000
..\..\..\Desktop\General\noesis\roomitems_025_daruma
  3 0.256716 2.542121 0.195848 -0.398116 -0.002817 -0.917331 0.130411 0.057879 1 3 1.000000
  3 0.377883 2.507331 0.139484 -0.282681 -0.946107 0.158026 0.007951 0.040424 1 3 1.000000
  3 0.257524 2.528841 0.210689 0.017588 -0.998766 0.046437 0.130411 0.040424 1 3 1.000000
..\..\..\Desktop\General\noesis\roomitems_025_daruma
  3 0.377883 2.507331 0.139484 -0.282681 -0.946107 0.158026 0.007951 0.040424 1 3 1.000000
  3 0.267695 2.542091 0.221680 0.325232 0.002754 0.945630 0.130411 0.022938 1 3 1.000000
  3 0.257524 2.528841 0.210689 0.017588 -0.998766 0.046437 0.130411 0.040424 1 3 1.000000
..\..\..\Desktop\General\noesis\roomitems_025_daruma
  3 0.392307 2.518491 0.148502 0.743120 0.190520 0.641464 0.007951 0.022938 1 3 1.000000
  3 0.267695 2.542091 0.221680 0.325232 0.002754 0.945630 0.130411 0.022938 1 3 1.000000
  3 0.377883 2.507331 0.139484 -0.282681 -0.946107 0.158026 0.007951 0.040424 1 3 1.000000
..\..\..\Desktop\General\noesis\roomitems_025_daruma
  3 0.386263 2.533361 0.135728 0.293079 0.944692 -0.147183 0.007951 0.005453 1 3 1.000000
  3 0.266265 2.555591 0.206948 0.077266 0.996644 -0.027042 0.130411 0.005453 1 3 1.000000
  3 0.392307 2.518491 0.148502 0.743120 0.190520 0.641464 0.007951 0.022938 1 3 1.000000
..\..\..\Desktop\General\noesis\roomitems_025_daruma
  3 0.392307 2.518491 0.148502 0.743120 0.190520 0.641464 0.007951 0.022938 1 3 1.000000
  3 0.266265 2.555591 0.206948 0.077266 0.996644 -0.027042 0.130411 0.005453 1 3 1.000000
  3 0.267695 2.542091 0.221680 0.325232 0.002754 0.945630 0.130411 0.022938 1 3 1.000000
..\..\..\Desktop\General\noesis\roomitems_025_daruma
  3 0.266265 2.555591 0.206948 0.077266 0.996644 -0.027042 0.130411 0.075365 1 3 1.000000
  3 0.256716 2.542121 0.195848 -0.398116 -0.002817 -0.917331 0.130411 0.057879 1 3 1.000000
  3 0.129469 2.544701 0.236792 -0.157706 0.983737 -0.085963 0.252872 0.075365 1 3 1.000000
..\..\..\Desktop\General\noesis\roomitems_025_daruma
  3 0.129469 2.544701 0.236792 -0.157706 0.983737 -0.085963 0.252872 0.075365 1 3 1.000000
  3 0.256716 2.542121 0.195848 -0.398116 -0.002817 -0.917331 0.130411 0.057879 1 3 1.000000
  3 0.124787 2.528931 0.223617 -0.021596 -0.140167 -0.989892 0.252872 0.057879 1 3 1.000000
..\..\..\Desktop\General\noesis\roomitems_025_daruma
  3 0.256716 2.542121 0.195848 -0.398116 -0.002817 -0.917331 0.130411 0.057879 1 3 1.000000
  3 0.257524 2.528841 0.210689 0.017588 -0.998766 0.046437 0.130411 0.040424 1 3 1.000000
  3 0.124787 2.528931 0.223617 -0.021596 -0.140167 -0.989892 0.252872 0.057879 1 3 1.000000
..\..\..\Desktop\General\noesis\roomitems_025_daruma
  3 0.129469 2.544701 0.236792 -0.157706 0.983737 -0.085963 0.252872 0.075365 1 3 1.000000
  3 0.124787 2.528931 0.223617 -0.021596 -0.140167 -0.989892 0.252872 0.057879 1 3 1.000000
  3 -0.012014 2.496871 0.211445 -0.292225 0.911743 -0.288670 0.375302 0.075365 1 3 1.000000
..\..\..\Desktop\General\noesis\roomitems_025_daruma
  3 -0.012014 2.496871 0.211445 -0.292225 0.911743 -0.288670 0.375302 0.075365 1 3 1.000000
  3 0.124787 2.528931 0.223617 -0.021596 -0.140167 -0.989892 0.252872 0.057879 1 3 1.000000
  3 -0.009964 2.479430 0.201906 0.352885 -0.278114 -0.893378 0.375302 0.057879 1 3 1.000000
..\..\..\Desktop\General\noesis\roomitems_025_daruma
  3 0.124787 2.528931 0.223617 -0.021596 -0.140167 -0.989892 0.252872 0.057879 1 3 1.000000
  3 0.257524 2.528841 0.210689 0.017588 -0.998766 0.046437 0.130411 0.040424 1 3 1.000000
  3 0.120351 2.517241 0.240534 0.221499 -0.955891 0.192902 0.252872 0.040424 1 3 1.000000
..\..\..\Desktop\General\noesis\roomitems_025_daruma
  3 0.124787 2.528931 0.223617 -0.021596 -0.140167 -0.989892 0.252872 0.057879 1 3 1.000000
  3 0.120351 2.517241 0.240534 0.221499 -0.955891 0.192902 0.252872 0.040424 1 3 1.000000
  3 -0.009964 2.479430 0.201906 0.352885 -0.278114 -0.893378 0.375302 0.057879 1 3 1.000000
..\..\..\Desktop\General\noesis\roomitems_025_daruma
  3 -0.009964 2.479430 0.201906 0.352885 -0.278114 -0.893378 0.375302 0.057879 1 3 1.000000
  3 0.120351 2.517241 0.240534 0.221499 -0.955891 0.192902 0.252872 0.040424 1 3 1.000000
  3 -0.017322 2.468500 0.217127 0.293271 -0.866543 0.403850 0.375302 0.040424 1 3 1.000000
..\..\..\Desktop\General\noesis\roomitems_025_daruma
  3 0.257524 2.528841 0.210689 0.017588 -0.998766 0.046437 0.130411 0.040424 1 3 1.000000
  3 0.126277 2.532571 0.253490 -0.036848 0.101629 0.994140 0.252872 0.022938 1 3 1.000000
  3 0.120351 2.517241 0.240534 0.221499 -0.955891 0.192902 0.252872 0.040424 1 3 1.000000
..\..\..\Desktop\General\noesis\roomitems_025_daruma
  3 0.267695 2.542091 0.221680 0.325232 0.002754 0.945630 0.130411 0.022938 1 3 1.000000
  3 0.126277 2.532571 0.253490 -0.036848 0.101629 0.994140 0.252872 0.022938 1 3 1.000000
  3 0.257524 2.528841 0.210689 0.017588 -0.998766 0.046437 0.130411 0.040424 1 3 1.000000
..\..\..\Desktop\General\noesis\roomitems_025_daruma
  3 0.120351 2.517241 0.240534 0.221499 -0.955891 0.192902 0.252872 0.040424 1 3 1.000000
  3 -0.019243 2.485950 0.227059 -0.363208 0.227567 0.903489 0.375302 0.022938 1 3 1.000000
  3 -0.017322 2.468500 0.217127 0.293271 -0.866543 0.403850 0.375302 0.040424 1 3 1.000000
..\..\..\Desktop\General\noesis\roomitems_025_daruma
  3 0.126277 2.532571 0.253490 -0.036848 0.101629 0.994140 0.252872 0.022938 1 3 1.000000
  3 -0.019243 2.485950 0.227059 -0.363208 0.227567 0.903489 0.375302 0.022938 1 3 1.000000
  3 0.120351 2.517241 0.240534 0.221499 -0.955891 0.192902 0.252872 0.040424 1 3 1.000000
..\..\..\Desktop\General\noesis\roomitems_025_daruma
  3 0.266265 2.555591 0.206948 0.077266 0.996644 -0.027042 0.130411 0.005453 1 3 1.000000
  3 0.129469 2.544701 0.236792 -0.157706 0.983737 -0.085963 0.252872 0.005453 1 3 1.000000
  3 0.267695 2.542091 0.221680 0.325232 0.002754 0.945630 0.130411 0.022938 1 3 1.000000
..\..\..\Desktop\General\noesis\roomitems_025_daruma
  3 0.267695 2.542091 0.221680 0.325232 0.002754 0.945630 0.130411 0.022938 1 3 1.000000
  3 0.129469 2.544701 0.236792 -0.157706 0.983737 -0.085963 0.252872 0.005453 1 3 1.000000
  3 0.126277 2.532571 0.253490 -0.036848 0.101629 0.994140 0.252872 0.022938 1 3 1.000000
..\..\..\Desktop\General\noesis\roomitems_025_daruma
  3 0.129469 2.544701 0.236792 -0.157706 0.983737 -0.085963 0.252872 0.005453 1 3 1.000000
  3 -0.012014 2.496871 0.211445 -0.292225 0.911743 -0.288670 0.375302 0.005453 1 3 1.000000
  3 0.126277 2.532571 0.253490 -0.036848 0.101629 0.994140 0.252872 0.022938 1 3 1.000000
..\..\..\Desktop\General\noesis\roomitems_025_daruma
  3 0.126277 2.532571 0.253490 -0.036848 0.101629 0.994140 0.252872 0.022938 1 3 1.000000
  3 -0.012014 2.496871 0.211445 -0.292225 0.911743 -0.288670 0.375302 0.005453 1 3 1.000000
  3 -0.019243 2.485950 0.227059 -0.363208 0.227567 0.903489 0.375302 0.022938 1 3 1.000000
..\..\..\Desktop\General\noesis\roomitems_025_daruma
  3 -0.009964 2.479430 0.201906 0.352885 -0.278114 -0.893378 0.375302 0.057879 1 3 1.000000
  3 -0.017322 2.468500 0.217127 0.293271 -0.866543 0.403850 0.375302 0.040424 1 3 1.000000
  3 -0.162880 2.391911 0.146430 0.544547 -0.568879 -0.616316 0.497762 0.057879 1 3 1.000000
..\..\..\Desktop\General\noesis\roomitems_025_daruma
  3 -0.162880 2.391911 0.146430 0.544547 -0.568879 -0.616316 0.497762 0.057879 1 3 1.000000
  3 -0.017322 2.468500 0.217127 0.293271 -0.866543 0.403850 0.375302 0.040424 1 3 1.000000
  3 -0.169293 2.383281 0.163046 0.272140 -0.812489 0.515559 0.497762 0.040424 1 3 1.000000
..\..\..\Desktop\General\noesis\roomitems_025_daruma
  3 -0.180457 2.405391 0.146294 -0.263643 0.830932 -0.489944 0.497762 0.075365 1 3 1.000000
  3 -0.009964 2.479430 0.201906 0.352885 -0.278114 -0.893378 0.375302 0.057879 1 3 1.000000
  3 -0.162880 2.391911 0.146430 0.544547 -0.568879 -0.616316 0.497762 0.057879 1 3 1.000000
..\..\..\Desktop\General\noesis\roomitems_025_daruma
  3 -0.012014 2.496871 0.211445 -0.292225 0.911743 -0.288670 0.375302 0.075365 1 3 1.000000
  3 -0.009964 2.479430 0.201906 0.352885 -0.278114 -0.893378 0.375302 0.057879 1 3 1.000000
  3 -0.180457 2.405391 0.146294 -0.263643 0.830932 -0.489944 0.497762 0.075365 1 3 1.000000
..\..\..\Desktop\General\noesis\roomitems_025_daruma
  3 -0.012014 2.496871 0.211445 -0.292225 0.911743 -0.288670 0.375302 0.005453 1 3 1.000000
  3 -0.180457 2.405391 0.146294 -0.263643 0.830932 -0.489944 0.497762 0.005453 1 3 1.000000
  3 -0.019243 2.485950 0.227059 -0.363208 0.227567 0.903489 0.375302 0.022938 1 3 1.000000
..\..\..\Desktop\General\noesis\roomitems_025_daruma
  3 -0.019243 2.485950 0.227059 -0.363208 0.227567 0.903489 0.375302 0.022938 1 3 1.000000
  3 -0.182929 2.401320 0.166864 -0.345548 0.024759 0.938074 0.497762 0.022938 1 3 1.000000
  3 -0.017322 2.468500 0.217127 0.293271 -0.866543 0.403850 0.375302 0.040424 1 3 1.000000
..\..\..\Desktop\General\noesis\roomitems_025_daruma
  3 -0.019243 2.485950 0.227059 -0.363208 0.227567 0.903489 0.375302 0.022938 1 3 1.000000
  3 -0.180457 2.405391 0.146294 -0.263643 0.830932 -0.489944 0.497762 0.005453 1 3 1.000000
  3 -0.182929 2.401320 0.166864 -0.345548 0.024759 0.938074 0.497762 0.022938 1 3 1.000000
..\..\..\Desktop\General\noesis\roomitems_025_daruma
  3 -0.017322 2.468500 0.217127 0.293271 -0.866543 0.403850 0.375302 0.040424 1 3 1.000000
  3 -0.182929 2.401320 0.166864 -0.345548 0.024759 0.938074 0.497762 0.022938 1 3 1.000000
  3 -0.169293 2.383281 0.163046 0.272140 -0.812489 0.515559 0.497762 0.040424 1 3 1.000000
..\..\..\Desktop\General\noesis\roomitems_025_daruma
  3 -0.028702 2.836581 -0.146452 -0.680436 0.732213 0.029521 0.014531 0.306121 1 3 1.000000
  3 0.040142 2.789771 -0.321764 -0.525087 0.592833 -0.610601 0.035520 0.306121 1 3 1.000000
  3 -0.251388 2.397491 -0.085064 -0.353862 0.912258 -0.206319 0.014135 0.647243 1 3 1.000000
..\..\..\Desktop\General\noesis\roomitems_025_daruma
  3 -0.251388 2.397491 -0.085064 -0.353862 0.912258 -0.206319 0.014135 0.647243 1 3 1.000000
  3 0.040142 2.789771 -0.321764 -0.525087 0.592833 -0.610601 0.035520 0.306121 1 3 1.000000
  3 -0.162250 2.336880 -0.312057 -0.126271 0.781754 -0.610669 0.035916 0.647243 1 3 1.000000
..\..\..\Desktop\General\noesis\roomitems_025_daruma
  3 0.040142 2.789771 -0.321764 -0.525087 0.592833 -0.610601 0.035520 0.306121 1 3 1.000000
  3 0.209906 2.724671 -0.389633 0.024012 0.368669 -0.929251 0.064246 0.306121 1 3 1.000000
  3 -0.162250 2.336880 -0.312057 -0.126271 0.781754 -0.610669 0.035916 0.647243 1 3 1.000000
..\..\..\Desktop\General\noesis\roomitems_025_daruma
  3 -0.162250 2.336880 -0.312057 -0.126271 0.781754 -0.610669 0.035916 0.647243 1 3 1.000000
  3 0.209906 2.724671 -0.389633 0.024012 0.368669 -0.929251 0.064246 0.306121 1 3 1.000000
  3 0.057561 2.252580 -0.399934 0.315958 0.622072 -0.716378 0.064246 0.647243 1 3 1.000000
..\..\..\Desktop\General\noesis\roomitems_025_daruma
  3 0.209906 2.724671 -0.389633 0.024012 0.368669 -0.929251 0.064246 0.306121 1 3 1.000000
  3 0.381146 2.679421 -0.310305 0.645138 0.190994 -0.739810 0.092912 0.306121 1 3 1.000000
  3 0.057561 2.252580 -0.399934 0.315958 0.622072 -0.716378 0.064246 0.647243 1 3 1.000000
..\..\..\Desktop\General\noesis\roomitems_025_daruma
  3 0.057561 2.252580 -0.399934 0.315958 0.622072 -0.716378 0.064246 0.647243 1 3 1.000000
  3 0.381146 2.679421 -0.310305 0.645138 0.190994 -0.739810 0.092912 0.306121 1 3 1.000000
  3 0.279283 2.193980 -0.297220 0.713741 0.526717 -0.461674 0.092912 0.647243 1 3 1.000000
..\..\..\Desktop\General\noesis\roomitems_025_daruma
  3 0.381146 2.679421 -0.310305 0.645138 0.190994 -0.739810 0.092912 0.306121 1 3 1.000000
  3 0.453552 2.680511 -0.130247 0.974507 0.163855 -0.153254 0.121699 0.306121 1 3 1.000000
  3 0.279283 2.193980 -0.297220 0.713741 0.526717 -0.461674 0.092912 0.647243 1 3 1.000000
..\..\..\Desktop\General\noesis\roomitems_025_daruma
  3 0.279283 2.193980 -0.297220 0.713741 0.526717 -0.461674 0.092912 0.647243 1 3 1.000000
  3 0.453552 2.680511 -0.130247 0.974507 0.163855 -0.153254 0.121699 0.306121 1 3 1.000000
  3 0.373033 2.195400 -0.064080 0.834134 0.551546 0.004207 0.121699 0.647243 1 3 1.000000
..\..\..\Desktop\General\noesis\roomitems_025_daruma
  3 0.453552 2.680511 -0.130247 0.974507 0.163855 -0.153254 0.121699 0.306121 1 3 1.000000
  3 0.384708 2.727321 0.045064 0.819183 0.303209 0.486831 0.150395 0.306121 1 3 1.000000
  3 0.373033 2.195400 -0.064080 0.834134 0.551546 0.004207 0.121699 0.647243 1 3 1.000000
..\..\..\Desktop\General\noesis\roomitems_025_daruma
  3 0.373033 2.195400 -0.064080 0.834134 0.551546 0.004207 0.121699 0.647243 1 3 1.000000
  3 0.384708 2.727321 0.045064 0.819183 0.303209 0.486831 0.150395 0.306121 1 3 1.000000
  3 0.283895 2.256011 0.162911 0.606691 0.681961 0.408479 0.150608 0.647273 1 3 1.000000
..\..\..\Desktop\General\noesis\roomitems_025_daruma
  3 0.384708 2.727321 0.045064 0.819183 0.303209 0.486831 0.150395 0.306121 1 3 1.000000
  3 0.214944 2.792421 0.112934 0.270128 0.527367 0.805552 0.179121 0.306121 1 3 1.000000
  3 0.283895 2.256011 0.162911 0.606691 0.681961 0.408479 0.150608 0.647273 1 3 1.000000
..\..\..\Desktop\General\noesis\roomitems_025_daruma
  3 0.283895 2.256011 0.162911 0.606691 0.681961 0.408479 0.150608 0.647273 1 3 1.000000
  3 0.214944 2.792421 0.112934 0.270128 0.527367 0.805552 0.179121 0.306121 1 3 1.000000
  3 0.064084 2.340311 0.250790 0.164524 0.841627 0.514389 0.179121 0.647273 1 3 1.000000
..\..\..\Desktop\General\noesis\roomitems_025_daruma
  3 0.214944 2.792421 0.112934 0.270128 0.527367 0.805552 0.179121 0.306121 1 3 1.000000
  3 0.043704 2.837681 0.033605 -0.351070 0.705061 0.616149 0.207848 0.306121 1 3 1.000000
  3 0.064084 2.340311 0.250790 0.164524 0.841627 0.514389 0.179121 0.647273 1 3 1.000000
..\..\..\Desktop\General\noesis\roomitems_025_daruma
  3 0.064084 2.340311 0.250790 0.164524 0.841627 0.514389 0.179121 0.647273 1 3 1.000000
  3 0.043704 2.837681 0.033605 -0.351070 0.705061 0.616149 0.207848 0.306121 1 3 1.000000
  3 -0.157638 2.398911 0.148075 -0.233430 0.937039 0.259747 0.207848 0.647273 1 3 1.000000
..\..\..\Desktop\General\noesis\roomitems_025_daruma
  3 0.043704 2.837681 0.033605 -0.351070 0.705061 0.616149 0.207848 0.306121 1 3 1.000000
  3 -0.028702 2.836581 -0.146452 -0.680436 0.732213 0.029521 0.220825 0.306121 1 3 1.000000
  3 -0.157638 2.398911 0.148075 -0.233430 0.937039 0.259747 0.207848 0.647273 1 3 1.000000
..\..\..\Desktop\General\noesis\roomitems_025_daruma
  3 -0.157638 2.398911 0.148075 -0.233430 0.937039 0.259747 0.207848 0.647273 1 3 1.000000
  3 -0.028702 2.836581 -0.146452 -0.680436 0.732213 0.029521 0.220825 0.306121 1 3 1.000000
  3 -0.251388 2.397491 -0.085064 -0.353862 0.912258 -0.206319 0.220825 0.647273 1 3 1.000000
..\..\..\Desktop\General\noesis\roomitems_025_daruma
  3 0.061332 2.805931 -0.308406 0.030291 0.885306 -0.464022 0.063058 0.178055 1 3 1.000000
  3 -0.001519 2.848661 -0.148354 -0.124375 0.974037 -0.189162 0.103360 0.194749 1 3 1.000000
  3 0.218621 2.777421 -0.140956 0.309239 0.942043 -0.130099 0.063058 0.235021 1 3 1.000000
..\..\..\Desktop\General\noesis\roomitems_025_daruma
  3 0.216321 2.746491 -0.370368 0.330932 0.776700 -0.535931 0.022786 0.194749 1 3 1.000000
  3 0.061332 2.805931 -0.308406 0.030291 0.885306 -0.464022 0.063058 0.178055 1 3 1.000000
  3 0.218621 2.777421 -0.140956 0.309239 0.942043 -0.130099 0.063058 0.235021 1 3 1.000000
..\..\..\Desktop\General\noesis\roomitems_025_daruma
  3 0.372657 2.705181 -0.297945 0.601413 0.711816 -0.362794 0.006093 0.235021 1 3 1.000000
  3 0.216321 2.746491 -0.370368 0.330932 0.776700 -0.535931 0.022786 0.194749 1 3 1.000000
  3 0.218621 2.777421 -0.140956 0.309239 0.942043 -0.130099 0.063058 0.235021 1 3 1.000000
..\..\..\Desktop\General\noesis\roomitems_025_daruma
  3 0.438760 2.706181 -0.133558 0.683317 0.728672 -0.045982 0.022786 0.275323 1 3 1.000000
  3 0.372657 2.705181 -0.297945 0.601413 0.711816 -0.362794 0.006093 0.235021 1 3 1.000000
  3 0.218621 2.777421 -0.140956 0.309239 0.942043 -0.130099 0.063058 0.235021 1 3 1.000000
..\..\..\Desktop\General\noesis\roomitems_025_daruma
  3 0.375909 2.748911 0.026494 0.528643 0.817403 0.228887 0.063058 0.292016 1 3 1.000000
  3 0.438760 2.706181 -0.133558 0.683317 0.728672 -0.045982 0.022786 0.275323 1 3 1.000000
  3 0.218621 2.777421 -0.140956 0.309239 0.942043 -0.130099 0.063058 0.235021 1 3 1.000000
..\..\..\Desktop\General\noesis\roomitems_025_daruma
  3 0.220920 2.808351 0.088457 0.228008 0.926012 0.300856 0.103360 0.275323 1 3 1.000000
  3 0.375909 2.748911 0.026494 0.528643 0.817403 0.228887 0.063058 0.292016 1 3 1.000000
  3 0.218621 2.777421 -0.140956 0.309239 0.942043 -0.130099 0.063058 0.235021 1 3 1.000000
..\..\..\Desktop\General\noesis\roomitems_025_daruma
  3 0.064584 2.849671 0.016032 -0.042495 0.990909 0.127648 0.120054 0.235021 1 3 1.000000
  3 0.220920 2.808351 0.088457 0.228008 0.926012 0.300856 0.103360 0.275323 1 3 1.000000
  3 0.218621 2.777421 -0.140956 0.309239 0.942043 -0.130099 0.063058 0.235021 1 3 1.000000
..\..\..\Desktop\General\noesis\roomitems_025_daruma
  3 -0.001519 2.848661 -0.148354 -0.124375 0.974037 -0.189162 0.103360 0.194749 1 3 1.000000
  3 0.064584 2.849671 0.016032 -0.042495 0.990909 0.127648 0.120054 0.235021 1 3 1.000000
  3 0.218621 2.777421 -0.140956 0.309239 0.942043 -0.130099 0.063058 0.235021 1 3 1.000000
..\..\..\Desktop\General\noesis\roomitems_025_daruma
  3 -0.251388 2.397491 -0.085064 -0.353862 0.912258 -0.206319 0.014135 0.647243 1 3 1.000000
  3 -0.162250 2.336880 -0.312057 -0.126271 0.781754 -0.610669 0.035916 0.647243 1 3 1.000000
  3 -0.283676 2.407940 -0.086149 -0.415418 0.909306 -0.024280 0.014135 0.651081 1 3 1.000000
..\..\..\Desktop\General\noesis\roomitems_025_daruma
  3 -0.283676 2.407940 -0.086149 -0.415418 0.909306 -0.024280 0.014135 0.651081 1 3 1.000000
  3 -0.162250 2.336880 -0.312057 -0.126271 0.781754 -0.610669 0.035916 0.647243 1 3 1.000000
  3 -0.185319 2.341060 -0.336617 -0.294973 0.801242 -0.520579 0.035916 0.651081 1 3 1.000000
..\..\..\Desktop\General\noesis\roomitems_025_daruma
  3 -0.162250 2.336880 -0.312057 -0.126271 0.781754 -0.610669 0.035916 0.647243 1 3 1.000000
  3 0.057561 2.252580 -0.399934 0.315958 0.622072 -0.716378 0.064246 0.647243 1 3 1.000000
  3 -0.185319 2.341060 -0.336617 -0.294973 0.801242 -0.520579 0.035916 0.651081 1 3 1.000000
..\..\..\Desktop\General\noesis\roomitems_025_daruma
  3 0.057561 2.252580 -0.399934 0.315958 0.622072 -0.716378 0.064246 0.647243 1 3 1.000000
  3 0.279283 2.193980 -0.297220 0.713741 0.526717 -0.461674 0.092912 0.647243 1 3 1.000000
  3 0.057224 2.248050 -0.433582 0.130727 0.627439 -0.767614 0.064246 0.651051 1 3 1.000000
..\..\..\Desktop\General\noesis\roomitems_025_daruma
  3 -0.185319 2.341060 -0.336617 -0.294973 0.801242 -0.520579 0.035916 0.651081 1 3 1.000000
  3 0.057561 2.252580 -0.399934 0.315958 0.622072 -0.716378 0.064246 0.647243 1 3 1.000000
  3 0.057224 2.248050 -0.433582 0.130727 0.627439 -0.767614 0.064246 0.651051 1 3 1.000000
..\..\..\Desktop\General\noesis\roomitems_025_daruma
  3 0.279283 2.193980 -0.297220 0.713741 0.526717 -0.461674 0.092912 0.647243 1 3 1.000000
  3 0.373033 2.195400 -0.064080 0.834134 0.551546 0.004207 0.121699 0.647243 1 3 1.000000
  3 0.301875 2.183390 -0.320245 0.612278 0.489645 -0.620776 0.092912 0.651081 1 3 1.000000
..\..\..\Desktop\General\noesis\roomitems_025_daruma
  3 0.057224 2.248050 -0.433582 0.130727 0.627439 -0.767614 0.064246 0.651051 1 3 1.000000
  3 0.279283 2.193980 -0.297220 0.713741 0.526717 -0.461674 0.092912 0.647243 1 3 1.000000
  3 0.301875 2.183390 -0.320245 0.612278 0.489645 -0.620776 0.092912 0.651081 1 3 1.000000
..\..\..\Desktop\General\noesis\roomitems_025_daruma
  3 0.301875 2.183390 -0.320245 0.612278 0.489645 -0.620776 0.092912 0.651081 1 3 1.000000
  3 0.373033 2.195400 -0.064080 0.834134 0.551546 0.004207 0.121699 0.647243 1 3 1.000000
  3 0.405321 2.184960 -0.062995 0.867661 0.468617 -0.166018 0.121699 0.651081 1 3 1.000000
..\..\..\Desktop\General\noesis\roomitems_025_daruma
  3 0.373033 2.195400 -0.064080 0.834134 0.551546 0.004207 0.121699 0.647243 1 3 1.000000
  3 0.283895 2.256011 0.162911 0.606691 0.681961 0.408479 0.150608 0.647273 1 3 1.000000
  3 0.405321 2.184960 -0.062995 0.867661 0.468617 -0.166018 0.121699 0.651081 1 3 1.000000
..\..\..\Desktop\General\noesis\roomitems_025_daruma
  3 0.283895 2.256011 0.162911 0.606691 0.681961 0.408479 0.150608 0.647273 1 3 1.000000
  3 0.064084 2.340311 0.250790 0.164524 0.841627 0.514389 0.179121 0.647273 1 3 1.000000
  3 0.306964 2.251831 0.187471 0.747270 0.576604 0.330327 0.150608 0.651112 1 3 1.000000
..\..\..\Desktop\General\noesis\roomitems_025_daruma
  3 0.405321 2.184960 -0.062995 0.867661 0.468617 -0.166018 0.121699 0.651081 1 3 1.000000
  3 0.283895 2.256011 0.162911 0.606691 0.681961 0.408479 0.150608 0.647273 1 3 1.000000
  3 0.306964 2.251831 0.187471 0.747270 0.576604 0.330327 0.150608 0.651112 1 3 1.000000
..\..\..\Desktop\General\noesis\roomitems_025_daruma
  3 0.306964 2.251831 0.187471 0.747270 0.576604 0.330327 0.150608 0.651112 1 3 1.000000
  3 0.064084 2.340311 0.250790 0.164524 0.841627 0.514389 0.179121 0.647273 1 3 1.000000
  3 0.064421 2.344841 0.284437 0.321527 0.750433 0.577469 0.179121 0.651112 1 3 1.000000
..\..\..\Desktop\General\noesis\roomitems_025_daruma
  3 0.064084 2.340311 0.250790 0.164524 0.841627 0.514389 0.179121 0.647273 1 3 1.000000
  3 -0.157638 2.398911 0.148075 -0.233430 0.937039 0.259747 0.207848 0.647273 1 3 1.000000
  3 0.064421 2.344841 0.284437 0.321527 0.750433 0.577469 0.179121 0.651112 1 3 1.000000
..\..\..\Desktop\General\noesis\roomitems_025_daruma
  3 0.064421 2.344841 0.284437 0.321527 0.750433 0.577469 0.179121 0.651112 1 3 1.000000
  3 -0.157638 2.398911 0.148075 -0.233430 0.937039 0.259747 0.207848 0.647273 1 3 1.000000
  3 -0.180230 2.409500 0.171100 -0.160085 0.888250 0.430563 0.207848 0.651112 1 3 1.000000
..\..\..\Desktop\General\noesis\roomitems_025_daruma
  3 -0.157638 2.398911 0.148075 -0.233430 0.937039 0.259747 0.207848 0.647273 1 3 1.000000
  3 -0.251388 2.397491 -0.085064 -0.353862 0.912258 -0.206319 0.220825 0.647273 1 3 1.000000
  3 -0.180230 2.409500 0.171100 -0.160085 0.888250 0.430563 0.207848 0.651112 1 3 1.000000
..\..\..\Desktop\General\noesis\roomitems_025_daruma
  3 -0.180230 2.409500 0.171100 -0.160085 0.888250 0.430563 0.207848 0.651112 1 3 1.000000
  3 -0.251388 2.397491 -0.085064 -0.353862 0.912258 -0.206319 0.220825 0.647273 1 3 1.000000
  3 -0.283676 2.407940 -0.086149 -0.415418 0.909306 -0.024280 0.220825 0.651142 1 3 1.000000
..\..\..\Desktop\General\noesis\roomitems_025_daruma
  3 -0.283676 2.407940 -0.086149 -0.415418 0.909306 -0.024280 0.014135 0.651081 1 3 1.000000
  3 -0.185319 2.341060 -0.336617 -0.294973 0.801242 -0.520579 0.035916 0.651081 1 3 1.000000
  3 -0.290681 2.386600 -0.083202 -0.947273 -0.314688 -0.060369 0.014135 0.661743 1 3 1.000000
..\..\..\Desktop\General\noesis\roomitems_025_daruma
  3 -0.185319 2.341060 -0.336617 -0.294973 0.801242 -0.520579 0.035916 0.651081 1 3 1.000000
  3 0.057224 2.248050 -0.433582 0.130727 0.627439 -0.767614 0.064246 0.651051 1 3 1.000000
  3 -0.192323 2.319721 -0.333670 -0.653338 -0.483316 -0.582713 0.035916 0.661743 1 3 1.000000
..\..\..\Desktop\General\noesis\roomitems_025_daruma
  3 -0.290681 2.386600 -0.083202 -0.947273 -0.314688 -0.060369 0.014135 0.661743 1 3 1.000000
  3 -0.185319 2.341060 -0.336617 -0.294973 0.801242 -0.520579 0.035916 0.651081 1 3 1.000000
  3 -0.192323 2.319721 -0.333670 -0.653338 -0.483316 -0.582713 0.035916 0.661743 1 3 1.000000
..\..\..\Desktop\General\noesis\roomitems_025_daruma
  3 -0.192323 2.319721 -0.333670 -0.653338 -0.483316 -0.582713 0.035916 0.661743 1 3 1.000000
  3 0.057224 2.248050 -0.433582 0.130727 0.627439 -0.767614 0.064246 0.651051 1 3 1.000000
  3 0.050219 2.226711 -0.430635 -0.082033 -0.689731 -0.719404 0.064246 0.661713 1 3 1.000000
..\..\..\Desktop\General\noesis\roomitems_025_daruma
  3 0.057224 2.248050 -0.433582 0.130727 0.627439 -0.767614 0.064246 0.651051 1 3 1.000000
  3 0.301875 2.183390 -0.320245 0.612278 0.489645 -0.620776 0.092912 0.651081 1 3 1.000000
  3 0.050219 2.226711 -0.430635 -0.082033 -0.689731 -0.719404 0.064246 0.661713 1 3 1.000000
..\..\..\Desktop\General\noesis\roomitems_025_daruma
  3 0.050219 2.226711 -0.430635 -0.082033 -0.689731 -0.719404 0.064246 0.661713 1 3 1.000000
  3 0.301875 2.183390 -0.320245 0.612278 0.489645 -0.620776 0.092912 0.651081 1 3 1.000000
  3 0.294870 2.162050 -0.317297 0.431987 -0.813025 -0.390356 0.092912 0.661743 1 3 1.000000
..\..\..\Desktop\General\noesis\roomitems_025_daruma
  3 0.301875 2.183390 -0.320245 0.612278 0.489645 -0.620776 0.092912 0.651081 1 3 1.000000
  3 0.405321 2.184960 -0.062995 0.867661 0.468617 -0.166018 0.121699 0.651081 1 3 1.000000
  3 0.294870 2.162050 -0.317297 0.431987 -0.813025 -0.390356 0.092912 0.661743 1 3 1.000000
..\..\..\Desktop\General\noesis\roomitems_025_daruma
  3 0.405321 2.184960 -0.062995 0.867661 0.468617 -0.166018 0.121699 0.651081 1 3 1.000000
  3 0.306964 2.251831 0.187471 0.747270 0.576604 0.330327 0.150608 0.651112 1 3 1.000000
  3 0.398316 2.163620 -0.060049 0.587622 -0.780960 0.211666 0.121699 0.661743 1 3 1.000000
..\..\..\Desktop\General\noesis\roomitems_025_daruma
  3 0.294870 2.162050 -0.317297 0.431987 -0.813025 -0.390356 0.092912 0.661743 1 3 1.000000
  3 0.405321 2.184960 -0.062995 0.867661 0.468617 -0.166018 0.121699 0.651081 1 3 1.000000
  3 0.398316 2.163620 -0.060049 0.587622 -0.780960 0.211666 0.121699 0.661743 1 3 1.000000
..\..\..\Desktop\General\noesis\roomitems_025_daruma
  3 0.398316 2.163620 -0.060049 0.587622 -0.780960 0.211666 0.121699 0.661743 1 3 1.000000
  3 0.306964 2.251831 0.187471 0.747270 0.576604 0.330327 0.150608 0.651112 1 3 1.000000
  3 0.299959 2.230490 0.190418 0.293681 -0.612340 0.734024 0.150608 0.661774 1 3 1.000000
..\..\..\Desktop\General\noesis\roomitems_025_daruma
  3 0.306964 2.251831 0.187471 0.747270 0.576604 0.330327 0.150608 0.651112 1 3 1.000000
  3 0.064421 2.344841 0.284437 0.321527 0.750433 0.577469 0.179121 0.651112 1 3 1.000000
  3 0.299959 2.230490 0.190418 0.293681 -0.612340 0.734024 0.150608 0.661774 1 3 1.000000
..\..\..\Desktop\General\noesis\roomitems_025_daruma
  3 0.299959 2.230490 0.190418 0.293681 -0.612340 0.734024 0.150608 0.661774 1 3 1.000000
  3 0.064421 2.344841 0.284437 0.321527 0.750433 0.577469 0.179121 0.651112 1 3 1.000000
  3 0.057416 2.323500 0.287384 -0.277639 -0.405925 0.870713 0.179121 0.661774 1 3 1.000000
..\..\..\Desktop\General\noesis\roomitems_025_daruma
  3 0.064421 2.344841 0.284437 0.321527 0.750433 0.577469 0.179121 0.651112 1 3 1.000000
  3 -0.180230 2.409500 0.171100 -0.160085 0.888250 0.430563 0.207848 0.651112 1 3 1.000000
  3 0.057416 2.323500 0.287384 -0.277639 -0.405925 0.870713 0.179121 0.661774 1 3 1.000000
..\..\..\Desktop\General\noesis\roomitems_025_daruma
  3 0.057416 2.323500 0.287384 -0.277639 -0.405925 0.870713 0.179121 0.661774 1 3 1.000000
  3 -0.180230 2.409500 0.171100 -0.160085 0.888250 0.430563 0.207848 0.651112 1 3 1.000000
  3 -0.187235 2.388160 0.174047 -0.791657 -0.282630 0.541663 0.207848 0.661774 1 3 1.000000
..\..\..\Desktop\General\noesis\roomitems_025_daruma
  3 -0.180230 2.409500 0.171100 -0.160085 0.888250 0.430563 0.207848 0.651112 1 3 1.000000
  3 -0.283676 2.407940 -0.086149 -0.415418 0.909306 -0.024280 0.220825 0.651142 1 3 1.000000
  3 -0.187235 2.388160 0.174047 -0.791657 -0.282630 0.541663 0.207848 0.661774 1 3 1.000000
..\..\..\Desktop\General\noesis\roomitems_025_daruma
  3 -0.187235 2.388160 0.174047 -0.791657 -0.282630 0.541663 0.207848 0.661774 1 3 1.000000
  3 -0.283676 2.407940 -0.086149 -0.415418 0.909306 -0.024280 0.220825 0.651142 1 3 1.000000
  3 -0.290681 2.386600 -0.083202 -0.947273 -0.314688 -0.060369 0.220825 0.661804 1 3 1.000000
..\..\..\Desktop\General\noesis\roomitems_025_daruma
  3 -0.192323 2.319721 -0.333670 -0.653338 -0.483316 -0.582713 0.183660 0.286868 1 3 1.000000
  3 0.053818 2.275110 -0.071625 -0.309245 -0.942043 0.130086 0.183660 0.235599 1 3 1.000000
  3 -0.290681 2.386600 -0.083202 -0.947273 -0.314688 -0.060369 0.220642 0.271850 1 3 1.000000
..\..\..\Desktop\General\noesis\roomitems_025_daruma
  3 0.050219 2.226711 -0.430635 -0.082033 -0.689731 -0.719404 0.146648 0.271850 1 3 1.000000
  3 0.053818 2.275110 -0.071625 -0.309245 -0.942043 0.130086 0.183660 0.235599 1 3 1.000000
  3 -0.192323 2.319721 -0.333670 -0.653338 -0.483316 -0.582713 0.183660 0.286868 1 3 1.000000
..\..\..\Desktop\General\noesis\roomitems_025_daruma
  3 0.294870 2.162050 -0.317297 0.431987 -0.813025 -0.390356 0.131325 0.235599 1 3 1.000000
  3 0.053818 2.275110 -0.071625 -0.309245 -0.942043 0.130086 0.183660 0.235599 1 3 1.000000
  3 0.050219 2.226711 -0.430635 -0.082033 -0.689731 -0.719404 0.146648 0.271850 1 3 1.000000
..\..\..\Desktop\General\noesis\roomitems_025_daruma
  3 0.398316 2.163620 -0.060049 0.587622 -0.780960 0.211666 0.146648 0.199349 1 3 1.000000
  3 0.053818 2.275110 -0.071625 -0.309245 -0.942043 0.130086 0.183660 0.235599 1 3 1.000000
  3 0.294870 2.162050 -0.317297 0.431987 -0.813025 -0.390356 0.131325 0.235599 1 3 1.000000
..\..\..\Desktop\General\noesis\roomitems_025_daruma
  3 0.299959 2.230490 0.190418 0.293681 -0.612340 0.734024 0.183660 0.184330 1 3 1.000000
  3 0.053818 2.275110 -0.071625 -0.309245 -0.942043 0.130086 0.183660 0.235599 1 3 1.000000
  3 0.398316 2.163620 -0.060049 0.587622 -0.780960 0.211666 0.146648 0.199349 1 3 1.000000
..\..\..\Desktop\General\noesis\roomitems_025_daruma
  3 0.057416 2.323500 0.287384 -0.277639 -0.405925 0.870713 0.220642 0.199349 1 3 1.000000
  3 0.053818 2.275110 -0.071625 -0.309245 -0.942043 0.130086 0.183660 0.235599 1 3 1.000000
  3 0.299959 2.230490 0.190418 0.293681 -0.612340 0.734024 0.183660 0.184330 1 3 1.000000
..\..\..\Desktop\General\noesis\roomitems_025_daruma
  3 -0.290681 2.386600 -0.083202 -0.947273 -0.314688 -0.060369 0.220642 0.271850 1 3 1.000000
  3 0.053818 2.275110 -0.071625 -0.309245 -0.942043 0.130086 0.183660 0.235599 1 3 1.000000
  3 -0.187235 2.388160 0.174047 -0.791657 -0.282630 0.541663 0.235995 0.235599 1 3 1.000000
..\..\..\Desktop\General\noesis\roomitems_025_daruma
  3 -0.187235 2.388160 0.174047 -0.791657 -0.282630 0.541663 0.235995 0.235599 1 3 1.000000
  3 0.053818 2.275110 -0.071625 -0.309245 -0.942043 0.130086 0.183660 0.235599 1 3 1.000000
  3 0.057416 2.323500 0.287384 -0.277639 -0.405925 0.870713 0.220642 0.199349 1 3 1.000000
..\..\..\Desktop\General\noesis\roomitems_025_daruma
  3 0.386263 2.533361 0.135728 0.293079 0.944692 -0.147183 0.007951 0.075365 1 3 1.000000
  3 0.446023 2.471281 0.023746 0.398397 0.846038 -0.354260 0.130411 0.075365 1 3 1.000000
  3 0.371839 2.522201 0.126711 -0.542103 0.422515 -0.726364 0.007951 0.057879 1 3 1.000000
..\..\..\Desktop\General\noesis\roomitems_025_daruma
  3 0.371839 2.522201 0.126711 -0.542103 0.422515 -0.726364 0.007951 0.057879 1 3 1.000000
  3 0.446023 2.471281 0.023746 0.398397 0.846038 -0.354260 0.130411 0.075365 1 3 1.000000
  3 0.429320 2.461170 0.019936 -0.874555 0.220760 -0.431761 0.130411 0.057879 1 3 1.000000
..\..\..\Desktop\General\noesis\roomitems_025_daruma
  3 0.371839 2.522201 0.126711 -0.542103 0.422515 -0.726364 0.007951 0.057879 1 3 1.000000
  3 0.429320 2.461170 0.019936 -0.874555 0.220760 -0.431761 0.130411 0.057879 1 3 1.000000
  3 0.377883 2.507331 0.139484 -0.282681 -0.946107 0.158026 0.007951 0.040424 1 3 1.000000
..\..\..\Desktop\General\noesis\roomitems_025_daruma
  3 0.377883 2.507331 0.139484 -0.282681 -0.946107 0.158026 0.007951 0.040424 1 3 1.000000
  3 0.429320 2.461170 0.019936 -0.874555 0.220760 -0.431761 0.130411 0.057879 1 3 1.000000
  3 0.437289 2.444530 0.027479 -0.370945 -0.816558 0.442304 0.130411 0.040424 1 3 1.000000
..\..\..\Desktop\General\noesis\roomitems_025_daruma
  3 0.437289 2.444530 0.027479 -0.370945 -0.816558 0.442304 0.130411 0.040424 1 3 1.000000
  3 0.453874 2.454771 0.031933 0.891769 -0.262965 0.368235 0.130411 0.022938 1 3 1.000000
  3 0.377883 2.507331 0.139484 -0.282681 -0.946107 0.158026 0.007951 0.040424 1 3 1.000000
..\..\..\Desktop\General\noesis\roomitems_025_daruma
  3 0.377883 2.507331 0.139484 -0.282681 -0.946107 0.158026 0.007951 0.040424 1 3 1.000000
  3 0.453874 2.454771 0.031933 0.891769 -0.262965 0.368235 0.130411 0.022938 1 3 1.000000
  3 0.392307 2.518491 0.148502 0.743120 0.190520 0.641464 0.007951 0.022938 1 3 1.000000
..\..\..\Desktop\General\noesis\roomitems_025_daruma
  3 0.392307 2.518491 0.148502 0.743120 0.190520 0.641464 0.007951 0.022938 1 3 1.000000
  3 0.446023 2.471281 0.023746 0.398397 0.846038 -0.354260 0.130411 0.005453 1 3 1.000000
  3 0.386263 2.533361 0.135728 0.293079 0.944692 -0.147183 0.007951 0.005453 1 3 1.000000
..\..\..\Desktop\General\noesis\roomitems_025_daruma
  3 0.453874 2.454771 0.031933 0.891769 -0.262965 0.368235 0.130411 0.022938 1 3 1.000000
  3 0.446023 2.471281 0.023746 0.398397 0.846038 -0.354260 0.130411 0.005453 1 3 1.000000
  3 0.392307 2.518491 0.148502 0.743120 0.190520 0.641464 0.007951 0.022938 1 3 1.000000
..\..\..\Desktop\General\noesis\roomitems_025_daruma
  3 0.446023 2.471281 0.023746 0.398397 0.846038 -0.354260 0.130411 0.075365 1 3 1.000000
  3 0.452767 2.393070 -0.092703 0.313019 0.762969 -0.565595 0.252872 0.075365 1 3 1.000000
  3 0.429320 2.461170 0.019936 -0.874555 0.220760 -0.431761 0.130411 0.057879 1 3 1.000000
..\..\..\Desktop\General\noesis\roomitems_025_daruma
  3 0.429320 2.461170 0.019936 -0.874555 0.220760 -0.431761 0.130411 0.057879 1 3 1.000000
  3 0.452767 2.393070 -0.092703 0.313019 0.762969 -0.565595 0.252872 0.075365 1 3 1.000000
  3 0.433793 2.384011 -0.091311 -0.953961 0.297284 -0.039755 0.252872 0.057879 1 3 1.000000
..\..\..\Desktop\General\noesis\roomitems_025_daruma
  3 0.429320 2.461170 0.019936 -0.874555 0.220760 -0.431761 0.130411 0.057879 1 3 1.000000
  3 0.433793 2.384011 -0.091311 -0.953961 0.297284 -0.039755 0.252872 0.057879 1 3 1.000000
  3 0.437289 2.444530 0.027479 -0.370945 -0.816558 0.442304 0.130411 0.040424 1 3 1.000000
..\..\..\Desktop\General\noesis\roomitems_025_daruma
  3 0.452767 2.393070 -0.092703 0.313019 0.762969 -0.565595 0.252872 0.075365 1 3 1.000000
  3 0.393824 2.306520 -0.202171 0.084692 0.734948 -0.672814 0.375302 0.075365 1 3 1.000000
  3 0.433793 2.384011 -0.091311 -0.953961 0.297284 -0.039755 0.252872 0.057879 1 3 1.000000
..\..\..\Desktop\General\noesis\roomitems_025_daruma
  3 0.433793 2.384011 -0.091311 -0.953961 0.297284 -0.039755 0.252872 0.057879 1 3 1.000000
  3 0.393824 2.306520 -0.202171 0.084692 0.734948 -0.672814 0.375302 0.075365 1 3 1.000000
  3 0.378210 2.297370 -0.193707 -0.881323 0.300855 0.364357 0.375302 0.057879 1 3 1.000000
..\..\..\Desktop\General\noesis\roomitems_025_daruma
  3 0.433793 2.384011 -0.091311 -0.953961 0.297284 -0.039755 0.252872 0.057879 1 3 1.000000
  3 0.378210 2.297370 -0.193707 -0.881323 0.300855 0.364357 0.375302 0.057879 1 3 1.000000
  3 0.443695 2.365591 -0.089007 -0.197611 -0.759330 0.619974 0.252872 0.040424 1 3 1.000000
..\..\..\Desktop\General\noesis\roomitems_025_daruma
  3 0.437289 2.444530 0.027479 -0.370945 -0.816558 0.442304 0.130411 0.040424 1 3 1.000000
  3 0.433793 2.384011 -0.091311 -0.953961 0.297284 -0.039755 0.252872 0.057879 1 3 1.000000
  3 0.443695 2.365591 -0.089007 -0.197611 -0.759330 0.619974 0.252872 0.040424 1 3 1.000000
..\..\..\Desktop\General\noesis\roomitems_025_daruma
  3 0.443695 2.365591 -0.089007 -0.197611 -0.759330 0.619974 0.252872 0.040424 1 3 1.000000
  3 0.378210 2.297370 -0.193707 -0.881323 0.300855 0.364357 0.375302 0.057879 1 3 1.000000
  3 0.386564 2.279070 -0.194499 0.038122 -0.746862 0.663885 0.375302 0.040424 1 3 1.000000
..\..\..\Desktop\General\noesis\roomitems_025_daruma
  3 0.386564 2.279070 -0.194499 0.038122 -0.746862 0.663885 0.375302 0.040424 1 3 1.000000
  3 0.402554 2.288121 -0.202821 0.868270 -0.349932 -0.351646 0.375302 0.022938 1 3 1.000000
  3 0.443695 2.365591 -0.089007 -0.197611 -0.759330 0.619974 0.252872 0.040424 1 3 1.000000
..\..\..\Desktop\General\noesis\roomitems_025_daruma
  3 0.437289 2.444530 0.027479 -0.370945 -0.816558 0.442304 0.130411 0.040424 1 3 1.000000
  3 0.462433 2.374911 -0.089108 0.935146 -0.354246 0.003517 0.252872 0.022938 1 3 1.000000
  3 0.453874 2.454771 0.031933 0.891769 -0.262965 0.368235 0.130411 0.022938 1 3 1.000000
..\..\..\Desktop\General\noesis\roomitems_025_daruma
  3 0.443695 2.365591 -0.089007 -0.197611 -0.759330 0.619974 0.252872 0.040424 1 3 1.000000
  3 0.402554 2.288121 -0.202821 0.868270 -0.349932 -0.351646 0.375302 0.022938 1 3 1.000000
  3 0.462433 2.374911 -0.089108 0.935146 -0.354246 0.003517 0.252872 0.022938 1 3 1.000000
..\..\..\Desktop\General\noesis\roomitems_025_daruma
  3 0.443695 2.365591 -0.089007 -0.197611 -0.759330 0.619974 0.252872 0.040424 1 3 1.000000
  3 0.462433 2.374911 -0.089108 0.935146 -0.354246 0.003517 0.252872 0.022938 1 3 1.000000
  3 0.437289 2.444530 0.027479 -0.370945 -0.816558 0.442304 0.130411 0.040424 1 3 1.000000
..\..\..\Desktop\General\noesis\roomitems_025_daruma
  3 0.402554 2.288121 -0.202821 0.868270 -0.349932 -0.351646 0.375302 0.022938 1 3 1.000000
  3 0.393824 2.306520 -0.202171 0.084692 0.734948 -0.672814 0.375302 0.005453 1 3 1.000000
  3 0.462433 2.374911 -0.089108 0.935146 -0.354246 0.003517 0.252872 0.022938 1 3 1.000000
..\..\..\Desktop\General\noesis\roomitems_025_daruma
  3 0.453874 2.454771 0.031933 0.891769 -0.262965 0.368235 0.130411 0.022938 1 3 1.000000
  3 0.452767 2.393070 -0.092703 0.313019 0.762969 -0.565595 0.252872 0.005453 1 3 1.000000
  3 0.446023 2.471281 0.023746 0.398397 0.846038 -0.354260 0.130411 0.005453 1 3 1.000000
..\..\..\Desktop\General\noesis\roomitems_025_daruma
  3 0.462433 2.374911 -0.089108 0.935146 -0.354246 0.003517 0.252872 0.022938 1 3 1.000000
  3 0.393824 2.306520 -0.202171 0.084692 0.734948 -0.672814 0.375302 0.005453 1 3 1.000000
  3 0.452767 2.393070 -0.092703 0.313019 0.762969 -0.565595 0.252872 0.005453 1 3 1.000000
..\..\..\Desktop\General\noesis\roomitems_025_daruma
  3 0.462433 2.374911 -0.089108 0.935146 -0.354246 0.003517 0.252872 0.022938 1 3 1.000000
  3 0.452767 2.393070 -0.092703 0.313019 0.762969 -0.565595 0.252872 0.005453 1 3 1.000000
  3 0.453874 2.454771 0.031933 0.891769 -0.262965 0.368235 0.130411 0.022938 1 3 1.000000
..\..\..\Desktop\General\noesis\roomitems_025_daruma
  3 0.378210 2.297370 -0.193707 -0.881323 0.300855 0.364357 0.375302 0.057879 1 3 1.000000
  3 0.274287 2.186881 -0.299114 -0.730180 0.029178 0.682631 0.497762 0.057879 1 3 1.000000
  3 0.386564 2.279070 -0.194499 0.038122 -0.746862 0.663885 0.375302 0.040424 1 3 1.000000
..\..\..\Desktop\General\noesis\roomitems_025_daruma
  3 0.386564 2.279070 -0.194499 0.038122 -0.746862 0.663885 0.375302 0.040424 1 3 1.000000
  3 0.274287 2.186881 -0.299114 -0.730180 0.029178 0.682631 0.497762 0.057879 1 3 1.000000
  3 0.284960 2.170220 -0.299912 0.158871 -0.759355 0.630983 0.497762 0.040424 1 3 1.000000
..\..\..\Desktop\General\noesis\roomitems_025_daruma
  3 0.393824 2.306520 -0.202171 0.084692 0.734948 -0.672814 0.375302 0.075365 1 3 1.000000
  3 0.277747 2.190480 -0.320690 -0.127200 0.766944 -0.628981 0.497762 0.075365 1 3 1.000000
  3 0.378210 2.297370 -0.193707 -0.881323 0.300855 0.364357 0.375302 0.057879 1 3 1.000000
..\..\..\Desktop\General\noesis\roomitems_025_daruma
  3 0.378210 2.297370 -0.193707 -0.881323 0.300855 0.364357 0.375302 0.057879 1 3 1.000000
  3 0.277747 2.190480 -0.320690 -0.127200 0.766944 -0.628981 0.497762 0.075365 1 3 1.000000
  3 0.274287 2.186881 -0.299114 -0.730180 0.029178 0.682631 0.497762 0.057879 1 3 1.000000
..\..\..\Desktop\General\noesis\roomitems_025_daruma
  3 0.386564 2.279070 -0.194499 0.038122 -0.746862 0.663885 0.375302 0.040424 1 3 1.000000
  3 0.294336 2.177470 -0.319547 0.817285 -0.520569 -0.247088 0.497762 0.022938 1 3 1.000000
  3 0.402554 2.288121 -0.202821 0.868270 -0.349932 -0.351646 0.375302 0.022938 1 3 1.000000
..\..\..\Desktop\General\noesis\roomitems_025_daruma
  3 0.284960 2.170220 -0.299912 0.158871 -0.759355 0.630983 0.497762 0.040424 1 3 1.000000
  3 0.294336 2.177470 -0.319547 0.817285 -0.520569 -0.247088 0.497762 0.022938 1 3 1.000000
  3 0.386564 2.279070 -0.194499 0.038122 -0.746862 0.663885 0.375302 0.040424 1 3 1.000000
..\..\..\Desktop\General\noesis\roomitems_025_daruma
  3 0.402554 2.288121 -0.202821 0.868270 -0.349932 -0.351646 0.375302 0.022938 1 3 1.000000
  3 0.277747 2.190480 -0.320690 -0.127200 0.766944 -0.628981 0.497762 0.005453 1 3 1.000000
  3 0.393824 2.306520 -0.202171 0.084692 0.734948 -0.672814 0.375302 0.005453 1 3 1.000000
..\..\..\Desktop\General\noesis\roomitems_025_daruma
  3 0.294336 2.177470 -0.319547 0.817285 -0.520569 -0.247088 0.497762 0.022938 1 3 1.000000
  3 0.277747 2.190480 -0.320690 -0.127200 0.766944 -0.628981 0.497762 0.005453 1 3 1.000000
  3 0.402554 2.288121 -0.202821 0.868270 -0.349932 -0.351646 0.375302 0.022938 1 3 1.000000
..\..\..\Desktop\General\noesis\roomitems_025_daruma
  3 -0.028702 2.836581 -0.146452 -0.680436 0.732213 0.029521 0.014531 0.306121 1 3 1.000000
  3 -0.001519 2.848661 -0.148354 -0.124375 0.974037 -0.189162 0.015658 0.295306 1 3 1.000000
  3 0.040142 2.789771 -0.321764 -0.525087 0.592833 -0.610601 0.035520 0.306121 1 3 1.000000
..\..\..\Desktop\General\noesis\roomitems_025_daruma
  3 0.040142 2.789771 -0.321764 -0.525087 0.592833 -0.610601 0.035520 0.306121 1 3 1.000000
  3 0.061332 2.805931 -0.308406 0.030291 0.885306 -0.464022 0.035459 0.295306 1 3 1.000000
  3 0.209906 2.724671 -0.389633 0.024012 0.368669 -0.929251 0.064246 0.306121 1 3 1.000000
..\..\..\Desktop\General\noesis\roomitems_025_daruma
  3 0.040142 2.789771 -0.321764 -0.525087 0.592833 -0.610601 0.035520 0.306121 1 3 1.000000
  3 -0.001519 2.848661 -0.148354 -0.124375 0.974037 -0.189162 0.015658 0.295306 1 3 1.000000
  3 0.061332 2.805931 -0.308406 0.030291 0.885306 -0.464022 0.035459 0.295306 1 3 1.000000
..\..\..\Desktop\General\noesis\roomitems_025_daruma
  3 0.064584 2.849671 0.016032 -0.042495 0.990909 0.127648 0.207817 0.295306 1 3 1.000000
  3 -0.028702 2.836581 -0.146452 -0.680436 0.732213 0.029521 0.220825 0.306121 1 3 1.000000
  3 0.043704 2.837681 0.033605 -0.351070 0.705061 0.616149 0.207848 0.306121 1 3 1.000000
..\..\..\Desktop\General\noesis\roomitems_025_daruma
  3 -0.001519 2.848661 -0.148354 -0.124375 0.974037 -0.189162 0.219606 0.295306 1 3 1.000000
  3 -0.028702 2.836581 -0.146452 -0.680436 0.732213 0.029521 0.220825 0.306121 1 3 1.000000
  3 0.064584 2.849671 0.016032 -0.042495 0.990909 0.127648 0.207817 0.295306 1 3 1.000000
..\..\..\Desktop\General\noesis\roomitems_025_daruma
  3 0.209906 2.724671 -0.389633 0.024012 0.368669 -0.929251 0.064246 0.306121 1 3 1.000000
  3 0.061332 2.805931 -0.308406 0.030291 0.885306 -0.464022 0.035459 0.295306 1 3 1.000000
  3 0.216321 2.746491 -0.370368 0.330932 0.776700 -0.535931 0.064185 0.295306 1 3 1.000000
..\..\..\Desktop\General\noesis\roomitems_025_daruma
  3 0.209906 2.724671 -0.389633 0.024012 0.368669 -0.929251 0.064246 0.306121 1 3 1.000000
  3 0.216321 2.746491 -0.370368 0.330932 0.776700 -0.535931 0.064185 0.295306 1 3 1.000000
  3 0.381146 2.679421 -0.310305 0.645138 0.190994 -0.739810 0.092912 0.306121 1 3 1.000000
..\..\..\Desktop\General\noesis\roomitems_025_daruma
  3 0.381146 2.679421 -0.310305 0.645138 0.190994 -0.739810 0.092912 0.306121 1 3 1.000000
  3 0.216321 2.746491 -0.370368 0.330932 0.776700 -0.535931 0.064185 0.295306 1 3 1.000000
  3 0.372657 2.705181 -0.297945 0.601413 0.711816 -0.362794 0.092912 0.295306 1 3 1.000000
..\..\..\Desktop\General\noesis\roomitems_025_daruma
  3 0.381146 2.679421 -0.310305 0.645138 0.190994 -0.739810 0.092912 0.306121 1 3 1.000000
  3 0.372657 2.705181 -0.297945 0.601413 0.711816 -0.362794 0.092912 0.295306 1 3 1.000000
  3 0.453552 2.680511 -0.130247 0.974507 0.163855 -0.153254 0.121699 0.306121 1 3 1.000000
..\..\..\Desktop\General\noesis\roomitems_025_daruma
  3 0.453552 2.680511 -0.130247 0.974507 0.163855 -0.153254 0.121699 0.306121 1 3 1.000000
  3 0.438760 2.706181 -0.133558 0.683317 0.728672 -0.045982 0.121638 0.295306 1 3 1.000000
  3 0.384708 2.727321 0.045064 0.819183 0.303209 0.486831 0.150395 0.306121 1 3 1.000000
..\..\..\Desktop\General\noesis\roomitems_025_daruma
  3 0.453552 2.680511 -0.130247 0.974507 0.163855 -0.153254 0.121699 0.306121 1 3 1.000000
  3 0.372657 2.705181 -0.297945 0.601413 0.711816 -0.362794 0.092912 0.295306 1 3 1.000000
  3 0.438760 2.706181 -0.133558 0.683317 0.728672 -0.045982 0.121638 0.295306 1 3 1.000000
..\..\..\Desktop\General\noesis\roomitems_025_daruma
  3 0.384708 2.727321 0.045064 0.819183 0.303209 0.486831 0.150395 0.306121 1 3 1.000000
  3 0.375909 2.748911 0.026494 0.528643 0.817403 0.228887 0.150364 0.295306 1 3 1.000000
  3 0.214944 2.792421 0.112934 0.270128 0.527367 0.805552 0.179121 0.306121 1 3 1.000000
..\..\..\Desktop\General\noesis\roomitems_025_daruma
  3 0.384708 2.727321 0.045064 0.819183 0.303209 0.486831 0.150395 0.306121 1 3 1.000000
  3 0.438760 2.706181 -0.133558 0.683317 0.728672 -0.045982 0.121638 0.295306 1 3 1.000000
  3 0.375909 2.748911 0.026494 0.528643 0.817403 0.228887 0.150364 0.295306 1 3 1.000000
..\..\..\Desktop\General\noesis\roomitems_025_daruma
  3 0.214944 2.792421 0.112934 0.270128 0.527367 0.805552 0.179121 0.306121 1 3 1.000000
  3 0.220920 2.808351 0.088457 0.228008 0.926012 0.300856 0.179091 0.295306 1 3 1.000000
  3 0.043704 2.837681 0.033605 -0.351070 0.705061 0.616149 0.207848 0.306121 1 3 1.000000
..\..\..\Desktop\General\noesis\roomitems_025_daruma
  3 0.214944 2.792421 0.112934 0.270128 0.527367 0.805552 0.179121 0.306121 1 3 1.000000
  3 0.375909 2.748911 0.026494 0.528643 0.817403 0.228887 0.150364 0.295306 1 3 1.000000
  3 0.220920 2.808351 0.088457 0.228008 0.926012 0.300856 0.179091 0.295306 1 3 1.000000
..\..\..\Desktop\General\noesis\roomitems_025_daruma
  3 0.043704 2.837681 0.033605 -0.351070 0.705061 0.616149 0.207848 0.306121 1 3 1.000000
  3 0.220920 2.808351 0.088457 0.228008 0.926012 0.300856 0.179091 0.295306 1 3 1.000000
  3 0.064584 2.849671 0.016032 -0.042495 0.990909 0.127648 0.207817 0.295306 1 3 1.000000
..\..\..\Desktop\General\noesis\roomitems_025_daruma
  3 0.048956 2.125340 0.320007 -0.224485 -0.675913 0.701960 0.214671 0.101441 1 3 1.000000
  3 0.089015 2.125340 0.314817 0.591374 -0.562219 0.578089 0.229385 0.101441 1 3 1.000000
  3 0.071245 2.163540 0.334829 0.126965 0.156419 0.979496 0.222074 0.128827 1 3 1.000000
..\..\..\Desktop\General\noesis\roomitems_025_daruma
  3 0.028224 2.159900 0.317178 -0.745531 -0.027053 0.665921 0.206325 0.128827 1 3 1.000000
  3 0.048956 2.125340 0.320007 -0.224485 -0.675913 0.701960 0.214671 0.101441 1 3 1.000000
  3 0.071245 2.163540 0.334829 0.126965 0.156419 0.979496 0.222074 0.128827 1 3 1.000000
..\..\..\Desktop\General\noesis\roomitems_025_daruma
  3 0.047551 2.194450 0.309154 -0.450830 0.735393 0.505915 0.214671 0.156183 1 3 1.000000
  3 0.028224 2.159900 0.317178 -0.745531 -0.027053 0.665921 0.206325 0.128827 1 3 1.000000
  3 0.071245 2.163540 0.334829 0.126965 0.156419 0.979496 0.222074 0.128827 1 3 1.000000
..\..\..\Desktop\General\noesis\roomitems_025_daruma
  3 0.087607 2.194450 0.303963 0.364953 0.849064 0.381968 0.229385 0.156183 1 3 1.000000
  3 0.047551 2.194450 0.309154 -0.450830 0.735393 0.505915 0.214671 0.156183 1 3 1.000000
  3 0.071245 2.163540 0.334829 0.126965 0.156419 0.979496 0.222074 0.128827 1 3 1.000000
..\..\..\Desktop\General\noesis\roomitems_025_daruma
  3 0.108340 2.159900 0.306793 0.886042 0.200283 0.418111 0.237457 0.128827 1 3 1.000000
  3 0.087607 2.194450 0.303963 0.364953 0.849064 0.381968 0.229385 0.156183 1 3 1.000000
  3 0.071245 2.163540 0.334829 0.126965 0.156419 0.979496 0.222074 0.128827 1 3 1.000000
..\..\..\Desktop\General\noesis\roomitems_025_daruma
  3 0.089015 2.125340 0.314817 0.591374 -0.562219 0.578089 0.229385 0.101441 1 3 1.000000
  3 0.108340 2.159900 0.306793 0.886042 0.200283 0.418111 0.237457 0.128827 1 3 1.000000
  3 0.071245 2.163540 0.334829 0.126965 0.156419 0.979496 0.222074 0.128827 1 3 1.000000
..\..\..\Desktop\General\noesis\roomitems_025_daruma
  3 0.089015 2.125340 0.314817 0.591374 -0.562219 0.578089 0.229385 0.101441 1 3 1.000000
  3 0.048956 2.125340 0.320007 -0.224485 -0.675913 0.701960 0.214671 0.101441 1 3 1.000000
  3 0.089262 2.116350 0.292411 0.364608 -0.862791 0.350217 0.233772 0.082432 1 3 1.000000
..\..\..\Desktop\General\noesis\roomitems_025_daruma
  3 0.048956 2.125340 0.320007 -0.224485 -0.675913 0.701960 0.214671 0.101441 1 3 1.000000
  3 0.028224 2.159900 0.317178 -0.745531 -0.027053 0.665921 0.206325 0.128827 1 3 1.000000
  3 0.043006 2.116350 0.298408 -0.580888 -0.682224 0.444005 0.210224 0.082432 1 3 1.000000
..\..\..\Desktop\General\noesis\roomitems_025_daruma
  3 0.089262 2.116350 0.292411 0.364608 -0.862791 0.350217 0.233772 0.082432 1 3 1.000000
  3 0.048956 2.125340 0.320007 -0.224485 -0.675913 0.701960 0.214671 0.101441 1 3 1.000000
  3 0.043006 2.116350 0.298408 -0.580888 -0.682224 0.444005 0.210224 0.082432 1 3 1.000000
..\..\..\Desktop\General\noesis\roomitems_025_daruma
  3 0.028224 2.159900 0.317178 -0.745531 -0.027053 0.665921 0.206325 0.128827 1 3 1.000000
  3 0.047551 2.194450 0.309154 -0.450830 0.735393 0.505915 0.214671 0.156183 1 3 1.000000
  3 0.019066 2.156250 0.295138 -0.913147 0.220368 0.342929 0.196698 0.128827 1 3 1.000000
..\..\..\Desktop\General\noesis\roomitems_025_daruma
  3 0.043006 2.116350 0.298408 -0.580888 -0.682224 0.444005 0.210224 0.082432 1 3 1.000000
  3 0.028224 2.159900 0.317178 -0.745531 -0.027053 0.665921 0.206325 0.128827 1 3 1.000000
  3 0.019066 2.156250 0.295138 -0.913147 0.220368 0.342929 0.196698 0.128827 1 3 1.000000
..\..\..\Desktop\General\noesis\roomitems_025_daruma
  3 0.019066 2.156250 0.295138 -0.913147 0.220368 0.342929 0.196698 0.128827 1 3 1.000000
  3 0.047551 2.194450 0.309154 -0.450830 0.735393 0.505915 0.214671 0.156183 1 3 1.000000
  3 0.041382 2.196141 0.285874 -0.300014 0.942390 0.147962 0.210224 0.175222 1 3 1.000000
..\..\..\Desktop\General\noesis\roomitems_025_daruma
  3 0.047551 2.194450 0.309154 -0.450830 0.735393 0.505915 0.214671 0.156183 1 3 1.000000
  3 0.087607 2.194450 0.303963 0.364953 0.849064 0.381968 0.229385 0.156183 1 3 1.000000
  3 0.041382 2.196141 0.285874 -0.300014 0.942390 0.147962 0.210224 0.175222 1 3 1.000000
..\..\..\Desktop\General\noesis\roomitems_025_daruma
  3 0.087607 2.194450 0.303963 0.364953 0.849064 0.381968 0.229385 0.156183 1 3 1.000000
  3 0.108340 2.159900 0.306793 0.886042 0.200283 0.418111 0.237457 0.128827 1 3 1.000000
  3 0.087635 2.196141 0.279878 0.645426 0.761891 0.054294 0.233772 0.175222 1 3 1.000000
..\..\..\Desktop\General\noesis\roomitems_025_daruma
  3 0.041382 2.196141 0.285874 -0.300014 0.942390 0.147962 0.210224 0.175222 1 3 1.000000
  3 0.087607 2.194450 0.303963 0.364953 0.849064 0.381968 0.229385 0.156183 1 3 1.000000
  3 0.087635 2.196141 0.279878 0.645426 0.761891 0.054294 0.233772 0.175222 1 3 1.000000
..\..\..\Desktop\General\noesis\roomitems_025_daruma
  3 0.087635 2.196141 0.279878 0.645426 0.761891 0.054294 0.233772 0.175222 1 3 1.000000
  3 0.108340 2.159900 0.306793 0.886042 0.200283 0.418111 0.237457 0.128827 1 3 1.000000
  3 0.111577 2.156250 0.283148 0.977774 -0.140622 0.155509 0.246505 0.128827 1 3 1.000000
..\..\..\Desktop\General\noesis\roomitems_025_daruma
  3 0.108340 2.159900 0.306793 0.886042 0.200283 0.418111 0.237457 0.128827 1 3 1.000000
  3 0.089015 2.125340 0.314817 0.591374 -0.562219 0.578089 0.229385 0.101441 1 3 1.000000
  3 0.111577 2.156250 0.283148 0.977774 -0.140622 0.155509 0.246505 0.128827 1 3 1.000000
..\..\..\Desktop\General\noesis\roomitems_025_daruma
  3 0.111577 2.156250 0.283148 0.977774 -0.140622 0.155509 0.246505 0.128827 1 3 1.000000
  3 0.089015 2.125340 0.314817 0.591374 -0.562219 0.578089 0.229385 0.101441 1 3 1.000000
  3 0.089262 2.116350 0.292411 0.364608 -0.862791 0.350217 0.233772 0.082432 1 3 1.000000
..\..\..\Desktop\General\noesis\roomitems_025_daruma
  3 -0.115463 2.134920 0.295601 -0.661968 0.748890 -0.031021 0.272673 0.090444 1 3 1.000000
  3 -0.172865 2.096900 0.602734 -0.439107 0.801838 0.405266 0.272673 0.408902 1 3 1.000000
  3 -0.061491 2.134920 0.309675 0.279166 0.936004 0.214389 0.296037 0.090444 1 3 1.000000
..\..\..\Desktop\General\noesis\roomitems_025_daruma
  3 -0.061491 2.134920 0.309675 0.279166 0.936004 0.214389 0.296037 0.090444 1 3 1.000000
  3 -0.172865 2.096900 0.602734 -0.439107 0.801838 0.405266 0.272673 0.408902 1 3 1.000000
  3 -0.161374 2.096900 0.605730 0.388746 0.680471 0.621156 0.296037 0.408902 1 3 1.000000
..\..\..\Desktop\General\noesis\roomitems_025_daruma
  3 -0.115463 2.134920 0.295601 -0.661968 0.748890 -0.031021 0.272673 0.090444 1 3 1.000000
  3 -0.178613 2.086621 0.601235 -0.954906 0.121588 0.270871 0.249307 0.408902 1 3 1.000000
  3 -0.172865 2.096900 0.602734 -0.439107 0.801838 0.405266 0.272673 0.408902 1 3 1.000000
..\..\..\Desktop\General\noesis\roomitems_025_daruma
  3 -0.142444 2.086621 0.288565 -0.975831 -0.187112 -0.112885 0.249307 0.090444 1 3 1.000000
  3 -0.178613 2.086621 0.601235 -0.954906 0.121588 0.270871 0.249307 0.408902 1 3 1.000000
  3 -0.115463 2.134920 0.295601 -0.661968 0.748890 -0.031021 0.272673 0.090444 1 3 1.000000
..\..\..\Desktop\General\noesis\roomitems_025_daruma
  3 -0.115463 2.038321 0.295601 -0.348321 -0.936001 0.050732 0.272581 0.090444 1 3 1.000000
  3 -0.172867 2.076330 0.602734 -0.642712 -0.680271 0.352354 0.272581 0.408902 1 3 1.000000
  3 -0.142444 2.086621 0.288565 -0.975831 -0.187112 -0.112885 0.249186 0.090444 1 3 1.000000
..\..\..\Desktop\General\noesis\roomitems_025_daruma
  3 -0.142444 2.086621 0.288565 -0.975831 -0.187112 -0.112885 0.249186 0.090444 1 3 1.000000
  3 -0.172867 2.076330 0.602734 -0.642712 -0.680271 0.352354 0.272581 0.408902 1 3 1.000000
  3 -0.178613 2.086621 0.601235 -0.954906 0.121588 0.270871 0.249186 0.408902 1 3 1.000000
..\..\..\Desktop\General\noesis\roomitems_025_daruma
  3 -0.115463 2.038321 0.295601 -0.348321 -0.936001 0.050732 0.272581 0.090444 1 3 1.000000
  3 -0.161374 2.076330 0.605730 0.185461 -0.801650 0.568298 0.295946 0.408902 1 3 1.000000
  3 -0.172867 2.076330 0.602734 -0.642712 -0.680271 0.352354 0.272581 0.408902 1 3 1.000000
..\..\..\Desktop\General\noesis\roomitems_025_daruma
  3 -0.061491 2.038321 0.309675 0.593009 -0.748736 0.296201 0.295946 0.090444 1 3 1.000000
  3 -0.161374 2.076330 0.605730 0.185461 -0.801650 0.568298 0.295946 0.408902 1 3 1.000000
  3 -0.115463 2.038321 0.295601 -0.348321 -0.936001 0.050732 0.272581 0.090444 1 3 1.000000
..\..\..\Desktop\General\noesis\roomitems_025_daruma
  3 -0.061491 2.038321 0.309675 0.593009 -0.748736 0.296201 0.295946 0.090444 1 3 1.000000
  3 -0.155629 2.086621 0.607228 0.701117 -0.121186 0.702673 0.319311 0.408902 1 3 1.000000
  3 -0.161374 2.076330 0.605730 0.185461 -0.801650 0.568298 0.295946 0.408902 1 3 1.000000
..\..\..\Desktop\General\noesis\roomitems_025_daruma
  3 -0.034505 2.086621 0.316712 0.906662 0.187271 0.378014 0.319311 0.090444 1 3 1.000000
  3 -0.155629 2.086621 0.607228 0.701117 -0.121186 0.702673 0.319311 0.408902 1 3 1.000000
  3 -0.061491 2.038321 0.309675 0.593009 -0.748736 0.296201 0.295946 0.090444 1 3 1.000000
..\..\..\Desktop\General\noesis\roomitems_025_daruma
  3 -0.061491 2.134920 0.309675 0.279166 0.936004 0.214389 0.296037 0.090444 1 3 1.000000
  3 -0.161374 2.096900 0.605730 0.388746 0.680471 0.621156 0.296037 0.408902 1 3 1.000000
  3 -0.034505 2.086621 0.316712 0.906662 0.187271 0.378014 0.319433 0.090444 1 3 1.000000
..\..\..\Desktop\General\noesis\roomitems_025_daruma
  3 -0.034505 2.086621 0.316712 0.906662 0.187271 0.378014 0.319433 0.090444 1 3 1.000000
  3 -0.161374 2.096900 0.605730 0.388746 0.680471 0.621156 0.296037 0.408902 1 3 1.000000
  3 -0.155629 2.086621 0.607228 0.701117 -0.121186 0.702673 0.319433 0.408902 1 3 1.000000
..\..\..\Desktop\General\noesis\roomitems_025_daruma
  3 -0.161374 2.096900 0.605730 0.388746 0.680471 0.621156 0.296037 0.408902 1 3 1.000000
  3 -0.172865 2.096900 0.602734 -0.439107 0.801838 0.405266 0.272673 0.408902 1 3 1.000000
  3 -0.168749 2.086621 0.610477 -0.252284 0.000230 0.967653 0.285162 0.459257 1 3 1.000000
..\..\..\Desktop\General\noesis\roomitems_025_daruma
  3 -0.178613 2.086621 0.601235 -0.954906 0.121588 0.270871 0.249186 0.408902 1 3 1.000000
  3 -0.172867 2.076330 0.602734 -0.642712 -0.680271 0.352354 0.272581 0.408902 1 3 1.000000
  3 -0.168749 2.086621 0.610477 -0.252284 0.000230 0.967653 0.285162 0.459257 1 3 1.000000
..\..\..\Desktop\General\noesis\roomitems_025_daruma
  3 -0.172867 2.076330 0.602734 -0.642712 -0.680271 0.352354 0.272581 0.408902 1 3 1.000000
  3 -0.161374 2.076330 0.605730 0.185461 -0.801650 0.568298 0.295946 0.408902 1 3 1.000000
  3 -0.168749 2.086621 0.610477 -0.252284 0.000230 0.967653 0.285162 0.459257 1 3 1.000000
..\..\..\Desktop\General\noesis\roomitems_025_daruma
  3 -0.161374 2.076330 0.605730 0.185461 -0.801650 0.568298 0.295946 0.408902 1 3 1.000000
  3 -0.155629 2.086621 0.607228 0.701117 -0.121186 0.702673 0.319311 0.408902 1 3 1.000000
  3 -0.168749 2.086621 0.610477 -0.252284 0.000230 0.967653 0.285162 0.459257 1 3 1.000000
..\..\..\Desktop\General\noesis\roomitems_025_daruma
  3 -0.155629 2.086621 0.607228 0.701117 -0.121186 0.702673 0.319433 0.408902 1 3 1.000000
  3 -0.161374 2.096900 0.605730 0.388746 0.680471 0.621156 0.296037 0.408902 1 3 1.000000
  3 -0.168749 2.086621 0.610477 -0.252284 0.000230 0.967653 0.285162 0.459257 1 3 1.000000
..\..\..\Desktop\General\noesis\roomitems_025_daruma
  3 -0.172865 2.096900 0.602734 -0.439107 0.801838 0.405266 0.272673 0.408902 1 3 1.000000
  3 -0.178613 2.086621 0.601235 -0.954906 0.121588 0.270871 0.249307 0.408902 1 3 1.000000
  3 -0.168749 2.086621 0.610477 -0.252284 0.000230 0.967653 0.285162 0.459257 1 3 1.000000
..\..\..\Desktop\General\noesis\roomitems_025_daruma
  3 0.380844 1.711210 -0.259959 0.802288 0.381364 -0.459233 0.373444 0.656077 1 3 1.000000
  3 0.111396 1.711210 -0.463853 0.242572 0.381379 -0.892025 0.373444 0.759651 1 3 1.000000
  3 0.370218 1.778131 -0.253729 0.789410 0.389155 -0.474753 0.399520 0.656077 1 3 1.000000
..\..\..\Desktop\General\noesis\roomitems_025_daruma
  3 0.370218 1.778131 -0.253729 0.789410 0.389155 -0.474753 0.399520 0.656077 1 3 1.000000
  3 0.111396 1.711210 -0.463853 0.242572 0.381379 -0.892025 0.373444 0.759651 1 3 1.000000
  3 0.108286 1.778131 -0.451931 0.222496 0.389159 -0.893896 0.399520 0.759651 1 3 1.000000
..\..\..\Desktop\General\noesis\roomitems_025_daruma
  3 0.111396 1.711210 -0.463853 0.242572 0.381379 -0.892025 0.373444 0.759651 1 3 1.000000
  3 -0.223310 1.711210 -0.417499 -0.459233 0.381380 -0.802281 0.373444 0.863224 1 3 1.000000
  3 0.108286 1.778131 -0.451931 0.222496 0.389159 -0.893896 0.399520 0.759651 1 3 1.000000
..\..\..\Desktop\General\noesis\roomitems_025_daruma
  3 0.108286 1.778131 -0.451931 0.222496 0.389159 -0.893896 0.399520 0.759651 1 3 1.000000
  3 -0.223310 1.711210 -0.417499 -0.459233 0.381380 -0.802281 0.373444 0.863224 1 3 1.000000
  3 -0.217076 1.778131 -0.406873 -0.474751 0.389149 -0.789414 0.399520 0.863224 1 3 1.000000
..\..\..\Desktop\General\noesis\roomitems_025_daruma
  3 -0.223310 1.711210 -0.417499 -0.459233 0.381380 -0.802281 0.373444 0.863224 1 3 1.000000
  3 -0.427199 1.711210 -0.148050 -0.892033 0.381359 -0.242575 0.373444 0.966798 1 3 1.000000
  3 -0.217076 1.778131 -0.406873 -0.474751 0.389149 -0.789414 0.399520 0.863224 1 3 1.000000
..\..\..\Desktop\General\noesis\roomitems_025_daruma
  3 -0.217076 1.778131 -0.406873 -0.474751 0.389149 -0.789414 0.399520 0.863224 1 3 1.000000
  3 -0.427199 1.711210 -0.148050 -0.892033 0.381359 -0.242575 0.373444 0.966798 1 3 1.000000
  3 -0.415283 1.778131 -0.144942 -0.893902 0.389143 -0.222503 0.399520 0.966798 1 3 1.000000
..\..\..\Desktop\General\noesis\roomitems_025_daruma
  3 -0.427199 1.711210 -0.148050 -0.892033 0.381359 -0.242575 0.373444 0.966737 1 3 1.000000
  3 -0.380850 1.711210 0.186654 -0.802289 0.381366 0.459230 0.373444 0.863163 1 3 1.000000
  3 -0.415283 1.778131 -0.144942 -0.893902 0.389143 -0.222503 0.399520 0.966737 1 3 1.000000
..\..\..\Desktop\General\noesis\roomitems_025_daruma
  3 -0.415283 1.778131 -0.144942 -0.893902 0.389143 -0.222503 0.399520 0.966737 1 3 1.000000
  3 -0.380850 1.711210 0.186654 -0.802289 0.381366 0.459230 0.373444 0.863163 1 3 1.000000
  3 -0.370221 1.778131 0.180424 -0.789405 0.389166 0.474752 0.399520 0.863163 1 3 1.000000
..\..\..\Desktop\General\noesis\roomitems_025_daruma
  3 -0.380850 1.711210 0.186654 -0.802289 0.381366 0.459230 0.373444 0.863163 1 3 1.000000
  3 -0.111399 1.711210 0.390548 -0.242570 0.381378 0.892026 0.373444 0.759590 1 3 1.000000
  3 -0.370221 1.778131 0.180424 -0.789405 0.389166 0.474752 0.399520 0.863163 1 3 1.000000
..\..\..\Desktop\General\noesis\roomitems_025_daruma
  3 -0.370221 1.778131 0.180424 -0.789405 0.389166 0.474752 0.399520 0.863163 1 3 1.000000
  3 -0.111399 1.711210 0.390548 -0.242570 0.381378 0.892026 0.373444 0.759590 1 3 1.000000
  3 -0.108290 1.778131 0.378627 -0.168559 0.431588 0.886182 0.399520 0.759590 1 3 1.000000
..\..\..\Desktop\General\noesis\roomitems_025_daruma
  3 -0.111399 1.711210 0.390548 -0.242570 0.381378 0.892026 0.373444 0.759590 1 3 1.000000
  3 0.223304 1.711210 0.344193 0.459235 0.381365 0.802287 0.373444 0.656047 1 3 1.000000
  3 -0.108290 1.778131 0.378627 -0.168559 0.431588 0.886182 0.399520 0.759590 1 3 1.000000
..\..\..\Desktop\General\noesis\roomitems_025_daruma
  3 -0.108290 1.778131 0.378627 -0.168559 0.431588 0.886182 0.399520 0.759590 1 3 1.000000
  3 0.223304 1.711210 0.344193 0.459235 0.381365 0.802287 0.373444 0.656047 1 3 1.000000
  3 0.217075 1.778131 0.333568 0.535563 0.389993 0.749051 0.399520 0.656047 1 3 1.000000
..\..\..\Desktop\General\noesis\roomitems_025_daruma
  3 0.223304 1.711210 0.344193 0.459235 0.381365 0.802287 0.373444 0.656047 1 3 1.000000
  3 0.427197 1.711210 0.074744 0.892033 0.381359 0.242575 0.373444 0.552473 1 3 1.000000
  3 0.217075 1.778131 0.333568 0.535563 0.389993 0.749051 0.399520 0.656047 1 3 1.000000
..\..\..\Desktop\General\noesis\roomitems_025_daruma
  3 0.217075 1.778131 0.333568 0.535563 0.389993 0.749051 0.399520 0.656047 1 3 1.000000
  3 0.427197 1.711210 0.074744 0.892033 0.381359 0.242575 0.373444 0.552473 1 3 1.000000
  3 0.415279 1.778131 0.071637 0.886224 0.406419 0.222332 0.399520 0.552473 1 3 1.000000
..\..\..\Desktop\General\noesis\roomitems_025_daruma
  3 0.415279 1.778131 0.071637 0.886224 0.406419 0.222332 0.399520 0.552534 1 3 1.000000
  3 0.380844 1.711210 -0.259959 0.802288 0.381364 -0.459233 0.373444 0.656077 1 3 1.000000
  3 0.370218 1.778131 -0.253729 0.789410 0.389155 -0.474753 0.399520 0.656077 1 3 1.000000
..\..\..\Desktop\General\noesis\roomitems_025_daruma
  3 0.427197 1.711210 0.074744 0.892033 0.381359 0.242575 0.373444 0.552534 1 3 1.000000
  3 0.380844 1.711210 -0.259959 0.802288 0.381364 -0.459233 0.373444 0.656077 1 3 1.000000
  3 0.415279 1.778131 0.071637 0.886224 0.406419 0.222332 0.399520 0.552534 1 3 1.000000
..\..\..\Desktop\General\noesis\roomitems_025_daruma
  3 -0.370221 1.778131 0.180424 -0.789405 0.389166 0.474752 0.399520 0.863163 1 3 1.000000
  3 -0.108290 1.778131 0.378627 -0.168559 0.431588 0.886182 0.399520 0.759590 1 3 1.000000
  3 -0.315120 1.869030 0.148115 -0.470325 0.822209 0.320572 0.444909 0.863163 1 3 1.000000
..\..\..\Desktop\General\noesis\roomitems_025_daruma
  3 -0.315120 1.869030 0.148115 -0.470325 0.822209 0.320572 0.444909 0.863163 1 3 1.000000
  3 -0.108290 1.778131 0.378627 -0.168559 0.431588 0.886182 0.399520 0.759590 1 3 1.000000
  3 -0.092174 1.869030 0.316821 -0.097267 0.874047 0.476006 0.444909 0.759590 1 3 1.000000
..\..\..\Desktop\General\noesis\roomitems_025_daruma
  3 -0.315120 1.869030 0.148115 -0.470325 0.822209 0.320572 0.444909 0.863163 1 3 1.000000
  3 -0.092174 1.869030 0.316821 -0.097267 0.874047 0.476006 0.444909 0.759590 1 3 1.000000
  3 -0.227442 1.896940 0.096705 -0.209794 0.963660 0.165364 0.498615 0.863163 1 3 1.000000
..\..\..\Desktop\General\noesis\roomitems_025_daruma
  3 -0.227442 1.896940 0.096705 -0.209794 0.963660 0.165364 0.498615 0.863163 1 3 1.000000
  3 -0.092174 1.869030 0.316821 -0.097267 0.874047 0.476006 0.444909 0.759590 1 3 1.000000
  3 -0.066527 1.896940 0.218470 -0.066814 0.964305 0.256227 0.498615 0.759590 1 3 1.000000
..\..\..\Desktop\General\noesis\roomitems_025_daruma
  3 -0.415283 1.778131 -0.144942 -0.893902 0.389143 -0.222503 0.399520 0.966737 1 3 1.000000
  3 -0.370221 1.778131 0.180424 -0.789405 0.389166 0.474752 0.399520 0.863163 1 3 1.000000
  3 -0.353475 1.869030 -0.128825 -0.559246 0.822211 -0.105891 0.444909 0.966737 1 3 1.000000
..\..\..\Desktop\General\noesis\roomitems_025_daruma
  3 -0.353475 1.869030 -0.128825 -0.559246 0.822211 -0.105891 0.444909 0.966737 1 3 1.000000
  3 -0.370221 1.778131 0.180424 -0.789405 0.389166 0.474752 0.399520 0.863163 1 3 1.000000
  3 -0.315120 1.869030 0.148115 -0.470325 0.822209 0.320572 0.444909 0.863163 1 3 1.000000
..\..\..\Desktop\General\noesis\roomitems_025_daruma
  3 -0.255124 1.896940 -0.103179 -0.265277 0.963660 -0.031416 0.498615 0.966737 1 3 1.000000
  3 -0.315120 1.869030 0.148115 -0.470325 0.822209 0.320572 0.444909 0.863163 1 3 1.000000
  3 -0.227442 1.896940 0.096705 -0.209794 0.963660 0.165364 0.498615 0.863163 1 3 1.000000
..\..\..\Desktop\General\noesis\roomitems_025_daruma
  3 -0.353475 1.869030 -0.128825 -0.559246 0.822211 -0.105891 0.444909 0.966737 1 3 1.000000
  3 -0.315120 1.869030 0.148115 -0.470325 0.822209 0.320572 0.444909 0.863163 1 3 1.000000
  3 -0.255124 1.896940 -0.103179 -0.265277 0.963660 -0.031416 0.498615 0.966737 1 3 1.000000
..\..\..\Desktop\General\noesis\roomitems_025_daruma
  3 -0.217076 1.778131 -0.406873 -0.474751 0.389149 -0.789414 0.399520 0.863224 1 3 1.000000
  3 -0.415283 1.778131 -0.144942 -0.893902 0.389143 -0.222503 0.399520 0.966798 1 3 1.000000
  3 -0.184768 1.869030 -0.351772 -0.320569 0.822211 -0.470325 0.444909 0.863224 1 3 1.000000
..\..\..\Desktop\General\noesis\roomitems_025_daruma
  3 -0.184768 1.869030 -0.351772 -0.320569 0.822211 -0.470325 0.444909 0.863224 1 3 1.000000
  3 -0.415283 1.778131 -0.144942 -0.893902 0.389143 -0.222503 0.399520 0.966798 1 3 1.000000
  3 -0.353475 1.869030 -0.128825 -0.559246 0.822211 -0.105891 0.444909 0.966798 1 3 1.000000
..\..\..\Desktop\General\noesis\roomitems_025_daruma
  3 -0.184768 1.869030 -0.351772 -0.320569 0.822211 -0.470325 0.444909 0.863224 1 3 1.000000
  3 -0.353475 1.869030 -0.128825 -0.559246 0.822211 -0.105891 0.444909 0.966798 1 3 1.000000
  3 -0.133359 1.896940 -0.264092 -0.165364 0.963661 -0.209792 0.498615 0.863224 1 3 1.000000
..\..\..\Desktop\General\noesis\roomitems_025_daruma
  3 -0.133359 1.896940 -0.264092 -0.165364 0.963661 -0.209792 0.498615 0.863224 1 3 1.000000
  3 -0.353475 1.869030 -0.128825 -0.559246 0.822211 -0.105891 0.444909 0.966798 1 3 1.000000
  3 -0.255124 1.896940 -0.103179 -0.265277 0.963660 -0.031416 0.498615 0.966798 1 3 1.000000
..\..\..\Desktop\General\noesis\roomitems_025_daruma
  3 0.092169 1.869030 -0.390125 0.105893 0.822207 -0.559251 0.444909 0.759651 1 3 1.000000
  3 -0.217076 1.778131 -0.406873 -0.474751 0.389149 -0.789414 0.399520 0.863224 1 3 1.000000
  3 -0.184768 1.869030 -0.351772 -0.320569 0.822211 -0.470325 0.444909 0.863224 1 3 1.000000
..\..\..\Desktop\General\noesis\roomitems_025_daruma
  3 0.108286 1.778131 -0.451931 0.222496 0.389159 -0.893896 0.399520 0.759651 1 3 1.000000
  3 -0.217076 1.778131 -0.406873 -0.474751 0.389149 -0.789414 0.399520 0.863224 1 3 1.000000
  3 0.092169 1.869030 -0.390125 0.105893 0.822207 -0.559251 0.444909 0.759651 1 3 1.000000
..\..\..\Desktop\General\noesis\roomitems_025_daruma
  3 0.092169 1.869030 -0.390125 0.105893 0.822207 -0.559251 0.444909 0.759651 1 3 1.000000
  3 -0.184768 1.869030 -0.351772 -0.320569 0.822211 -0.470325 0.444909 0.863224 1 3 1.000000
  3 0.066525 1.896940 -0.291775 0.031416 0.963661 -0.265276 0.498615 0.759651 1 3 1.000000
..\..\..\Desktop\General\noesis\roomitems_025_daruma
  3 0.066525 1.896940 -0.291775 0.031416 0.963661 -0.265276 0.498615 0.759651 1 3 1.000000
  3 -0.184768 1.869030 -0.351772 -0.320569 0.822211 -0.470325 0.444909 0.863224 1 3 1.000000
  3 -0.133359 1.896940 -0.264092 -0.165364 0.963661 -0.209792 0.498615 0.863224 1 3 1.000000
..\..\..\Desktop\General\noesis\roomitems_025_daruma
  3 0.315118 1.869030 -0.221420 0.470325 0.822209 -0.320574 0.444909 0.656077 1 3 1.000000
  3 0.108286 1.778131 -0.451931 0.222496 0.389159 -0.893896 0.399520 0.759651 1 3 1.000000
  3 0.092169 1.869030 -0.390125 0.105893 0.822207 -0.559251 0.444909 0.759651 1 3 1.000000
..\..\..\Desktop\General\noesis\roomitems_025_daruma
  3 0.370218 1.778131 -0.253729 0.789410 0.389155 -0.474753 0.399520 0.656077 1 3 1.000000
  3 0.108286 1.778131 -0.451931 0.222496 0.389159 -0.893896 0.399520 0.759651 1 3 1.000000
  3 0.315118 1.869030 -0.221420 0.470325 0.822209 -0.320574 0.444909 0.656077 1 3 1.000000
..\..\..\Desktop\General\noesis\roomitems_025_daruma
  3 0.227439 1.896940 -0.170011 0.209793 0.963660 -0.165366 0.498615 0.656077 1 3 1.000000
  3 0.092169 1.869030 -0.390125 0.105893 0.822207 -0.559251 0.444909 0.759651 1 3 1.000000
  3 0.066525 1.896940 -0.291775 0.031416 0.963661 -0.265276 0.498615 0.759651 1 3 1.000000
..\..\..\Desktop\General\noesis\roomitems_025_daruma
  3 0.315118 1.869030 -0.221420 0.470325 0.822209 -0.320574 0.444909 0.656077 1 3 1.000000
  3 0.092169 1.869030 -0.390125 0.105893 0.822207 -0.559251 0.444909 0.759651 1 3 1.000000
  3 0.227439 1.896940 -0.170011 0.209793 0.963660 -0.165366 0.498615 0.656077 1 3 1.000000
..\..\..\Desktop\General\noesis\roomitems_025_daruma
  3 0.415279 1.778131 0.071637 0.886224 0.406419 0.222332 0.399520 0.552534 1 3 1.000000
  3 0.370218 1.778131 -0.253729 0.789410 0.389155 -0.474753 0.399520 0.656077 1 3 1.000000
  3 0.353472 1.869030 0.055520 0.569389 0.810779 0.135772 0.444909 0.552534 1 3 1.000000
..\..\..\Desktop\General\noesis\roomitems_025_daruma
  3 0.353472 1.869030 0.055520 0.569389 0.810779 0.135772 0.444909 0.552534 1 3 1.000000
  3 0.370218 1.778131 -0.253729 0.789410 0.389155 -0.474753 0.399520 0.656077 1 3 1.000000
  3 0.315118 1.869030 -0.221420 0.470325 0.822209 -0.320574 0.444909 0.656077 1 3 1.000000
..\..\..\Desktop\General\noesis\roomitems_025_daruma
  3 0.353472 1.869030 0.055520 0.569389 0.810779 0.135772 0.444909 0.552534 1 3 1.000000
  3 0.315118 1.869030 -0.221420 0.470325 0.822209 -0.320574 0.444909 0.656077 1 3 1.000000
  3 0.255122 1.896940 0.029874 0.265277 0.963660 0.031416 0.498615 0.552534 1 3 1.000000
..\..\..\Desktop\General\noesis\roomitems_025_daruma
  3 0.255122 1.896940 0.029874 0.265277 0.963660 0.031416 0.498615 0.552534 1 3 1.000000
  3 0.315118 1.869030 -0.221420 0.470325 0.822209 -0.320574 0.444909 0.656077 1 3 1.000000
  3 0.227439 1.896940 -0.170011 0.209793 0.963660 -0.165366 0.498615 0.656077 1 3 1.000000
..\..\..\Desktop\General\noesis\roomitems_025_daruma
  3 -0.108290 1.778131 0.378627 -0.168559 0.431588 0.886182 0.399520 0.759590 1 3 1.000000
  3 0.184765 1.850201 0.278466 0.343839 0.733411 0.586416 0.444909 0.656047 1 3 1.000000
  3 -0.092174 1.869030 0.316821 -0.097267 0.874047 0.476006 0.444909 0.759590 1 3 1.000000
..\..\..\Desktop\General\noesis\roomitems_025_daruma
  3 0.217075 1.778131 0.333568 0.535563 0.389993 0.749051 0.399520 0.656047 1 3 1.000000
  3 0.415279 1.778131 0.071637 0.886224 0.406419 0.222332 0.399520 0.552473 1 3 1.000000
  3 0.184765 1.850201 0.278466 0.343839 0.733411 0.586416 0.444909 0.656047 1 3 1.000000
..\..\..\Desktop\General\noesis\roomitems_025_daruma
  3 0.217075 1.778131 0.333568 0.535563 0.389993 0.749051 0.399520 0.656047 1 3 1.000000
  3 0.184765 1.850201 0.278466 0.343839 0.733411 0.586416 0.444909 0.656047 1 3 1.000000
  3 -0.108290 1.778131 0.378627 -0.168559 0.431588 0.886182 0.399520 0.759590 1 3 1.000000
..\..\..\Desktop\General\noesis\roomitems_025_daruma
  3 0.184765 1.850201 0.278466 0.343839 0.733411 0.586416 0.444909 0.656047 1 3 1.000000
  3 0.415279 1.778131 0.071637 0.886224 0.406419 0.222332 0.399520 0.552473 1 3 1.000000
  3 0.353472 1.869030 0.055520 0.569389 0.810779 0.135772 0.444909 0.552473 1 3 1.000000
..\..\..\Desktop\General\noesis\roomitems_025_daruma
  3 -0.092174 1.869030 0.316821 -0.097267 0.874047 0.476006 0.444909 0.759590 1 3 1.000000
  3 0.133357 1.896940 0.190788 0.173212 0.939537 0.295411 0.498615 0.656047 1 3 1.000000
  3 -0.066527 1.896940 0.218470 -0.066814 0.964305 0.256227 0.498615 0.759590 1 3 1.000000
..\..\..\Desktop\General\noesis\roomitems_025_daruma
  3 0.184765 1.850201 0.278466 0.343839 0.733411 0.586416 0.444909 0.656047 1 3 1.000000
  3 0.133357 1.896940 0.190788 0.173212 0.939537 0.295411 0.498615 0.656047 1 3 1.000000
  3 -0.092174 1.869030 0.316821 -0.097267 0.874047 0.476006 0.444909 0.759590 1 3 1.000000
..\..\..\Desktop\General\noesis\roomitems_025_daruma
  3 0.184765 1.850201 0.278466 0.343839 0.733411 0.586416 0.444909 0.656047 1 3 1.000000
  3 0.353472 1.869030 0.055520 0.569389 0.810779 0.135772 0.444909 0.552473 1 3 1.000000
  3 0.133357 1.896940 0.190788 0.173212 0.939537 0.295411 0.498615 0.656047 1 3 1.000000
..\..\..\Desktop\General\noesis\roomitems_025_daruma
  3 0.133357 1.896940 0.190788 0.173212 0.939537 0.295411 0.498615 0.656047 1 3 1.000000
  3 0.353472 1.869030 0.055520 0.569389 0.810779 0.135772 0.444909 0.552473 1 3 1.000000
  3 0.255122 1.896940 0.029874 0.265277 0.963660 0.031416 0.498615 0.552473 1 3 1.000000
..\..\..\Desktop\General\noesis\roomitems_025_daruma
  3 0.304142 1.353940 0.098805 0.376320 -0.694324 0.613431 0.339995 0.091815 1 3 1.000000
  3 0.744006 1.718050 0.241087 0.355832 -0.685443 0.635257 0.339995 0.452677 1 3 1.000000
  3 0.269253 1.396910 0.089708 -0.542721 0.375544 0.751279 0.325769 0.091815 1 3 1.000000
..\..\..\Desktop\General\noesis\roomitems_025_daruma
  3 0.269253 1.396910 0.089708 -0.542721 0.375544 0.751279 0.325769 0.091815 1 3 1.000000
  3 0.744006 1.718050 0.241087 0.355832 -0.685443 0.635257 0.339995 0.452677 1 3 1.000000
  3 0.722268 1.759440 0.235414 -0.580820 0.796449 -0.168278 0.325769 0.452677 1 3 1.000000
..\..\..\Desktop\General\noesis\roomitems_025_daruma
  3 0.304142 1.353940 0.098805 0.376320 -0.694324 0.613431 0.339995 0.091815 1 3 1.000000
  3 0.298953 1.375420 0.047256 0.314655 0.007271 -0.949178 0.354221 0.091815 1 3 1.000000
  3 0.744006 1.718050 0.241087 0.355832 -0.685443 0.635257 0.339995 0.452677 1 3 1.000000
..\..\..\Desktop\General\noesis\roomitems_025_daruma
  3 0.744006 1.718050 0.241087 0.355832 -0.685443 0.635257 0.339995 0.452677 1 3 1.000000
  3 0.298953 1.375420 0.047256 0.314655 0.007271 -0.949178 0.354221 0.091815 1 3 1.000000
  3 0.762089 1.748240 0.201641 0.333540 -0.024081 -0.942428 0.354221 0.452677 1 3 1.000000
..\..\..\Desktop\General\noesis\roomitems_025_daruma
  3 0.298953 1.375420 0.047256 0.314655 0.007271 -0.949178 0.354221 0.091815 1 3 1.000000
  3 0.722268 1.759440 0.235414 -0.580820 0.796449 -0.168278 0.368448 0.452677 1 3 1.000000
  3 0.762089 1.748240 0.201641 0.333540 -0.024081 -0.942428 0.354221 0.452677 1 3 1.000000
..\..\..\Desktop\General\noesis\roomitems_025_daruma
  3 0.269253 1.396910 0.089708 -0.542721 0.375544 0.751279 0.368448 0.091815 1 3 1.000000
  3 0.722268 1.759440 0.235414 -0.580820 0.796449 -0.168278 0.368448 0.452677 1 3 1.000000
  3 0.298953 1.375420 0.047256 0.314655 0.007271 -0.949178 0.354221 0.091815 1 3 1.000000
..\..\..\Desktop\General\noesis\roomitems_025_daruma
  3 0.228749 1.821450 -0.170778 0.770267 -0.551954 -0.319430 0.503306 0.715876 1 3 1.000000
  3 0.066910 1.821450 -0.293245 0.318796 -0.551954 -0.770530 0.564537 0.715876 1 3 1.000000
  3 0.298877 1.943110 -0.211895 0.800939 -0.384539 -0.458940 0.503306 0.802268 1 3 1.000000
..\..\..\Desktop\General\noesis\roomitems_025_daruma
  3 0.298877 1.943110 -0.211895 0.800939 -0.384539 -0.458940 0.503306 0.802268 1 3 1.000000
  3 0.066910 1.821450 -0.293245 0.318796 -0.551954 -0.770530 0.564537 0.715876 1 3 1.000000
  3 0.087422 1.943110 -0.371907 0.241830 -0.384540 -0.890869 0.564537 0.802268 1 3 1.000000
..\..\..\Desktop\General\noesis\roomitems_025_daruma
  3 0.066910 1.821450 -0.293245 0.318796 -0.551954 -0.770530 0.564537 0.715876 1 3 1.000000
  3 -0.134127 1.821450 -0.265403 -0.319427 -0.551956 -0.770267 0.626346 0.715876 1 3 1.000000
  3 0.087422 1.943110 -0.371907 0.241830 -0.384540 -0.890869 0.564537 0.802268 1 3 1.000000
..\..\..\Desktop\General\noesis\roomitems_025_daruma
  3 0.087422 1.943110 -0.371907 0.241830 -0.384540 -0.890869 0.564537 0.802268 1 3 1.000000
  3 -0.134127 1.821450 -0.265403 -0.319427 -0.551956 -0.770267 0.626346 0.715876 1 3 1.000000
  3 -0.175246 1.943110 -0.335530 -0.458945 -0.384537 -0.800937 0.626346 0.802268 1 3 1.000000
..\..\..\Desktop\General\noesis\roomitems_025_daruma
  3 -0.134127 1.821450 -0.265403 -0.319427 -0.551956 -0.770267 0.626346 0.715876 1 3 1.000000
  3 -0.256593 1.821450 -0.103562 -0.770534 -0.551952 -0.318790 0.688185 0.715876 1 3 1.000000
  3 -0.175246 1.943110 -0.335530 -0.458945 -0.384537 -0.800937 0.626346 0.802268 1 3 1.000000
..\..\..\Desktop\General\noesis\roomitems_025_daruma
  3 -0.175246 1.943110 -0.335530 -0.458945 -0.384537 -0.800937 0.626346 0.802268 1 3 1.000000
  3 -0.256593 1.821450 -0.103562 -0.770534 -0.551952 -0.318790 0.688185 0.715876 1 3 1.000000
  3 -0.335254 1.943110 -0.124074 -0.890869 -0.384542 -0.241828 0.688185 0.802268 1 3 1.000000
..\..\..\Desktop\General\noesis\roomitems_025_daruma
  3 -0.256593 1.821450 -0.103562 -0.770534 -0.551952 -0.318790 0.688185 0.715876 1 3 1.000000
  3 -0.228752 1.821450 0.097473 -0.770269 -0.551954 0.319424 0.749994 0.715876 1 3 1.000000
  3 -0.335254 1.943110 -0.124074 -0.890869 -0.384542 -0.241828 0.688185 0.802268 1 3 1.000000
..\..\..\Desktop\General\noesis\roomitems_025_daruma
  3 -0.335254 1.943110 -0.124074 -0.890869 -0.384542 -0.241828 0.688185 0.802268 1 3 1.000000
  3 -0.228752 1.821450 0.097473 -0.770269 -0.551954 0.319424 0.749994 0.715876 1 3 1.000000
  3 -0.298879 1.943110 0.138592 -0.800938 -0.384542 0.458940 0.749994 0.802268 1 3 1.000000
..\..\..\Desktop\General\noesis\roomitems_025_daruma
  3 -0.228752 1.821450 0.097473 -0.770269 -0.551954 0.319424 0.749994 0.715876 1 3 1.000000
  3 -0.066910 1.821450 0.219941 -0.318791 -0.551954 0.770532 0.811834 0.715876 1 3 1.000000
  3 -0.298879 1.943110 0.138592 -0.800938 -0.384542 0.458940 0.749994 0.802268 1 3 1.000000
..\..\..\Desktop\General\noesis\roomitems_025_daruma
  3 -0.298879 1.943110 0.138592 -0.800938 -0.384542 0.458940 0.749994 0.802268 1 3 1.000000
  3 -0.066910 1.821450 0.219941 -0.318791 -0.551954 0.770532 0.811834 0.715876 1 3 1.000000
  3 -0.087424 1.943110 0.298602 -0.241825 -0.384536 0.890872 0.811834 0.802268 1 3 1.000000
..\..\..\Desktop\General\noesis\roomitems_025_daruma
  3 -0.066910 1.821450 0.219941 -0.318791 -0.551954 0.770532 0.811834 0.715876 1 3 1.000000
  3 0.134124 1.821450 0.192099 0.319430 -0.551944 0.770274 0.873643 0.715876 1 3 1.000000
  3 -0.087424 1.943110 0.298602 -0.241825 -0.384536 0.890872 0.811834 0.802268 1 3 1.000000
..\..\..\Desktop\General\noesis\roomitems_025_daruma
  3 -0.087424 1.943110 0.298602 -0.241825 -0.384536 0.890872 0.811834 0.802268 1 3 1.000000
  3 0.134124 1.821450 0.192099 0.319430 -0.551944 0.770274 0.873643 0.715876 1 3 1.000000
  3 0.175241 1.943110 0.262224 0.458942 -0.384535 0.800941 0.873643 0.802268 1 3 1.000000
..\..\..\Desktop\General\noesis\roomitems_025_daruma
  3 0.134124 1.821450 0.192099 0.319430 -0.551944 0.770274 0.873643 0.715876 1 3 1.000000
  3 0.256593 1.821450 0.030258 0.770532 -0.551951 0.318796 0.935482 0.715876 1 3 1.000000
  3 0.175241 1.943110 0.262224 0.458942 -0.384535 0.800941 0.873643 0.802268 1 3 1.000000
..\..\..\Desktop\General\noesis\roomitems_025_daruma
  3 0.175241 1.943110 0.262224 0.458942 -0.384535 0.800941 0.873643 0.802268 1 3 1.000000
  3 0.256593 1.821450 0.030258 0.770532 -0.551951 0.318796 0.935482 0.715876 1 3 1.000000
  3 0.335255 1.943110 0.050769 0.890871 -0.384535 0.241830 0.935482 0.802268 1 3 1.000000
..\..\..\Desktop\General\noesis\roomitems_025_daruma
  3 0.256593 1.821450 0.030258 0.770532 -0.551951 0.318796 0.935482 0.715876 1 3 1.000000
  3 0.228749 1.821450 -0.170778 0.770267 -0.551954 -0.319430 0.997291 0.715876 1 3 1.000000
  3 0.335255 1.943110 0.050769 0.890871 -0.384535 0.241830 0.935482 0.802268 1 3 1.000000
..\..\..\Desktop\General\noesis\roomitems_025_daruma
  3 0.335255 1.943110 0.050769 0.890871 -0.384535 0.241830 0.935482 0.802268 1 3 1.000000
  3 0.228749 1.821450 -0.170778 0.770267 -0.551954 -0.319430 0.997291 0.715876 1 3 1.000000
  3 0.298877 1.943110 -0.211895 0.800939 -0.384539 -0.458940 0.997291 0.802268 1 3 1.000000
..\..\..\Desktop\General\noesis\roomitems_025_daruma
  3 0.298877 1.943110 -0.211895 0.800939 -0.384539 -0.458940 0.503306 0.802268 1 3 1.000000
  3 0.087422 1.943110 -0.371907 0.241830 -0.384540 -0.890869 0.564537 0.802268 1 3 1.000000
  3 0.323503 2.086621 -0.226334 0.864244 0.007399 -0.503018 0.503306 0.870779 1 3 1.000000
..\..\..\Desktop\General\noesis\roomitems_025_daruma
  3 0.323503 2.086621 -0.226334 0.864244 0.007399 -0.503018 0.503306 0.870779 1 3 1.000000
  3 0.087422 1.943110 -0.371907 0.241830 -0.384540 -0.890869 0.564537 0.802268 1 3 1.000000
  3 0.094625 2.086621 -0.399529 0.252326 0.000004 -0.967642 0.564537 0.870779 1 3 1.000000
..\..\..\Desktop\General\noesis\roomitems_025_daruma
  3 0.087422 1.943110 -0.371907 0.241830 -0.384540 -0.890869 0.564537 0.802268 1 3 1.000000
  3 -0.175246 1.943110 -0.335530 -0.458945 -0.384537 -0.800937 0.626346 0.802268 1 3 1.000000
  3 0.094625 2.086621 -0.399529 0.252326 0.000004 -0.967642 0.564537 0.870779 1 3 1.000000
..\..\..\Desktop\General\noesis\roomitems_025_daruma
  3 0.094625 2.086621 -0.399529 0.252326 0.000004 -0.967642 0.564537 0.870779 1 3 1.000000
  3 -0.175246 1.943110 -0.335530 -0.458945 -0.384537 -0.800937 0.626346 0.802268 1 3 1.000000
  3 -0.189684 2.086621 -0.360154 -0.505805 -0.000002 -0.862648 0.626346 0.870779 1 3 1.000000
..\..\..\Desktop\General\noesis\roomitems_025_daruma
  3 -0.175246 1.943110 -0.335530 -0.458945 -0.384537 -0.800937 0.626346 0.802268 1 3 1.000000
  3 -0.335254 1.943110 -0.124074 -0.890869 -0.384542 -0.241828 0.688185 0.802268 1 3 1.000000
  3 -0.189684 2.086621 -0.360154 -0.505805 -0.000002 -0.862648 0.626346 0.870779 1 3 1.000000
..\..\..\Desktop\General\noesis\roomitems_025_daruma
  3 -0.189684 2.086621 -0.360154 -0.505805 -0.000002 -0.862648 0.626346 0.870779 1 3 1.000000
  3 -0.335254 1.943110 -0.124074 -0.890869 -0.384542 -0.241828 0.688185 0.802268 1 3 1.000000
  3 -0.362879 2.086621 -0.131278 -0.967642 0.000001 -0.252326 0.688185 0.870779 1 3 1.000000
..\..\..\Desktop\General\noesis\roomitems_025_daruma
  3 -0.335254 1.943110 -0.124074 -0.890869 -0.384542 -0.241828 0.688185 0.802268 1 3 1.000000
  3 -0.298879 1.943110 0.138592 -0.800938 -0.384542 0.458940 0.749994 0.802268 1 3 1.000000
  3 -0.362879 2.086621 -0.131278 -0.967642 0.000001 -0.252326 0.688185 0.870779 1 3 1.000000
..\..\..\Desktop\General\noesis\roomitems_025_daruma
  3 -0.362879 2.086621 -0.131278 -0.967642 0.000001 -0.252326 0.688185 0.870779 1 3 1.000000
  3 -0.298879 1.943110 0.138592 -0.800938 -0.384542 0.458940 0.749994 0.802268 1 3 1.000000
  3 -0.323503 2.086621 0.153031 -0.862647 0.000005 0.505807 0.749994 0.870779 1 3 1.000000
..\..\..\Desktop\General\noesis\roomitems_025_daruma
  3 -0.298879 1.943110 0.138592 -0.800938 -0.384542 0.458940 0.749994 0.802268 1 3 1.000000
  3 -0.087424 1.943110 0.298602 -0.241825 -0.384536 0.890872 0.811834 0.802268 1 3 1.000000
  3 -0.323503 2.086621 0.153031 -0.862647 0.000005 0.505807 0.749994 0.870779 1 3 1.000000
..\..\..\Desktop\General\noesis\roomitems_025_daruma
  3 -0.323503 2.086621 0.153031 -0.862647 0.000005 0.505807 0.749994 0.870779 1 3 1.000000
  3 -0.087424 1.943110 0.298602 -0.241825 -0.384536 0.890872 0.811834 0.802268 1 3 1.000000
  3 -0.094625 2.086621 0.326225 -0.252322 0.000001 0.967643 0.811834 0.870779 1 3 1.000000
..\..\..\Desktop\General\noesis\roomitems_025_daruma
  3 -0.087424 1.943110 0.298602 -0.241825 -0.384536 0.890872 0.811834 0.802268 1 3 1.000000
  3 0.175241 1.943110 0.262224 0.458942 -0.384535 0.800941 0.873643 0.802268 1 3 1.000000
  3 -0.094625 2.086621 0.326225 -0.252322 0.000001 0.967643 0.811834 0.870779 1 3 1.000000
..\..\..\Desktop\General\noesis\roomitems_025_daruma
  3 -0.094625 2.086621 0.326225 -0.252322 0.000001 0.967643 0.811834 0.870779 1 3 1.000000
  3 0.175241 1.943110 0.262224 0.458942 -0.384535 0.800941 0.873643 0.802268 1 3 1.000000
  3 0.189679 2.086621 0.286849 0.558807 0.037461 0.828451 0.873643 0.870779 1 3 1.000000
..\..\..\Desktop\General\noesis\roomitems_025_daruma
  3 0.175241 1.943110 0.262224 0.458942 -0.384535 0.800941 0.873643 0.802268 1 3 1.000000
  3 0.335255 1.943110 0.050769 0.890871 -0.384535 0.241830 0.935482 0.802268 1 3 1.000000
  3 0.189679 2.086621 0.286849 0.558807 0.037461 0.828451 0.873643 0.870779 1 3 1.000000
..\..\..\Desktop\General\noesis\roomitems_025_daruma
  3 0.335255 1.943110 0.050769 0.890871 -0.384535 0.241830 0.935482 0.802268 1 3 1.000000
  3 0.298877 1.943110 -0.211895 0.800939 -0.384539 -0.458940 0.997291 0.802268 1 3 1.000000
  3 0.362875 2.086621 0.057971 0.985143 -0.017437 0.170848 0.935482 0.870779 1 3 1.000000
..\..\..\Desktop\General\noesis\roomitems_025_daruma
  3 0.189679 2.086621 0.286849 0.558807 0.037461 0.828451 0.873643 0.870779 1 3 1.000000
  3 0.335255 1.943110 0.050769 0.890871 -0.384535 0.241830 0.935482 0.802268 1 3 1.000000
  3 0.362875 2.086621 0.057971 0.985143 -0.017437 0.170848 0.935482 0.870779 1 3 1.000000
..\..\..\Desktop\General\noesis\roomitems_025_daruma
  3 0.362875 2.086621 0.057971 0.985143 -0.017437 0.170848 0.935482 0.870779 1 3 1.000000
  3 0.298877 1.943110 -0.211895 0.800939 -0.384539 -0.458940 0.997291 0.802268 1 3 1.000000
  3 0.323503 2.086621 -0.226334 0.864244 0.007399 -0.503018 0.997291 0.870779 1 3 1.000000
..\..\..\Desktop\General\noesis\roomitems_025_daruma
  3 0.323503 2.086621 -0.226334 0.864244 0.007399 -0.503018 0.503306 0.870779 1 3 1.000000
  3 0.094625 2.086621 -0.399529 0.252326 0.000004 -0.967642 0.564537 0.870779 1 3 1.000000
  3 0.298877 2.230130 -0.211895 0.771249 0.346336 -0.534065 0.503306 0.934781 1 3 1.000000
..\..\..\Desktop\General\noesis\roomitems_025_daruma
  3 0.298877 2.230130 -0.211895 0.771249 0.346336 -0.534065 0.503306 0.934781 1 3 1.000000
  3 0.094625 2.086621 -0.399529 0.252326 0.000004 -0.967642 0.564537 0.870779 1 3 1.000000
  3 0.087422 2.230130 -0.371907 0.224000 0.384539 -0.895519 0.564537 0.934781 1 3 1.000000
..\..\..\Desktop\General\noesis\roomitems_025_daruma
  3 0.094625 2.086621 -0.399529 0.252326 0.000004 -0.967642 0.564537 0.870779 1 3 1.000000
  3 -0.189684 2.086621 -0.360154 -0.505805 -0.000002 -0.862648 0.626346 0.870779 1 3 1.000000
  3 0.087422 2.230130 -0.371907 0.224000 0.384539 -0.895519 0.564537 0.934781 1 3 1.000000
..\..\..\Desktop\General\noesis\roomitems_025_daruma
  3 -0.189684 2.086621 -0.360154 -0.505805 -0.000002 -0.862648 0.626346 0.870779 1 3 1.000000
  3 -0.362879 2.086621 -0.131278 -0.967642 0.000001 -0.252326 0.688185 0.870779 1 3 1.000000
  3 -0.175246 2.230130 -0.335530 -0.474838 0.384542 -0.791616 0.626346 0.934781 1 3 1.000000
..\..\..\Desktop\General\noesis\roomitems_025_daruma
  3 0.087422 2.230130 -0.371907 0.224000 0.384539 -0.895519 0.564537 0.934781 1 3 1.000000
  3 -0.189684 2.086621 -0.360154 -0.505805 -0.000002 -0.862648 0.626346 0.870779 1 3 1.000000
  3 -0.175246 2.230130 -0.335530 -0.474838 0.384542 -0.791616 0.626346 0.934781 1 3 1.000000
..\..\..\Desktop\General\noesis\roomitems_025_daruma
  3 -0.175246 2.230130 -0.335530 -0.474838 0.384542 -0.791616 0.626346 0.934781 1 3 1.000000
  3 -0.362879 2.086621 -0.131278 -0.967642 0.000001 -0.252326 0.688185 0.870779 1 3 1.000000
  3 -0.335254 2.230130 -0.124074 -0.895518 0.384544 -0.223995 0.688185 0.934781 1 3 1.000000
..\..\..\Desktop\General\noesis\roomitems_025_daruma
  3 -0.362879 2.086621 -0.131278 -0.967642 0.000001 -0.252326 0.688185 0.870779 1 3 1.000000
  3 -0.323503 2.086621 0.153031 -0.862647 0.000005 0.505807 0.749994 0.870779 1 3 1.000000
  3 -0.335254 2.230130 -0.124074 -0.895518 0.384544 -0.223995 0.688185 0.934781 1 3 1.000000
..\..\..\Desktop\General\noesis\roomitems_025_daruma
  3 -0.335254 2.230130 -0.124074 -0.895518 0.384544 -0.223995 0.688185 0.934781 1 3 1.000000
  3 -0.323503 2.086621 0.153031 -0.862647 0.000005 0.505807 0.749994 0.870779 1 3 1.000000
  3 -0.298879 2.230130 0.138592 -0.791620 0.384538 0.474836 0.749994 0.934781 1 3 1.000000
..\..\..\Desktop\General\noesis\roomitems_025_daruma
  3 -0.323503 2.086621 0.153031 -0.862647 0.000005 0.505807 0.749994 0.870779 1 3 1.000000
  3 -0.094625 2.086621 0.326225 -0.252322 0.000001 0.967643 0.811834 0.870779 1 3 1.000000
  3 -0.298879 2.230130 0.138592 -0.791620 0.384538 0.474836 0.749994 0.934781 1 3 1.000000
..\..\..\Desktop\General\noesis\roomitems_025_daruma
  3 -0.298879 2.230130 0.138592 -0.791620 0.384538 0.474836 0.749994 0.934781 1 3 1.000000
  3 -0.094625 2.086621 0.326225 -0.252322 0.000001 0.967643 0.811834 0.870779 1 3 1.000000
  3 -0.087424 2.230130 0.298602 -0.218691 0.393279 0.893032 0.811834 0.934781 1 3 1.000000
..\..\..\Desktop\General\noesis\roomitems_025_daruma
  3 -0.094625 2.086621 0.326225 -0.252322 0.000001 0.967643 0.811834 0.870779 1 3 1.000000
  3 0.189679 2.086621 0.286849 0.558807 0.037461 0.828451 0.873643 0.870779 1 3 1.000000
  3 -0.087424 2.230130 0.298602 -0.218691 0.393279 0.893032 0.811834 0.934781 1 3 1.000000
..\..\..\Desktop\General\noesis\roomitems_025_daruma
  3 -0.087424 2.230130 0.298602 -0.218691 0.393279 0.893032 0.811834 0.934781 1 3 1.000000
  3 0.189679 2.086621 0.286849 0.558807 0.037461 0.828451 0.873643 0.870779 1 3 1.000000
  3 0.175241 2.230130 0.262224 0.465138 0.438759 0.768854 0.873643 0.934781 1 3 1.000000
..\..\..\Desktop\General\noesis\roomitems_025_daruma
  3 0.362875 2.086621 0.057971 0.985143 -0.017437 0.170848 0.935482 0.870779 1 3 1.000000
  3 0.323503 2.086621 -0.226334 0.864244 0.007399 -0.503018 0.997291 0.870779 1 3 1.000000
  3 0.330513 2.219831 0.046066 0.918015 0.350692 0.185108 0.935482 0.934781 1 3 1.000000
..\..\..\Desktop\General\noesis\roomitems_025_daruma
  3 0.362875 2.086621 0.057971 0.985143 -0.017437 0.170848 0.935482 0.870779 1 3 1.000000
  3 0.330513 2.219831 0.046066 0.918015 0.350692 0.185108 0.935482 0.934781 1 3 1.000000
  3 0.189679 2.086621 0.286849 0.558807 0.037461 0.828451 0.873643 0.870779 1 3 1.000000
..\..\..\Desktop\General\noesis\roomitems_025_daruma
  3 0.189679 2.086621 0.286849 0.558807 0.037461 0.828451 0.873643 0.870779 1 3 1.000000
  3 0.330513 2.219831 0.046066 0.918015 0.350692 0.185108 0.935482 0.934781 1 3 1.000000
  3 0.175241 2.230130 0.262224 0.465138 0.438759 0.768854 0.873643 0.934781 1 3 1.000000
..\..\..\Desktop\General\noesis\roomitems_025_daruma
  3 0.330513 2.219831 0.046066 0.918015 0.350692 0.185108 0.935482 0.934781 1 3 1.000000
  3 0.323503 2.086621 -0.226334 0.864244 0.007399 -0.503018 0.997291 0.870779 1 3 1.000000
  3 0.298877 2.230130 -0.211895 0.771249 0.346336 -0.534065 0.997291 0.934781 1 3 1.000000
..\..\..\Desktop\General\noesis\roomitems_025_daruma
  3 0.298877 2.230130 -0.211895 0.771249 0.346336 -0.534065 0.503306 0.934781 1 3 1.000000
  3 0.087422 2.230130 -0.371907 0.224000 0.384539 -0.895519 0.564537 0.934781 1 3 1.000000
  3 0.228749 2.351790 -0.170778 0.682397 0.617552 -0.391106 0.503306 0.965914 1 3 1.000000
..\..\..\Desktop\General\noesis\roomitems_025_daruma
  3 0.087422 2.230130 -0.371907 0.224000 0.384539 -0.895519 0.564537 0.934781 1 3 1.000000
  3 -0.175246 2.230130 -0.335530 -0.474838 0.384542 -0.791616 0.626346 0.934781 1 3 1.000000
  3 0.066910 2.351790 -0.293245 0.127192 0.637227 -0.760108 0.564689 0.965914 1 3 1.000000
..\..\..\Desktop\General\noesis\roomitems_025_daruma
  3 0.228749 2.351790 -0.170778 0.682397 0.617552 -0.391106 0.503306 0.965914 1 3 1.000000
  3 0.087422 2.230130 -0.371907 0.224000 0.384539 -0.895519 0.564537 0.934781 1 3 1.000000
  3 0.066910 2.351790 -0.293245 0.127192 0.637227 -0.760108 0.564689 0.965914 1 3 1.000000
..\..\..\Desktop\General\noesis\roomitems_025_daruma
  3 -0.175246 2.230130 -0.335530 -0.474838 0.384542 -0.791616 0.626346 0.934781 1 3 1.000000
  3 -0.335254 2.230130 -0.124074 -0.895518 0.384544 -0.223995 0.688185 0.934781 1 3 1.000000
  3 -0.134127 2.351790 -0.265403 -0.447543 0.637228 -0.627412 0.626407 0.965914 1 3 1.000000
..\..\..\Desktop\General\noesis\roomitems_025_daruma
  3 0.066910 2.351790 -0.293245 0.127192 0.637227 -0.760108 0.564689 0.965914 1 3 1.000000
  3 -0.175246 2.230130 -0.335530 -0.474838 0.384542 -0.791616 0.626346 0.934781 1 3 1.000000
  3 -0.134127 2.351790 -0.265403 -0.447543 0.637228 -0.627412 0.626407 0.965914 1 3 1.000000
..\..\..\Desktop\General\noesis\roomitems_025_daruma
  3 -0.134127 2.351790 -0.265403 -0.447543 0.637228 -0.627412 0.626407 0.965914 1 3 1.000000
  3 -0.335254 2.230130 -0.124074 -0.895518 0.384544 -0.223995 0.688185 0.934781 1 3 1.000000
  3 -0.256593 2.351790 -0.103562 -0.760109 0.637226 -0.127191 0.688185 0.965914 1 3 1.000000
..\..\..\Desktop\General\noesis\roomitems_025_daruma
  3 -0.335254 2.230130 -0.124074 -0.895518 0.384544 -0.223995 0.688185 0.934781 1 3 1.000000
  3 -0.298879 2.230130 0.138592 -0.791620 0.384538 0.474836 0.749994 0.934781 1 3 1.000000
  3 -0.256593 2.351790 -0.103562 -0.760109 0.637226 -0.127191 0.688185 0.965914 1 3 1.000000
..\..\..\Desktop\General\noesis\roomitems_025_daruma
  3 -0.298879 2.230130 0.138592 -0.791620 0.384538 0.474836 0.749994 0.934781 1 3 1.000000
  3 -0.087424 2.230130 0.298602 -0.218691 0.393279 0.893032 0.811834 0.934781 1 3 1.000000
  3 -0.228752 2.351790 0.097473 -0.618792 0.643535 0.450510 0.750055 0.965914 1 3 1.000000
..\..\..\Desktop\General\noesis\roomitems_025_daruma
  3 -0.256593 2.351790 -0.103562 -0.760109 0.637226 -0.127191 0.688185 0.965914 1 3 1.000000
  3 -0.298879 2.230130 0.138592 -0.791620 0.384538 0.474836 0.749994 0.934781 1 3 1.000000
  3 -0.228752 2.351790 0.097473 -0.618792 0.643535 0.450510 0.750055 0.965914 1 3 1.000000
..\..\..\Desktop\General\noesis\roomitems_025_daruma
  3 -0.087424 2.230130 0.298602 -0.218691 0.393279 0.893032 0.811834 0.934781 1 3 1.000000
  3 0.175241 2.230130 0.262224 0.465138 0.438759 0.768854 0.873643 0.934781 1 3 1.000000
  3 -0.062928 2.351790 0.215927 -0.123028 0.641388 0.757289 0.811864 0.965914 1 3 1.000000
..\..\..\Desktop\General\noesis\roomitems_025_daruma
  3 -0.228752 2.351790 0.097473 -0.618792 0.643535 0.450510 0.750055 0.965914 1 3 1.000000
  3 -0.087424 2.230130 0.298602 -0.218691 0.393279 0.893032 0.811834 0.934781 1 3 1.000000
  3 -0.062928 2.351790 0.215927 -0.123028 0.641388 0.757289 0.811864 0.965914 1 3 1.000000
..\..\..\Desktop\General\noesis\roomitems_025_daruma
  3 -0.062928 2.351790 0.215927 -0.123028 0.641388 0.757289 0.811864 0.965914 1 3 1.000000
  3 0.175241 2.230130 0.262224 0.465138 0.438759 0.768854 0.873643 0.934781 1 3 1.000000
  3 0.134124 2.351790 0.192099 0.374668 0.658444 0.652744 0.873551 0.965914 1 3 1.000000
..\..\..\Desktop\General\noesis\roomitems_025_daruma
  3 0.330513 2.219831 0.046066 0.918015 0.350692 0.185108 0.935482 0.934781 1 3 1.000000
  3 0.256593 2.351790 0.030258 0.744347 0.616178 0.257435 0.935512 0.965914 1 3 1.000000
  3 0.175241 2.230130 0.262224 0.465138 0.438759 0.768854 0.873643 0.934781 1 3 1.000000
..\..\..\Desktop\General\noesis\roomitems_025_daruma
  3 0.175241 2.230130 0.262224 0.465138 0.438759 0.768854 0.873643 0.934781 1 3 1.000000
  3 0.256593 2.351790 0.030258 0.744347 0.616178 0.257435 0.935512 0.965914 1 3 1.000000
  3 0.134124 2.351790 0.192099 0.374668 0.658444 0.652744 0.873551 0.965914 1 3 1.000000
..\..\..\Desktop\General\noesis\roomitems_025_daruma
  3 0.330513 2.219831 0.046066 0.918015 0.350692 0.185108 0.935482 0.934781 1 3 1.000000
  3 0.228749 2.351790 -0.170778 0.682397 0.617552 -0.391106 0.997108 0.965914 1 3 1.000000
  3 0.256593 2.351790 0.030258 0.744347 0.616178 0.257435 0.935512 0.965914 1 3 1.000000
..\..\..\Desktop\General\noesis\roomitems_025_daruma
  3 0.298877 2.230130 -0.211895 0.771249 0.346336 -0.534065 0.997291 0.934781 1 3 1.000000
  3 0.228749 2.351790 -0.170778 0.682397 0.617552 -0.391106 0.997108 0.965914 1 3 1.000000
  3 0.330513 2.219831 0.046066 0.918015 0.350692 0.185108 0.935482 0.934781 1 3 1.000000
..\..\..\Desktop\General\noesis\roomitems_025_daruma
  3 0.206845 0.690048 -0.157933 0.382947 -0.907856 -0.170728 0.512811 0.106376 1 3 1.000000
  3 0.060500 0.690048 -0.268672 0.150061 -0.907858 -0.391505 0.563866 0.106376 1 3 1.000000
  3 0.382195 0.825871 -0.260750 0.617120 -0.709119 -0.341046 0.512811 0.204497 1 3 1.000000
..\..\..\Desktop\General\noesis\roomitems_025_daruma
  3 0.382195 0.825871 -0.260750 0.617120 -0.709119 -0.341046 0.512811 0.204497 1 3 1.000000
  3 0.060500 0.690048 -0.268672 0.150061 -0.907858 -0.391505 0.563866 0.106376 1 3 1.000000
  3 0.111792 0.825871 -0.465368 0.195213 -0.709121 -0.677525 0.563866 0.204497 1 3 1.000000
..\..\..\Desktop\General\noesis\roomitems_025_daruma
  3 0.060500 0.690048 -0.268672 0.150061 -0.907858 -0.391505 0.563866 0.106376 1 3 1.000000
  3 -0.121282 0.690048 -0.243496 -0.170725 -0.907858 -0.382945 0.625919 0.106376 1 3 1.000000
  3 0.111792 0.825871 -0.465368 0.195213 -0.709121 -0.677525 0.563866 0.204497 1 3 1.000000
..\..\..\Desktop\General\noesis\roomitems_025_daruma
  3 0.111792 0.825871 -0.465368 0.195213 -0.709121 -0.677525 0.563866 0.204497 1 3 1.000000
  3 -0.121282 0.690048 -0.243496 -0.170725 -0.907858 -0.382945 0.625919 0.106376 1 3 1.000000
  3 -0.224099 0.825871 -0.418849 -0.341048 -0.709118 -0.617120 0.625919 0.204497 1 3 1.000000
..\..\..\Desktop\General\noesis\roomitems_025_daruma
  3 -0.121282 0.690048 -0.243496 -0.170725 -0.907858 -0.382945 0.625919 0.106376 1 3 1.000000
  3 -0.232021 0.690048 -0.097155 -0.391504 -0.907858 -0.150063 0.665247 0.106376 1 3 1.000000
  3 -0.224099 0.825871 -0.418849 -0.341048 -0.709118 -0.617120 0.625919 0.204497 1 3 1.000000
..\..\..\Desktop\General\noesis\roomitems_025_daruma
  3 -0.224099 0.825871 -0.418849 -0.341048 -0.709118 -0.617120 0.625919 0.204497 1 3 1.000000
  3 -0.232021 0.690048 -0.097155 -0.391504 -0.907858 -0.150063 0.665247 0.106376 1 3 1.000000
  3 -0.428715 0.825871 -0.148445 -0.677527 -0.709118 -0.195215 0.665247 0.204497 1 3 1.000000
..\..\..\Desktop\General\noesis\roomitems_025_daruma
  3 -0.232021 0.690048 -0.097155 -0.391504 -0.907858 -0.150063 0.665247 0.106376 1 3 1.000000
  3 -0.206847 0.690048 0.084628 -0.382946 -0.907857 0.170726 0.749994 0.106376 1 3 1.000000
  3 -0.428715 0.825871 -0.148445 -0.677527 -0.709118 -0.195215 0.665247 0.204497 1 3 1.000000
..\..\..\Desktop\General\noesis\roomitems_025_daruma
  3 -0.428715 0.825871 -0.148445 -0.677527 -0.709118 -0.195215 0.665247 0.204497 1 3 1.000000
  3 -0.206847 0.690048 0.084628 -0.382946 -0.907857 0.170726 0.749994 0.106376 1 3 1.000000
  3 -0.382197 0.825871 0.187445 -0.617120 -0.709119 0.341047 0.749994 0.204497 1 3 1.000000
..\..\..\Desktop\General\noesis\roomitems_025_daruma
  3 -0.206847 0.690048 0.084628 -0.382946 -0.907857 0.170726 0.749994 0.106376 1 3 1.000000
  3 -0.060503 0.690048 0.195366 -0.150062 -0.907858 0.391504 0.812047 0.106376 1 3 1.000000
  3 -0.382197 0.825871 0.187445 -0.617120 -0.709119 0.341047 0.749994 0.204497 1 3 1.000000
..\..\..\Desktop\General\noesis\roomitems_025_daruma
  3 -0.382197 0.825871 0.187445 -0.617120 -0.709119 0.341047 0.749994 0.204497 1 3 1.000000
  3 -0.060503 0.690048 0.195366 -0.150062 -0.907858 0.391504 0.812047 0.106376 1 3 1.000000
  3 -0.111794 0.825871 0.392063 -0.195214 -0.709120 0.677526 0.812047 0.204497 1 3 1.000000
..\..\..\Desktop\General\noesis\roomitems_025_daruma
  3 -0.060503 0.690048 0.195366 -0.150062 -0.907858 0.391504 0.812047 0.106376 1 3 1.000000
  3 0.121283 0.690048 0.170191 0.170727 -0.907857 0.382946 0.874069 0.106376 1 3 1.000000
  3 -0.111794 0.825871 0.392063 -0.195214 -0.709120 0.677526 0.812047 0.204497 1 3 1.000000
..\..\..\Desktop\General\noesis\roomitems_025_daruma
  3 -0.111794 0.825871 0.392063 -0.195214 -0.709120 0.677526 0.812047 0.204497 1 3 1.000000
  3 0.121283 0.690048 0.170191 0.170727 -0.907857 0.382946 0.874069 0.106376 1 3 1.000000
  3 0.224096 0.825871 0.345543 0.341049 -0.709116 0.617122 0.874069 0.204497 1 3 1.000000
..\..\..\Desktop\General\noesis\roomitems_025_daruma
  3 0.121283 0.690048 0.170191 0.170727 -0.907857 0.382946 0.874069 0.106376 1 3 1.000000
  3 0.232021 0.690048 0.023850 0.391508 -0.907856 0.150063 0.936122 0.106376 1 3 1.000000
  3 0.224096 0.825871 0.345543 0.341049 -0.709116 0.617122 0.874069 0.204497 1 3 1.000000
..\..\..\Desktop\General\noesis\roomitems_025_daruma
  3 0.224096 0.825871 0.345543 0.341049 -0.709116 0.617122 0.874069 0.204497 1 3 1.000000
  3 0.232021 0.690048 0.023850 0.391508 -0.907856 0.150063 0.936122 0.106376 1 3 1.000000
  3 0.428713 0.825871 0.075140 0.677528 -0.709117 0.195214 0.936122 0.204497 1 3 1.000000
..\..\..\Desktop\General\noesis\roomitems_025_daruma
  3 0.232021 0.690048 0.023850 0.391508 -0.907856 0.150063 0.936122 0.106376 1 3 1.000000
  3 0.206845 0.690048 -0.157933 0.382947 -0.907856 -0.170728 0.986081 0.106376 1 3 1.000000
  3 0.428713 0.825871 0.075140 0.677528 -0.709117 0.195214 0.936122 0.204497 1 3 1.000000
..\..\..\Desktop\General\noesis\roomitems_025_daruma
  3 0.428713 0.825871 0.075140 0.677528 -0.709117 0.195214 0.936122 0.204497 1 3 1.000000
  3 0.206845 0.690048 -0.157933 0.382947 -0.907856 -0.170728 0.986081 0.106376 1 3 1.000000
  3 0.382195 0.825871 -0.260750 0.617120 -0.709119 -0.341046 0.986081 0.204497 1 3 1.000000
..\..\..\Desktop\General\noesis\roomitems_025_daruma
  3 0.382195 0.825871 -0.260750 0.617120 -0.709119 -0.341046 0.512811 0.204497 1 3 1.000000
  3 0.111792 0.825871 -0.465368 0.195213 -0.709121 -0.677525 0.563866 0.204497 1 3 1.000000
  3 0.499362 1.029140 -0.329452 0.800937 -0.384540 -0.458943 0.512811 0.302617 1 3 1.000000
..\..\..\Desktop\General\noesis\roomitems_025_daruma
  3 0.111792 0.825871 -0.465368 0.195213 -0.709121 -0.677525 0.563866 0.204497 1 3 1.000000
  3 -0.224099 0.825871 -0.418849 -0.341048 -0.709118 -0.617120 0.625919 0.204497 1 3 1.000000
  3 0.146063 1.029140 -0.596796 0.241825 -0.384539 -0.890871 0.563866 0.302617 1 3 1.000000
..\..\..\Desktop\General\noesis\roomitems_025_daruma
  3 0.499362 1.029140 -0.329452 0.800937 -0.384540 -0.458943 0.512811 0.302617 1 3 1.000000
  3 0.111792 0.825871 -0.465368 0.195213 -0.709121 -0.677525 0.563866 0.204497 1 3 1.000000
  3 0.146063 1.029140 -0.596796 0.241825 -0.384539 -0.890871 0.563866 0.302617 1 3 1.000000
..\..\..\Desktop\General\noesis\roomitems_025_daruma
  3 -0.224099 0.825871 -0.418849 -0.341048 -0.709118 -0.617120 0.625919 0.204497 1 3 1.000000
  3 -0.428715 0.825871 -0.148445 -0.677527 -0.709118 -0.195215 0.665247 0.204497 1 3 1.000000
  3 -0.292797 1.029140 -0.536016 -0.458942 -0.384541 -0.800937 0.625919 0.302617 1 3 1.000000
..\..\..\Desktop\General\noesis\roomitems_025_daruma
  3 0.146063 1.029140 -0.596796 0.241825 -0.384539 -0.890871 0.563866 0.302617 1 3 1.000000
  3 -0.224099 0.825871 -0.418849 -0.341048 -0.709118 -0.617120 0.625919 0.204497 1 3 1.000000
  3 -0.292797 1.029140 -0.536016 -0.458942 -0.384541 -0.800937 0.625919 0.302617 1 3 1.000000
..\..\..\Desktop\General\noesis\roomitems_025_daruma
  3 -0.428715 0.825871 -0.148445 -0.677527 -0.709118 -0.195215 0.665247 0.204497 1 3 1.000000
  3 -0.382197 0.825871 0.187445 -0.617120 -0.709119 0.341047 0.749994 0.204497 1 3 1.000000
  3 -0.560145 1.029140 -0.182717 -0.890869 -0.384542 -0.241826 0.665247 0.302617 1 3 1.000000
..\..\..\Desktop\General\noesis\roomitems_025_daruma
  3 -0.292797 1.029140 -0.536016 -0.458942 -0.384541 -0.800937 0.625919 0.302617 1 3 1.000000
  3 -0.428715 0.825871 -0.148445 -0.677527 -0.709118 -0.195215 0.665247 0.204497 1 3 1.000000
  3 -0.560145 1.029140 -0.182717 -0.890869 -0.384542 -0.241826 0.665247 0.302617 1 3 1.000000
..\..\..\Desktop\General\noesis\roomitems_025_daruma
  3 -0.560145 1.029140 -0.182717 -0.890869 -0.384542 -0.241826 0.665247 0.302617 1 3 1.000000
  3 -0.382197 0.825871 0.187445 -0.617120 -0.709119 0.341047 0.749994 0.204497 1 3 1.000000
  3 -0.499363 1.029140 0.256146 -0.800937 -0.384541 0.458942 0.749994 0.302617 1 3 1.000000
..\..\..\Desktop\General\noesis\roomitems_025_daruma
  3 -0.382197 0.825871 0.187445 -0.617120 -0.709119 0.341047 0.749994 0.204497 1 3 1.000000
  3 -0.111794 0.825871 0.392063 -0.195214 -0.709120 0.677526 0.812047 0.204497 1 3 1.000000
  3 -0.499363 1.029140 0.256146 -0.800937 -0.384541 0.458942 0.749994 0.302617 1 3 1.000000
..\..\..\Desktop\General\noesis\roomitems_025_daruma
  3 -0.111794 0.825871 0.392063 -0.195214 -0.709120 0.677526 0.812047 0.204497 1 3 1.000000
  3 0.224096 0.825871 0.345543 0.341049 -0.709116 0.617122 0.874069 0.204497 1 3 1.000000
  3 -0.146070 1.029140 0.523489 -0.241828 -0.384541 0.890869 0.812047 0.302617 1 3 1.000000
..\..\..\Desktop\General\noesis\roomitems_025_daruma
  3 -0.499363 1.029140 0.256146 -0.800937 -0.384541 0.458942 0.749994 0.302617 1 3 1.000000
  3 -0.111794 0.825871 0.392063 -0.195214 -0.709120 0.677526 0.812047 0.204497 1 3 1.000000
  3 -0.146070 1.029140 0.523489 -0.241828 -0.384541 0.890869 0.812047 0.302617 1 3 1.000000
..\..\..\Desktop\General\noesis\roomitems_025_daruma
  3 -0.146070 1.029140 0.523489 -0.241828 -0.384541 0.890869 0.812047 0.302617 1 3 1.000000
  3 0.224096 0.825871 0.345543 0.341049 -0.709116 0.617122 0.874069 0.204497 1 3 1.000000
  3 0.292796 1.029140 0.462711 0.458942 -0.384542 0.800937 0.874069 0.302617 1 3 1.000000
..\..\..\Desktop\General\noesis\roomitems_025_daruma
  3 0.224096 0.825871 0.345543 0.341049 -0.709116 0.617122 0.874069 0.204497 1 3 1.000000
  3 0.428713 0.825871 0.075140 0.677528 -0.709117 0.195214 0.936122 0.204497 1 3 1.000000
  3 0.292796 1.029140 0.462711 0.458942 -0.384542 0.800937 0.874069 0.302617 1 3 1.000000
..\..\..\Desktop\General\noesis\roomitems_025_daruma
  3 0.292796 1.029140 0.462711 0.458942 -0.384542 0.800937 0.874069 0.302617 1 3 1.000000
  3 0.428713 0.825871 0.075140 0.677528 -0.709117 0.195214 0.936122 0.204497 1 3 1.000000
  3 0.560142 1.029140 0.109411 0.890869 -0.384541 0.241827 0.936122 0.302617 1 3 1.000000
..\..\..\Desktop\General\noesis\roomitems_025_daruma
  3 0.428713 0.825871 0.075140 0.677528 -0.709117 0.195214 0.936122 0.204497 1 3 1.000000
  3 0.382195 0.825871 -0.260750 0.617120 -0.709119 -0.341046 0.986081 0.204497 1 3 1.000000
  3 0.560142 1.029140 0.109411 0.890869 -0.384541 0.241827 0.936122 0.302617 1 3 1.000000
..\..\..\Desktop\General\noesis\roomitems_025_daruma
  3 0.560142 1.029140 0.109411 0.890869 -0.384541 0.241827 0.936122 0.302617 1 3 1.000000
  3 0.382195 0.825871 -0.260750 0.617120 -0.709119 -0.341046 0.986081 0.204497 1 3 1.000000
  3 0.499362 1.029140 -0.329452 0.800937 -0.384540 -0.458943 0.986081 0.302617 1 3 1.000000
..\..\..\Desktop\General\noesis\roomitems_025_daruma
  3 0.499362 1.029140 -0.329452 0.800937 -0.384540 -0.458943 0.512811 0.302617 1 3 1.000000
  3 0.146063 1.029140 -0.596796 0.241825 -0.384539 -0.890871 0.563866 0.302617 1 3 1.000000
  3 0.540506 1.268920 -0.353576 0.862647 0.000000 -0.505807 0.512811 0.400738 1 3 1.000000
..\..\..\Desktop\General\noesis\roomitems_025_daruma
  3 0.146063 1.029140 -0.596796 0.241825 -0.384539 -0.890871 0.563866 0.302617 1 3 1.000000
  3 -0.292797 1.029140 -0.536016 -0.458942 -0.384541 -0.800937 0.625919 0.302617 1 3 1.000000
  3 0.158097 1.268920 -0.642948 0.252324 -0.000001 -0.967643 0.563866 0.400738 1 3 1.000000
..\..\..\Desktop\General\noesis\roomitems_025_daruma
  3 0.540506 1.268920 -0.353576 0.862647 0.000000 -0.505807 0.512811 0.400738 1 3 1.000000
  3 0.146063 1.029140 -0.596796 0.241825 -0.384539 -0.890871 0.563866 0.302617 1 3 1.000000
  3 0.158097 1.268920 -0.642948 0.252324 -0.000001 -0.967643 0.563866 0.400738 1 3 1.000000
..\..\..\Desktop\General\noesis\roomitems_025_daruma
  3 0.158097 1.268920 -0.642948 0.252324 -0.000001 -0.967643 0.563866 0.400738 1 3 1.000000
  3 -0.292797 1.029140 -0.536016 -0.458942 -0.384541 -0.800937 0.625919 0.302617 1 3 1.000000
  3 -0.316923 1.268920 -0.577161 -0.505806 0.000000 -0.862648 0.625919 0.400738 1 3 1.000000
..\..\..\Desktop\General\noesis\roomitems_025_daruma
  3 -0.292797 1.029140 -0.536016 -0.458942 -0.384541 -0.800937 0.625919 0.302617 1 3 1.000000
  3 -0.560145 1.029140 -0.182717 -0.890869 -0.384542 -0.241826 0.665247 0.302617 1 3 1.000000
  3 -0.316923 1.268920 -0.577161 -0.505806 0.000000 -0.862648 0.625919 0.400738 1 3 1.000000
..\..\..\Desktop\General\noesis\roomitems_025_daruma
  3 -0.560145 1.029140 -0.182717 -0.890869 -0.384542 -0.241826 0.665247 0.302617 1 3 1.000000
  3 -0.499363 1.029140 0.256146 -0.800937 -0.384541 0.458942 0.749994 0.302617 1 3 1.000000
  3 -0.606296 1.268920 -0.194752 -0.967643 -0.000000 -0.252325 0.665247 0.400738 1 3 1.000000
..\..\..\Desktop\General\noesis\roomitems_025_daruma
  3 -0.316923 1.268920 -0.577161 -0.505806 0.000000 -0.862648 0.625919 0.400738 1 3 1.000000
  3 -0.560145 1.029140 -0.182717 -0.890869 -0.384542 -0.241826 0.665247 0.302617 1 3 1.000000
  3 -0.606296 1.268920 -0.194752 -0.967643 -0.000000 -0.252325 0.665247 0.400738 1 3 1.000000
..\..\..\Desktop\General\noesis\roomitems_025_daruma
  3 -0.499363 1.029140 0.256146 -0.800937 -0.384541 0.458942 0.749994 0.302617 1 3 1.000000
  3 -0.146070 1.029140 0.523489 -0.241828 -0.384541 0.890869 0.812047 0.302617 1 3 1.000000
  3 -0.540509 1.268920 0.280271 -0.862647 0.000000 0.505806 0.749994 0.400738 1 3 1.000000
..\..\..\Desktop\General\noesis\roomitems_025_daruma
  3 -0.606296 1.268920 -0.194752 -0.967643 -0.000000 -0.252325 0.665247 0.400738 1 3 1.000000
  3 -0.499363 1.029140 0.256146 -0.800937 -0.384541 0.458942 0.749994 0.302617 1 3 1.000000
  3 -0.540509 1.268920 0.280271 -0.862647 0.000000 0.505806 0.749994 0.400738 1 3 1.000000
..\..\..\Desktop\General\noesis\roomitems_025_daruma
  3 -0.146070 1.029140 0.523489 -0.241828 -0.384541 0.890869 0.812047 0.302617 1 3 1.000000
  3 0.292796 1.029140 0.462711 0.458942 -0.384542 0.800937 0.874069 0.302617 1 3 1.000000
  3 -0.158100 1.268920 0.569643 -0.252325 0.000001 0.967642 0.812047 0.400738 1 3 1.000000
..\..\..\Desktop\General\noesis\roomitems_025_daruma
  3 -0.540509 1.268920 0.280271 -0.862647 0.000000 0.505806 0.749994 0.400738 1 3 1.000000
  3 -0.146070 1.029140 0.523489 -0.241828 -0.384541 0.890869 0.812047 0.302617 1 3 1.000000
  3 -0.158100 1.268920 0.569643 -0.252325 0.000001 0.967642 0.812047 0.400738 1 3 1.000000
..\..\..\Desktop\General\noesis\roomitems_025_daruma
  3 0.292796 1.029140 0.462711 0.458942 -0.384542 0.800937 0.874069 0.302617 1 3 1.000000
  3 0.560142 1.029140 0.109411 0.890869 -0.384541 0.241827 0.936122 0.302617 1 3 1.000000
  3 0.316920 1.268920 0.503855 0.505805 0.000001 0.862648 0.874069 0.400738 1 3 1.000000
..\..\..\Desktop\General\noesis\roomitems_025_daruma
  3 -0.158100 1.268920 0.569643 -0.252325 0.000001 0.967642 0.812047 0.400738 1 3 1.000000
  3 0.292796 1.029140 0.462711 0.458942 -0.384542 0.800937 0.874069 0.302617 1 3 1.000000
  3 0.316920 1.268920 0.503855 0.505805 0.000001 0.862648 0.874069 0.400738 1 3 1.000000
..\..\..\Desktop\General\noesis\roomitems_025_daruma
  3 0.316920 1.268920 0.503855 0.505805 0.000001 0.862648 0.874069 0.400738 1 3 1.000000
  3 0.560142 1.029140 0.109411 0.890869 -0.384541 0.241827 0.936122 0.302617 1 3 1.000000
  3 0.606294 1.268920 0.121447 0.967642 -0.000000 0.252325 0.936122 0.400738 1 3 1.000000
..\..\..\Desktop\General\noesis\roomitems_025_daruma
  3 0.560142 1.029140 0.109411 0.890869 -0.384541 0.241827 0.936122 0.302617 1 3 1.000000
  3 0.499362 1.029140 -0.329452 0.800937 -0.384540 -0.458943 0.986081 0.302617 1 3 1.000000
  3 0.606294 1.268920 0.121447 0.967642 -0.000000 0.252325 0.936122 0.400738 1 3 1.000000
..\..\..\Desktop\General\noesis\roomitems_025_daruma
  3 0.606294 1.268920 0.121447 0.967642 -0.000000 0.252325 0.936122 0.400738 1 3 1.000000
  3 0.499362 1.029140 -0.329452 0.800937 -0.384540 -0.458943 0.986081 0.302617 1 3 1.000000
  3 0.540506 1.268920 -0.353576 0.862647 0.000000 -0.505807 0.986081 0.400738 1 3 1.000000
..\..\..\Desktop\General\noesis\roomitems_025_daruma
  3 0.540506 1.268920 -0.353576 0.862647 0.000000 -0.505807 0.512811 0.400738 1 3 1.000000
  3 0.158097 1.268920 -0.642948 0.252324 -0.000001 -0.967643 0.563866 0.400738 1 3 1.000000
  3 0.499362 1.508700 -0.329452 0.790283 0.387869 -0.474352 0.512811 0.498859 1 3 1.000000
..\..\..\Desktop\General\noesis\roomitems_025_daruma
  3 0.499362 1.508700 -0.329452 0.790283 0.387869 -0.474352 0.512811 0.498859 1 3 1.000000
  3 0.158097 1.268920 -0.642948 0.252324 -0.000001 -0.967643 0.563866 0.400738 1 3 1.000000
  3 0.146063 1.508700 -0.596796 0.223397 0.387869 -0.894233 0.563866 0.498859 1 3 1.000000
..\..\..\Desktop\General\noesis\roomitems_025_daruma
  3 0.158097 1.268920 -0.642948 0.252324 -0.000001 -0.967643 0.563866 0.400738 1 3 1.000000
  3 -0.316923 1.268920 -0.577161 -0.505806 0.000000 -0.862648 0.625919 0.400738 1 3 1.000000
  3 0.146063 1.508700 -0.596796 0.223397 0.387869 -0.894233 0.563866 0.498859 1 3 1.000000
..\..\..\Desktop\General\noesis\roomitems_025_daruma
  3 -0.316923 1.268920 -0.577161 -0.505806 0.000000 -0.862648 0.625919 0.400738 1 3 1.000000
  3 -0.606296 1.268920 -0.194752 -0.967643 -0.000000 -0.252325 0.665247 0.400738 1 3 1.000000
  3 -0.292797 1.508700 -0.536016 -0.474351 0.387865 -0.790286 0.625919 0.498859 1 3 1.000000
..\..\..\Desktop\General\noesis\roomitems_025_daruma
  3 0.146063 1.508700 -0.596796 0.223397 0.387869 -0.894233 0.563866 0.498859 1 3 1.000000
  3 -0.316923 1.268920 -0.577161 -0.505806 0.000000 -0.862648 0.625919 0.400738 1 3 1.000000
  3 -0.292797 1.508700 -0.536016 -0.474351 0.387865 -0.790286 0.625919 0.498859 1 3 1.000000
..\..\..\Desktop\General\noesis\roomitems_025_daruma
  3 -0.292797 1.508700 -0.536016 -0.474351 0.387865 -0.790286 0.625919 0.498859 1 3 1.000000
  3 -0.606296 1.268920 -0.194752 -0.967643 -0.000000 -0.252325 0.665247 0.400738 1 3 1.000000
  3 -0.560145 1.508700 -0.182717 -0.894232 0.387869 -0.223396 0.665247 0.498859 1 3 1.000000
..\..\..\Desktop\General\noesis\roomitems_025_daruma
  3 -0.606296 1.268920 -0.194752 -0.967643 -0.000000 -0.252325 0.665247 0.400738 1 3 1.000000
  3 -0.540509 1.268920 0.280271 -0.862647 0.000000 0.505806 0.749994 0.400738 1 3 1.000000
  3 -0.560145 1.508700 -0.182717 -0.894232 0.387869 -0.223396 0.665247 0.498859 1 3 1.000000
..\..\..\Desktop\General\noesis\roomitems_025_daruma
  3 -0.540509 1.268920 0.280271 -0.862647 0.000000 0.505806 0.749994 0.400738 1 3 1.000000
  3 -0.158100 1.268920 0.569643 -0.252325 0.000001 0.967642 0.812047 0.400738 1 3 1.000000
  3 -0.499363 1.508700 0.256146 -0.790286 0.387866 0.474351 0.749994 0.498859 1 3 1.000000
..\..\..\Desktop\General\noesis\roomitems_025_daruma
  3 -0.560145 1.508700 -0.182717 -0.894232 0.387869 -0.223396 0.665247 0.498859 1 3 1.000000
  3 -0.540509 1.268920 0.280271 -0.862647 0.000000 0.505806 0.749994 0.400738 1 3 1.000000
  3 -0.499363 1.508700 0.256146 -0.790286 0.387866 0.474351 0.749994 0.498859 1 3 1.000000
..\..\..\Desktop\General\noesis\roomitems_025_daruma
  3 -0.158100 1.268920 0.569643 -0.252325 0.000001 0.967642 0.812047 0.400738 1 3 1.000000
  3 0.316920 1.268920 0.503855 0.505805 0.000001 0.862648 0.874069 0.400738 1 3 1.000000
  3 -0.146070 1.508700 0.523489 -0.223400 0.387866 0.894233 0.812047 0.498859 1 3 1.000000
..\..\..\Desktop\General\noesis\roomitems_025_daruma
  3 -0.499363 1.508700 0.256146 -0.790286 0.387866 0.474351 0.749994 0.498859 1 3 1.000000
  3 -0.158100 1.268920 0.569643 -0.252325 0.000001 0.967642 0.812047 0.400738 1 3 1.000000
  3 -0.146070 1.508700 0.523489 -0.223400 0.387866 0.894233 0.812047 0.498859 1 3 1.000000
..\..\..\Desktop\General\noesis\roomitems_025_daruma
  3 -0.146070 1.508700 0.523489 -0.223400 0.387866 0.894233 0.812047 0.498859 1 3 1.000000
  3 0.316920 1.268920 0.503855 0.505805 0.000001 0.862648 0.874069 0.400738 1 3 1.000000
  3 0.292796 1.508700 0.462711 0.474350 0.387866 0.790286 0.874069 0.498859 1 3 1.000000
..\..\..\Desktop\General\noesis\roomitems_025_daruma
  3 0.316920 1.268920 0.503855 0.505805 0.000001 0.862648 0.874069 0.400738 1 3 1.000000
  3 0.606294 1.268920 0.121447 0.967642 -0.000000 0.252325 0.936122 0.400738 1 3 1.000000
  3 0.292796 1.508700 0.462711 0.474350 0.387866 0.790286 0.874069 0.498859 1 3 1.000000
..\..\..\Desktop\General\noesis\roomitems_025_daruma
  3 0.606294 1.268920 0.121447 0.967642 -0.000000 0.252325 0.936122 0.400738 1 3 1.000000
  3 0.540506 1.268920 -0.353576 0.862647 0.000000 -0.505807 0.986081 0.400738 1 3 1.000000
  3 0.560142 1.508700 0.109411 0.894232 0.387870 0.223397 0.936122 0.498859 1 3 1.000000
..\..\..\Desktop\General\noesis\roomitems_025_daruma
  3 0.292796 1.508700 0.462711 0.474350 0.387866 0.790286 0.874069 0.498859 1 3 1.000000
  3 0.606294 1.268920 0.121447 0.967642 -0.000000 0.252325 0.936122 0.400738 1 3 1.000000
  3 0.560142 1.508700 0.109411 0.894232 0.387870 0.223397 0.936122 0.498859 1 3 1.000000
..\..\..\Desktop\General\noesis\roomitems_025_daruma
  3 0.560142 1.508700 0.109411 0.894232 0.387870 0.223397 0.936122 0.498859 1 3 1.000000
  3 0.540506 1.268920 -0.353576 0.862647 0.000000 -0.505807 0.986081 0.400738 1 3 1.000000
  3 0.499362 1.508700 -0.329452 0.790283 0.387869 -0.474352 0.986081 0.498859 1 3 1.000000
..\..\..\Desktop\General\noesis\roomitems_025_daruma
  3 0.499362 1.508700 -0.329452 0.790283 0.387869 -0.474352 0.512811 0.498859 1 3 1.000000
  3 0.146063 1.508700 -0.596796 0.223397 0.387869 -0.894233 0.563866 0.498859 1 3 1.000000
  3 0.380844 1.711210 -0.259959 0.802288 0.381364 -0.459233 0.512811 0.596979 1 3 1.000000
..\..\..\Desktop\General\noesis\roomitems_025_daruma
  3 0.380844 1.711210 -0.259959 0.802288 0.381364 -0.459233 0.512811 0.596979 1 3 1.000000
  3 0.146063 1.508700 -0.596796 0.223397 0.387869 -0.894233 0.563866 0.498859 1 3 1.000000
  3 0.111396 1.711210 -0.463853 0.242572 0.381379 -0.892025 0.563866 0.596979 1 3 1.000000
..\..\..\Desktop\General\noesis\roomitems_025_daruma
  3 0.146063 1.508700 -0.596796 0.223397 0.387869 -0.894233 0.563866 0.498859 1 3 1.000000
  3 -0.292797 1.508700 -0.536016 -0.474351 0.387865 -0.790286 0.625919 0.498859 1 3 1.000000
  3 0.111396 1.711210 -0.463853 0.242572 0.381379 -0.892025 0.563866 0.596979 1 3 1.000000
..\..\..\Desktop\General\noesis\roomitems_025_daruma
  3 0.111396 1.711210 -0.463853 0.242572 0.381379 -0.892025 0.563866 0.596979 1 3 1.000000
  3 -0.292797 1.508700 -0.536016 -0.474351 0.387865 -0.790286 0.625919 0.498859 1 3 1.000000
  3 -0.223310 1.711210 -0.417499 -0.459233 0.381380 -0.802281 0.625919 0.596979 1 3 1.000000
..\..\..\Desktop\General\noesis\roomitems_025_daruma
  3 -0.292797 1.508700 -0.536016 -0.474351 0.387865 -0.790286 0.625919 0.498859 1 3 1.000000
  3 -0.560145 1.508700 -0.182717 -0.894232 0.387869 -0.223396 0.665247 0.498859 1 3 1.000000
  3 -0.223310 1.711210 -0.417499 -0.459233 0.381380 -0.802281 0.625919 0.596979 1 3 1.000000
..\..\..\Desktop\General\noesis\roomitems_025_daruma
  3 -0.560145 1.508700 -0.182717 -0.894232 0.387869 -0.223396 0.665247 0.498859 1 3 1.000000
  3 -0.499363 1.508700 0.256146 -0.790286 0.387866 0.474351 0.749994 0.498859 1 3 1.000000
  3 -0.427199 1.711210 -0.148050 -0.892033 0.381359 -0.242575 0.665247 0.596979 1 3 1.000000
..\..\..\Desktop\General\noesis\roomitems_025_daruma
  3 -0.223310 1.711210 -0.417499 -0.459233 0.381380 -0.802281 0.625919 0.596979 1 3 1.000000
  3 -0.560145 1.508700 -0.182717 -0.894232 0.387869 -0.223396 0.665247 0.498859 1 3 1.000000
  3 -0.427199 1.711210 -0.148050 -0.892033 0.381359 -0.242575 0.665247 0.596979 1 3 1.000000
..\..\..\Desktop\General\noesis\roomitems_025_daruma
  3 -0.427199 1.711210 -0.148050 -0.892033 0.381359 -0.242575 0.665247 0.596979 1 3 1.000000
  3 -0.499363 1.508700 0.256146 -0.790286 0.387866 0.474351 0.749994 0.498859 1 3 1.000000
  3 -0.380850 1.711210 0.186654 -0.802289 0.381366 0.459230 0.749994 0.596979 1 3 1.000000
..\..\..\Desktop\General\noesis\roomitems_025_daruma
  3 -0.499363 1.508700 0.256146 -0.790286 0.387866 0.474351 0.749994 0.498859 1 3 1.000000
  3 -0.146070 1.508700 0.523489 -0.223400 0.387866 0.894233 0.812047 0.498859 1 3 1.000000
  3 -0.380850 1.711210 0.186654 -0.802289 0.381366 0.459230 0.749994 0.596979 1 3 1.000000
..\..\..\Desktop\General\noesis\roomitems_025_daruma
  3 -0.380850 1.711210 0.186654 -0.802289 0.381366 0.459230 0.749994 0.596979 1 3 1.000000
  3 -0.146070 1.508700 0.523489 -0.223400 0.387866 0.894233 0.812047 0.498859 1 3 1.000000
  3 -0.111399 1.711210 0.390548 -0.242570 0.381378 0.892026 0.812047 0.596979 1 3 1.000000
..\..\..\Desktop\General\noesis\roomitems_025_daruma
  3 -0.146070 1.508700 0.523489 -0.223400 0.387866 0.894233 0.812047 0.498859 1 3 1.000000
  3 0.292796 1.508700 0.462711 0.474350 0.387866 0.790286 0.874069 0.498859 1 3 1.000000
  3 -0.111399 1.711210 0.390548 -0.242570 0.381378 0.892026 0.812047 0.596979 1 3 1.000000
..\..\..\Desktop\General\noesis\roomitems_025_daruma
  3 -0.111399 1.711210 0.390548 -0.242570 0.381378 0.892026 0.812047 0.596979 1 3 1.000000
  3 0.292796 1.508700 0.462711 0.474350 0.387866 0.790286 0.874069 0.498859 1 3 1.000000
  3 0.223304 1.711210 0.344193 0.459235 0.381365 0.802287 0.874069 0.596979 1 3 1.000000
..\..\..\Desktop\General\noesis\roomitems_025_daruma
  3 0.292796 1.508700 0.462711 0.474350 0.387866 0.790286 0.874069 0.498859 1 3 1.000000
  3 0.560142 1.508700 0.109411 0.894232 0.387870 0.223397 0.936122 0.498859 1 3 1.000000
  3 0.223304 1.711210 0.344193 0.459235 0.381365 0.802287 0.874069 0.596979 1 3 1.000000
..\..\..\Desktop\General\noesis\roomitems_025_daruma
  3 0.223304 1.711210 0.344193 0.459235 0.381365 0.802287 0.874069 0.596979 1 3 1.000000
  3 0.560142 1.508700 0.109411 0.894232 0.387870 0.223397 0.936122 0.498859 1 3 1.000000
  3 0.427197 1.711210 0.074744 0.892033 0.381359 0.242575 0.936122 0.596979 1 3 1.000000
..\..\..\Desktop\General\noesis\roomitems_025_daruma
  3 0.560142 1.508700 0.109411 0.894232 0.387870 0.223397 0.936122 0.498859 1 3 1.000000
  3 0.499362 1.508700 -0.329452 0.790283 0.387869 -0.474352 0.986081 0.498859 1 3 1.000000
  3 0.427197 1.711210 0.074744 0.892033 0.381359 0.242575 0.936122 0.596979 1 3 1.000000
..\..\..\Desktop\General\noesis\roomitems_025_daruma
  3 0.427197 1.711210 0.074744 0.892033 0.381359 0.242575 0.936122 0.596979 1 3 1.000000
  3 0.499362 1.508700 -0.329452 0.790283 0.387869 -0.474352 0.986081 0.498859 1 3 1.000000
  3 0.380844 1.711210 -0.259959 0.802288 0.381364 -0.459233 0.986081 0.596979 1 3 1.000000
..\..\..\Desktop\General\noesis\roomitems_025_daruma
  3 0.060500 0.690048 -0.268672 0.150061 -0.907858 -0.391505 0.563866 0.106376 1 3 1.000000
  3 0.206845 0.690048 -0.157933 0.382947 -0.907856 -0.170728 0.512811 0.106376 1 3 1.000000
  3 0.000000 0.642353 -0.036652 0.000000 -1.000000 -0.000000 0.532855 0.008255 1 3 1.000000
..\..\..\Desktop\General\noesis\roomitems_025_daruma
  3 -0.121282 0.690048 -0.243496 -0.170725 -0.907858 -0.382945 0.625919 0.106376 1 3 1.000000
  3 0.060500 0.690048 -0.268672 0.150061 -0.907858 -0.391505 0.563866 0.106376 1 3 1.000000
  3 0.000000 0.642353 -0.036652 0.000000 -1.000000 -0.000000 0.594908 0.008255 1 3 1.000000
..\..\..\Desktop\General\noesis\roomitems_025_daruma
  3 -0.232021 0.690048 -0.097155 -0.391504 -0.907858 -0.150063 0.665247 0.106376 1 3 1.000000
  3 -0.121282 0.690048 -0.243496 -0.170725 -0.907858 -0.382945 0.625919 0.106376 1 3 1.000000
  3 0.000000 0.642353 -0.036652 0.000000 -1.000000 -0.000000 0.656930 0.008255 1 3 1.000000
..\..\..\Desktop\General\noesis\roomitems_025_daruma
  3 -0.206847 0.690048 0.084628 -0.382946 -0.907857 0.170726 0.749994 0.106376 1 3 1.000000
  3 -0.232021 0.690048 -0.097155 -0.391504 -0.907858 -0.150063 0.665247 0.106376 1 3 1.000000
  3 0.000000 0.642353 -0.036652 0.000000 -1.000000 -0.000000 0.718983 0.008255 1 3 1.000000
..\..\..\Desktop\General\noesis\roomitems_025_daruma
  3 -0.060503 0.690048 0.195366 -0.150062 -0.907858 0.391504 0.812047 0.106376 1 3 1.000000
  3 -0.206847 0.690048 0.084628 -0.382946 -0.907857 0.170726 0.749994 0.106376 1 3 1.000000
  3 0.000000 0.642353 -0.036652 0.000000 -1.000000 -0.000000 0.781036 0.008255 1 3 1.000000
..\..\..\Desktop\General\noesis\roomitems_025_daruma
  3 0.121283 0.690048 0.170191 0.170727 -0.907857 0.382946 0.874069 0.106376 1 3 1.000000
  3 -0.060503 0.690048 0.195366 -0.150062 -0.907858 0.391504 0.812047 0.106376 1 3 1.000000
  3 0.000000 0.642353 -0.036652 0.000000 -1.000000 -0.000000 0.843058 0.008255 1 3 1.000000
..\..\..\Desktop\General\noesis\roomitems_025_daruma
  3 0.232021 0.690048 0.023850 0.391508 -0.907856 0.150063 0.936122 0.106376 1 3 1.000000
  3 0.121283 0.690048 0.170191 0.170727 -0.907857 0.382946 0.874069 0.106376 1 3 1.000000
  3 0.000000 0.642353 -0.036652 0.000000 -1.000000 -0.000000 0.905111 0.008255 1 3 1.000000
..\..\..\Desktop\General\noesis\roomitems_025_daruma
  3 0.206845 0.690048 -0.157933 0.382947 -0.907856 -0.170728 0.986081 0.106376 1 3 1.000000
  3 0.232021 0.690048 0.023850 0.391508 -0.907856 0.150063 0.936122 0.106376 1 3 1.000000
  3 0.000000 0.642353 -0.036652 0.000000 -1.000000 -0.000000 0.967133 0.008255 1 3 1.000000
..\..\..\Desktop\General\noesis\roomitems_025_daruma
  3 -0.243220 2.120301 0.217662 -0.645052 -0.675897 0.356471 0.214671 0.101441 1 3 1.000000
  3 -0.212960 2.120301 0.239613 0.033295 -0.562209 0.826325 0.229385 0.101441 1 3 1.000000
  3 -0.237633 2.155660 0.241796 -0.579925 0.156444 0.799508 0.222074 0.128827 1 3 1.000000
..\..\..\Desktop\General\noesis\roomitems_025_daruma
  3 -0.255376 2.152281 0.202589 -0.999258 -0.027088 -0.027400 0.206325 0.128827 1 3 1.000000
  3 -0.243220 2.120301 0.217662 -0.645052 -0.675897 0.356471 0.214671 0.101441 1 3 1.000000
  3 -0.237633 2.155660 0.241796 -0.579925 0.156444 0.799508 0.222074 0.128827 1 3 1.000000
..\..\..\Desktop\General\noesis\roomitems_025_daruma
  3 -0.237272 2.184260 0.209465 -0.675165 0.735341 0.058535 0.214671 0.156183 1 3 1.000000
  3 -0.255376 2.152281 0.202589 -0.999258 -0.027088 -0.027400 0.206325 0.128827 1 3 1.000000
  3 -0.237633 2.155660 0.241796 -0.579925 0.156444 0.799508 0.222074 0.128827 1 3 1.000000
..\..\..\Desktop\General\noesis\roomitems_025_daruma
  3 -0.207014 2.184260 0.231413 0.003211 0.849009 0.528368 0.229385 0.156183 1 3 1.000000
  3 -0.237272 2.184260 0.209465 -0.675165 0.735341 0.058535 0.214671 0.156183 1 3 1.000000
  3 -0.237633 2.155660 0.241796 -0.579925 0.156444 0.799508 0.222074 0.128827 1 3 1.000000
..\..\..\Desktop\General\noesis\roomitems_025_daruma
  3 -0.194857 2.152281 0.246487 0.357423 0.200230 0.912226 0.237457 0.128827 1 3 1.000000
  3 -0.207014 2.184260 0.231413 0.003211 0.849009 0.528368 0.229385 0.156183 1 3 1.000000
  3 -0.237633 2.155660 0.241796 -0.579925 0.156444 0.799508 0.222074 0.128827 1 3 1.000000
..\..\..\Desktop\General\noesis\roomitems_025_daruma
  3 -0.212960 2.120301 0.239613 0.033295 -0.562209 0.826325 0.229385 0.101441 1 3 1.000000
  3 -0.194857 2.152281 0.246487 0.357423 0.200230 0.912226 0.237457 0.128827 1 3 1.000000
  3 -0.237633 2.155660 0.241796 -0.579925 0.156444 0.799508 0.222074 0.128827 1 3 1.000000
..\..\..\Desktop\General\noesis\roomitems_025_daruma
  3 -0.212960 2.120301 0.239613 0.033295 -0.562209 0.826325 0.229385 0.101441 1 3 1.000000
  3 -0.243220 2.120301 0.217662 -0.645052 -0.675897 0.356471 0.214671 0.101441 1 3 1.000000
  3 -0.198563 2.111980 0.224689 0.024771 -0.862783 0.504967 0.233772 0.082432 1 3 1.000000
..\..\..\Desktop\General\noesis\roomitems_025_daruma
  3 -0.198563 2.111980 0.224689 0.024771 -0.862783 0.504967 0.233772 0.082432 1 3 1.000000
  3 -0.243220 2.120301 0.217662 -0.645052 -0.675897 0.356471 0.214671 0.101441 1 3 1.000000
  3 -0.233504 2.111980 0.199345 -0.727199 -0.682236 -0.075740 0.210224 0.082432 1 3 1.000000
..\..\..\Desktop\General\noesis\roomitems_025_daruma
  3 -0.243220 2.120301 0.217662 -0.645052 -0.675897 0.356471 0.214671 0.101441 1 3 1.000000
  3 -0.255376 2.152281 0.202589 -0.999258 -0.027088 -0.027400 0.206325 0.128827 1 3 1.000000
  3 -0.233504 2.111980 0.199345 -0.727199 -0.682236 -0.075740 0.210224 0.082432 1 3 1.000000
..\..\..\Desktop\General\noesis\roomitems_025_daruma
  3 -0.255376 2.152281 0.202589 -0.999258 -0.027088 -0.027400 0.206325 0.128827 1 3 1.000000
  3 -0.237272 2.184260 0.209465 -0.675165 0.735341 0.058535 0.214671 0.156183 1 3 1.000000
  3 -0.247541 2.148901 0.181938 -0.899516 0.220279 -0.377291 0.196698 0.128827 1 3 1.000000
..\..\..\Desktop\General\noesis\roomitems_025_daruma
  3 -0.233504 2.111980 0.199345 -0.727199 -0.682236 -0.075740 0.210224 0.082432 1 3 1.000000
  3 -0.255376 2.152281 0.202589 -0.999258 -0.027088 -0.027400 0.206325 0.128827 1 3 1.000000
  3 -0.247541 2.148901 0.181938 -0.899516 0.220279 -0.377291 0.196698 0.128827 1 3 1.000000
..\..\..\Desktop\General\noesis\roomitems_025_daruma
  3 -0.247541 2.148901 0.181938 -0.899516 0.220279 -0.377291 0.196698 0.128827 1 3 1.000000
  3 -0.237272 2.184260 0.209465 -0.675165 0.735341 0.058535 0.214671 0.156183 1 3 1.000000
  3 -0.226637 2.185831 0.189878 -0.319917 0.942352 -0.098114 0.210224 0.175222 1 3 1.000000
..\..\..\Desktop\General\noesis\roomitems_025_daruma
  3 -0.237272 2.184260 0.209465 -0.675165 0.735341 0.058535 0.214671 0.156183 1 3 1.000000
  3 -0.207014 2.184260 0.231413 0.003211 0.849009 0.528368 0.229385 0.156183 1 3 1.000000
  3 -0.226637 2.185831 0.189878 -0.319917 0.942352 -0.098114 0.210224 0.175222 1 3 1.000000
..\..\..\Desktop\General\noesis\roomitems_025_daruma
  3 -0.226637 2.185831 0.189878 -0.319917 0.942352 -0.098114 0.210224 0.175222 1 3 1.000000
  3 -0.207014 2.184260 0.231413 0.003211 0.849009 0.528368 0.229385 0.156183 1 3 1.000000
  3 -0.191697 2.185831 0.215220 0.432078 0.761832 0.482620 0.233772 0.175222 1 3 1.000000
..\..\..\Desktop\General\noesis\roomitems_025_daruma
  3 -0.207014 2.184260 0.231413 0.003211 0.849009 0.528368 0.229385 0.156183 1 3 1.000000
  3 -0.194857 2.152281 0.246487 0.357423 0.200230 0.912226 0.237457 0.128827 1 3 1.000000
  3 -0.191697 2.185831 0.215220 0.432078 0.761832 0.482620 0.233772 0.175222 1 3 1.000000
..\..\..\Desktop\General\noesis\roomitems_025_daruma
  3 -0.177659 2.148901 0.232629 0.604346 -0.140687 0.784202 0.246505 0.128827 1 3 1.000000
  3 -0.212960 2.120301 0.239613 0.033295 -0.562209 0.826325 0.229385 0.101441 1 3 1.000000
  3 -0.198563 2.111980 0.224689 0.024771 -0.862783 0.504967 0.233772 0.082432 1 3 1.000000
..\..\..\Desktop\General\noesis\roomitems_025_daruma
  3 -0.191697 2.185831 0.215220 0.432078 0.761832 0.482620 0.233772 0.175222 1 3 1.000000
  3 -0.194857 2.152281 0.246487 0.357423 0.200230 0.912226 0.237457 0.128827 1 3 1.000000
  3 -0.177659 2.148901 0.232629 0.604346 -0.140687 0.784202 0.246505 0.128827 1 3 1.000000
..\..\..\Desktop\General\noesis\roomitems_025_daruma
  3 -0.194857 2.152281 0.246487 0.357423 0.200230 0.912226 0.237457 0.128827 1 3 1.000000
  3 -0.212960 2.120301 0.239613 0.033295 -0.562209 0.826325 0.229385 0.101441 1 3 1.000000
  3 -0.177659 2.148901 0.232629 0.604346 -0.140687 0.784202 0.246505 0.128827 1 3 1.000000
..\..\..\Desktop\General\noesis\roomitems_025_daruma
  3 -0.155956 1.621800 0.430933 -0.643418 0.762582 -0.066945 0.001493 0.146069 1 3 1.000000
  3 -0.163011 1.587200 0.457816 -0.953641 0.042646 0.297911 0.001493 0.106528 1 3 1.000000
  3 -0.151914 1.627800 0.457132 -0.710228 0.654576 0.259049 0.007524 0.140220 1 3 1.000000
..\..\..\Desktop\General\noesis\roomitems_025_daruma
  3 -0.151914 1.627800 0.457132 -0.710228 0.654576 0.259049 0.007524 0.140220 1 3 1.000000
  3 -0.163011 1.587200 0.457816 -0.953641 0.042646 0.297911 0.001493 0.106528 1 3 1.000000
  3 -0.156730 1.604170 0.475490 -0.737448 0.083343 0.670242 0.007433 0.113657 1 3 1.000000
..\..\..\Desktop\General\noesis\roomitems_025_daruma
  3 -0.163011 1.587200 0.457816 -0.953641 0.042646 0.297911 0.001493 0.106528 1 3 1.000000
  3 -0.134619 1.572300 0.477700 -0.223187 -0.459647 0.859600 0.020197 0.087398 1 3 1.000000
  3 -0.156730 1.604170 0.475490 -0.737448 0.083343 0.670242 0.007433 0.113657 1 3 1.000000
..\..\..\Desktop\General\noesis\roomitems_025_daruma
  3 -0.156730 1.604170 0.475490 -0.737448 0.083343 0.670242 0.007433 0.113657 1 3 1.000000
  3 -0.134619 1.572300 0.477700 -0.223187 -0.459647 0.859600 0.020197 0.087398 1 3 1.000000
  3 -0.137073 1.593280 0.487833 -0.248540 -0.048053 0.967429 0.020197 0.100588 1 3 1.000000
..\..\..\Desktop\General\noesis\roomitems_025_daruma
  3 -0.134619 1.572300 0.477700 -0.223187 -0.459647 0.859600 0.020197 0.087398 1 3 1.000000
  3 -0.113516 1.603980 0.486497 0.324982 0.076769 0.942599 0.032748 0.113657 1 3 1.000000
  3 -0.137073 1.593280 0.487833 -0.248540 -0.048053 0.967429 0.020197 0.100588 1 3 1.000000
..\..\..\Desktop\General\noesis\roomitems_025_daruma
  3 -0.099739 1.586930 0.473927 0.695053 0.032136 0.718240 0.038810 0.106528 1 3 1.000000
  3 -0.113516 1.603980 0.486497 0.324982 0.076769 0.942599 0.032748 0.113657 1 3 1.000000
  3 -0.134619 1.572300 0.477700 -0.223187 -0.459647 0.859600 0.020197 0.087398 1 3 1.000000
..\..\..\Desktop\General\noesis\roomitems_025_daruma
  3 -0.099739 1.586930 0.473927 0.695053 0.032136 0.718240 0.038810 0.106528 1 3 1.000000
  3 -0.108698 1.627610 0.468136 0.504297 0.649410 0.569167 0.032748 0.140220 1 3 1.000000
  3 -0.113516 1.603980 0.486497 0.324982 0.076769 0.942599 0.032748 0.113657 1 3 1.000000
..\..\..\Desktop\General\noesis\roomitems_025_daruma
  3 -0.092685 1.621530 0.447045 0.602355 0.758103 0.249897 0.038810 0.146069 1 3 1.000000
  3 -0.108698 1.627610 0.468136 0.504297 0.649410 0.569167 0.032748 0.140220 1 3 1.000000
  3 -0.099739 1.586930 0.473927 0.695053 0.032136 0.718240 0.038810 0.106528 1 3 1.000000
..\..\..\Desktop\General\noesis\roomitems_025_daruma
  3 -0.121459 1.636840 0.427548 0.007482 0.999809 -0.018067 0.020197 0.165200 1 3 1.000000
  3 -0.155956 1.621800 0.430933 -0.643418 0.762582 -0.066945 0.001493 0.146069 1 3 1.000000
  3 -0.128086 1.637360 0.453579 -0.040583 0.984490 0.170684 0.020197 0.153746 1 3 1.000000
..\..\..\Desktop\General\noesis\roomitems_025_daruma
  3 -0.128086 1.637360 0.453579 -0.040583 0.984490 0.170684 0.020197 0.153746 1 3 1.000000
  3 -0.155956 1.621800 0.430933 -0.643418 0.762582 -0.066945 0.001493 0.146069 1 3 1.000000
  3 -0.151914 1.627800 0.457132 -0.710228 0.654576 0.259049 0.007524 0.140220 1 3 1.000000
..\..\..\Desktop\General\noesis\roomitems_025_daruma
  3 -0.092685 1.621530 0.447045 0.602355 0.758103 0.249897 0.038810 0.146069 1 3 1.000000
  3 -0.128086 1.637360 0.453579 -0.040583 0.984490 0.170684 0.020197 0.153746 1 3 1.000000
  3 -0.108698 1.627610 0.468136 0.504297 0.649410 0.569167 0.032748 0.140220 1 3 1.000000
..\..\..\Desktop\General\noesis\roomitems_025_daruma
  3 -0.121459 1.636840 0.427548 0.007482 0.999809 -0.018067 0.020197 0.165200 1 3 1.000000
  3 -0.128086 1.637360 0.453579 -0.040583 0.984490 0.170684 0.020197 0.153746 1 3 1.000000
  3 -0.092685 1.621530 0.447045 0.602355 0.758103 0.249897 0.038810 0.146069 1 3 1.000000
..\..\..\Desktop\General\noesis\roomitems_025_daruma
  3 -0.156730 1.604170 0.475490 -0.737448 0.083343 0.670242 0.007433 0.113657 1 3 1.000000
  3 -0.137073 1.593280 0.487833 -0.248540 -0.048053 0.967429 0.020197 0.100588 1 3 1.000000
  3 -0.134686 1.620310 0.479097 -0.192773 0.617614 0.762491 0.020197 0.127578 1 3 1.000000
..\..\..\Desktop\General\noesis\roomitems_025_daruma
  3 -0.137073 1.593280 0.487833 -0.248540 -0.048053 0.967429 0.020197 0.100588 1 3 1.000000
  3 -0.113516 1.603980 0.486497 0.324982 0.076769 0.942599 0.032748 0.113657 1 3 1.000000
  3 -0.134686 1.620310 0.479097 -0.192773 0.617614 0.762491 0.020197 0.127578 1 3 1.000000
..\..\..\Desktop\General\noesis\roomitems_025_daruma
  3 -0.113516 1.603980 0.486497 0.324982 0.076769 0.942599 0.032748 0.113657 1 3 1.000000
  3 -0.108698 1.627610 0.468136 0.504297 0.649410 0.569167 0.032748 0.140220 1 3 1.000000
  3 -0.134686 1.620310 0.479097 -0.192773 0.617614 0.762491 0.020197 0.127578 1 3 1.000000
..\..\..\Desktop\General\noesis\roomitems_025_daruma
  3 -0.108698 1.627610 0.468136 0.504297 0.649410 0.569167 0.032748 0.140220 1 3 1.000000
  3 -0.128086 1.637360 0.453579 -0.040583 0.984490 0.170684 0.020197 0.153746 1 3 1.000000
  3 -0.134686 1.620310 0.479097 -0.192773 0.617614 0.762491 0.020197 0.127578 1 3 1.000000
..\..\..\Desktop\General\noesis\roomitems_025_daruma
  3 -0.128086 1.637360 0.453579 -0.040583 0.984490 0.170684 0.020197 0.153746 1 3 1.000000
  3 -0.151914 1.627800 0.457132 -0.710228 0.654576 0.259049 0.007524 0.140220 1 3 1.000000
  3 -0.134686 1.620310 0.479097 -0.192773 0.617614 0.762491 0.020197 0.127578 1 3 1.000000
..\..\..\Desktop\General\noesis\roomitems_025_daruma
  3 -0.151914 1.627800 0.457132 -0.710228 0.654576 0.259049 0.007524 0.140220 1 3 1.000000
  3 -0.156730 1.604170 0.475490 -0.737448 0.083343 0.670242 0.007433 0.113657 1 3 1.000000
  3 -0.134686 1.620310 0.479097 -0.192773 0.617614 0.762491 0.020197 0.127578 1 3 1.000000
..\..\..\Desktop\General\noesis\roomitems_025_daruma
  3 -0.177068 1.480740 0.511468 -0.734300 0.638549 0.230346 0.001493 0.146069 1 3 1.000000
  3 -0.179467 1.437480 0.521090 -0.948395 -0.199003 0.246870 0.001493 0.106528 1 3 1.000000
  3 -0.173538 1.475600 0.537923 -0.783747 0.396514 0.478035 0.007524 0.140220 1 3 1.000000
..\..\..\Desktop\General\noesis\roomitems_025_daruma
  3 -0.173538 1.475600 0.537923 -0.783747 0.396514 0.478035 0.007524 0.140220 1 3 1.000000
  3 -0.179467 1.437480 0.521090 -0.948395 -0.199003 0.246870 0.001493 0.106528 1 3 1.000000
  3 -0.175175 1.446060 0.544493 -0.735196 -0.293404 0.611066 0.007433 0.113657 1 3 1.000000
..\..\..\Desktop\General\noesis\roomitems_025_daruma
  3 -0.179467 1.437480 0.521090 -0.948395 -0.199003 0.246870 0.001493 0.106528 1 3 1.000000
  3 -0.149233 1.419050 0.534126 -0.155179 -0.801043 0.578144 0.020197 0.087398 1 3 1.000000
  3 -0.175175 1.446060 0.544493 -0.735196 -0.293404 0.611066 0.007433 0.113657 1 3 1.000000
..\..\..\Desktop\General\noesis\roomitems_025_daruma
  3 -0.175175 1.446060 0.544493 -0.735196 -0.293404 0.611066 0.007433 0.113657 1 3 1.000000
  3 -0.149233 1.419050 0.534126 -0.155179 -0.801043 0.578144 0.020197 0.087398 1 3 1.000000
  3 -0.154185 1.433380 0.551987 -0.230635 -0.479021 0.846963 0.020197 0.100588 1 3 1.000000
..\..\..\Desktop\General\noesis\roomitems_025_daruma
  3 -0.149233 1.419050 0.534126 -0.155179 -0.801043 0.578144 0.020197 0.087398 1 3 1.000000
  3 -0.132165 1.446350 0.556271 0.322521 -0.288766 0.901440 0.032748 0.113657 1 3 1.000000
  3 -0.154185 1.433380 0.551987 -0.230635 -0.479021 0.846963 0.020197 0.100588 1 3 1.000000
..\..\..\Desktop\General\noesis\roomitems_025_daruma
  3 -0.116495 1.437910 0.538332 0.692943 -0.191081 0.695211 0.038810 0.106528 1 3 1.000000
  3 -0.132165 1.446350 0.556271 0.322521 -0.288766 0.901440 0.032748 0.113657 1 3 1.000000
  3 -0.149233 1.419050 0.534126 -0.155179 -0.801043 0.578144 0.020197 0.087398 1 3 1.000000
..\..\..\Desktop\General\noesis\roomitems_025_daruma
  3 -0.116495 1.437910 0.538332 0.692943 -0.191081 0.695211 0.038810 0.106528 1 3 1.000000
  3 -0.130527 1.475900 0.549699 0.424978 0.404555 0.809771 0.032748 0.140220 1 3 1.000000
  3 -0.132165 1.446350 0.556271 0.322521 -0.288766 0.901440 0.032748 0.113657 1 3 1.000000
..\..\..\Desktop\General\noesis\roomitems_025_daruma
  3 -0.114096 1.481170 0.528711 0.505432 0.648095 0.569659 0.038810 0.146069 1 3 1.000000
  3 -0.130527 1.475900 0.549699 0.424978 0.404555 0.809771 0.032748 0.140220 1 3 1.000000
  3 -0.116495 1.437910 0.538332 0.692943 -0.191081 0.695211 0.038810 0.106528 1 3 1.000000
..\..\..\Desktop\General\noesis\roomitems_025_daruma
  3 -0.151129 1.488500 0.539728 -0.161581 0.809328 0.564694 0.020197 0.153746 1 3 1.000000
  3 -0.177068 1.480740 0.511468 -0.734300 0.638549 0.230346 0.001493 0.146069 1 3 1.000000
  3 -0.173538 1.475600 0.537923 -0.783747 0.396514 0.478035 0.007524 0.140220 1 3 1.000000
..\..\..\Desktop\General\noesis\roomitems_025_daruma
  3 -0.114096 1.481170 0.528711 0.505432 0.648095 0.569659 0.038810 0.146069 1 3 1.000000
  3 -0.151129 1.488500 0.539728 -0.161581 0.809328 0.564694 0.020197 0.153746 1 3 1.000000
  3 -0.130527 1.475900 0.549699 0.424978 0.404555 0.809771 0.032748 0.140220 1 3 1.000000
..\..\..\Desktop\General\noesis\roomitems_025_daruma
  3 -0.144758 1.499750 0.516176 -0.117662 0.908079 0.401931 0.020197 0.165200 1 3 1.000000
  3 -0.177068 1.480740 0.511468 -0.734300 0.638549 0.230346 0.001493 0.146069 1 3 1.000000
  3 -0.151129 1.488500 0.539728 -0.161581 0.809328 0.564694 0.020197 0.153746 1 3 1.000000
..\..\..\Desktop\General\noesis\roomitems_025_daruma
  3 -0.144758 1.499750 0.516176 -0.117662 0.908079 0.401931 0.020197 0.165200 1 3 1.000000
  3 -0.151129 1.488500 0.539728 -0.161581 0.809328 0.564694 0.020197 0.153746 1 3 1.000000
  3 -0.114096 1.481170 0.528711 0.505432 0.648095 0.569659 0.038810 0.146069 1 3 1.000000
..\..\..\Desktop\General\noesis\roomitems_025_daruma
  3 -0.173538 1.475600 0.537923 -0.783747 0.396514 0.478035 0.007524 0.140220 1 3 1.000000
  3 -0.175175 1.446060 0.544493 -0.735196 -0.293404 0.611066 0.007433 0.113657 1 3 1.000000
  3 -0.155284 1.461660 0.555467 -0.260649 0.212597 0.941735 0.020197 0.127578 1 3 1.000000
..\..\..\Desktop\General\noesis\roomitems_025_daruma
  3 -0.132165 1.446350 0.556271 0.322521 -0.288766 0.901440 0.032748 0.113657 1 3 1.000000
  3 -0.130527 1.475900 0.549699 0.424978 0.404555 0.809771 0.032748 0.140220 1 3 1.000000
  3 -0.155284 1.461660 0.555467 -0.260649 0.212597 0.941735 0.020197 0.127578 1 3 1.000000
..\..\..\Desktop\General\noesis\roomitems_025_daruma
  3 -0.130527 1.475900 0.549699 0.424978 0.404555 0.809771 0.032748 0.140220 1 3 1.000000
  3 -0.151129 1.488500 0.539728 -0.161581 0.809328 0.564694 0.020197 0.153746 1 3 1.000000
  3 -0.155284 1.461660 0.555467 -0.260649 0.212597 0.941735 0.020197 0.127578 1 3 1.000000
..\..\..\Desktop\General\noesis\roomitems_025_daruma
  3 -0.151129 1.488500 0.539728 -0.161581 0.809328 0.564694 0.020197 0.153746 1 3 1.000000
  3 -0.173538 1.475600 0.537923 -0.783747 0.396514 0.478035 0.007524 0.140220 1 3 1.000000
  3 -0.155284 1.461660 0.555467 -0.260649 0.212597 0.941735 0.020197 0.127578 1 3 1.000000
..\..\..\Desktop\General\noesis\roomitems_025_daruma
  3 -0.154185 1.433380 0.551987 -0.230635 -0.479021 0.846963 0.020197 0.100588 1 3 1.000000
  3 -0.132165 1.446350 0.556271 0.322521 -0.288766 0.901440 0.032748 0.113657 1 3 1.000000
  3 -0.155284 1.461660 0.555467 -0.260649 0.212597 0.941735 0.020197 0.127578 1 3 1.000000
..\..\..\Desktop\General\noesis\roomitems_025_daruma
  3 -0.175175 1.446060 0.544493 -0.735196 -0.293404 0.611066 0.007433 0.113657 1 3 1.000000
  3 -0.154185 1.433380 0.551987 -0.230635 -0.479021 0.846963 0.020197 0.100588 1 3 1.000000
  3 -0.155284 1.461660 0.555467 -0.260649 0.212597 0.941735 0.020197 0.127578 1 3 1.000000
..\..\..\Desktop\General\noesis\roomitems_025_daruma
  3 -0.184278 1.330590 0.540845 -0.734358 0.638540 0.230183 0.001493 0.146069 1 3 1.000000
  3 -0.186678 1.287340 0.550467 -0.948396 -0.198987 0.246878 0.001493 0.106528 1 3 1.000000
  3 -0.180748 1.325460 0.567301 -0.783751 0.396528 0.478016 0.007524 0.140220 1 3 1.000000
..\..\..\Desktop\General\noesis\roomitems_025_daruma
  3 -0.180748 1.325460 0.567301 -0.783751 0.396528 0.478016 0.007524 0.140220 1 3 1.000000
  3 -0.186678 1.287340 0.550467 -0.948396 -0.198987 0.246878 0.001493 0.106528 1 3 1.000000
  3 -0.182385 1.295920 0.573871 -0.735176 -0.293419 0.611082 0.007433 0.113657 1 3 1.000000
..\..\..\Desktop\General\noesis\roomitems_025_daruma
  3 -0.186678 1.287340 0.550467 -0.948396 -0.198987 0.246878 0.001493 0.106528 1 3 1.000000
  3 -0.156443 1.268910 0.563504 -0.155176 -0.801038 0.578151 0.020197 0.087398 1 3 1.000000
  3 -0.182385 1.295920 0.573871 -0.735176 -0.293419 0.611082 0.007433 0.113657 1 3 1.000000
..\..\..\Desktop\General\noesis\roomitems_025_daruma
  3 -0.182385 1.295920 0.573871 -0.735176 -0.293419 0.611082 0.007433 0.113657 1 3 1.000000
  3 -0.156443 1.268910 0.563504 -0.155176 -0.801038 0.578151 0.020197 0.087398 1 3 1.000000
  3 -0.161395 1.283240 0.581364 -0.230635 -0.479055 0.846944 0.020197 0.100588 1 3 1.000000
..\..\..\Desktop\General\noesis\roomitems_025_daruma
  3 -0.156443 1.268910 0.563504 -0.155176 -0.801038 0.578151 0.020197 0.087398 1 3 1.000000
  3 -0.139375 1.296210 0.585649 0.322518 -0.288765 0.901441 0.032748 0.113657 1 3 1.000000
  3 -0.161395 1.283240 0.581364 -0.230635 -0.479055 0.846944 0.020197 0.100588 1 3 1.000000
..\..\..\Desktop\General\noesis\roomitems_025_daruma
  3 -0.123705 1.287770 0.567709 0.692966 -0.191067 0.695192 0.038810 0.106528 1 3 1.000000
  3 -0.139375 1.296210 0.585649 0.322518 -0.288765 0.901441 0.032748 0.113657 1 3 1.000000
  3 -0.156443 1.268910 0.563504 -0.155176 -0.801038 0.578151 0.020197 0.087398 1 3 1.000000
..\..\..\Desktop\General\noesis\roomitems_025_daruma
  3 -0.123705 1.287770 0.567709 0.692966 -0.191067 0.695192 0.038810 0.106528 1 3 1.000000
  3 -0.137737 1.325750 0.579077 0.425036 0.404492 0.809772 0.032748 0.140220 1 3 1.000000
  3 -0.139375 1.296210 0.585649 0.322518 -0.288765 0.901441 0.032748 0.113657 1 3 1.000000
..\..\..\Desktop\General\noesis\roomitems_025_daruma
  3 -0.121306 1.331020 0.558088 0.505577 0.647969 0.569673 0.038810 0.146069 1 3 1.000000
  3 -0.137737 1.325750 0.579077 0.425036 0.404492 0.809772 0.032748 0.140220 1 3 1.000000
  3 -0.123705 1.287770 0.567709 0.692966 -0.191067 0.695192 0.038810 0.106528 1 3 1.000000
..\..\..\Desktop\General\noesis\roomitems_025_daruma
  3 -0.158339 1.338360 0.569106 -0.161516 0.809308 0.564742 0.020197 0.153746 1 3 1.000000
  3 -0.184278 1.330590 0.540845 -0.734358 0.638540 0.230183 0.001493 0.146069 1 3 1.000000
  3 -0.180748 1.325460 0.567301 -0.783751 0.396528 0.478016 0.007524 0.140220 1 3 1.000000
..\..\..\Desktop\General\noesis\roomitems_025_daruma
  3 -0.121306 1.331020 0.558088 0.505577 0.647969 0.569673 0.038810 0.146069 1 3 1.000000
  3 -0.158339 1.338360 0.569106 -0.161516 0.809308 0.564742 0.020197 0.153746 1 3 1.000000
  3 -0.137737 1.325750 0.579077 0.425036 0.404492 0.809772 0.032748 0.140220 1 3 1.000000
..\..\..\Desktop\General\noesis\roomitems_025_daruma
  3 -0.151968 1.349610 0.545554 -0.117658 0.908079 0.401932 0.020197 0.165200 1 3 1.000000
  3 -0.184278 1.330590 0.540845 -0.734358 0.638540 0.230183 0.001493 0.146069 1 3 1.000000
  3 -0.158339 1.338360 0.569106 -0.161516 0.809308 0.564742 0.020197 0.153746 1 3 1.000000
..\..\..\Desktop\General\noesis\roomitems_025_daruma
  3 -0.151968 1.349610 0.545554 -0.117658 0.908079 0.401932 0.020197 0.165200 1 3 1.000000
  3 -0.158339 1.338360 0.569106 -0.161516 0.809308 0.564742 0.020197 0.153746 1 3 1.000000
  3 -0.121306 1.331020 0.558088 0.505577 0.647969 0.569673 0.038810 0.146069 1 3 1.000000
..\..\..\Desktop\General\noesis\roomitems_025_daruma
  3 -0.161395 1.283240 0.581364 -0.230635 -0.479055 0.846944 0.020197 0.100588 1 3 1.000000
  3 -0.139375 1.296210 0.585649 0.322518 -0.288765 0.901441 0.032748 0.113657 1 3 1.000000
  3 -0.162495 1.311510 0.584845 -0.260614 0.212529 0.941760 0.020197 0.127578 1 3 1.000000
..\..\..\Desktop\General\noesis\roomitems_025_daruma
  3 -0.139375 1.296210 0.585649 0.322518 -0.288765 0.901441 0.032748 0.113657 1 3 1.000000
  3 -0.137737 1.325750 0.579077 0.425036 0.404492 0.809772 0.032748 0.140220 1 3 1.000000
  3 -0.162495 1.311510 0.584845 -0.260614 0.212529 0.941760 0.020197 0.127578 1 3 1.000000
..\..\..\Desktop\General\noesis\roomitems_025_daruma
  3 -0.182385 1.295920 0.573871 -0.735176 -0.293419 0.611082 0.007433 0.113657 1 3 1.000000
  3 -0.161395 1.283240 0.581364 -0.230635 -0.479055 0.846944 0.020197 0.100588 1 3 1.000000
  3 -0.162495 1.311510 0.584845 -0.260614 0.212529 0.941760 0.020197 0.127578 1 3 1.000000
..\..\..\Desktop\General\noesis\roomitems_025_daruma
  3 -0.180748 1.325460 0.567301 -0.783751 0.396528 0.478016 0.007524 0.140220 1 3 1.000000
  3 -0.182385 1.295920 0.573871 -0.735176 -0.293419 0.611082 0.007433 0.113657 1 3 1.000000
  3 -0.162495 1.311510 0.584845 -0.260614 0.212529 0.941760 0.020197 0.127578 1 3 1.000000
..\..\..\Desktop\General\noesis\roomitems_025_daruma
  3 -0.158339 1.338360 0.569106 -0.161516 0.809308 0.564742 0.020197 0.153746 1 3 1.000000
  3 -0.180748 1.325460 0.567301 -0.783751 0.396528 0.478016 0.007524 0.140220 1 3 1.000000
  3 -0.162495 1.311510 0.584845 -0.260614 0.212529 0.941760 0.020197 0.127578 1 3 1.000000
..\..\..\Desktop\General\noesis\roomitems_025_daruma
  3 -0.137737 1.325750 0.579077 0.425036 0.404492 0.809772 0.032748 0.140220 1 3 1.000000
  3 -0.158339 1.338360 0.569106 -0.161516 0.809308 0.564742 0.020197 0.153746 1 3 1.000000
  3 -0.162495 1.311510 0.584845 -0.260614 0.212529 0.941760 0.020197 0.127578 1 3 1.000000
..\..\..\Desktop\General\noesis\roomitems_025_daruma
  3 -0.181130 1.106050 0.524167 -0.841562 0.349350 0.411980 0.001493 0.146069 1 3 1.000000
  3 -0.176019 1.063280 0.513482 -0.903428 -0.427170 0.036659 0.001493 0.106528 1 3 1.000000
  3 -0.177377 1.090130 0.545871 -0.853053 0.017318 0.521537 0.007524 0.140220 1 3 1.000000
..\..\..\Desktop\General\noesis\roomitems_025_daruma
  3 -0.177377 1.090130 0.545871 -0.853053 0.017318 0.521537 0.007524 0.140220 1 3 1.000000
  3 -0.176019 1.063280 0.513482 -0.903428 -0.427170 0.036659 0.001493 0.106528 1 3 1.000000
  3 -0.173884 1.060920 0.538574 -0.685562 -0.642841 0.341701 0.007433 0.113657 1 3 1.000000
..\..\..\Desktop\General\noesis\roomitems_025_daruma
  3 -0.176019 1.063280 0.513482 -0.903428 -0.427170 0.036659 0.001493 0.106528 1 3 1.000000
  3 -0.143306 1.045670 0.520071 -0.023835 -0.988721 0.147863 0.020197 0.087398 1 3 1.000000
  3 -0.173884 1.060920 0.538574 -0.685562 -0.642841 0.341701 0.007433 0.113657 1 3 1.000000
..\..\..\Desktop\General\noesis\roomitems_025_daruma
  3 -0.173884 1.060920 0.538574 -0.685562 -0.642841 0.341701 0.007433 0.113657 1 3 1.000000
  3 -0.143306 1.045670 0.520071 -0.023835 -0.988721 0.147863 0.020197 0.087398 1 3 1.000000
  3 -0.151157 1.049500 0.541811 -0.161787 -0.837695 0.521624 0.020197 0.100588 1 3 1.000000
..\..\..\Desktop\General\noesis\roomitems_025_daruma
  3 -0.143306 1.045670 0.520071 -0.023835 -0.988721 0.147863 0.020197 0.087398 1 3 1.000000
  3 -0.131908 1.062250 0.553570 0.347110 -0.612697 0.710012 0.032748 0.113657 1 3 1.000000
  3 -0.151157 1.049500 0.541811 -0.161787 -0.837695 0.521624 0.020197 0.100588 1 3 1.000000
..\..\..\Desktop\General\noesis\roomitems_025_daruma
  3 -0.114560 1.065230 0.535437 0.699039 -0.378778 0.606525 0.038810 0.106528 1 3 1.000000
  3 -0.131908 1.062250 0.553570 0.347110 -0.612697 0.710012 0.032748 0.113657 1 3 1.000000
  3 -0.143306 1.045670 0.520071 -0.023835 -0.988721 0.147863 0.020197 0.087398 1 3 1.000000
..\..\..\Desktop\General\noesis\roomitems_025_daruma
  3 -0.114560 1.065230 0.535437 0.699039 -0.378778 0.606525 0.038810 0.106528 1 3 1.000000
  3 -0.135399 1.091460 0.560868 0.326683 0.054121 0.943583 0.032748 0.140220 1 3 1.000000
  3 -0.131908 1.062250 0.553570 0.347110 -0.612697 0.710012 0.032748 0.113657 1 3 1.000000
..\..\..\Desktop\General\noesis\roomitems_025_daruma
  3 -0.119672 1.108000 0.546123 0.368191 0.388605 0.844643 0.038810 0.146069 1 3 1.000000
  3 -0.135399 1.091460 0.560868 0.326683 0.054121 0.943583 0.032748 0.140220 1 3 1.000000
  3 -0.114560 1.065230 0.535437 0.699039 -0.378778 0.606525 0.038810 0.106528 1 3 1.000000
..\..\..\Desktop\General\noesis\roomitems_025_daruma
  3 -0.157673 1.103990 0.555427 -0.316551 0.433868 0.843537 0.020197 0.153746 1 3 1.000000
  3 -0.181130 1.106050 0.524167 -0.841562 0.349350 0.411980 0.001493 0.146069 1 3 1.000000
  3 -0.177377 1.090130 0.545871 -0.853053 0.017318 0.521537 0.007524 0.140220 1 3 1.000000
..\..\..\Desktop\General\noesis\roomitems_025_daruma
  3 -0.119672 1.108000 0.546123 0.368191 0.388605 0.844643 0.038810 0.146069 1 3 1.000000
  3 -0.157673 1.103990 0.555427 -0.316551 0.433868 0.843537 0.020197 0.153746 1 3 1.000000
  3 -0.135399 1.091460 0.560868 0.326683 0.054121 0.943583 0.032748 0.140220 1 3 1.000000
..\..\..\Desktop\General\noesis\roomitems_025_daruma
  3 -0.152843 1.125460 0.540005 -0.287085 0.600602 0.746230 0.020197 0.165200 1 3 1.000000
  3 -0.157673 1.103990 0.555427 -0.316551 0.433868 0.843537 0.020197 0.153746 1 3 1.000000
  3 -0.119672 1.108000 0.546123 0.368191 0.388605 0.844643 0.038810 0.146069 1 3 1.000000
..\..\..\Desktop\General\noesis\roomitems_025_daruma
  3 -0.152843 1.125460 0.540005 -0.287085 0.600602 0.746230 0.020197 0.165200 1 3 1.000000
  3 -0.181130 1.106050 0.524167 -0.841562 0.349350 0.411980 0.001493 0.146069 1 3 1.000000
  3 -0.157673 1.103990 0.555427 -0.316551 0.433868 0.843537 0.020197 0.153746 1 3 1.000000
..\..\..\Desktop\General\noesis\roomitems_025_daruma
  3 -0.173884 1.060920 0.538574 -0.685562 -0.642841 0.341701 0.007433 0.113657 1 3 1.000000
  3 -0.151157 1.049500 0.541811 -0.161787 -0.837695 0.521624 0.020197 0.100588 1 3 1.000000
  3 -0.157358 1.072650 0.557244 -0.316775 -0.276099 0.907426 0.020197 0.127578 1 3 1.000000
..\..\..\Desktop\General\noesis\roomitems_025_daruma
  3 -0.151157 1.049500 0.541811 -0.161787 -0.837695 0.521624 0.020197 0.100588 1 3 1.000000
  3 -0.131908 1.062250 0.553570 0.347110 -0.612697 0.710012 0.032748 0.113657 1 3 1.000000
  3 -0.157358 1.072650 0.557244 -0.316775 -0.276099 0.907426 0.020197 0.127578 1 3 1.000000
..\..\..\Desktop\General\noesis\roomitems_025_daruma
  3 -0.131908 1.062250 0.553570 0.347110 -0.612697 0.710012 0.032748 0.113657 1 3 1.000000
  3 -0.135399 1.091460 0.560868 0.326683 0.054121 0.943583 0.032748 0.140220 1 3 1.000000
  3 -0.157358 1.072650 0.557244 -0.316775 -0.276099 0.907426 0.020197 0.127578 1 3 1.000000
..\..\..\Desktop\General\noesis\roomitems_025_daruma
  3 -0.135399 1.091460 0.560868 0.326683 0.054121 0.943583 0.032748 0.140220 1 3 1.000000
  3 -0.157673 1.103990 0.555427 -0.316551 0.433868 0.843537 0.020197 0.153746 1 3 1.000000
  3 -0.157358 1.072650 0.557244 -0.316775 -0.276099 0.907426 0.020197 0.127578 1 3 1.000000
..\..\..\Desktop\General\noesis\roomitems_025_daruma
  3 -0.157673 1.103990 0.555427 -0.316551 0.433868 0.843537 0.020197 0.153746 1 3 1.000000
  3 -0.177377 1.090130 0.545871 -0.853053 0.017318 0.521537 0.007524 0.140220 1 3 1.000000
  3 -0.157358 1.072650 0.557244 -0.316775 -0.276099 0.907426 0.020197 0.127578 1 3 1.000000
..\..\..\Desktop\General\noesis\roomitems_025_daruma
  3 -0.177377 1.090130 0.545871 -0.853053 0.017318 0.521537 0.007524 0.140220 1 3 1.000000
  3 -0.173884 1.060920 0.538574 -0.685562 -0.642841 0.341701 0.007433 0.113657 1 3 1.000000
  3 -0.157358 1.072650 0.557244 -0.316775 -0.276099 0.907426 0.020197 0.127578 1 3 1.000000
..\..\..\Desktop\General\noesis\roomitems_025_daruma
  3 0.228749 2.351790 -0.170778 0.682397 0.617552 -0.391106 0.503306 0.965914 1 3 1.000000
  3 0.066910 2.351790 -0.293245 0.127192 0.637227 -0.760108 0.564689 0.965914 1 3 1.000000
  3 0.000000 2.586701 -0.036653 0.000229 0.999995 0.003276 0.750055 0.998174 1 3 1.000000
..\..\..\Desktop\General\noesis\roomitems_025_daruma
  3 -0.256593 2.351790 -0.103562 -0.760109 0.637226 -0.127191 0.688185 0.965914 1 3 1.000000
  3 -0.228752 2.351790 0.097473 -0.618792 0.643535 0.450510 0.750055 0.965914 1 3 1.000000
  3 0.000000 2.586701 -0.036653 0.000229 0.999995 0.003276 0.750055 0.998174 1 3 1.000000
..\..\..\Desktop\General\noesis\roomitems_025_daruma
  3 -0.228752 2.351790 0.097473 -0.618792 0.643535 0.450510 0.750055 0.965914 1 3 1.000000
  3 -0.062928 2.351790 0.215927 -0.123028 0.641388 0.757289 0.811864 0.965914 1 3 1.000000
  3 0.000000 2.586701 -0.036653 0.000229 0.999995 0.003276 0.750055 0.998174 1 3 1.000000
..\..\..\Desktop\General\noesis\roomitems_025_daruma
  3 -0.062928 2.351790 0.215927 -0.123028 0.641388 0.757289 0.811864 0.965914 1 3 1.000000
  3 0.134124 2.351790 0.192099 0.374668 0.658444 0.652744 0.873551 0.965914 1 3 1.000000
  3 0.000000 2.586701 -0.036653 0.000229 0.999995 0.003276 0.750055 0.998174 1 3 1.000000
..\..\..\Desktop\General\noesis\roomitems_025_daruma
  3 0.134124 2.351790 0.192099 0.374668 0.658444 0.652744 0.873551 0.965914 1 3 1.000000
  3 0.256593 2.351790 0.030258 0.744347 0.616178 0.257435 0.935512 0.965914 1 3 1.000000
  3 0.000000 2.586701 -0.036653 0.000229 0.999995 0.003276 0.750055 0.998174 1 3 1.000000
..\..\..\Desktop\General\noesis\roomitems_025_daruma
  3 0.256593 2.351790 0.030258 0.744347 0.616178 0.257435 0.935512 0.965914 1 3 1.000000
  3 0.228749 2.351790 -0.170778 0.682397 0.617552 -0.391106 0.997108 0.965914 1 3 1.000000
  3 0.000000 2.586701 -0.036653 0.000229 0.999995 0.003276 0.750055 0.998174 1 3 1.000000
..\..\..\Desktop\General\noesis\roomitems_025_daruma
  3 -0.134127 2.351790 -0.265403 -0.447543 0.637228 -0.627412 0.626407 0.965914 1 3 1.000000
  3 -0.256593 2.351790 -0.103562 -0.760109 0.637226 -0.127191 0.688185 0.965914 1 3 1.000000
  3 0.000000 2.586701 -0.036653 0.000229 0.999995 0.003276 0.750055 0.998174 1 3 1.000000
..\..\..\Desktop\General\noesis\roomitems_025_daruma
  3 0.066910 2.351790 -0.293245 0.127192 0.637227 -0.760108 0.564689 0.965914 1 3 1.000000
  3 -0.134127 2.351790 -0.265403 -0.447543 0.637228 -0.627412 0.626407 0.965914 1 3 1.000000
  3 0.000000 2.586701 -0.036653 0.000229 0.999995 0.003276 0.750055 0.998174 1 3 1.000000
..\..\..\Desktop\General\noesis\roomitems_025_daruma
  3 0.621552 1.675360 0.270022 -0.216016 0.505085 0.835600 0.298444 0.792033 1 3 1.000000
  3 0.739943 1.697820 0.372381 -0.571966 -0.125262 0.810657 0.338289 0.833919 1 3 1.000000
  3 0.745002 1.727650 0.359472 -0.484376 0.468747 0.738685 0.331770 0.844947 1 3 1.000000
..\..\..\Desktop\General\noesis\roomitems_025_daruma
  3 1.022330 1.842790 0.158748 0.845477 -0.359732 -0.394666 0.188717 0.965793 1 3 1.000000
  3 0.998464 1.827000 0.153652 0.489255 -0.709057 -0.507806 0.187590 0.954369 1 3 1.000000
  3 1.020440 1.865670 0.153327 0.477505 0.287139 -0.830385 0.199684 0.967407 1 3 1.000000
..\..\..\Desktop\General\noesis\roomitems_025_daruma
  3 1.020440 1.865670 0.153327 0.477505 0.287139 -0.830385 0.199684 0.967407 1 3 1.000000
  3 0.998464 1.827000 0.153652 0.489255 -0.709057 -0.507806 0.187590 0.954369 1 3 1.000000
  3 0.982209 1.866421 0.140497 0.241248 0.232305 -0.942249 0.201207 0.951414 1 3 1.000000
..\..\..\Desktop\General\noesis\roomitems_025_daruma
  3 0.609261 1.698970 0.240551 -0.239847 0.933051 0.268122 0.275780 0.791820 1 3 1.000000
  3 0.621552 1.675360 0.270022 -0.216016 0.505085 0.835600 0.298444 0.792033 1 3 1.000000
  3 0.724101 1.811921 0.285778 -0.651082 0.720803 0.237770 0.287081 0.862311 1 3 1.000000
..\..\..\Desktop\General\noesis\roomitems_025_daruma
  3 0.724101 1.811921 0.285778 -0.651082 0.720803 0.237770 0.287081 0.862311 1 3 1.000000
  3 0.729081 1.811031 0.211036 -0.602633 0.776498 -0.184078 0.255004 0.859721 1 3 1.000000
  3 0.609261 1.698970 0.240551 -0.239847 0.933051 0.268122 0.275780 0.791820 1 3 1.000000
..\..\..\Desktop\General\noesis\roomitems_025_daruma
  3 0.609261 1.698970 0.240551 -0.239847 0.933051 0.268122 0.275780 0.791820 1 3 1.000000
  3 0.729081 1.811031 0.211036 -0.602633 0.776498 -0.184078 0.255004 0.859721 1 3 1.000000
  3 0.614691 1.702660 0.201619 -0.217126 0.974761 -0.051929 0.258842 0.792459 1 3 1.000000
..\..\..\Desktop\General\noesis\roomitems_025_daruma
  3 0.814303 1.825871 0.137710 -0.369183 0.766340 -0.525764 0.218266 0.888600 1 3 1.000000
  3 0.901797 1.865090 0.141070 -0.267917 0.892330 -0.363275 0.213849 0.928658 1 3 1.000000
  3 0.832177 1.819860 0.118864 -0.115912 0.308699 -0.944071 0.209127 0.892133 1 3 1.000000
..\..\..\Desktop\General\noesis\roomitems_025_daruma
  3 0.832177 1.819860 0.118864 -0.115912 0.308699 -0.944071 0.209127 0.892133 1 3 1.000000
  3 0.901797 1.865090 0.141070 -0.267917 0.892330 -0.363275 0.213849 0.928658 1 3 1.000000
  3 0.908827 1.854540 0.124913 0.037898 0.338377 -0.940247 0.206568 0.927470 1 3 1.000000
..\..\..\Desktop\General\noesis\roomitems_025_daruma
  3 0.814303 1.825871 0.137710 -0.369183 0.766340 -0.525764 0.218266 0.888600 1 3 1.000000
  3 0.801993 1.846810 0.189259 -0.396035 0.861527 -0.317692 0.240869 0.892560 1 3 1.000000
  3 0.837722 1.845390 0.161570 -0.264709 0.894337 -0.360681 0.226795 0.902887 1 3 1.000000
..\..\..\Desktop\General\noesis\roomitems_025_daruma
  3 0.837722 1.845390 0.161570 -0.264709 0.894337 -0.360681 0.226795 0.902887 1 3 1.000000
  3 0.901797 1.865090 0.141070 -0.267917 0.892330 -0.363275 0.213849 0.928658 1 3 1.000000
  3 0.814303 1.825871 0.137710 -0.369183 0.766340 -0.525764 0.218266 0.888600 1 3 1.000000
..\..\..\Desktop\General\noesis\roomitems_025_daruma
  3 0.801993 1.846810 0.189259 -0.396035 0.861527 -0.317692 0.240869 0.892560 1 3 1.000000
  3 0.898329 1.888561 0.200617 -0.227338 0.941727 -0.247926 0.239285 0.936731 1 3 1.000000
  3 0.837722 1.845390 0.161570 -0.264709 0.894337 -0.360681 0.226795 0.902887 1 3 1.000000
..\..\..\Desktop\General\noesis\roomitems_025_daruma
  3 0.837722 1.845390 0.161570 -0.264709 0.894337 -0.360681 0.226795 0.902887 1 3 1.000000
  3 0.898329 1.888561 0.200617 -0.227338 0.941727 -0.247926 0.239285 0.936731 1 3 1.000000
  3 0.907629 1.876271 0.180695 0.160061 0.407515 -0.899062 0.230268 0.935665 1 3 1.000000
..\..\..\Desktop\General\noesis\roomitems_025_daruma
  3 0.784777 1.707070 0.222044 0.718381 -0.693781 0.050945 0.109179 0.857772 1 3 1.000000
  3 0.864348 1.793561 0.232339 0.612095 -0.763522 0.205850 0.110336 0.908644 1 3 1.000000
  3 0.794051 1.727110 0.280348 0.845744 -0.526733 0.085265 0.083590 0.869804 1 3 1.000000
..\..\..\Desktop\General\noesis\roomitems_025_daruma
  3 0.794051 1.727110 0.280348 0.845744 -0.526733 0.085265 0.083590 0.869804 1 3 1.000000
  3 0.864348 1.793561 0.232339 0.612095 -0.763522 0.205850 0.110336 0.908644 1 3 1.000000
  3 0.855567 1.794560 0.288717 0.580583 -0.802252 0.138976 0.082707 0.907731 1 3 1.000000
..\..\..\Desktop\General\noesis\roomitems_025_daruma
  3 0.760209 1.773731 0.121554 -0.272794 0.290363 -0.917209 0.180127 0.848755 1 3 1.000000
  3 0.799089 1.707010 0.136271 0.428918 -0.648798 -0.628562 0.157645 0.855335 1 3 1.000000
  3 0.650555 1.673650 0.140549 0.349680 0.367325 -0.861856 0.156031 0.791972 1 3 1.000000
..\..\..\Desktop\General\noesis\roomitems_025_daruma
  3 0.650555 1.673650 0.140549 0.349680 0.367325 -0.861856 0.156031 0.791972 1 3 1.000000
  3 0.799089 1.707010 0.136271 0.428918 -0.648798 -0.628562 0.157645 0.855335 1 3 1.000000
  3 0.683357 1.624210 0.171268 0.893788 -0.407446 -0.187430 0.134036 0.800776 1 3 1.000000
..\..\..\Desktop\General\noesis\roomitems_025_daruma
  3 0.784777 1.707070 0.222044 0.718381 -0.693781 0.050945 0.109179 0.857772 1 3 1.000000
  3 0.683357 1.624210 0.171268 0.893788 -0.407446 -0.187430 0.134036 0.800776 1 3 1.000000
  3 0.799089 1.707010 0.136271 0.428918 -0.648798 -0.628562 0.157645 0.855335 1 3 1.000000
..\..\..\Desktop\General\noesis\roomitems_025_daruma
  3 0.998464 1.827000 0.153652 0.489255 -0.709057 -0.507806 0.187590 0.954369 1 3 1.000000
  3 0.932821 1.798921 0.140424 0.361279 -0.606036 -0.708659 0.182259 0.924059 1 3 1.000000
  3 0.982209 1.866421 0.140497 0.241248 0.232305 -0.942249 0.201207 0.951414 1 3 1.000000
..\..\..\Desktop\General\noesis\roomitems_025_daruma
  3 0.982209 1.866421 0.140497 0.241248 0.232305 -0.942249 0.201207 0.951414 1 3 1.000000
  3 0.932821 1.798921 0.140424 0.361279 -0.606036 -0.708659 0.182259 0.924059 1 3 1.000000
  3 0.908827 1.854540 0.124913 0.037898 0.338377 -0.940247 0.200689 0.921104 1 3 1.000000
..\..\..\Desktop\General\noesis\roomitems_025_daruma
  3 0.873929 1.780231 0.176945 0.566000 -0.779310 0.268924 0.152284 0.902461 1 3 1.000000
  3 0.784777 1.707070 0.222044 0.718381 -0.693781 0.050945 0.109179 0.857772 1 3 1.000000
  3 0.799089 1.707010 0.136271 0.428918 -0.648798 -0.628562 0.157645 0.855335 1 3 1.000000
..\..\..\Desktop\General\noesis\roomitems_025_daruma
  3 0.873929 1.780231 0.176945 0.566000 -0.779310 0.268924 0.152284 0.902461 1 3 1.000000
  3 0.864348 1.793561 0.232339 0.612095 -0.763522 0.205850 0.110336 0.908644 1 3 1.000000
  3 0.784777 1.707070 0.222044 0.718381 -0.693781 0.050945 0.109179 0.857772 1 3 1.000000
..\..\..\Desktop\General\noesis\roomitems_025_daruma
  3 0.873929 1.780231 0.176945 0.566000 -0.779310 0.268924 0.152284 0.902461 1 3 1.000000
  3 0.929504 1.817510 0.221582 0.301696 -0.908403 0.289455 0.131691 0.937889 1 3 1.000000
  3 0.864348 1.793561 0.232339 0.612095 -0.763522 0.205850 0.110336 0.908644 1 3 1.000000
..\..\..\Desktop\General\noesis\roomitems_025_daruma
  3 0.873929 1.780231 0.176945 0.566000 -0.779310 0.268924 0.152284 0.902461 1 3 1.000000
  3 0.932669 1.819690 0.194926 0.419393 -0.551176 -0.721328 0.142566 0.934873 1 3 1.000000
  3 0.929504 1.817510 0.221582 0.301696 -0.908403 0.289455 0.131691 0.937889 1 3 1.000000
..\..\..\Desktop\General\noesis\roomitems_025_daruma
  3 1.018910 1.870440 0.274779 0.842911 -0.361988 -0.398077 0.102355 0.982303 1 3 1.000000
  3 1.019030 1.896740 0.289871 0.833425 0.531518 0.151301 0.095745 0.993087 1 3 1.000000
  3 1.017760 1.869161 0.290211 0.874359 -0.447709 0.187224 0.096110 0.981968 1 3 1.000000
..\..\..\Desktop\General\noesis\roomitems_025_daruma
  3 0.899021 1.864730 0.166334 -0.247373 0.727500 0.639961 0.224785 0.928994 1 3 1.000000
  3 0.901797 1.865090 0.141070 -0.267917 0.892330 -0.363275 0.213849 0.928658 1 3 1.000000
  3 0.837722 1.845390 0.161570 -0.264709 0.894337 -0.360681 0.226795 0.902887 1 3 1.000000
..\..\..\Desktop\General\noesis\roomitems_025_daruma
  3 0.909257 1.742890 0.410650 0.965518 0.053941 -0.254688 0.016480 0.876811 1 3 1.000000
  3 0.882481 1.768410 0.420817 0.330965 0.934658 -0.129914 0.012459 0.888813 1 3 1.000000
  3 0.898250 1.749640 0.451323 0.702268 0.354861 0.617166 0.004965 0.876415 1 3 1.000000
..\..\..\Desktop\General\noesis\roomitems_025_daruma
  3 1.021560 1.842201 0.171452 0.797057 -0.566380 0.209558 0.183752 0.966402 1 3 1.000000
  3 0.998464 1.827000 0.153652 0.489255 -0.709057 -0.507806 0.187590 0.954369 1 3 1.000000
  3 1.022330 1.842790 0.158748 0.845477 -0.359732 -0.394666 0.188717 0.965793 1 3 1.000000
..\..\..\Desktop\General\noesis\roomitems_025_daruma
  3 0.997556 1.825161 0.171698 0.455151 -0.825441 0.333894 0.180401 0.955648 1 3 1.000000
  3 0.998464 1.827000 0.153652 0.489255 -0.709057 -0.507806 0.187590 0.954369 1 3 1.000000
  3 1.021560 1.842201 0.171452 0.797057 -0.566380 0.209558 0.183752 0.966402 1 3 1.000000
..\..\..\Desktop\General\noesis\roomitems_025_daruma
  3 0.998464 1.827000 0.153652 0.489255 -0.709057 -0.507806 0.187590 0.954369 1 3 1.000000
  3 0.930072 1.798250 0.163367 0.360716 -0.887237 0.287567 0.173059 0.926739 1 3 1.000000
  3 0.932821 1.798921 0.140424 0.361279 -0.606036 -0.708659 0.182259 0.924059 1 3 1.000000
..\..\..\Desktop\General\noesis\roomitems_025_daruma
  3 0.997556 1.825161 0.171698 0.455151 -0.825441 0.333894 0.180401 0.955648 1 3 1.000000
  3 0.930072 1.798250 0.163367 0.360716 -0.887237 0.287567 0.173059 0.926739 1 3 1.000000
  3 0.998464 1.827000 0.153652 0.489255 -0.709057 -0.507806 0.187590 0.954369 1 3 1.000000
..\..\..\Desktop\General\noesis\roomitems_025_daruma
  3 0.997556 1.825161 0.171698 0.455151 -0.825441 0.333894 0.180401 0.955648 1 3 1.000000
  3 0.991115 1.834090 0.186779 0.170256 -0.300083 0.938596 0.173212 0.957842 1 3 1.000000
  3 0.930072 1.798250 0.163367 0.360716 -0.887237 0.287567 0.173059 0.926739 1 3 1.000000
..\..\..\Desktop\General\noesis\roomitems_025_daruma
  3 0.873929 1.780231 0.176945 0.566000 -0.779310 0.268924 0.152284 0.902461 1 3 1.000000
  3 0.930072 1.798250 0.163367 0.360716 -0.887237 0.287567 0.173059 0.926739 1 3 1.000000
  3 0.922510 1.809880 0.182380 0.026247 -0.212378 0.976835 0.163433 0.928567 1 3 1.000000
..\..\..\Desktop\General\noesis\roomitems_025_daruma
  3 0.930072 1.798250 0.163367 0.360716 -0.887237 0.287567 0.173059 0.926739 1 3 1.000000
  3 0.991115 1.834090 0.186779 0.170256 -0.300083 0.938596 0.173212 0.957842 1 3 1.000000
  3 0.922510 1.809880 0.182380 0.026247 -0.212378 0.976835 0.163433 0.928567 1 3 1.000000
..\..\..\Desktop\General\noesis\roomitems_025_daruma
  3 0.739943 1.697820 0.372381 -0.571966 -0.125262 0.810657 0.338289 0.833919 1 3 1.000000
  3 0.838518 1.730210 0.427624 -0.489736 0.026974 0.871453 0.353886 0.908218 1 3 1.000000
  3 0.745002 1.727650 0.359472 -0.484376 0.468747 0.738685 0.331770 0.844947 1 3 1.000000
..\..\..\Desktop\General\noesis\roomitems_025_daruma
  3 0.889777 1.748820 0.458487 -0.033901 0.203995 0.978385 0.354800 0.933319 1 3 1.000000
  3 0.872134 1.764001 0.431373 -0.250228 0.855199 0.453895 0.345509 0.926983 1 3 1.000000
  3 0.838518 1.730210 0.427624 -0.489736 0.026974 0.871453 0.353886 0.908218 1 3 1.000000
..\..\..\Desktop\General\noesis\roomitems_025_daruma
  3 0.745002 1.727650 0.359472 -0.484376 0.468747 0.738685 0.331770 0.844947 1 3 1.000000
  3 0.838518 1.730210 0.427624 -0.489736 0.026974 0.871453 0.353886 0.908218 1 3 1.000000
  3 0.841413 1.755760 0.416113 -0.435213 0.801406 0.410290 0.343834 0.912574 1 3 1.000000
..\..\..\Desktop\General\noesis\roomitems_025_daruma
  3 0.838518 1.730210 0.427624 -0.489736 0.026974 0.871453 0.353886 0.908218 1 3 1.000000
  3 0.872134 1.764001 0.431373 -0.250228 0.855199 0.453895 0.345509 0.926983 1 3 1.000000
  3 0.841413 1.755760 0.416113 -0.435213 0.801406 0.410290 0.343834 0.912574 1 3 1.000000
..\..\..\Desktop\General\noesis\roomitems_025_daruma
  3 0.614691 1.702660 0.201619 -0.217126 0.974761 -0.051929 0.258842 0.792459 1 3 1.000000
  3 0.729081 1.811031 0.211036 -0.602633 0.776498 -0.184078 0.255004 0.859721 1 3 1.000000
  3 0.628054 1.697810 0.156772 -0.096285 0.910469 -0.402214 0.238950 0.793343 1 3 1.000000
..\..\..\Desktop\General\noesis\roomitems_025_daruma
  3 0.801993 1.846810 0.189259 -0.396035 0.861527 -0.317692 0.240869 0.892560 1 3 1.000000
  3 0.746876 1.793741 0.143116 -0.476743 0.634546 -0.608331 0.225059 0.857680 1 3 1.000000
  3 0.729081 1.811031 0.211036 -0.602633 0.776498 -0.184078 0.255004 0.859721 1 3 1.000000
..\..\..\Desktop\General\noesis\roomitems_025_daruma
  3 0.628054 1.697810 0.156772 -0.096285 0.910469 -0.402214 0.238950 0.793343 1 3 1.000000
  3 0.729081 1.811031 0.211036 -0.602633 0.776498 -0.184078 0.255004 0.859721 1 3 1.000000
  3 0.746876 1.793741 0.143116 -0.476743 0.634546 -0.608331 0.225059 0.857680 1 3 1.000000
..\..\..\Desktop\General\noesis\roomitems_025_daruma
  3 0.814303 1.825871 0.137710 -0.369183 0.766340 -0.525764 0.218266 0.888600 1 3 1.000000
  3 0.746876 1.793741 0.143116 -0.476743 0.634546 -0.608331 0.225059 0.857680 1 3 1.000000
  3 0.801993 1.846810 0.189259 -0.396035 0.861527 -0.317692 0.240869 0.892560 1 3 1.000000
..\..\..\Desktop\General\noesis\roomitems_025_daruma
  3 0.970158 1.896030 0.215007 0.051398 0.982235 -0.180480 0.240717 0.963934 1 3 1.000000
  3 0.907629 1.876271 0.180695 0.160061 0.407515 -0.899062 0.230268 0.935665 1 3 1.000000
  3 0.898329 1.888561 0.200617 -0.227338 0.941727 -0.247926 0.239285 0.936731 1 3 1.000000
..\..\..\Desktop\General\noesis\roomitems_025_daruma
  3 0.979830 1.878631 0.197795 0.255088 0.218706 -0.941859 0.232858 0.961832 1 3 1.000000
  3 0.907629 1.876271 0.180695 0.160061 0.407515 -0.899062 0.230268 0.935665 1 3 1.000000
  3 0.970158 1.896030 0.215007 0.051398 0.982235 -0.180480 0.240717 0.963934 1 3 1.000000
..\..\..\Desktop\General\noesis\roomitems_025_daruma
  3 0.813318 1.858600 0.278678 -0.332268 0.943185 -0.000965 0.082707 0.918636 1 3 1.000000
  3 0.888050 1.880391 0.299552 0.065886 0.598499 -0.798410 0.081397 0.935939 1 3 1.000000
  3 0.855567 1.794560 0.288717 0.580583 -0.802252 0.138976 0.082707 0.907731 1 3 1.000000
..\..\..\Desktop\General\noesis\roomitems_025_daruma
  3 0.855567 1.794560 0.288717 0.580583 -0.802252 0.138976 0.082707 0.907731 1 3 1.000000
  3 0.888050 1.880391 0.299552 0.065886 0.598499 -0.798410 0.081397 0.935939 1 3 1.000000
  3 0.916192 1.821380 0.300639 0.358794 -0.428985 -0.828999 0.074603 0.934172 1 3 1.000000
..\..\..\Desktop\General\noesis\roomitems_025_daruma
  3 0.997556 1.825161 0.171698 0.455151 -0.825441 0.333894 0.180401 0.955648 1 3 1.000000
  3 1.017160 1.847631 0.182341 0.614576 -0.210940 0.760132 0.178969 0.968169 1 3 1.000000
  3 0.991115 1.834090 0.186779 0.170256 -0.300083 0.938596 0.173212 0.957842 1 3 1.000000
..\..\..\Desktop\General\noesis\roomitems_025_daruma
  3 1.021560 1.842201 0.171452 0.797057 -0.566380 0.209558 0.183752 0.966402 1 3 1.000000
  3 1.017160 1.847631 0.182341 0.614576 -0.210940 0.760132 0.178969 0.968169 1 3 1.000000
  3 0.997556 1.825161 0.171698 0.455151 -0.825441 0.333894 0.180401 0.955648 1 3 1.000000
..\..\..\Desktop\General\noesis\roomitems_025_daruma
  3 0.823007 1.862200 0.220701 -0.308153 0.939801 -0.147700 0.112438 0.932954 1 3 1.000000
  3 0.899622 1.891460 0.239950 0.124481 0.568264 -0.813376 0.112651 0.941453 1 3 1.000000
  3 0.864348 1.793561 0.232339 0.612095 -0.763522 0.205850 0.110336 0.908644 1 3 1.000000
..\..\..\Desktop\General\noesis\roomitems_025_daruma
  3 0.864348 1.793561 0.232339 0.612095 -0.763522 0.205850 0.110336 0.908644 1 3 1.000000
  3 0.899622 1.891460 0.239950 0.124481 0.568264 -0.813376 0.112651 0.941453 1 3 1.000000
  3 0.926713 1.834291 0.247158 0.416694 -0.443894 -0.793299 0.108539 0.939595 1 3 1.000000
..\..\..\Desktop\General\noesis\roomitems_025_daruma
  3 0.837722 1.845390 0.161570 -0.264709 0.894337 -0.360681 0.152497 0.925551 1 3 1.000000
  3 0.907629 1.876271 0.180695 0.160061 0.407515 -0.899062 0.150303 0.934599 1 3 1.000000
  3 0.873929 1.780231 0.176945 0.566000 -0.779310 0.268924 0.152284 0.902461 1 3 1.000000
..\..\..\Desktop\General\noesis\roomitems_025_daruma
  3 0.873929 1.780231 0.176945 0.566000 -0.779310 0.268924 0.152284 0.902461 1 3 1.000000
  3 0.907629 1.876271 0.180695 0.160061 0.407515 -0.899062 0.150303 0.934599 1 3 1.000000
  3 0.932669 1.819690 0.194926 0.419393 -0.551176 -0.721328 0.142566 0.934873 1 3 1.000000
..\..\..\Desktop\General\noesis\roomitems_025_daruma
  3 0.948434 1.889320 0.312385 0.191869 0.489581 -0.850586 0.074329 0.964665 1 3 1.000000
  3 0.916192 1.821380 0.300639 0.358794 -0.428985 -0.828999 0.074603 0.934172 1 3 1.000000
  3 0.888050 1.880391 0.299552 0.065886 0.598499 -0.798410 0.081397 0.935939 1 3 1.000000
..\..\..\Desktop\General\noesis\roomitems_025_daruma
  3 0.972798 1.839420 0.316659 0.500052 -0.566281 -0.655190 0.064612 0.962076 1 3 1.000000
  3 0.916192 1.821380 0.300639 0.358794 -0.428985 -0.828999 0.074603 0.934172 1 3 1.000000
  3 0.948434 1.889320 0.312385 0.191869 0.489581 -0.850586 0.074329 0.964665 1 3 1.000000
..\..\..\Desktop\General\noesis\roomitems_025_daruma
  3 0.990966 1.883130 0.321508 0.541801 0.398784 -0.739880 0.069151 0.977521 1 3 1.000000
  3 0.972798 1.839420 0.316659 0.500052 -0.566281 -0.655190 0.064612 0.962076 1 3 1.000000
  3 0.948434 1.889320 0.312385 0.191869 0.489581 -0.850586 0.074329 0.964665 1 3 1.000000
..\..\..\Desktop\General\noesis\roomitems_025_daruma
  3 0.782508 1.848300 0.305871 -0.457390 0.875448 0.156158 0.291681 0.892651 1 3 1.000000
  3 0.878214 1.890370 0.329420 -0.296966 0.951199 0.083853 0.295306 0.937340 1 3 1.000000
  3 0.813318 1.858600 0.278678 -0.332268 0.943185 -0.000965 0.278095 0.904319 1 3 1.000000
..\..\..\Desktop\General\noesis\roomitems_025_daruma
  3 0.813318 1.858600 0.278678 -0.332268 0.943185 -0.000965 0.278095 0.904319 1 3 1.000000
  3 0.878214 1.890370 0.329420 -0.296966 0.951199 0.083853 0.295306 0.937340 1 3 1.000000
  3 0.888050 1.880391 0.299552 0.065886 0.598499 -0.798410 0.282025 0.936518 1 3 1.000000
..\..\..\Desktop\General\noesis\roomitems_025_daruma
  3 0.724101 1.811921 0.285778 -0.651082 0.720803 0.237770 0.287081 0.862311 1 3 1.000000
  3 0.621552 1.675360 0.270022 -0.216016 0.505085 0.835600 0.298444 0.792033 1 3 1.000000
  3 0.730310 1.789721 0.339275 -0.445439 0.425059 0.787978 0.314772 0.862402 1 3 1.000000
..\..\..\Desktop\General\noesis\roomitems_025_daruma
  3 0.621552 1.675360 0.270022 -0.216016 0.505085 0.835600 0.298444 0.792033 1 3 1.000000
  3 0.745002 1.727650 0.359472 -0.484376 0.468747 0.738685 0.331770 0.844947 1 3 1.000000
  3 0.730310 1.789721 0.339275 -0.445439 0.425059 0.787978 0.314772 0.862402 1 3 1.000000
..\..\..\Desktop\General\noesis\roomitems_025_daruma
  3 0.896509 1.883660 0.225877 -0.204586 0.656002 0.726502 0.250160 0.936244 1 3 1.000000
  3 0.970158 1.896030 0.215007 0.051398 0.982235 -0.180480 0.240717 0.963934 1 3 1.000000
  3 0.898329 1.888561 0.200617 -0.227338 0.941727 -0.247926 0.239285 0.936731 1 3 1.000000
..\..\..\Desktop\General\noesis\roomitems_025_daruma
  3 0.896509 1.883660 0.225877 -0.204586 0.656002 0.726502 0.250160 0.936244 1 3 1.000000
  3 0.898329 1.888561 0.200617 -0.227338 0.941727 -0.247926 0.239285 0.936731 1 3 1.000000
  3 0.823007 1.862200 0.220701 -0.308153 0.939801 -0.147700 0.252811 0.905385 1 3 1.000000
..\..\..\Desktop\General\noesis\roomitems_025_daruma
  3 0.823007 1.862200 0.220701 -0.308153 0.939801 -0.147700 0.252811 0.905385 1 3 1.000000
  3 0.898329 1.888561 0.200617 -0.227338 0.941727 -0.247926 0.239285 0.936731 1 3 1.000000
  3 0.801993 1.846810 0.189259 -0.396035 0.861527 -0.317692 0.240869 0.892560 1 3 1.000000
..\..\..\Desktop\General\noesis\roomitems_025_daruma
  3 0.724101 1.811921 0.285778 -0.651082 0.720803 0.237770 0.287081 0.862311 1 3 1.000000
  3 0.786590 1.835460 0.335954 -0.378835 0.541037 0.750841 0.308771 0.891037 1 3 1.000000
  3 0.782508 1.848300 0.305871 -0.457390 0.875448 0.156158 0.291681 0.892651 1 3 1.000000
..\..\..\Desktop\General\noesis\roomitems_025_daruma
  3 0.730310 1.789721 0.339275 -0.445439 0.425059 0.787978 0.314772 0.862402 1 3 1.000000
  3 0.786590 1.835460 0.335954 -0.378835 0.541037 0.750841 0.308771 0.891037 1 3 1.000000
  3 0.724101 1.811921 0.285778 -0.651082 0.720803 0.237770 0.287081 0.862311 1 3 1.000000
..\..\..\Desktop\General\noesis\roomitems_025_daruma
  3 0.782508 1.848300 0.305871 -0.457390 0.875448 0.156158 0.291681 0.892651 1 3 1.000000
  3 0.786590 1.835460 0.335954 -0.378835 0.541037 0.750841 0.308771 0.891037 1 3 1.000000
  3 0.878214 1.890370 0.329420 -0.296966 0.951199 0.083853 0.295306 0.937340 1 3 1.000000
..\..\..\Desktop\General\noesis\roomitems_025_daruma
  3 0.878214 1.890370 0.329420 -0.296966 0.951199 0.083853 0.295306 0.937340 1 3 1.000000
  3 0.786590 1.835460 0.335954 -0.378835 0.541037 0.750841 0.308771 0.891037 1 3 1.000000
  3 0.880380 1.879151 0.353312 -0.242767 0.507151 0.826960 0.305390 0.936518 1 3 1.000000
..\..\..\Desktop\General\noesis\roomitems_025_daruma
  3 0.832177 1.819860 0.118864 -0.115912 0.308699 -0.944071 0.209127 0.892133 1 3 1.000000
  3 0.760209 1.773731 0.121554 -0.272794 0.290363 -0.917209 0.215098 0.855913 1 3 1.000000
  3 0.814303 1.825871 0.137710 -0.369183 0.766340 -0.525764 0.218266 0.888600 1 3 1.000000
..\..\..\Desktop\General\noesis\roomitems_025_daruma
  3 0.814303 1.825871 0.137710 -0.369183 0.766340 -0.525764 0.218266 0.888600 1 3 1.000000
  3 0.760209 1.773731 0.121554 -0.272794 0.290363 -0.917209 0.215098 0.855913 1 3 1.000000
  3 0.746876 1.793741 0.143116 -0.476743 0.634546 -0.608331 0.225059 0.857680 1 3 1.000000
..\..\..\Desktop\General\noesis\roomitems_025_daruma
  3 1.021560 1.842201 0.171452 0.797057 -0.566380 0.209558 0.183752 0.966402 1 3 1.000000
  3 1.022330 1.842790 0.158748 0.845477 -0.359732 -0.394666 0.188717 0.965793 1 3 1.000000
  3 1.025900 1.872311 0.164789 0.900700 0.422183 0.102475 0.187163 0.978069 1 3 1.000000
..\..\..\Desktop\General\noesis\roomitems_025_daruma
  3 1.017160 1.847631 0.182341 0.614576 -0.210940 0.760132 0.178969 0.968169 1 3 1.000000
  3 1.021560 1.842201 0.171452 0.797057 -0.566380 0.209558 0.183752 0.966402 1 3 1.000000
  3 1.025900 1.872311 0.164789 0.900700 0.422183 0.102475 0.187163 0.978069 1 3 1.000000
..\..\..\Desktop\General\noesis\roomitems_025_daruma
  3 1.025900 1.872311 0.164789 0.900700 0.422183 0.102475 0.187163 0.978069 1 3 1.000000
  3 1.022330 1.842790 0.158748 0.845477 -0.359732 -0.394666 0.188717 0.965793 1 3 1.000000
  3 1.020440 1.865670 0.153327 0.477505 0.287139 -0.830385 0.199684 0.967407 1 3 1.000000
..\..\..\Desktop\General\noesis\roomitems_025_daruma
  3 1.017160 1.847631 0.182341 0.614576 -0.210940 0.760132 0.178969 0.968169 1 3 1.000000
  3 1.015450 1.870250 0.175929 0.239055 0.642499 0.728044 0.173303 0.973652 1 3 1.000000
  3 0.991115 1.834090 0.186779 0.170256 -0.300083 0.938596 0.173212 0.957842 1 3 1.000000
..\..\..\Desktop\General\noesis\roomitems_025_daruma
  3 1.017160 1.847631 0.182341 0.614576 -0.210940 0.760132 0.178969 0.968169 1 3 1.000000
  3 1.025900 1.872311 0.164789 0.900700 0.422183 0.102475 0.187163 0.978069 1 3 1.000000
  3 1.015450 1.870250 0.175929 0.239055 0.642499 0.728044 0.173303 0.973652 1 3 1.000000
..\..\..\Desktop\General\noesis\roomitems_025_daruma
  3 0.991115 1.834090 0.186779 0.170256 -0.300083 0.938596 0.173212 0.957842 1 3 1.000000
  3 0.974995 1.877420 0.174861 -0.065290 0.629642 0.774137 0.163859 0.958360 1 3 1.000000
  3 0.922510 1.809880 0.182380 0.026247 -0.212378 0.976835 0.163433 0.928567 1 3 1.000000
..\..\..\Desktop\General\noesis\roomitems_025_daruma
  3 0.991115 1.834090 0.186779 0.170256 -0.300083 0.938596 0.173212 0.957842 1 3 1.000000
  3 1.015450 1.870250 0.175929 0.239055 0.642499 0.728044 0.173303 0.973652 1 3 1.000000
  3 0.974995 1.877420 0.174861 -0.065290 0.629642 0.774137 0.163859 0.958360 1 3 1.000000
..\..\..\Desktop\General\noesis\roomitems_025_daruma
  3 0.653792 1.635770 0.266845 0.346138 -0.651805 0.674788 0.085144 0.794439 1 3 1.000000
  3 0.769699 1.654840 0.342629 0.298295 -0.953234 0.048640 0.058915 0.836935 1 3 1.000000
  3 0.754131 1.666700 0.362523 -0.294405 -0.635996 0.713326 0.051756 0.831147 1 3 1.000000
..\..\..\Desktop\General\noesis\roomitems_025_daruma
  3 0.864348 1.793561 0.232339 0.612095 -0.763522 0.205850 0.110336 0.908644 1 3 1.000000
  3 0.929504 1.817510 0.221582 0.301696 -0.908403 0.289455 0.131691 0.937889 1 3 1.000000
  3 0.920844 1.829230 0.238915 -0.020582 -0.248597 0.968388 0.122217 0.938955 1 3 1.000000
..\..\..\Desktop\General\noesis\roomitems_025_daruma
  3 0.920844 1.829230 0.238915 -0.020582 -0.248597 0.968388 0.122217 0.938955 1 3 1.000000
  3 0.896509 1.883660 0.225877 -0.204586 0.656002 0.726502 0.115637 0.941818 1 3 1.000000
  3 0.864348 1.793561 0.232339 0.612095 -0.763522 0.205850 0.110336 0.908644 1 3 1.000000
..\..\..\Desktop\General\noesis\roomitems_025_daruma
  3 0.864348 1.793561 0.232339 0.612095 -0.763522 0.205850 0.110336 0.908644 1 3 1.000000
  3 0.896509 1.883660 0.225877 -0.204586 0.656002 0.726502 0.115637 0.941818 1 3 1.000000
  3 0.823007 1.862200 0.220701 -0.308153 0.939801 -0.147700 0.112438 0.932954 1 3 1.000000
..\..\..\Desktop\General\noesis\roomitems_025_daruma
  3 0.675946 1.621020 0.218283 0.782857 -0.596720 0.176237 0.107595 0.799070 1 3 1.000000
  3 0.683357 1.624210 0.171268 0.893788 -0.407446 -0.187430 0.134036 0.800776 1 3 1.000000
  3 0.784777 1.707070 0.222044 0.718381 -0.693781 0.050945 0.109179 0.857772 1 3 1.000000
..\..\..\Desktop\General\noesis\roomitems_025_daruma
  3 0.782508 1.848300 0.305871 -0.457390 0.875448 0.156158 0.291681 0.892651 1 3 1.000000
  3 0.791128 1.853971 0.246712 -0.438979 0.896845 -0.054462 0.265971 0.893809 1 3 1.000000
  3 0.724101 1.811921 0.285778 -0.651082 0.720803 0.237770 0.287081 0.862311 1 3 1.000000
..\..\..\Desktop\General\noesis\roomitems_025_daruma
  3 0.724101 1.811921 0.285778 -0.651082 0.720803 0.237770 0.287081 0.862311 1 3 1.000000
  3 0.791128 1.853971 0.246712 -0.438979 0.896845 -0.054462 0.265971 0.893809 1 3 1.000000
  3 0.729081 1.811031 0.211036 -0.602633 0.776498 -0.184078 0.255004 0.859721 1 3 1.000000
..\..\..\Desktop\General\noesis\roomitems_025_daruma
  3 0.791128 1.853971 0.246712 -0.438979 0.896845 -0.054462 0.265971 0.893809 1 3 1.000000
  3 0.823007 1.862200 0.220701 -0.308153 0.939801 -0.147700 0.252811 0.905385 1 3 1.000000
  3 0.801993 1.846810 0.189259 -0.396035 0.861527 -0.317692 0.240869 0.892560 1 3 1.000000
..\..\..\Desktop\General\noesis\roomitems_025_daruma
  3 0.782508 1.848300 0.305871 -0.457390 0.875448 0.156158 0.291681 0.892651 1 3 1.000000
  3 0.813318 1.858600 0.278678 -0.332268 0.943185 -0.000965 0.278095 0.904319 1 3 1.000000
  3 0.791128 1.853971 0.246712 -0.438979 0.896845 -0.054462 0.265971 0.893809 1 3 1.000000
..\..\..\Desktop\General\noesis\roomitems_025_daruma
  3 0.791128 1.853971 0.246712 -0.438979 0.896845 -0.054462 0.265971 0.893809 1 3 1.000000
  3 0.801993 1.846810 0.189259 -0.396035 0.861527 -0.317692 0.240869 0.892560 1 3 1.000000
  3 0.729081 1.811031 0.211036 -0.602633 0.776498 -0.184078 0.255004 0.859721 1 3 1.000000
..\..\..\Desktop\General\noesis\roomitems_025_daruma
  3 0.791128 1.853971 0.246712 -0.438979 0.896845 -0.054462 0.265971 0.893809 1 3 1.000000
  3 0.890509 1.899100 0.265760 -0.268015 0.962884 -0.031962 0.267433 0.940295 1 3 1.000000
  3 0.823007 1.862200 0.220701 -0.308153 0.939801 -0.147700 0.252811 0.905385 1 3 1.000000
..\..\..\Desktop\General\noesis\roomitems_025_daruma
  3 0.791128 1.853971 0.246712 -0.438979 0.896845 -0.054462 0.265971 0.893809 1 3 1.000000
  3 0.813318 1.858600 0.278678 -0.332268 0.943185 -0.000965 0.278095 0.904319 1 3 1.000000
  3 0.890509 1.899100 0.265760 -0.268015 0.962884 -0.031962 0.267433 0.940295 1 3 1.000000
..\..\..\Desktop\General\noesis\roomitems_025_daruma
  3 0.890509 1.899100 0.265760 -0.268015 0.962884 -0.031962 0.267433 0.940295 1 3 1.000000
  3 0.813318 1.858600 0.278678 -0.332268 0.943185 -0.000965 0.278095 0.904319 1 3 1.000000
  3 0.888649 1.891940 0.293117 -0.214829 0.592839 0.776138 0.279192 0.939320 1 3 1.000000
..\..\..\Desktop\General\noesis\roomitems_025_daruma
  3 0.760209 1.773731 0.121554 -0.272794 0.290363 -0.917209 0.180127 0.848755 1 3 1.000000
  3 0.832177 1.819860 0.118864 -0.115912 0.308699 -0.944071 0.194535 0.891067 1 3 1.000000
  3 0.799089 1.707010 0.136271 0.428918 -0.648798 -0.628562 0.157645 0.855335 1 3 1.000000
..\..\..\Desktop\General\noesis\roomitems_025_daruma
  3 0.930072 1.798250 0.163367 0.360716 -0.887237 0.287567 0.173059 0.926739 1 3 1.000000
  3 0.889902 1.777591 0.141156 0.423012 -0.738227 -0.525435 0.175192 0.898683 1 3 1.000000
  3 0.932821 1.798921 0.140424 0.361279 -0.606036 -0.708659 0.182259 0.924059 1 3 1.000000
..\..\..\Desktop\General\noesis\roomitems_025_daruma
  3 0.873929 1.780231 0.176945 0.566000 -0.779310 0.268924 0.152284 0.902461 1 3 1.000000
  3 0.889902 1.777591 0.141156 0.423012 -0.738227 -0.525435 0.175192 0.898683 1 3 1.000000
  3 0.930072 1.798250 0.163367 0.360716 -0.887237 0.287567 0.173059 0.926739 1 3 1.000000
..\..\..\Desktop\General\noesis\roomitems_025_daruma
  3 0.799089 1.707010 0.136271 0.428918 -0.648798 -0.628562 0.157645 0.855335 1 3 1.000000
  3 0.832177 1.819860 0.118864 -0.115912 0.308699 -0.944071 0.194535 0.891067 1 3 1.000000
  3 0.889902 1.777591 0.141156 0.423012 -0.738227 -0.525435 0.175192 0.898683 1 3 1.000000
..\..\..\Desktop\General\noesis\roomitems_025_daruma
  3 0.873929 1.780231 0.176945 0.566000 -0.779310 0.268924 0.152284 0.902461 1 3 1.000000
  3 0.799089 1.707010 0.136271 0.428918 -0.648798 -0.628562 0.157645 0.855335 1 3 1.000000
  3 0.889902 1.777591 0.141156 0.423012 -0.738227 -0.525435 0.175192 0.898683 1 3 1.000000
..\..\..\Desktop\General\noesis\roomitems_025_daruma
  3 0.889902 1.777591 0.141156 0.423012 -0.738227 -0.525435 0.175192 0.898683 1 3 1.000000
  3 0.908827 1.854540 0.124913 0.037898 0.338377 -0.940247 0.200689 0.921104 1 3 1.000000
  3 0.932821 1.798921 0.140424 0.361279 -0.606036 -0.708659 0.182259 0.924059 1 3 1.000000
..\..\..\Desktop\General\noesis\roomitems_025_daruma
  3 0.832177 1.819860 0.118864 -0.115912 0.308699 -0.944071 0.194535 0.891067 1 3 1.000000
  3 0.908827 1.854540 0.124913 0.037898 0.338377 -0.940247 0.200689 0.921104 1 3 1.000000
  3 0.889902 1.777591 0.141156 0.423012 -0.738227 -0.525435 0.175192 0.898683 1 3 1.000000
..\..\..\Desktop\General\noesis\roomitems_025_daruma
  3 0.786590 1.835460 0.335954 -0.378835 0.541037 0.750841 0.043745 0.900876 1 3 1.000000
  3 0.833374 1.787880 0.343223 0.246069 -0.555548 0.794240 0.061992 0.902857 1 3 1.000000
  3 0.880380 1.879151 0.353312 -0.242767 0.507151 0.826960 0.039053 0.931339 1 3 1.000000
..\..\..\Desktop\General\noesis\roomitems_025_daruma
  3 0.880380 1.879151 0.353312 -0.242767 0.507151 0.826960 0.039053 0.931339 1 3 1.000000
  3 0.833374 1.787880 0.343223 0.246069 -0.555548 0.794240 0.061992 0.902857 1 3 1.000000
  3 0.908251 1.821240 0.354211 0.058382 -0.486245 0.871870 0.055168 0.935604 1 3 1.000000
..\..\..\Desktop\General\noesis\roomitems_025_daruma
  3 0.833374 1.787880 0.343223 0.246069 -0.555548 0.794240 0.061992 0.902857 1 3 1.000000
  3 0.914113 1.816170 0.331168 0.325519 -0.943487 0.062211 0.064094 0.933563 1 3 1.000000
  3 0.908251 1.821240 0.354211 0.058382 -0.486245 0.871870 0.055168 0.935604 1 3 1.000000
..\..\..\Desktop\General\noesis\roomitems_025_daruma
  3 0.833374 1.787880 0.343223 0.246069 -0.555548 0.794240 0.061992 0.902857 1 3 1.000000
  3 0.855567 1.794560 0.288717 0.580583 -0.802252 0.138976 0.082707 0.907731 1 3 1.000000
  3 0.914113 1.816170 0.331168 0.325519 -0.943487 0.062211 0.064094 0.933563 1 3 1.000000
..\..\..\Desktop\General\noesis\roomitems_025_daruma
  3 0.914113 1.816170 0.331168 0.325519 -0.943487 0.062211 0.064094 0.933563 1 3 1.000000
  3 0.855567 1.794560 0.288717 0.580583 -0.802252 0.138976 0.082707 0.907731 1 3 1.000000
  3 0.916192 1.821380 0.300639 0.358794 -0.428985 -0.828999 0.074603 0.934172 1 3 1.000000
..\..\..\Desktop\General\noesis\roomitems_025_daruma
  3 0.916192 1.821380 0.300639 0.358794 -0.428985 -0.828999 0.074603 0.934172 1 3 1.000000
  3 0.972798 1.839420 0.316659 0.500052 -0.566281 -0.655190 0.064612 0.962076 1 3 1.000000
  3 0.914113 1.816170 0.331168 0.325519 -0.943487 0.062211 0.064094 0.933563 1 3 1.000000
..\..\..\Desktop\General\noesis\roomitems_025_daruma
  3 0.880380 1.879151 0.353312 -0.242767 0.507151 0.826960 0.039053 0.931339 1 3 1.000000
  3 0.908251 1.821240 0.354211 0.058382 -0.486245 0.871870 0.055168 0.935604 1 3 1.000000
  3 0.943804 1.888991 0.362548 -0.085825 0.446053 0.890882 0.039632 0.962137 1 3 1.000000
..\..\..\Desktop\General\noesis\roomitems_025_daruma
  3 0.908251 1.821240 0.354211 0.058382 -0.486245 0.871870 0.055168 0.935604 1 3 1.000000
  3 0.914113 1.816170 0.331168 0.325519 -0.943487 0.062211 0.064094 0.933563 1 3 1.000000
  3 0.966198 1.840340 0.362499 0.271789 -0.573763 0.772611 0.050964 0.962899 1 3 1.000000
..\..\..\Desktop\General\noesis\roomitems_025_daruma
  3 0.943804 1.888991 0.362548 -0.085825 0.446053 0.890882 0.039632 0.962137 1 3 1.000000
  3 0.908251 1.821240 0.354211 0.058382 -0.486245 0.871870 0.055168 0.935604 1 3 1.000000
  3 0.966198 1.840340 0.362499 0.271789 -0.573763 0.772611 0.050964 0.962899 1 3 1.000000
..\..\..\Desktop\General\noesis\roomitems_025_daruma
  3 0.864348 1.793561 0.232339 0.612095 -0.763522 0.205850 0.110336 0.908644 1 3 1.000000
  3 0.925062 1.827551 0.272377 0.398038 -0.913083 0.088569 0.097572 0.939686 1 3 1.000000
  3 0.855567 1.794560 0.288717 0.580583 -0.802252 0.138976 0.082707 0.907731 1 3 1.000000
..\..\..\Desktop\General\noesis\roomitems_025_daruma
  3 0.864348 1.793561 0.232339 0.612095 -0.763522 0.205850 0.110336 0.908644 1 3 1.000000
  3 0.926713 1.834291 0.247158 0.416694 -0.443894 -0.793299 0.108539 0.939595 1 3 1.000000
  3 0.925062 1.827551 0.272377 0.398038 -0.913083 0.088569 0.097572 0.939686 1 3 1.000000
..\..\..\Desktop\General\noesis\roomitems_025_daruma
  3 0.855567 1.794560 0.288717 0.580583 -0.802252 0.138976 0.082707 0.907731 1 3 1.000000
  3 0.925062 1.827551 0.272377 0.398038 -0.913083 0.088569 0.097572 0.939686 1 3 1.000000
  3 0.916576 1.834731 0.296272 0.095820 -0.434068 0.895770 0.086575 0.938589 1 3 1.000000
..\..\..\Desktop\General\noesis\roomitems_025_daruma
  3 0.837722 1.845390 0.161570 -0.264709 0.894337 -0.360681 0.152497 0.925551 1 3 1.000000
  3 0.873929 1.780231 0.176945 0.566000 -0.779310 0.268924 0.152284 0.902461 1 3 1.000000
  3 0.899021 1.864730 0.166334 -0.247373 0.727500 0.639961 0.159077 0.936122 1 3 1.000000
..\..\..\Desktop\General\noesis\roomitems_025_daruma
  3 0.899021 1.864730 0.166334 -0.247373 0.727500 0.639961 0.159077 0.936122 1 3 1.000000
  3 0.873929 1.780231 0.176945 0.566000 -0.779310 0.268924 0.152284 0.902461 1 3 1.000000
  3 0.922510 1.809880 0.182380 0.026247 -0.212378 0.976835 0.163433 0.928567 1 3 1.000000
..\..\..\Desktop\General\noesis\roomitems_025_daruma
  3 0.922510 1.809880 0.182380 0.026247 -0.212378 0.976835 0.163433 0.928567 1 3 1.000000
  3 0.974995 1.877420 0.174861 -0.065290 0.629642 0.774137 0.163859 0.958360 1 3 1.000000
  3 0.899021 1.864730 0.166334 -0.247373 0.727500 0.639961 0.159077 0.936122 1 3 1.000000
..\..\..\Desktop\General\noesis\roomitems_025_daruma
  3 0.899622 1.891460 0.239950 0.124481 0.568264 -0.813376 0.112651 0.941453 1 3 1.000000
  3 0.980753 1.890931 0.259764 0.285365 0.393441 -0.873940 0.113230 0.971946 1 3 1.000000
  3 0.926713 1.834291 0.247158 0.416694 -0.443894 -0.793299 0.108539 0.939595 1 3 1.000000
..\..\..\Desktop\General\noesis\roomitems_025_daruma
  3 0.926713 1.834291 0.247158 0.416694 -0.443894 -0.793299 0.108539 0.939595 1 3 1.000000
  3 0.997285 1.856480 0.269256 0.439870 -0.574792 -0.690021 0.103574 0.971794 1 3 1.000000
  3 0.925062 1.827551 0.272377 0.398038 -0.913083 0.088569 0.097572 0.939686 1 3 1.000000
..\..\..\Desktop\General\noesis\roomitems_025_daruma
  3 0.926713 1.834291 0.247158 0.416694 -0.443894 -0.793299 0.108539 0.939595 1 3 1.000000
  3 0.980753 1.890931 0.259764 0.285365 0.393441 -0.873940 0.113230 0.971946 1 3 1.000000
  3 0.997285 1.856480 0.269256 0.439870 -0.574792 -0.690021 0.103574 0.971794 1 3 1.000000
..\..\..\Desktop\General\noesis\roomitems_025_daruma
  3 0.781645 1.679860 0.296433 0.756237 -0.608305 -0.240977 0.075670 0.848694 1 3 1.000000
  3 0.784777 1.707070 0.222044 0.718381 -0.693781 0.050945 0.109179 0.857772 1 3 1.000000
  3 0.794051 1.727110 0.280348 0.845744 -0.526733 0.085265 0.083590 0.869804 1 3 1.000000
..\..\..\Desktop\General\noesis\roomitems_025_daruma
  3 0.675946 1.621020 0.218283 0.782857 -0.596720 0.176237 0.107595 0.799070 1 3 1.000000
  3 0.781645 1.679860 0.296433 0.756237 -0.608305 -0.240977 0.075670 0.848694 1 3 1.000000
  3 0.653792 1.635770 0.266845 0.346138 -0.651805 0.674788 0.085144 0.794439 1 3 1.000000
..\..\..\Desktop\General\noesis\roomitems_025_daruma
  3 0.653792 1.635770 0.266845 0.346138 -0.651805 0.674788 0.085144 0.794439 1 3 1.000000
  3 0.781645 1.679860 0.296433 0.756237 -0.608305 -0.240977 0.075670 0.848694 1 3 1.000000
  3 0.769699 1.654840 0.342629 0.298295 -0.953234 0.048640 0.058915 0.836935 1 3 1.000000
..\..\..\Desktop\General\noesis\roomitems_025_daruma
  3 0.675946 1.621020 0.218283 0.782857 -0.596720 0.176237 0.107595 0.799070 1 3 1.000000
  3 0.784777 1.707070 0.222044 0.718381 -0.693781 0.050945 0.109179 0.857772 1 3 1.000000
  3 0.781645 1.679860 0.296433 0.756237 -0.608305 -0.240977 0.075670 0.848694 1 3 1.000000
..\..\..\Desktop\General\noesis\roomitems_025_daruma
  3 1.019030 1.896740 0.289871 0.833425 0.531518 0.151301 0.095745 0.993087 1 3 1.000000
  3 1.012920 1.871040 0.304478 0.630124 -0.349212 0.693538 0.088616 0.982578 1 3 1.000000
  3 1.017760 1.869161 0.290211 0.874359 -0.447709 0.187224 0.096110 0.981968 1 3 1.000000
..\..\..\Desktop\General\noesis\roomitems_025_daruma
  3 0.901797 1.865090 0.141070 -0.267917 0.892330 -0.363275 0.213849 0.928658 1 3 1.000000
  3 0.899021 1.864730 0.166334 -0.247373 0.727500 0.639961 0.224785 0.928994 1 3 1.000000
  3 0.975267 1.880670 0.157293 0.038896 0.970814 -0.236660 0.215920 0.958603 1 3 1.000000
..\..\..\Desktop\General\noesis\roomitems_025_daruma
  3 0.975267 1.880670 0.157293 0.038896 0.970814 -0.236660 0.215920 0.958603 1 3 1.000000
  3 0.908827 1.854540 0.124913 0.037898 0.338377 -0.940247 0.206568 0.927470 1 3 1.000000
  3 0.901797 1.865090 0.141070 -0.267917 0.892330 -0.363275 0.213849 0.928658 1 3 1.000000
..\..\..\Desktop\General\noesis\roomitems_025_daruma
  3 0.975267 1.880670 0.157293 0.038896 0.970814 -0.236660 0.215920 0.958603 1 3 1.000000
  3 0.899021 1.864730 0.166334 -0.247373 0.727500 0.639961 0.224785 0.928994 1 3 1.000000
  3 0.974995 1.877420 0.174861 -0.065290 0.629642 0.774137 0.223414 0.958634 1 3 1.000000
..\..\..\Desktop\General\noesis\roomitems_025_daruma
  3 0.855567 1.794560 0.288717 0.580583 -0.802252 0.138976 0.082707 0.907731 1 3 1.000000
  3 0.888649 1.891940 0.293117 -0.214829 0.592839 0.776138 0.082585 0.937950 1 3 1.000000
  3 0.813318 1.858600 0.278678 -0.332268 0.943185 -0.000965 0.082707 0.918636 1 3 1.000000
..\..\..\Desktop\General\noesis\roomitems_025_daruma
  3 0.916576 1.834731 0.296272 0.095820 -0.434068 0.895770 0.086575 0.938589 1 3 1.000000
  3 0.888649 1.891940 0.293117 -0.214829 0.592839 0.776138 0.082585 0.937950 1 3 1.000000
  3 0.855567 1.794560 0.288717 0.580583 -0.802252 0.138976 0.082707 0.907731 1 3 1.000000
..\..\..\Desktop\General\noesis\roomitems_025_daruma
  3 0.982209 1.866421 0.140497 0.241248 0.232305 -0.942249 0.208396 0.956410 1 3 1.000000
  3 0.908827 1.854540 0.124913 0.037898 0.338377 -0.940247 0.206568 0.927470 1 3 1.000000
  3 0.975267 1.880670 0.157293 0.038896 0.970814 -0.236660 0.215920 0.958603 1 3 1.000000
..\..\..\Desktop\General\noesis\roomitems_025_daruma
  3 0.798060 1.750980 0.346929 0.656335 0.504996 0.560539 0.335274 0.871541 1 3 1.000000
  3 0.730310 1.789721 0.339275 -0.445439 0.425059 0.787978 0.314772 0.862402 1 3 1.000000
  3 0.745002 1.727650 0.359472 -0.484376 0.468747 0.738685 0.331770 0.844947 1 3 1.000000
..\..\..\Desktop\General\noesis\roomitems_025_daruma
  3 0.798060 1.750980 0.346929 0.656335 0.504996 0.560539 0.335274 0.871541 1 3 1.000000
  3 0.786590 1.835460 0.335954 -0.378835 0.541037 0.750841 0.308771 0.891037 1 3 1.000000
  3 0.730310 1.789721 0.339275 -0.445439 0.425059 0.787978 0.314772 0.862402 1 3 1.000000
..\..\..\Desktop\General\noesis\roomitems_025_daruma
  3 0.683357 1.624210 0.171268 0.893788 -0.407446 -0.187430 0.889422 0.701071 1 3 1.000000
  3 0.683468 1.598980 0.152812 0.934307 -0.200069 -0.295031 0.889422 0.679473 1 3 1.000000
  3 0.650555 1.673650 0.140549 0.349680 0.367325 -0.861856 0.954978 0.701071 1 3 1.000000
..\..\..\Desktop\General\noesis\roomitems_025_daruma
  3 0.650555 1.673650 0.140549 0.349680 0.367325 -0.861856 0.954978 0.701071 1 3 1.000000
  3 0.683468 1.598980 0.152812 0.934307 -0.200069 -0.295031 0.889422 0.679473 1 3 1.000000
  3 0.637516 1.667170 0.108990 0.475338 0.350537 -0.806956 0.954978 0.679473 1 3 1.000000
..\..\..\Desktop\General\noesis\roomitems_025_daruma
  3 0.650555 1.673650 0.140549 0.349680 0.367325 -0.861856 0.230695 0.793952 1 3 1.000000
  3 0.746876 1.793741 0.143116 -0.476743 0.634546 -0.608331 0.225059 0.857680 1 3 1.000000
  3 0.760209 1.773731 0.121554 -0.272794 0.290363 -0.917209 0.215098 0.855913 1 3 1.000000
..\..\..\Desktop\General\noesis\roomitems_025_daruma
  3 0.628054 1.697810 0.156772 -0.096285 0.910469 -0.402214 0.238950 0.793343 1 3 1.000000
  3 0.746876 1.793741 0.143116 -0.476743 0.634546 -0.608331 0.225059 0.857680 1 3 1.000000
  3 0.650555 1.673650 0.140549 0.349680 0.367325 -0.861856 0.230695 0.793952 1 3 1.000000
..\..\..\Desktop\General\noesis\roomitems_025_daruma
  3 0.823007 1.862200 0.220701 -0.308153 0.939801 -0.147700 0.252811 0.905385 1 3 1.000000
  3 0.890509 1.899100 0.265760 -0.268015 0.962884 -0.031962 0.267433 0.940295 1 3 1.000000
  3 0.899622 1.891460 0.239950 0.124481 0.568264 -0.813376 0.255918 0.940051 1 3 1.000000
..\..\..\Desktop\General\noesis\roomitems_025_daruma
  3 0.916576 1.834731 0.296272 0.095820 -0.434068 0.895770 0.086575 0.938589 1 3 1.000000
  3 0.925062 1.827551 0.272377 0.398038 -0.913083 0.088569 0.097572 0.939686 1 3 1.000000
  3 0.990216 1.856961 0.302204 0.153807 -0.561128 0.813313 0.089286 0.971184 1 3 1.000000
..\..\..\Desktop\General\noesis\roomitems_025_daruma
  3 0.990216 1.856961 0.302204 0.153807 -0.561128 0.813313 0.089286 0.971184 1 3 1.000000
  3 0.925062 1.827551 0.272377 0.398038 -0.913083 0.088569 0.097572 0.939686 1 3 1.000000
  3 0.996656 1.851691 0.286205 0.492368 -0.862753 0.115029 0.096506 0.971245 1 3 1.000000
..\..\..\Desktop\General\noesis\roomitems_025_daruma
  3 0.996656 1.851691 0.286205 0.492368 -0.862753 0.115029 0.096506 0.971245 1 3 1.000000
  3 1.012920 1.871040 0.304478 0.630124 -0.349212 0.693538 0.088616 0.982578 1 3 1.000000
  3 0.990216 1.856961 0.302204 0.153807 -0.561128 0.813313 0.089286 0.971184 1 3 1.000000
..\..\..\Desktop\General\noesis\roomitems_025_daruma
  3 0.925062 1.827551 0.272377 0.398038 -0.913083 0.088569 0.097572 0.939686 1 3 1.000000
  3 0.997285 1.856480 0.269256 0.439870 -0.574792 -0.690021 0.103574 0.971794 1 3 1.000000
  3 0.996656 1.851691 0.286205 0.492368 -0.862753 0.115029 0.096506 0.971245 1 3 1.000000
..\..\..\Desktop\General\noesis\roomitems_025_daruma
  3 0.996656 1.851691 0.286205 0.492368 -0.862753 0.115029 0.096506 0.971245 1 3 1.000000
  3 1.018910 1.870440 0.274779 0.842911 -0.361988 -0.398077 0.102355 0.982303 1 3 1.000000
  3 1.017760 1.869161 0.290211 0.874359 -0.447709 0.187224 0.096110 0.981968 1 3 1.000000
..\..\..\Desktop\General\noesis\roomitems_025_daruma
  3 0.997285 1.856480 0.269256 0.439870 -0.574792 -0.690021 0.103574 0.971794 1 3 1.000000
  3 1.018910 1.870440 0.274779 0.842911 -0.361988 -0.398077 0.102355 0.982303 1 3 1.000000
  3 0.996656 1.851691 0.286205 0.492368 -0.862753 0.115029 0.096506 0.971245 1 3 1.000000
..\..\..\Desktop\General\noesis\roomitems_025_daruma
  3 1.017760 1.869161 0.290211 0.874359 -0.447709 0.187224 0.096110 0.981968 1 3 1.000000
  3 1.012920 1.871040 0.304478 0.630124 -0.349212 0.693538 0.088616 0.982578 1 3 1.000000
  3 0.996656 1.851691 0.286205 0.492368 -0.862753 0.115029 0.096506 0.971245 1 3 1.000000
..\..\..\Desktop\General\noesis\roomitems_025_daruma
  3 0.754131 1.666700 0.362523 -0.294405 -0.635996 0.713326 0.051756 0.831147 1 3 1.000000
  3 0.769699 1.654840 0.342629 0.298295 -0.953234 0.048640 0.058915 0.836935 1 3 1.000000
  3 0.857405 1.706750 0.426697 -0.104059 -0.713027 0.693371 0.019527 0.854999 1 3 1.000000
..\..\..\Desktop\General\noesis\roomitems_025_daruma
  3 0.857405 1.706750 0.426697 -0.104059 -0.713027 0.693371 0.019527 0.854999 1 3 1.000000
  3 0.769699 1.654840 0.342629 0.298295 -0.953234 0.048640 0.058915 0.836935 1 3 1.000000
  3 0.879552 1.701310 0.410547 0.487237 -0.872633 0.033345 0.021994 0.863651 1 3 1.000000
..\..\..\Desktop\General\noesis\roomitems_025_daruma
  3 0.887880 1.731870 0.382513 0.689986 0.104385 -0.716257 0.027020 0.875592 1 3 1.000000
  3 0.909257 1.742890 0.410650 0.965518 0.053941 -0.254688 0.016480 0.876811 1 3 1.000000
  3 0.879552 1.701310 0.410547 0.487237 -0.872633 0.033345 0.021994 0.863651 1 3 1.000000
..\..\..\Desktop\General\noesis\roomitems_025_daruma
  3 0.769699 1.654840 0.342629 0.298295 -0.953234 0.048640 0.058915 0.836935 1 3 1.000000
  3 0.887880 1.731870 0.382513 0.689986 0.104385 -0.716257 0.027020 0.875592 1 3 1.000000
  3 0.879552 1.701310 0.410547 0.487237 -0.872633 0.033345 0.021994 0.863651 1 3 1.000000
..\..\..\Desktop\General\noesis\roomitems_025_daruma
  3 0.887880 1.731870 0.382513 0.689986 0.104385 -0.716257 0.027020 0.875592 1 3 1.000000
  3 0.882481 1.768410 0.420817 0.330965 0.934658 -0.129914 0.012459 0.888813 1 3 1.000000
  3 0.909257 1.742890 0.410650 0.965518 0.053941 -0.254688 0.016480 0.876811 1 3 1.000000
..\..\..\Desktop\General\noesis\roomitems_025_daruma
  3 0.781645 1.679860 0.296433 0.756237 -0.608305 -0.240977 0.075670 0.848694 1 3 1.000000
  3 0.887880 1.731870 0.382513 0.689986 0.104385 -0.716257 0.027020 0.875592 1 3 1.000000
  3 0.769699 1.654840 0.342629 0.298295 -0.953234 0.048640 0.058915 0.836935 1 3 1.000000
..\..\..\Desktop\General\noesis\roomitems_025_daruma
  3 0.890509 1.899100 0.265760 -0.268015 0.962884 -0.031962 0.267433 0.940295 1 3 1.000000
  3 0.888649 1.891940 0.293117 -0.214829 0.592839 0.776138 0.279192 0.939320 1 3 1.000000
  3 0.973173 1.900810 0.281268 0.063596 0.997503 -0.030729 0.268651 0.969783 1 3 1.000000
..\..\..\Desktop\General\noesis\roomitems_025_daruma
  3 0.890509 1.899100 0.265760 -0.268015 0.962884 -0.031962 0.267433 0.940295 1 3 1.000000
  3 0.973173 1.900810 0.281268 0.063596 0.997503 -0.030729 0.268651 0.969783 1 3 1.000000
  3 0.899622 1.891460 0.239950 0.124481 0.568264 -0.813376 0.255918 0.940051 1 3 1.000000
..\..\..\Desktop\General\noesis\roomitems_025_daruma
  3 0.899622 1.891460 0.239950 0.124481 0.568264 -0.813376 0.255918 0.940051 1 3 1.000000
  3 0.973173 1.900810 0.281268 0.063596 0.997503 -0.030729 0.268651 0.969783 1 3 1.000000
  3 0.980753 1.890931 0.259764 0.285365 0.393441 -0.873940 0.259056 0.968687 1 3 1.000000
..\..\..\Desktop\General\noesis\roomitems_025_daruma
  3 0.990216 1.856961 0.302204 0.153807 -0.561128 0.813313 0.089286 0.971184 1 3 1.000000
  3 0.971871 1.894030 0.305142 -0.041248 0.433862 0.900034 0.080696 0.971215 1 3 1.000000
  3 0.916576 1.834731 0.296272 0.095820 -0.434068 0.895770 0.086575 0.938589 1 3 1.000000
..\..\..\Desktop\General\noesis\roomitems_025_daruma
  3 0.916576 1.834731 0.296272 0.095820 -0.434068 0.895770 0.086575 0.938589 1 3 1.000000
  3 0.971871 1.894030 0.305142 -0.041248 0.433862 0.900034 0.080696 0.971215 1 3 1.000000
  3 0.888649 1.891940 0.293117 -0.214829 0.592839 0.776138 0.082585 0.937950 1 3 1.000000
..\..\..\Desktop\General\noesis\roomitems_025_daruma
  3 0.739943 1.697820 0.372381 -0.571966 -0.125262 0.810657 0.338289 0.833919 1 3 1.000000
  3 0.754131 1.666700 0.362523 -0.294405 -0.635996 0.713326 0.350596 0.826303 1 3 1.000000
  3 0.838518 1.730210 0.427624 -0.489736 0.026974 0.871453 0.353886 0.908218 1 3 1.000000
..\..\..\Desktop\General\noesis\roomitems_025_daruma
  3 0.838518 1.730210 0.427624 -0.489736 0.026974 0.871453 0.353886 0.908218 1 3 1.000000
  3 0.754131 1.666700 0.362523 -0.294405 -0.635996 0.713326 0.350596 0.826303 1 3 1.000000
  3 0.857405 1.706750 0.426697 -0.104059 -0.713027 0.693371 0.366163 0.912056 1 3 1.000000
..\..\..\Desktop\General\noesis\roomitems_025_daruma
  3 0.973173 1.900810 0.281268 0.063596 0.997503 -0.030729 0.268651 0.969783 1 3 1.000000
  3 0.888649 1.891940 0.293117 -0.214829 0.592839 0.776138 0.279192 0.939320 1 3 1.000000
  3 0.971871 1.894030 0.305142 -0.041248 0.433862 0.900034 0.278917 0.968900 1 3 1.000000
..\..\..\Desktop\General\noesis\roomitems_025_daruma
  3 0.997931 1.836010 0.211918 0.400253 -0.672087 -0.622974 0.146618 0.963812 1 3 1.000000
  3 0.929504 1.817510 0.221582 0.301696 -0.908403 0.289455 0.131691 0.937889 1 3 1.000000
  3 0.932669 1.819690 0.194926 0.419393 -0.551176 -0.721328 0.142566 0.934873 1 3 1.000000
..\..\..\Desktop\General\noesis\roomitems_025_daruma
  3 0.979830 1.878631 0.197795 0.255088 0.218706 -0.941859 0.154782 0.961315 1 3 1.000000
  3 0.932669 1.819690 0.194926 0.419393 -0.551176 -0.721328 0.142566 0.934873 1 3 1.000000
  3 0.907629 1.876271 0.180695 0.160061 0.407515 -0.899062 0.150303 0.934599 1 3 1.000000
..\..\..\Desktop\General\noesis\roomitems_025_daruma
  3 0.997931 1.836010 0.211918 0.400253 -0.672087 -0.622974 0.146618 0.963812 1 3 1.000000
  3 0.932669 1.819690 0.194926 0.419393 -0.551176 -0.721328 0.142566 0.934873 1 3 1.000000
  3 0.979830 1.878631 0.197795 0.255088 0.218706 -0.941859 0.154782 0.961315 1 3 1.000000
..\..\..\Desktop\General\noesis\roomitems_025_daruma
  3 0.878214 1.890370 0.329420 -0.296966 0.951199 0.083853 0.295306 0.937340 1 3 1.000000
  3 0.943763 1.897080 0.335861 -0.004329 0.999968 0.006770 0.293783 0.961771 1 3 1.000000
  3 0.888050 1.880391 0.299552 0.065886 0.598499 -0.798410 0.282025 0.936518 1 3 1.000000
..\..\..\Desktop\General\noesis\roomitems_025_daruma
  3 0.878214 1.890370 0.329420 -0.296966 0.951199 0.083853 0.295306 0.937340 1 3 1.000000
  3 0.880380 1.879151 0.353312 -0.242767 0.507151 0.826960 0.305390 0.936518 1 3 1.000000
  3 0.943763 1.897080 0.335861 -0.004329 0.999968 0.006770 0.293783 0.961771 1 3 1.000000
..\..\..\Desktop\General\noesis\roomitems_025_daruma
  3 0.888050 1.880391 0.299552 0.065886 0.598499 -0.798410 0.282025 0.936518 1 3 1.000000
  3 0.943763 1.897080 0.335861 -0.004329 0.999968 0.006770 0.293783 0.961771 1 3 1.000000
  3 0.948434 1.889320 0.312385 0.191869 0.489581 -0.850586 0.283517 0.960096 1 3 1.000000
..\..\..\Desktop\General\noesis\roomitems_025_daruma
  3 0.948434 1.889320 0.312385 0.191869 0.489581 -0.850586 0.283517 0.960096 1 3 1.000000
  3 0.943763 1.897080 0.335861 -0.004329 0.999968 0.006770 0.293783 0.961771 1 3 1.000000
  3 0.990966 1.883130 0.321508 0.541801 0.398784 -0.739880 0.284675 0.973530 1 3 1.000000
..\..\..\Desktop\General\noesis\roomitems_025_daruma
  3 0.990966 1.883130 0.321508 0.541801 0.398784 -0.739880 0.284675 0.973530 1 3 1.000000
  3 0.943763 1.897080 0.335861 -0.004329 0.999968 0.006770 0.293783 0.961771 1 3 1.000000
  3 1.005510 1.893150 0.344364 0.702968 0.706937 0.077949 0.293418 0.982303 1 3 1.000000
..\..\..\Desktop\General\noesis\roomitems_025_daruma
  3 0.653792 1.635770 0.266845 0.346138 -0.651805 0.674788 0.774578 0.701071 1 3 1.000000
  3 0.621552 1.675360 0.270022 -0.216016 0.505085 0.835600 0.722517 0.701071 1 3 1.000000
  3 0.641391 1.614960 0.287883 0.641138 -0.120607 0.757889 0.774578 0.679473 1 3 1.000000
..\..\..\Desktop\General\noesis\roomitems_025_daruma
  3 0.641391 1.614960 0.287883 0.641138 -0.120607 0.757889 0.774578 0.679473 1 3 1.000000
  3 0.621552 1.675360 0.270022 -0.216016 0.505085 0.835600 0.722517 0.701071 1 3 1.000000
  3 0.596411 1.669510 0.292634 0.037036 0.439108 0.897671 0.722517 0.679473 1 3 1.000000
..\..\..\Desktop\General\noesis\roomitems_025_daruma
  3 0.943763 1.897080 0.335861 -0.004329 0.999968 0.006770 0.293783 0.961771 1 3 1.000000
  3 0.880380 1.879151 0.353312 -0.242767 0.507151 0.826960 0.305390 0.936518 1 3 1.000000
  3 0.943804 1.888991 0.362548 -0.085825 0.446053 0.890882 0.305146 0.961162 1 3 1.000000
..\..\..\Desktop\General\noesis\roomitems_025_daruma
  3 0.943763 1.897080 0.335861 -0.004329 0.999968 0.006770 0.293783 0.961771 1 3 1.000000
  3 0.985601 1.884030 0.362818 0.335687 0.406197 0.849894 0.302587 0.974170 1 3 1.000000
  3 1.005510 1.893150 0.344364 0.702968 0.706937 0.077949 0.293418 0.982303 1 3 1.000000
..\..\..\Desktop\General\noesis\roomitems_025_daruma
  3 0.943804 1.888991 0.362548 -0.085825 0.446053 0.890882 0.305146 0.961162 1 3 1.000000
  3 0.985601 1.884030 0.362818 0.335687 0.406197 0.849894 0.302587 0.974170 1 3 1.000000
  3 0.943763 1.897080 0.335861 -0.004329 0.999968 0.006770 0.293783 0.961771 1 3 1.000000
..\..\..\Desktop\General\noesis\roomitems_025_daruma
  3 0.745002 1.727650 0.359472 -0.484376 0.468747 0.738685 0.058184 0.898896 1 3 1.000000
  3 0.841413 1.755760 0.416113 -0.435213 0.801406 0.410290 0.027447 0.900267 1 3 1.000000
  3 0.798060 1.750980 0.346929 0.656335 0.504996 0.560539 0.056630 0.886803 1 3 1.000000
..\..\..\Desktop\General\noesis\roomitems_025_daruma
  3 0.794051 1.727110 0.280348 0.845744 -0.526733 0.085265 0.083590 0.869804 1 3 1.000000
  3 0.798060 1.750980 0.346929 0.656335 0.504996 0.560539 0.056630 0.886803 1 3 1.000000
  3 0.781645 1.679860 0.296433 0.756237 -0.608305 -0.240977 0.075670 0.848694 1 3 1.000000
..\..\..\Desktop\General\noesis\roomitems_025_daruma
  3 0.781645 1.679860 0.296433 0.756237 -0.608305 -0.240977 0.075670 0.848694 1 3 1.000000
  3 0.798060 1.750980 0.346929 0.656335 0.504996 0.560539 0.056630 0.886803 1 3 1.000000
  3 0.887880 1.731870 0.382513 0.689986 0.104385 -0.716257 0.027020 0.875592 1 3 1.000000
..\..\..\Desktop\General\noesis\roomitems_025_daruma
  3 0.798060 1.750980 0.346929 0.656335 0.504996 0.560539 0.056630 0.886803 1 3 1.000000
  3 0.855567 1.794560 0.288717 0.580583 -0.802252 0.138976 0.082707 0.907731 1 3 1.000000
  3 0.833374 1.787880 0.343223 0.246069 -0.555548 0.794240 0.061992 0.902857 1 3 1.000000
..\..\..\Desktop\General\noesis\roomitems_025_daruma
  3 0.794051 1.727110 0.280348 0.845744 -0.526733 0.085265 0.083590 0.869804 1 3 1.000000
  3 0.855567 1.794560 0.288717 0.580583 -0.802252 0.138976 0.082707 0.907731 1 3 1.000000
  3 0.798060 1.750980 0.346929 0.656335 0.504996 0.560539 0.056630 0.886803 1 3 1.000000
..\..\..\Desktop\General\noesis\roomitems_025_daruma
  3 0.887880 1.731870 0.382513 0.689986 0.104385 -0.716257 0.027020 0.875592 1 3 1.000000
  3 0.798060 1.750980 0.346929 0.656335 0.504996 0.560539 0.056630 0.886803 1 3 1.000000
  3 0.859241 1.762880 0.396611 -0.008823 0.974748 -0.223131 0.025772 0.891494 1 3 1.000000
..\..\..\Desktop\General\noesis\roomitems_025_daruma
  3 0.859241 1.762880 0.396611 -0.008823 0.974748 -0.223131 0.025772 0.891494 1 3 1.000000
  3 0.882481 1.768410 0.420817 0.330965 0.934658 -0.129914 0.012459 0.888813 1 3 1.000000
  3 0.887880 1.731870 0.382513 0.689986 0.104385 -0.716257 0.027020 0.875592 1 3 1.000000
..\..\..\Desktop\General\noesis\roomitems_025_daruma
  3 0.798060 1.750980 0.346929 0.656335 0.504996 0.560539 0.056630 0.886803 1 3 1.000000
  3 0.841413 1.755760 0.416113 -0.435213 0.801406 0.410290 0.027447 0.900267 1 3 1.000000
  3 0.859241 1.762880 0.396611 -0.008823 0.974748 -0.223131 0.025772 0.891494 1 3 1.000000
..\..\..\Desktop\General\noesis\roomitems_025_daruma
  3 0.641391 1.614960 0.287883 0.641138 -0.120607 0.757889 0.774578 0.679473 1 3 1.000000
  3 0.675045 1.592580 0.216137 0.911456 -0.285207 0.296487 0.837300 0.679473 1 3 1.000000
  3 0.653792 1.635770 0.266845 0.346138 -0.651805 0.674788 0.774578 0.701071 1 3 1.000000
..\..\..\Desktop\General\noesis\roomitems_025_daruma
  3 0.683468 1.598980 0.152812 0.934307 -0.200069 -0.295031 0.889422 0.679473 1 3 1.000000
  3 0.683357 1.624210 0.171268 0.893788 -0.407446 -0.187430 0.889422 0.701071 1 3 1.000000
  3 0.675045 1.592580 0.216137 0.911456 -0.285207 0.296487 0.837300 0.679473 1 3 1.000000
..\..\..\Desktop\General\noesis\roomitems_025_daruma
  3 0.653792 1.635770 0.266845 0.346138 -0.651805 0.674788 0.774578 0.701071 1 3 1.000000
  3 0.675045 1.592580 0.216137 0.911456 -0.285207 0.296487 0.837300 0.679473 1 3 1.000000
  3 0.675946 1.621020 0.218283 0.782857 -0.596720 0.176237 0.837300 0.701071 1 3 1.000000
..\..\..\Desktop\General\noesis\roomitems_025_daruma
  3 0.675045 1.592580 0.216137 0.911456 -0.285207 0.296487 0.837300 0.679473 1 3 1.000000
  3 0.683357 1.624210 0.171268 0.893788 -0.407446 -0.187430 0.889422 0.701071 1 3 1.000000
  3 0.675946 1.621020 0.218283 0.782857 -0.596720 0.176237 0.837300 0.701071 1 3 1.000000
..\..\..\Desktop\General\noesis\roomitems_025_daruma
  3 0.754131 1.666700 0.362523 -0.294405 -0.635996 0.713326 0.350596 0.826303 1 3 1.000000
  3 0.739943 1.697820 0.372381 -0.571966 -0.125262 0.810657 0.338289 0.833919 1 3 1.000000
  3 0.653792 1.635770 0.266845 0.346138 -0.651805 0.674788 0.319433 0.786336 1 3 1.000000
..\..\..\Desktop\General\noesis\roomitems_025_daruma
  3 0.653792 1.635770 0.266845 0.346138 -0.651805 0.674788 0.319433 0.786336 1 3 1.000000
  3 0.739943 1.697820 0.372381 -0.571966 -0.125262 0.810657 0.338289 0.833919 1 3 1.000000
  3 0.621552 1.675360 0.270022 -0.216016 0.505085 0.835600 0.298444 0.792033 1 3 1.000000
..\..\..\Desktop\General\noesis\roomitems_025_daruma
  3 0.605275 1.703030 0.132914 0.095415 0.905505 -0.413470 0.582936 0.679473 1 3 1.000000
  3 0.585436 1.712200 0.195077 0.032033 0.999485 0.001912 0.625828 0.679473 1 3 1.000000
  3 0.628054 1.697810 0.156772 -0.096285 0.910469 -0.402214 0.582936 0.701071 1 3 1.000000
..\..\..\Desktop\General\noesis\roomitems_025_daruma
  3 0.628054 1.697810 0.156772 -0.096285 0.910469 -0.402214 0.582936 0.701071 1 3 1.000000
  3 0.585436 1.712200 0.195077 0.032033 0.999485 0.001912 0.625828 0.679473 1 3 1.000000
  3 0.614691 1.702660 0.201619 -0.217126 0.974761 -0.051929 0.625828 0.701071 1 3 1.000000
..\..\..\Desktop\General\noesis\roomitems_025_daruma
  3 0.585436 1.712200 0.195077 0.032033 0.999485 0.001912 0.625828 0.679473 1 3 1.000000
  3 0.609261 1.698970 0.240551 -0.239847 0.933051 0.268122 0.675147 0.701071 1 3 1.000000
  3 0.614691 1.702660 0.201619 -0.217126 0.974761 -0.051929 0.625828 0.701071 1 3 1.000000
..\..\..\Desktop\General\noesis\roomitems_025_daruma
  3 0.609261 1.698970 0.240551 -0.239847 0.933051 0.268122 0.675147 0.701071 1 3 1.000000
  3 0.578428 1.704590 0.252742 -0.094599 0.920326 0.379541 0.675147 0.679473 1 3 1.000000
  3 0.621552 1.675360 0.270022 -0.216016 0.505085 0.835600 0.722517 0.701071 1 3 1.000000
..\..\..\Desktop\General\noesis\roomitems_025_daruma
  3 0.578428 1.704590 0.252742 -0.094599 0.920326 0.379541 0.675147 0.679473 1 3 1.000000
  3 0.609261 1.698970 0.240551 -0.239847 0.933051 0.268122 0.675147 0.701071 1 3 1.000000
  3 0.585436 1.712200 0.195077 0.032033 0.999485 0.001912 0.625828 0.679473 1 3 1.000000
..\..\..\Desktop\General\noesis\roomitems_025_daruma
  3 0.621552 1.675360 0.270022 -0.216016 0.505085 0.835600 0.722517 0.701071 1 3 1.000000
  3 0.578428 1.704590 0.252742 -0.094599 0.920326 0.379541 0.675147 0.679473 1 3 1.000000
  3 0.596411 1.669510 0.292634 0.037036 0.439108 0.897671 0.722517 0.679473 1 3 1.000000
..\..\..\Desktop\General\noesis\roomitems_025_daruma
  3 0.833374 1.787880 0.343223 0.246069 -0.555548 0.794240 0.336279 0.894875 1 3 1.000000
  3 0.786590 1.835460 0.335954 -0.378835 0.541037 0.750841 0.308771 0.891037 1 3 1.000000
  3 0.798060 1.750980 0.346929 0.656335 0.504996 0.560539 0.335274 0.871541 1 3 1.000000
..\..\..\Desktop\General\noesis\roomitems_025_daruma
  3 0.920844 1.829230 0.238915 -0.020582 -0.248597 0.968388 0.122217 0.938955 1 3 1.000000
  3 0.929504 1.817510 0.221582 0.301696 -0.908403 0.289455 0.131691 0.937889 1 3 1.000000
  3 0.990400 1.843310 0.247747 0.091579 -0.334641 0.937885 0.131416 0.967681 1 3 1.000000
..\..\..\Desktop\General\noesis\roomitems_025_daruma
  3 0.920844 1.829230 0.238915 -0.020582 -0.248597 0.968388 0.122217 0.938955 1 3 1.000000
  3 0.970236 1.887510 0.238925 -0.083863 0.548726 0.831785 0.123374 0.970179 1 3 1.000000
  3 0.896509 1.883660 0.225877 -0.204586 0.656002 0.726502 0.115637 0.941818 1 3 1.000000
..\..\..\Desktop\General\noesis\roomitems_025_daruma
  3 0.990400 1.843310 0.247747 0.091579 -0.334641 0.937885 0.131416 0.967681 1 3 1.000000
  3 0.970236 1.887510 0.238925 -0.083863 0.548726 0.831785 0.123374 0.970179 1 3 1.000000
  3 0.920844 1.829230 0.238915 -0.020582 -0.248597 0.968388 0.122217 0.938955 1 3 1.000000
..\..\..\Desktop\General\noesis\roomitems_025_daruma
  3 0.879552 1.701310 0.410547 0.487237 -0.872633 0.033345 0.021994 0.863651 1 3 1.000000
  3 0.909257 1.742890 0.410650 0.965518 0.053941 -0.254688 0.016480 0.876811 1 3 1.000000
  3 0.899870 1.715700 0.432905 0.699962 -0.605611 0.378535 0.013129 0.867946 1 3 1.000000
..\..\..\Desktop\General\noesis\roomitems_025_daruma
  3 0.898250 1.749640 0.451323 0.702268 0.354861 0.617166 0.004965 0.876415 1 3 1.000000
  3 0.899870 1.715700 0.432905 0.699962 -0.605611 0.378535 0.013129 0.867946 1 3 1.000000
  3 0.909257 1.742890 0.410650 0.965518 0.053941 -0.254688 0.016480 0.876811 1 3 1.000000
..\..\..\Desktop\General\noesis\roomitems_025_daruma
  3 0.872134 1.764001 0.431373 -0.250228 0.855199 0.453895 0.006275 0.889392 1 3 1.000000
  3 0.898250 1.749640 0.451323 0.702268 0.354861 0.617166 0.004965 0.876415 1 3 1.000000
  3 0.882481 1.768410 0.420817 0.330965 0.934658 -0.129914 0.012459 0.888813 1 3 1.000000
..\..\..\Desktop\General\noesis\roomitems_025_daruma
  3 0.889777 1.748820 0.458487 -0.033901 0.203995 0.978385 0.001249 0.876019 1 3 1.000000
  3 0.898250 1.749640 0.451323 0.702268 0.354861 0.617166 0.004965 0.876415 1 3 1.000000
  3 0.872134 1.764001 0.431373 -0.250228 0.855199 0.453895 0.006275 0.889392 1 3 1.000000
..\..\..\Desktop\General\noesis\roomitems_025_daruma
  3 1.022640 1.881171 0.211299 0.454677 0.287341 -0.843033 0.157158 0.976790 1 3 1.000000
  3 0.997931 1.836010 0.211918 0.400253 -0.672087 -0.622974 0.146618 0.963812 1 3 1.000000
  3 0.979830 1.878631 0.197795 0.255088 0.218706 -0.941859 0.154782 0.961315 1 3 1.000000
..\..\..\Desktop\General\noesis\roomitems_025_daruma
  3 1.025840 1.854120 0.217888 0.815748 -0.470598 -0.336293 0.148019 0.977003 1 3 1.000000
  3 0.997931 1.836010 0.211918 0.400253 -0.672087 -0.622974 0.146618 0.963812 1 3 1.000000
  3 1.022640 1.881171 0.211299 0.454677 0.287341 -0.843033 0.157158 0.976790 1 3 1.000000
..\..\..\Desktop\General\noesis\roomitems_025_daruma
  3 0.914113 1.816170 0.331168 0.325519 -0.943487 0.062211 0.064094 0.933563 1 3 1.000000
  3 0.972798 1.839420 0.316659 0.500052 -0.566281 -0.655190 0.064612 0.962076 1 3 1.000000
  3 0.973292 1.832950 0.340181 0.439244 -0.894796 0.080037 0.057057 0.962320 1 3 1.000000
..\..\..\Desktop\General\noesis\roomitems_025_daruma
  3 0.966198 1.840340 0.362499 0.271789 -0.573763 0.772611 0.050964 0.962899 1 3 1.000000
  3 0.914113 1.816170 0.331168 0.325519 -0.943487 0.062211 0.064094 0.933563 1 3 1.000000
  3 0.973292 1.832950 0.340181 0.439244 -0.894796 0.080037 0.057057 0.962320 1 3 1.000000
..\..\..\Desktop\General\noesis\roomitems_025_daruma
  3 0.997426 1.833350 0.231958 0.435095 -0.858469 0.271521 0.138910 0.965518 1 3 1.000000
  3 0.929504 1.817510 0.221582 0.301696 -0.908403 0.289455 0.131691 0.937889 1 3 1.000000
  3 0.997931 1.836010 0.211918 0.400253 -0.672087 -0.622974 0.146618 0.963812 1 3 1.000000
..\..\..\Desktop\General\noesis\roomitems_025_daruma
  3 0.990400 1.843310 0.247747 0.091579 -0.334641 0.937885 0.131416 0.967681 1 3 1.000000
  3 0.929504 1.817510 0.221582 0.301696 -0.908403 0.289455 0.131691 0.937889 1 3 1.000000
  3 0.997426 1.833350 0.231958 0.435095 -0.858469 0.271521 0.138910 0.965518 1 3 1.000000
..\..\..\Desktop\General\noesis\roomitems_025_daruma
  3 0.997931 1.836010 0.211918 0.400253 -0.672087 -0.622974 0.146618 0.963812 1 3 1.000000
  3 1.025840 1.854120 0.217888 0.815748 -0.470598 -0.336293 0.148019 0.977003 1 3 1.000000
  3 0.997426 1.833350 0.231958 0.435095 -0.858469 0.271521 0.138910 0.965518 1 3 1.000000
..\..\..\Desktop\General\noesis\roomitems_025_daruma
  3 0.997426 1.833350 0.231958 0.435095 -0.858469 0.271521 0.138910 0.965518 1 3 1.000000
  3 1.025840 1.854120 0.217888 0.815748 -0.470598 -0.336293 0.148019 0.977003 1 3 1.000000
  3 1.024700 1.853351 0.232569 0.838792 -0.462942 0.286552 0.142353 0.977612 1 3 1.000000
..\..\..\Desktop\General\noesis\roomitems_025_daruma
  3 1.024700 1.853351 0.232569 0.838792 -0.462942 0.286552 0.142353 0.977612 1 3 1.000000
  3 1.019580 1.859550 0.244910 0.585306 -0.205280 0.784396 0.136991 0.979592 1 3 1.000000
  3 0.997426 1.833350 0.231958 0.435095 -0.858469 0.271521 0.138910 0.965518 1 3 1.000000
..\..\..\Desktop\General\noesis\roomitems_025_daruma
  3 0.997426 1.833350 0.231958 0.435095 -0.858469 0.271521 0.138910 0.965518 1 3 1.000000
  3 1.019580 1.859550 0.244910 0.585306 -0.205280 0.784396 0.136991 0.979592 1 3 1.000000
  3 0.990400 1.843310 0.247747 0.091579 -0.334641 0.937885 0.131416 0.967681 1 3 1.000000
..\..\..\Desktop\General\noesis\roomitems_025_daruma
  3 0.889777 1.748820 0.458487 -0.033901 0.203995 0.978385 0.001249 0.876019 1 3 1.000000
  3 0.886987 1.718950 0.441425 0.110104 -0.623842 0.773756 0.009535 0.864839 1 3 1.000000
  3 0.898250 1.749640 0.451323 0.702268 0.354861 0.617166 0.004965 0.876415 1 3 1.000000
..\..\..\Desktop\General\noesis\roomitems_025_daruma
  3 0.898250 1.749640 0.451323 0.702268 0.354861 0.617166 0.004965 0.876415 1 3 1.000000
  3 0.886987 1.718950 0.441425 0.110104 -0.623842 0.773756 0.009535 0.864839 1 3 1.000000
  3 0.899870 1.715700 0.432905 0.699962 -0.605611 0.378535 0.013129 0.867946 1 3 1.000000
..\..\..\Desktop\General\noesis\roomitems_025_daruma
  3 0.879552 1.701310 0.410547 0.487237 -0.872633 0.033345 0.021994 0.863651 1 3 1.000000
  3 0.886987 1.718950 0.441425 0.110104 -0.623842 0.773756 0.009535 0.864839 1 3 1.000000
  3 0.857405 1.706750 0.426697 -0.104059 -0.713027 0.693371 0.019527 0.854999 1 3 1.000000
..\..\..\Desktop\General\noesis\roomitems_025_daruma
  3 0.899870 1.715700 0.432905 0.699962 -0.605611 0.378535 0.013129 0.867946 1 3 1.000000
  3 0.886987 1.718950 0.441425 0.110104 -0.623842 0.773756 0.009535 0.864839 1 3 1.000000
  3 0.879552 1.701310 0.410547 0.487237 -0.872633 0.033345 0.021994 0.863651 1 3 1.000000
..\..\..\Desktop\General\noesis\roomitems_025_daruma
  3 1.019580 1.859550 0.244910 0.585306 -0.205280 0.784396 0.136991 0.979592 1 3 1.000000
  3 1.017370 1.886720 0.236907 0.171383 0.625527 0.761146 0.129223 0.983735 1 3 1.000000
  3 0.990400 1.843310 0.247747 0.091579 -0.334641 0.937885 0.131416 0.967681 1 3 1.000000
..\..\..\Desktop\General\noesis\roomitems_025_daruma
  3 0.990400 1.843310 0.247747 0.091579 -0.334641 0.937885 0.131416 0.967681 1 3 1.000000
  3 1.017370 1.886720 0.236907 0.171383 0.625527 0.761146 0.129223 0.983735 1 3 1.000000
  3 0.970236 1.887510 0.238925 -0.083863 0.548726 0.831785 0.123374 0.970179 1 3 1.000000
..\..\..\Desktop\General\noesis\roomitems_025_daruma
  3 1.019580 1.859550 0.244910 0.585306 -0.205280 0.784396 0.136991 0.979592 1 3 1.000000
  3 1.024700 1.853351 0.232569 0.838792 -0.462942 0.286552 0.142353 0.977612 1 3 1.000000
  3 1.029440 1.888811 0.225373 0.885709 0.450597 0.111724 0.145978 0.991198 1 3 1.000000
..\..\..\Desktop\General\noesis\roomitems_025_daruma
  3 1.019580 1.859550 0.244910 0.585306 -0.205280 0.784396 0.136991 0.979592 1 3 1.000000
  3 1.029440 1.888811 0.225373 0.885709 0.450597 0.111724 0.145978 0.991198 1 3 1.000000
  3 1.017370 1.886720 0.236907 0.171383 0.625527 0.761146 0.129223 0.983735 1 3 1.000000
..\..\..\Desktop\General\noesis\roomitems_025_daruma
  3 1.029440 1.888811 0.225373 0.885709 0.450597 0.111724 0.145978 0.991198 1 3 1.000000
  3 1.025840 1.854120 0.217888 0.815748 -0.470598 -0.336293 0.148019 0.977003 1 3 1.000000
  3 1.022640 1.881171 0.211299 0.454677 0.287341 -0.843033 0.157158 0.976790 1 3 1.000000
..\..\..\Desktop\General\noesis\roomitems_025_daruma
  3 1.024700 1.853351 0.232569 0.838792 -0.462942 0.286552 0.142353 0.977612 1 3 1.000000
  3 1.025840 1.854120 0.217888 0.815748 -0.470598 -0.336293 0.148019 0.977003 1 3 1.000000
  3 1.029440 1.888811 0.225373 0.885709 0.450597 0.111724 0.145978 0.991198 1 3 1.000000
..\..\..\Desktop\General\noesis\roomitems_025_daruma
  3 0.970236 1.887510 0.238925 -0.083863 0.548726 0.831785 0.250922 0.963081 1 3 1.000000
  3 0.970158 1.896030 0.215007 0.051398 0.982235 -0.180480 0.240717 0.963934 1 3 1.000000
  3 0.896509 1.883660 0.225877 -0.204586 0.656002 0.726502 0.250160 0.936244 1 3 1.000000
..\..\..\Desktop\General\noesis\roomitems_025_daruma
  3 0.972798 1.839420 0.316659 0.500052 -0.566281 -0.655190 0.064612 0.962076 1 3 1.000000
  3 0.990966 1.883130 0.321508 0.541801 0.398784 -0.739880 0.069151 0.977521 1 3 1.000000
  3 1.002900 1.855801 0.344484 0.876010 -0.464475 0.129879 0.056112 0.970606 1 3 1.000000
..\..\..\Desktop\General\noesis\roomitems_025_daruma
  3 0.972798 1.839420 0.316659 0.500052 -0.566281 -0.655190 0.064612 0.962076 1 3 1.000000
  3 1.002900 1.855801 0.344484 0.876010 -0.464475 0.129879 0.056112 0.970606 1 3 1.000000
  3 0.973292 1.832950 0.340181 0.439244 -0.894796 0.080037 0.057057 0.962320 1 3 1.000000
..\..\..\Desktop\General\noesis\roomitems_025_daruma
  3 0.966198 1.840340 0.362499 0.271789 -0.573763 0.772611 0.050964 0.962899 1 3 1.000000
  3 0.973292 1.832950 0.340181 0.439244 -0.894796 0.080037 0.057057 0.962320 1 3 1.000000
  3 1.002900 1.855801 0.344484 0.876010 -0.464475 0.129879 0.056112 0.970606 1 3 1.000000
..\..\..\Desktop\General\noesis\roomitems_025_daruma
  3 0.966198 1.840340 0.362499 0.271789 -0.573763 0.772611 0.050964 0.962899 1 3 1.000000
  3 1.002900 1.855801 0.344484 0.876010 -0.464475 0.129879 0.056112 0.970606 1 3 1.000000
  3 0.985601 1.884030 0.362818 0.335687 0.406197 0.849894 0.045115 0.974322 1 3 1.000000
..\..\..\Desktop\General\noesis\roomitems_025_daruma
  3 0.966198 1.840340 0.362499 0.271789 -0.573763 0.772611 0.050964 0.962899 1 3 1.000000
  3 0.985601 1.884030 0.362818 0.335687 0.406197 0.849894 0.045115 0.974322 1 3 1.000000
  3 0.943804 1.888991 0.362548 -0.085825 0.446053 0.890882 0.039632 0.962137 1 3 1.000000
..\..\..\Desktop\General\noesis\roomitems_025_daruma
  3 0.985601 1.884030 0.362818 0.335687 0.406197 0.849894 0.045115 0.974322 1 3 1.000000
  3 1.002900 1.855801 0.344484 0.876010 -0.464475 0.129879 0.056112 0.970606 1 3 1.000000
  3 1.005510 1.893150 0.344364 0.702968 0.706937 0.077949 0.055199 0.979044 1 3 1.000000
..\..\..\Desktop\General\noesis\roomitems_025_daruma
  3 1.002900 1.855801 0.344484 0.876010 -0.464475 0.129879 0.056112 0.970606 1 3 1.000000
  3 0.990966 1.883130 0.321508 0.541801 0.398784 -0.739880 0.069151 0.977521 1 3 1.000000
  3 1.005510 1.893150 0.344364 0.702968 0.706937 0.077949 0.055199 0.979044 1 3 1.000000
..\..\..\Desktop\General\noesis\roomitems_025_daruma
  3 1.018910 1.870440 0.274779 0.842911 -0.361988 -0.398077 0.102355 0.982303 1 3 1.000000
  3 0.997285 1.856480 0.269256 0.439870 -0.574792 -0.690021 0.103574 0.971794 1 3 1.000000
  3 1.010200 1.889020 0.270140 0.441874 0.460943 -0.769597 0.110824 0.983461 1 3 1.000000
..\..\..\Desktop\General\noesis\roomitems_025_daruma
  3 1.018910 1.870440 0.274779 0.842911 -0.361988 -0.398077 0.102355 0.982303 1 3 1.000000
  3 1.010200 1.889020 0.270140 0.441874 0.460943 -0.769597 0.110824 0.983461 1 3 1.000000
  3 1.019030 1.896740 0.289871 0.833425 0.531518 0.151301 0.095745 0.993087 1 3 1.000000
..\..\..\Desktop\General\noesis\roomitems_025_daruma
  3 1.010200 1.889020 0.270140 0.441874 0.460943 -0.769597 0.110824 0.983461 1 3 1.000000
  3 0.997285 1.856480 0.269256 0.439870 -0.574792 -0.690021 0.103574 0.971794 1 3 1.000000
  3 0.980753 1.890931 0.259764 0.285365 0.393441 -0.873940 0.113230 0.971946 1 3 1.000000
..\..\..\Desktop\General\noesis\roomitems_025_daruma
  3 0.886987 1.718950 0.441425 0.110104 -0.623842 0.773756 0.366041 0.926587 1 3 1.000000
  3 0.838518 1.730210 0.427624 -0.489736 0.026974 0.871453 0.353886 0.908218 1 3 1.000000
  3 0.857405 1.706750 0.426697 -0.104059 -0.713027 0.693371 0.366163 0.912056 1 3 1.000000
..\..\..\Desktop\General\noesis\roomitems_025_daruma
  3 0.889777 1.748820 0.458487 -0.033901 0.203995 0.978385 0.354800 0.933319 1 3 1.000000
  3 0.838518 1.730210 0.427624 -0.489736 0.026974 0.871453 0.353886 0.908218 1 3 1.000000
  3 0.886987 1.718950 0.441425 0.110104 -0.623842 0.773756 0.366041 0.926587 1 3 1.000000
..\..\..\Desktop\General\noesis\roomitems_025_daruma
  3 1.003050 1.889650 0.305808 0.168187 0.488474 0.856217 0.082097 0.982669 1 3 1.000000
  3 1.012920 1.871040 0.304478 0.630124 -0.349212 0.693538 0.088616 0.982578 1 3 1.000000
  3 1.019030 1.896740 0.289871 0.833425 0.531518 0.151301 0.095745 0.993087 1 3 1.000000
..\..\..\Desktop\General\noesis\roomitems_025_daruma
  3 1.012920 1.871040 0.304478 0.630124 -0.349212 0.693538 0.088616 0.982578 1 3 1.000000
  3 1.003050 1.889650 0.305808 0.168187 0.488474 0.856217 0.082097 0.982669 1 3 1.000000
  3 0.990216 1.856961 0.302204 0.153807 -0.561128 0.813313 0.089286 0.971184 1 3 1.000000
..\..\..\Desktop\General\noesis\roomitems_025_daruma
  3 0.990216 1.856961 0.302204 0.153807 -0.561128 0.813313 0.089286 0.971184 1 3 1.000000
  3 1.003050 1.889650 0.305808 0.168187 0.488474 0.856217 0.082097 0.982669 1 3 1.000000
  3 0.971871 1.894030 0.305142 -0.041248 0.433862 0.900034 0.080696 0.971215 1 3 1.000000
..\..\..\Desktop\General\noesis\roomitems_025_daruma
  3 0.650555 1.673650 0.140549 0.349680 0.367325 -0.861856 0.550828 0.701071 1 3 1.000000
  3 0.605275 1.703030 0.132914 0.095415 0.905505 -0.413470 0.582936 0.679473 1 3 1.000000
  3 0.628054 1.697810 0.156772 -0.096285 0.910469 -0.402214 0.582936 0.701071 1 3 1.000000
..\..\..\Desktop\General\noesis\roomitems_025_daruma
  3 0.637516 1.667170 0.108990 0.475338 0.350537 -0.806956 0.550828 0.679473 1 3 1.000000
  3 0.605275 1.703030 0.132914 0.095415 0.905505 -0.413470 0.582936 0.679473 1 3 1.000000
  3 0.650555 1.673650 0.140549 0.349680 0.367325 -0.861856 0.550828 0.701071 1 3 1.000000
..\..\..\Desktop\General\noesis\roomitems_025_daruma
  3 0.882481 1.768410 0.420817 0.330965 0.934658 -0.129914 0.012459 0.888813 1 3 1.000000
  3 0.859241 1.762880 0.396611 -0.008823 0.974748 -0.223131 0.025772 0.891494 1 3 1.000000
  3 0.872134 1.764001 0.431373 -0.250228 0.855199 0.453895 0.012002 0.896429 1 3 1.000000
..\..\..\Desktop\General\noesis\roomitems_025_daruma
  3 0.872134 1.764001 0.431373 -0.250228 0.855199 0.453895 0.012002 0.896429 1 3 1.000000
  3 0.859241 1.762880 0.396611 -0.008823 0.974748 -0.223131 0.025772 0.891494 1 3 1.000000
  3 0.841413 1.755760 0.416113 -0.435213 0.801406 0.410290 0.027447 0.900267 1 3 1.000000
..\..\..\Desktop\General\noesis\roomitems_025_daruma
  3 0.971871 1.894030 0.305142 -0.041248 0.433862 0.900034 0.278917 0.968900 1 3 1.000000
  3 1.003050 1.889650 0.305808 0.168187 0.488474 0.856217 0.277211 0.978465 1 3 1.000000
  3 0.973173 1.900810 0.281268 0.063596 0.997503 -0.030729 0.268651 0.969783 1 3 1.000000
..\..\..\Desktop\General\noesis\roomitems_025_daruma
  3 0.973173 1.900810 0.281268 0.063596 0.997503 -0.030729 0.268651 0.969783 1 3 1.000000
  3 1.003050 1.889650 0.305808 0.168187 0.488474 0.856217 0.277211 0.978465 1 3 1.000000
  3 1.019030 1.896740 0.289871 0.833425 0.531518 0.151301 0.269352 0.984862 1 3 1.000000
..\..\..\Desktop\General\noesis\roomitems_025_daruma
  3 0.980753 1.890931 0.259764 0.285365 0.393441 -0.873940 0.259056 0.968687 1 3 1.000000
  3 0.973173 1.900810 0.281268 0.063596 0.997503 -0.030729 0.268651 0.969783 1 3 1.000000
  3 1.010200 1.889020 0.270140 0.441874 0.460943 -0.769597 0.261584 0.978800 1 3 1.000000
..\..\..\Desktop\General\noesis\roomitems_025_daruma
  3 1.010200 1.889020 0.270140 0.441874 0.460943 -0.769597 0.261584 0.978800 1 3 1.000000
  3 0.973173 1.900810 0.281268 0.063596 0.997503 -0.030729 0.268651 0.969783 1 3 1.000000
  3 1.019030 1.896740 0.289871 0.833425 0.531518 0.151301 0.269352 0.984862 1 3 1.000000
..\..\..\Desktop\General\noesis\roomitems_025_daruma
  3 0.970236 1.887510 0.238925 -0.083863 0.548726 0.831785 0.250922 0.963081 1 3 1.000000
  3 1.017370 1.886720 0.236907 0.171383 0.625527 0.761146 0.246992 0.978831 1 3 1.000000
  3 0.970158 1.896030 0.215007 0.051398 0.982235 -0.180480 0.240717 0.963934 1 3 1.000000
..\..\..\Desktop\General\noesis\roomitems_025_daruma
  3 0.970158 1.896030 0.215007 0.051398 0.982235 -0.180480 0.240717 0.963934 1 3 1.000000
  3 1.017370 1.886720 0.236907 0.171383 0.625527 0.761146 0.246992 0.978831 1 3 1.000000
  3 1.029440 1.888811 0.225373 0.885709 0.450597 0.111724 0.241296 0.982882 1 3 1.000000
..\..\..\Desktop\General\noesis\roomitems_025_daruma
  3 1.022640 1.881171 0.211299 0.454677 0.287341 -0.843033 0.235813 0.977825 1 3 1.000000
  3 0.970158 1.896030 0.215007 0.051398 0.982235 -0.180480 0.240717 0.963934 1 3 1.000000
  3 1.029440 1.888811 0.225373 0.885709 0.450597 0.111724 0.241296 0.982882 1 3 1.000000
..\..\..\Desktop\General\noesis\roomitems_025_daruma
  3 0.979830 1.878631 0.197795 0.255088 0.218706 -0.941859 0.232858 0.961832 1 3 1.000000
  3 0.970158 1.896030 0.215007 0.051398 0.982235 -0.180480 0.240717 0.963934 1 3 1.000000
  3 1.022640 1.881171 0.211299 0.454677 0.287341 -0.843033 0.235813 0.977825 1 3 1.000000
..\..\..\Desktop\General\noesis\roomitems_025_daruma
  3 1.015450 1.870250 0.175929 0.239055 0.642499 0.728044 0.221282 0.970667 1 3 1.000000
  3 0.975267 1.880670 0.157293 0.038896 0.970814 -0.236660 0.215920 0.958603 1 3 1.000000
  3 0.974995 1.877420 0.174861 -0.065290 0.629642 0.774137 0.223414 0.958634 1 3 1.000000
..\..\..\Desktop\General\noesis\roomitems_025_daruma
  3 1.025900 1.872311 0.164789 0.900700 0.422183 0.102475 0.215859 0.974139 1 3 1.000000
  3 0.975267 1.880670 0.157293 0.038896 0.970814 -0.236660 0.215920 0.958603 1 3 1.000000
  3 1.015450 1.870250 0.175929 0.239055 0.642499 0.728044 0.221282 0.970667 1 3 1.000000
..\..\..\Desktop\General\noesis\roomitems_025_daruma
  3 1.020440 1.865670 0.153327 0.477505 0.287139 -0.830385 0.211381 0.969966 1 3 1.000000
  3 0.975267 1.880670 0.157293 0.038896 0.970814 -0.236660 0.215920 0.958603 1 3 1.000000
  3 1.025900 1.872311 0.164789 0.900700 0.422183 0.102475 0.215859 0.974139 1 3 1.000000
..\..\..\Desktop\General\noesis\roomitems_025_daruma
  3 0.982209 1.866421 0.140497 0.241248 0.232305 -0.942249 0.208396 0.956410 1 3 1.000000
  3 0.975267 1.880670 0.157293 0.038896 0.970814 -0.236660 0.215920 0.958603 1 3 1.000000
  3 1.020440 1.865670 0.153327 0.477505 0.287139 -0.830385 0.211381 0.969966 1 3 1.000000
..\..\..\Desktop\General\noesis\roomitems_025_daruma
  3 0.641391 1.614960 0.287883 0.641138 -0.120607 0.757889 0.774578 0.679473 1 3 1.000000
  3 0.596411 1.669510 0.292634 0.037036 0.439108 0.897671 0.722517 0.679473 1 3 1.000000
  3 0.587060 1.564980 0.288576 -0.277577 -0.650257 0.707190 0.774578 0.622264 1 3 1.000000
..\..\..\Desktop\General\noesis\roomitems_025_daruma
  3 0.587060 1.564980 0.288576 -0.277577 -0.650257 0.707190 0.774578 0.622264 1 3 1.000000
  3 0.596411 1.669510 0.292634 0.037036 0.439108 0.897671 0.722517 0.679473 1 3 1.000000
  3 0.535291 1.627770 0.294044 -0.781893 -0.277141 0.558423 0.722517 0.622264 1 3 1.000000
..\..\..\Desktop\General\noesis\roomitems_025_daruma
  3 0.625795 1.539230 0.205999 0.272381 -0.947580 0.167035 0.837300 0.622264 1 3 1.000000
  3 0.641391 1.614960 0.287883 0.641138 -0.120607 0.757889 0.774578 0.679473 1 3 1.000000
  3 0.587060 1.564980 0.288576 -0.277577 -0.650257 0.707190 0.774578 0.622264 1 3 1.000000
..\..\..\Desktop\General\noesis\roomitems_025_daruma
  3 0.675045 1.592580 0.216137 0.911456 -0.285207 0.296487 0.837300 0.679473 1 3 1.000000
  3 0.625795 1.539230 0.205999 0.272381 -0.947580 0.167035 0.837300 0.622264 1 3 1.000000
  3 0.683468 1.598980 0.152812 0.934307 -0.200069 -0.295031 0.889422 0.679473 1 3 1.000000
..\..\..\Desktop\General\noesis\roomitems_025_daruma
  3 0.675045 1.592580 0.216137 0.911456 -0.285207 0.296487 0.837300 0.679473 1 3 1.000000
  3 0.641391 1.614960 0.287883 0.641138 -0.120607 0.757889 0.774578 0.679473 1 3 1.000000
  3 0.625795 1.539230 0.205999 0.272381 -0.947580 0.167035 0.837300 0.622264 1 3 1.000000
..\..\..\Desktop\General\noesis\roomitems_025_daruma
  3 0.683468 1.598980 0.152812 0.934307 -0.200069 -0.295031 0.889422 0.679473 1 3 1.000000
  3 0.625795 1.539230 0.205999 0.272381 -0.947580 0.167035 0.837300 0.622264 1 3 1.000000
  3 0.635489 1.546580 0.133114 0.083752 -0.754869 -0.650507 0.889422 0.622264 1 3 1.000000
..\..\..\Desktop\General\noesis\roomitems_025_daruma
  3 0.683468 1.598980 0.152812 0.934307 -0.200069 -0.295031 0.889422 0.679473 1 3 1.000000
  3 0.635489 1.546580 0.133114 0.083752 -0.754869 -0.650507 0.889422 0.622264 1 3 1.000000
  3 0.637516 1.667170 0.108990 0.475338 0.350537 -0.806956 0.954978 0.679473 1 3 1.000000
..\..\..\Desktop\General\noesis\roomitems_025_daruma
  3 0.585436 1.712200 0.195077 0.032033 0.999485 0.001912 0.625828 0.679473 1 3 1.000000
  3 0.605275 1.703030 0.132914 0.095415 0.905505 -0.413470 0.582936 0.679473 1 3 1.000000
  3 0.522659 1.676900 0.181760 -0.821328 0.540691 -0.181859 0.625828 0.622264 1 3 1.000000
..\..\..\Desktop\General\noesis\roomitems_025_daruma
  3 0.585436 1.712200 0.195077 0.032033 0.999485 0.001912 0.625828 0.679473 1 3 1.000000
  3 0.522659 1.676900 0.181760 -0.821328 0.540691 -0.181859 0.625828 0.622264 1 3 1.000000
  3 0.578428 1.704590 0.252742 -0.094599 0.920326 0.379541 0.675147 0.679473 1 3 1.000000
..\..\..\Desktop\General\noesis\roomitems_025_daruma
  3 0.522659 1.676900 0.181760 -0.821328 0.540691 -0.181859 0.625828 0.622264 1 3 1.000000
  3 0.605275 1.703030 0.132914 0.095415 0.905505 -0.413470 0.582936 0.679473 1 3 1.000000
  3 0.545491 1.666340 0.110213 -0.648765 0.238723 -0.722576 0.582936 0.622264 1 3 1.000000
..\..\..\Desktop\General\noesis\roomitems_025_daruma
  3 0.605275 1.703030 0.132914 0.095415 0.905505 -0.413470 0.582936 0.679473 1 3 1.000000
  3 0.637516 1.667170 0.108990 0.475338 0.350537 -0.806956 0.550828 0.679473 1 3 1.000000
  3 0.545491 1.666340 0.110213 -0.648765 0.238723 -0.722576 0.582936 0.622264 1 3 1.000000
..\..\..\Desktop\General\noesis\roomitems_025_daruma
  3 0.578428 1.704590 0.252742 -0.094599 0.920326 0.379541 0.675147 0.679473 1 3 1.000000
  3 0.514591 1.668140 0.248131 -0.897738 0.268909 0.348934 0.675147 0.622264 1 3 1.000000
  3 0.596411 1.669510 0.292634 0.037036 0.439108 0.897671 0.722517 0.679473 1 3 1.000000
..\..\..\Desktop\General\noesis\roomitems_025_daruma
  3 0.596411 1.669510 0.292634 0.037036 0.439108 0.897671 0.722517 0.679473 1 3 1.000000
  3 0.514591 1.668140 0.248131 -0.897738 0.268909 0.348934 0.675147 0.622264 1 3 1.000000
  3 0.535291 1.627770 0.294044 -0.781893 -0.277141 0.558423 0.722517 0.622264 1 3 1.000000
..\..\..\Desktop\General\noesis\roomitems_025_daruma
  3 0.578428 1.704590 0.252742 -0.094599 0.920326 0.379541 0.675147 0.679473 1 3 1.000000
  3 0.522659 1.676900 0.181760 -0.821328 0.540691 -0.181859 0.625828 0.622264 1 3 1.000000
  3 0.514591 1.668140 0.248131 -0.897738 0.268909 0.348934 0.675147 0.622264 1 3 1.000000
..\..\..\Desktop\General\noesis\roomitems_025_daruma
  3 0.637516 1.667170 0.108990 0.475338 0.350537 -0.806956 0.954978 0.679473 1 3 1.000000
  3 0.635489 1.546580 0.133114 0.083752 -0.754869 -0.650507 0.889422 0.622264 1 3 1.000000
  3 0.582601 1.625070 0.082676 -0.434760 -0.355856 -0.827255 0.954978 0.622264 1 3 1.000000
..\..\..\Desktop\General\noesis\roomitems_025_daruma
  3 0.545491 1.666340 0.110213 -0.648765 0.238723 -0.722576 0.582936 0.622264 1 3 1.000000
  3 0.637516 1.667170 0.108990 0.475338 0.350537 -0.806956 0.550828 0.679473 1 3 1.000000
  3 0.582601 1.625070 0.082676 -0.434760 -0.355856 -0.827255 0.550828 0.622264 1 3 1.000000
..\..\..\Desktop\General\noesis\roomitems_025_daruma
  3 0.587060 1.564980 0.288576 -0.277577 -0.650257 0.707190 0.041582 0.760199 1 3 1.000000
  3 0.535291 1.627770 0.294044 -0.781893 -0.277141 0.558423 0.033600 0.709631 1 3 1.000000
  3 0.571586 1.611250 0.192591 -0.774735 -0.609973 -0.166490 0.099979 0.726172 1 3 1.000000
..\..\..\Desktop\General\noesis\roomitems_025_daruma
  3 0.625795 1.539230 0.205999 0.272381 -0.947580 0.167035 0.096415 0.783260 1 3 1.000000
  3 0.587060 1.564980 0.288576 -0.277577 -0.650257 0.707190 0.041582 0.760199 1 3 1.000000
  3 0.571586 1.611250 0.192591 -0.774735 -0.609973 -0.166490 0.099979 0.726172 1 3 1.000000
..\..\..\Desktop\General\noesis\roomitems_025_daruma
  3 0.635489 1.546580 0.133114 0.083752 -0.754869 -0.650507 0.142627 0.779360 1 3 1.000000
  3 0.625795 1.539230 0.205999 0.272381 -0.947580 0.167035 0.096415 0.783260 1 3 1.000000
  3 0.571586 1.611250 0.192591 -0.774735 -0.609973 -0.166490 0.099979 0.726172 1 3 1.000000
..\..\..\Desktop\General\noesis\roomitems_025_daruma
  3 0.522659 1.676900 0.181760 -0.821328 0.540691 -0.181859 0.102416 0.674385 1 3 1.000000
  3 0.545491 1.666340 0.110213 -0.648765 0.238723 -0.722576 0.148963 0.684438 1 3 1.000000
  3 0.571586 1.611250 0.192591 -0.774735 -0.609973 -0.166490 0.099979 0.726172 1 3 1.000000
..\..\..\Desktop\General\noesis\roomitems_025_daruma
  3 0.514591 1.668140 0.248131 -0.897738 0.268909 0.348934 0.060377 0.679229 1 3 1.000000
  3 0.522659 1.676900 0.181760 -0.821328 0.540691 -0.181859 0.102416 0.674385 1 3 1.000000
  3 0.571586 1.611250 0.192591 -0.774735 -0.609973 -0.166490 0.099979 0.726172 1 3 1.000000
..\..\..\Desktop\General\noesis\roomitems_025_daruma
  3 0.535291 1.627770 0.294044 -0.781893 -0.277141 0.558423 0.033600 0.709631 1 3 1.000000
  3 0.514591 1.668140 0.248131 -0.897738 0.268909 0.348934 0.060377 0.679229 1 3 1.000000
  3 0.571586 1.611250 0.192591 -0.774735 -0.609973 -0.166490 0.099979 0.726172 1 3 1.000000
..\..\..\Desktop\General\noesis\roomitems_025_daruma
  3 0.545491 1.666340 0.110213 -0.648765 0.238723 -0.722576 0.148963 0.684438 1 3 1.000000
  3 0.582601 1.625070 0.082676 -0.434760 -0.355856 -0.827255 0.169343 0.717582 1 3 1.000000
  3 0.571586 1.611250 0.192591 -0.774735 -0.609973 -0.166490 0.099979 0.726172 1 3 1.000000
..\..\..\Desktop\General\noesis\roomitems_025_daruma
  3 0.582601 1.625070 0.082676 -0.434760 -0.355856 -0.827255 0.169343 0.717582 1 3 1.000000
  3 0.635489 1.546580 0.133114 0.083752 -0.754869 -0.650507 0.142627 0.779360 1 3 1.000000
  3 0.571586 1.611250 0.192591 -0.774735 -0.609973 -0.166490 0.099979 0.726172 1 3 1.000000
..\..\..\Desktop\General\noesis\roomitems_025_daruma
  3 0.658246 1.428500 -0.146391 -0.145989 -0.887477 -0.437119 0.316904 0.697903 1 3 1.000000
  3 0.667737 1.429000 -0.102066 -0.073730 -0.947754 0.310366 0.343346 0.697903 1 3 1.000000
  3 0.616138 1.453680 -0.147263 -0.765246 -0.545803 -0.341319 0.316904 0.727360 1 3 1.000000
..\..\..\Desktop\General\noesis\roomitems_025_daruma
  3 0.616138 1.453680 -0.147263 -0.765246 -0.545803 -0.341319 0.316904 0.727360 1 3 1.000000
  3 0.667737 1.429000 -0.102066 -0.073730 -0.947754 0.310366 0.343346 0.697903 1 3 1.000000
  3 0.629561 1.454390 -0.084578 -0.555873 -0.534711 0.636466 0.343346 0.727360 1 3 1.000000
..\..\..\Desktop\General\noesis\roomitems_025_daruma
  3 0.667737 1.429000 -0.102066 -0.073730 -0.947754 0.310366 0.189600 0.697903 1 3 1.000000
  3 0.702428 1.453750 -0.086593 0.474644 -0.574136 0.667144 0.214885 0.697903 1 3 1.000000
  3 0.629561 1.454390 -0.084578 -0.555873 -0.534711 0.636466 0.189600 0.727360 1 3 1.000000
..\..\..\Desktop\General\noesis\roomitems_025_daruma
  3 0.629561 1.454390 -0.084578 -0.555873 -0.534711 0.636466 0.189600 0.727360 1 3 1.000000
  3 0.702428 1.453750 -0.086593 0.474644 -0.574136 0.667144 0.214885 0.697903 1 3 1.000000
  3 0.678620 1.489380 -0.062695 0.209369 0.011079 0.977774 0.214885 0.727360 1 3 1.000000
..\..\..\Desktop\General\noesis\roomitems_025_daruma
  3 0.702428 1.453750 -0.086593 0.474644 -0.574136 0.667144 0.214885 0.697903 1 3 1.000000
  3 0.727627 1.477990 -0.115445 0.950736 -0.140285 0.276443 0.241296 0.697903 1 3 1.000000
  3 0.678620 1.489380 -0.062695 0.209369 0.011079 0.977774 0.214885 0.727360 1 3 1.000000
..\..\..\Desktop\General\noesis\roomitems_025_daruma
  3 0.678620 1.489380 -0.062695 0.209369 0.011079 0.977774 0.214885 0.727360 1 3 1.000000
  3 0.727627 1.477990 -0.115445 0.950736 -0.140285 0.276443 0.241296 0.697903 1 3 1.000000
  3 0.714257 1.523660 -0.103498 0.765234 0.545820 0.341319 0.241296 0.727360 1 3 1.000000
..\..\..\Desktop\General\noesis\roomitems_025_daruma
  3 0.727627 1.477990 -0.115445 0.950736 -0.140285 0.276443 0.241296 0.697903 1 3 1.000000
  3 0.718135 1.477490 -0.159770 0.878493 -0.079998 -0.471011 0.266915 0.697903 1 3 1.000000
  3 0.714257 1.523660 -0.103498 0.765234 0.545820 0.341319 0.241296 0.727360 1 3 1.000000
..\..\..\Desktop\General\noesis\roomitems_025_daruma
  3 0.714257 1.523660 -0.103498 0.765234 0.545820 0.341319 0.241296 0.727360 1 3 1.000000
  3 0.718135 1.477490 -0.159770 0.878493 -0.079998 -0.471011 0.266915 0.697903 1 3 1.000000
  3 0.700835 1.522950 -0.166184 0.555901 0.534715 -0.636439 0.266915 0.727360 1 3 1.000000
..\..\..\Desktop\General\noesis\roomitems_025_daruma
  3 0.718135 1.477490 -0.159770 0.878493 -0.079998 -0.471011 0.266915 0.697903 1 3 1.000000
  3 0.683445 1.452740 -0.175244 0.330151 -0.453619 -0.827786 0.292016 0.697903 1 3 1.000000
  3 0.700835 1.522950 -0.166184 0.555901 0.534715 -0.636439 0.266915 0.727360 1 3 1.000000
..\..\..\Desktop\General\noesis\roomitems_025_daruma
  3 0.651775 1.487960 -0.188066 -0.209389 -0.011090 -0.977770 0.292016 0.727360 1 3 1.000000
  3 0.658246 1.428500 -0.146391 -0.145989 -0.887477 -0.437119 0.316904 0.697903 1 3 1.000000
  3 0.616138 1.453680 -0.147263 -0.765246 -0.545803 -0.341319 0.316904 0.727360 1 3 1.000000
..\..\..\Desktop\General\noesis\roomitems_025_daruma
  3 0.683445 1.452740 -0.175244 0.330151 -0.453619 -0.827786 0.292016 0.697903 1 3 1.000000
  3 0.658246 1.428500 -0.146391 -0.145989 -0.887477 -0.437119 0.316904 0.697903 1 3 1.000000
  3 0.651775 1.487960 -0.188066 -0.209389 -0.011090 -0.977770 0.292016 0.727360 1 3 1.000000
..\..\..\Desktop\General\noesis\roomitems_025_daruma
  3 0.700835 1.522950 -0.166184 0.555901 0.534715 -0.636439 0.266915 0.727360 1 3 1.000000
  3 0.683445 1.452740 -0.175244 0.330151 -0.453619 -0.827786 0.292016 0.697903 1 3 1.000000
  3 0.651775 1.487960 -0.188066 -0.209389 -0.011090 -0.977770 0.292016 0.727360 1 3 1.000000
..\..\..\Desktop\General\noesis\roomitems_025_daruma
  3 0.616138 1.453680 -0.147263 -0.765246 -0.545803 -0.341319 0.316904 0.727360 1 3 1.000000
  3 0.629561 1.454390 -0.084578 -0.555873 -0.534711 0.636466 0.343346 0.727360 1 3 1.000000
  3 0.602769 1.499350 -0.135316 -0.994688 0.073885 -0.071674 0.316904 0.757244 1 3 1.000000
..\..\..\Desktop\General\noesis\roomitems_025_daruma
  3 0.602769 1.499350 -0.135316 -0.994688 0.073885 -0.071674 0.316904 0.757244 1 3 1.000000
  3 0.629561 1.454390 -0.084578 -0.555873 -0.534711 0.636466 0.343346 0.727360 1 3 1.000000
  3 0.612260 1.499860 -0.090991 -0.754856 0.150706 0.638342 0.343346 0.757244 1 3 1.000000
..\..\..\Desktop\General\noesis\roomitems_025_daruma
  3 0.629561 1.454390 -0.084578 -0.555873 -0.534711 0.636466 0.189600 0.727360 1 3 1.000000
  3 0.678620 1.489380 -0.062695 0.209369 0.011079 0.977774 0.214885 0.727360 1 3 1.000000
  3 0.612260 1.499860 -0.090991 -0.754856 0.150706 0.638342 0.189600 0.757244 1 3 1.000000
..\..\..\Desktop\General\noesis\roomitems_025_daruma
  3 0.612260 1.499860 -0.090991 -0.754856 0.150706 0.638342 0.189600 0.757244 1 3 1.000000
  3 0.678620 1.489380 -0.062695 0.209369 0.011079 0.977774 0.214885 0.727360 1 3 1.000000
  3 0.646950 1.524600 -0.075517 -0.162531 0.590716 0.790340 0.214885 0.757244 1 3 1.000000
..\..\..\Desktop\General\noesis\roomitems_025_daruma
  3 0.678620 1.489380 -0.062695 0.209369 0.011079 0.977774 0.214885 0.727360 1 3 1.000000
  3 0.714257 1.523660 -0.103498 0.765234 0.545820 0.341319 0.241296 0.727360 1 3 1.000000
  3 0.646950 1.524600 -0.075517 -0.162531 0.590716 0.790340 0.214885 0.757244 1 3 1.000000
..\..\..\Desktop\General\noesis\roomitems_025_daruma
  3 0.646950 1.524600 -0.075517 -0.162531 0.590716 0.790340 0.214885 0.757244 1 3 1.000000
  3 0.714257 1.523660 -0.103498 0.765234 0.545820 0.341319 0.241296 0.727360 1 3 1.000000
  3 0.672149 1.548840 -0.104370 0.189954 0.953903 0.232349 0.241296 0.757244 1 3 1.000000
..\..\..\Desktop\General\noesis\roomitems_025_daruma
  3 0.714257 1.523660 -0.103498 0.765234 0.545820 0.341319 0.241296 0.727360 1 3 1.000000
  3 0.700835 1.522950 -0.166184 0.555901 0.534715 -0.636439 0.266915 0.727360 1 3 1.000000
  3 0.672149 1.548840 -0.104370 0.189954 0.953903 0.232349 0.241296 0.757244 1 3 1.000000
..\..\..\Desktop\General\noesis\roomitems_025_daruma
  3 0.672149 1.548840 -0.104370 0.189954 0.953903 0.232349 0.241296 0.757244 1 3 1.000000
  3 0.700835 1.522950 -0.166184 0.555901 0.534715 -0.636439 0.266915 0.727360 1 3 1.000000
  3 0.662658 1.548340 -0.148695 -0.049932 0.877110 -0.477688 0.266915 0.757244 1 3 1.000000
..\..\..\Desktop\General\noesis\roomitems_025_daruma
  3 0.700835 1.522950 -0.166184 0.555901 0.534715 -0.636439 0.266915 0.727360 1 3 1.000000
  3 0.651775 1.487960 -0.188066 -0.209389 -0.011090 -0.977770 0.292016 0.727360 1 3 1.000000
  3 0.662658 1.548340 -0.148695 -0.049932 0.877110 -0.477688 0.266915 0.757244 1 3 1.000000
..\..\..\Desktop\General\noesis\roomitems_025_daruma
  3 0.662658 1.548340 -0.148695 -0.049932 0.877110 -0.477688 0.266915 0.757244 1 3 1.000000
  3 0.651775 1.487960 -0.188066 -0.209389 -0.011090 -0.977770 0.292016 0.727360 1 3 1.000000
  3 0.627967 1.523590 -0.164168 -0.642245 0.437067 -0.629677 0.292016 0.757244 1 3 1.000000
..\..\..\Desktop\General\noesis\roomitems_025_daruma
  3 0.627967 1.523590 -0.164168 -0.642245 0.437067 -0.629677 0.292016 0.757244 1 3 1.000000
  3 0.616138 1.453680 -0.147263 -0.765246 -0.545803 -0.341319 0.316904 0.727360 1 3 1.000000
  3 0.602769 1.499350 -0.135316 -0.994688 0.073885 -0.071674 0.316904 0.757244 1 3 1.000000
..\..\..\Desktop\General\noesis\roomitems_025_daruma
  3 0.651775 1.487960 -0.188066 -0.209389 -0.011090 -0.977770 0.292016 0.727360 1 3 1.000000
  3 0.616138 1.453680 -0.147263 -0.765246 -0.545803 -0.341319 0.316904 0.727360 1 3 1.000000
  3 0.627967 1.523590 -0.164168 -0.642245 0.437067 -0.629677 0.292016 0.757244 1 3 1.000000
..\..\..\Desktop\General\noesis\roomitems_025_daruma
  3 0.727627 1.477990 -0.115445 0.950736 -0.140285 0.276443 0.241296 0.697903 1 3 1.000000
  3 0.702428 1.453750 -0.086593 0.474644 -0.574136 0.667144 0.214885 0.697903 1 3 1.000000
  3 0.704426 1.438570 -0.133212 0.611917 -0.781432 -0.122159 0.266915 0.675086 1 3 1.000000
..\..\..\Desktop\General\noesis\roomitems_025_daruma
  3 0.683445 1.452740 -0.175244 0.330151 -0.453619 -0.827786 0.292016 0.697903 1 3 1.000000
  3 0.718135 1.477490 -0.159770 0.878493 -0.079998 -0.471011 0.266915 0.697903 1 3 1.000000
  3 0.704426 1.438570 -0.133212 0.611917 -0.781432 -0.122159 0.266915 0.675086 1 3 1.000000
..\..\..\Desktop\General\noesis\roomitems_025_daruma
  3 0.658246 1.428500 -0.146391 -0.145989 -0.887477 -0.437119 0.316904 0.697903 1 3 1.000000
  3 0.683445 1.452740 -0.175244 0.330151 -0.453619 -0.827786 0.292016 0.697903 1 3 1.000000
  3 0.704426 1.438570 -0.133212 0.611917 -0.781432 -0.122159 0.266915 0.675086 1 3 1.000000
..\..\..\Desktop\General\noesis\roomitems_025_daruma
  3 0.667737 1.429000 -0.102066 -0.073730 -0.947754 0.310366 0.343346 0.697903 1 3 1.000000
  3 0.658246 1.428500 -0.146391 -0.145989 -0.887477 -0.437119 0.316904 0.697903 1 3 1.000000
  3 0.704426 1.438570 -0.133212 0.611917 -0.781432 -0.122159 0.266915 0.675086 1 3 1.000000
..\..\..\Desktop\General\noesis\roomitems_025_daruma
  3 0.702428 1.453750 -0.086593 0.474644 -0.574136 0.667144 0.214885 0.697903 1 3 1.000000
  3 0.667737 1.429000 -0.102066 -0.073730 -0.947754 0.310366 0.189600 0.697903 1 3 1.000000
  3 0.704426 1.438570 -0.133212 0.611917 -0.781432 -0.122159 0.266915 0.675086 1 3 1.000000
..\..\..\Desktop\General\noesis\roomitems_025_daruma
  3 0.718135 1.477490 -0.159770 0.878493 -0.079998 -0.471011 0.266915 0.697903 1 3 1.000000
  3 0.727627 1.477990 -0.115445 0.950736 -0.140285 0.276443 0.241296 0.697903 1 3 1.000000
  3 0.704426 1.438570 -0.133212 0.611917 -0.781432 -0.122159 0.266915 0.675086 1 3 1.000000
..\..\..\Desktop\General\noesis\roomitems_025_daruma
  3 0.627967 1.523590 -0.164168 -0.642245 0.437067 -0.629677 0.292016 0.757244 1 3 1.000000
  3 0.602769 1.499350 -0.135316 -0.994688 0.073885 -0.071674 0.316904 0.757244 1 3 1.000000
  3 0.625970 1.538770 -0.117549 -0.611894 0.781453 0.122135 0.266915 0.782407 1 3 1.000000
..\..\..\Desktop\General\noesis\roomitems_025_daruma
  3 0.612260 1.499860 -0.090991 -0.754856 0.150706 0.638342 0.189600 0.757244 1 3 1.000000
  3 0.646950 1.524600 -0.075517 -0.162531 0.590716 0.790340 0.214885 0.757244 1 3 1.000000
  3 0.625970 1.538770 -0.117549 -0.611894 0.781453 0.122135 0.266915 0.782407 1 3 1.000000
..\..\..\Desktop\General\noesis\roomitems_025_daruma
  3 0.602769 1.499350 -0.135316 -0.994688 0.073885 -0.071674 0.316904 0.757244 1 3 1.000000
  3 0.612260 1.499860 -0.090991 -0.754856 0.150706 0.638342 0.343346 0.757244 1 3 1.000000
  3 0.625970 1.538770 -0.117549 -0.611894 0.781453 0.122135 0.266915 0.782407 1 3 1.000000
..\..\..\Desktop\General\noesis\roomitems_025_daruma
  3 0.672149 1.548840 -0.104370 0.189954 0.953903 0.232349 0.241296 0.757244 1 3 1.000000
  3 0.662658 1.548340 -0.148695 -0.049932 0.877110 -0.477688 0.266915 0.757244 1 3 1.000000
  3 0.625970 1.538770 -0.117549 -0.611894 0.781453 0.122135 0.266915 0.782407 1 3 1.000000
..\..\..\Desktop\General\noesis\roomitems_025_daruma
  3 0.646950 1.524600 -0.075517 -0.162531 0.590716 0.790340 0.214885 0.757244 1 3 1.000000
  3 0.672149 1.548840 -0.104370 0.189954 0.953903 0.232349 0.241296 0.757244 1 3 1.000000
  3 0.625970 1.538770 -0.117549 -0.611894 0.781453 0.122135 0.266915 0.782407 1 3 1.000000
..\..\..\Desktop\General\noesis\roomitems_025_daruma
  3 0.662658 1.548340 -0.148695 -0.049932 0.877110 -0.477688 0.266915 0.757244 1 3 1.000000
  3 0.627967 1.523590 -0.164168 -0.642245 0.437067 -0.629677 0.292016 0.757244 1 3 1.000000
  3 0.625970 1.538770 -0.117549 -0.611894 0.781453 0.122135 0.266915 0.782407 1 3 1.000000
end
