# Blender v2.79 (sub 0) OBJ File: 'aHatsuneMikuDivaBlank.blend'
# www.blender.org
mtllib ROOMITEMS025_ALL.mtl
o _3_0
v -0.744799 2.112650 -0.054818
v -0.699498 2.120390 -0.047331
v -0.475261 1.401970 -0.055127
v -0.416632 1.424900 -0.044784
v -0.454486 1.410700 0.004559
v -0.731664 2.135010 -0.008832
v -0.744799 2.112650 -0.054818
v -0.475261 1.401970 -0.055127
v -0.686867 1.910250 0.004474
v -0.693606 1.893910 0.015922
v -0.650356 1.924570 0.007869
v -0.627616 1.917600 0.028948
v -0.557433 1.919680 -0.074497
v -0.558610 1.919240 -0.007381
v -0.630308 1.889880 -0.090575
v -0.608059 1.899310 0.028221
v -0.588828 1.933870 -0.003983
v -0.607010 1.941160 -0.007852
v -0.642536 1.909030 -0.077817
v -0.705029 1.892040 -0.072511
v -0.654354 1.919080 -0.067748
v -0.695414 1.903770 -0.047665
v -0.597795 1.947040 -0.025599
v -0.582170 1.935800 -0.069183
v -0.610123 1.936400 -0.065156
v -0.702096 1.865750 0.021925
v -0.712486 1.887720 -0.021640
v -0.720863 1.857760 -0.012735
v -0.694577 1.905870 -0.009974
v -0.709661 1.860200 -0.090809
v -0.705029 1.892040 -0.072511
v -0.630308 1.889880 -0.090575
v -0.709661 1.860200 -0.090809
v -0.695414 1.903770 -0.047665
v -0.598294 1.985840 -0.028216
v -0.587300 1.989250 -0.020846
v -0.621460 1.973760 -0.088986
v -0.621015 1.973390 -0.105290
v -0.712830 1.937240 -0.068743
v -0.725012 1.931990 -0.076728
v -0.720442 1.936260 -0.018412
v -0.736233 1.929590 -0.007020
v -0.668350 1.954050 -0.109649
v -0.665369 1.955750 -0.090311
v -0.616389 1.979830 0.003181
v -0.659194 1.962710 0.011915
v -0.613877 1.980350 0.024967
v -0.673615 1.957140 0.028633
v -0.710330 1.941700 0.022935
v -0.695434 1.947760 0.009585
v -0.587300 1.989250 -0.020846
v -0.598294 1.985840 -0.028216
v -0.723563 1.913760 -0.074226
v -0.736388 1.911030 -0.003434
v -0.663006 1.937420 -0.112117
v -0.600026 1.962830 -0.107100
v -0.660567 1.944120 0.042611
v -0.591810 1.970840 0.026176
v -0.705384 1.925400 0.036052
v -0.575012 1.979250 -0.028627
v -0.575012 1.979250 -0.028627
v -0.596079 1.945860 -0.085875
v -0.576903 1.960340 -0.021867
v -0.610123 1.936400 -0.065156
v -0.597795 1.947040 -0.025599
v -0.695414 1.903770 -0.047665
v -0.694577 1.905870 -0.009974
v -0.710105 1.902260 -0.061325
v -0.722742 1.900140 0.000304
v -0.655382 1.922550 -0.091946
v -0.654354 1.919080 -0.067748
v -0.607010 1.941160 -0.007852
v -0.592209 1.952350 0.017307
v -0.650356 1.924570 0.007869
v -0.652458 1.929280 0.038680
v -0.686867 1.910250 0.004474
v -0.689482 1.914430 0.031274
v -0.576903 1.960340 -0.021867
v -0.597795 1.947040 -0.025599
v -0.736388 1.911030 -0.003434
v -0.723563 1.913760 -0.074226
v -0.600026 1.962830 -0.107100
v -0.663006 1.937420 -0.112117
v -0.660567 1.944120 0.042611
v -0.591810 1.970840 0.026176
v -0.705384 1.925400 0.036052
v -0.575012 1.979250 -0.028627
v -0.575012 1.979250 -0.028627
v -0.751375 1.966680 -0.072353
v -0.720442 1.936260 -0.018412
v -0.757892 1.986100 -0.022883
v -0.656212 2.212590 -0.122821
v -0.683370 2.282940 -0.136459
v -0.653769 2.222610 -0.094012
v -0.683071 2.295400 -0.118425
v -0.736674 2.006670 0.008721
v -0.775408 2.059630 0.005265
v -0.704886 2.084750 0.007895
v -0.681793 2.025830 0.013936
v -0.647224 2.163000 -0.034560
v -0.629839 2.175730 -0.049626
v -0.674874 2.229200 -0.054264
v -0.651327 2.232620 -0.065204
v -0.698067 2.058930 -0.105755
v -0.750615 2.046960 -0.103303
v -0.734818 2.145700 -0.101019
v -0.787580 2.124070 -0.099257
v -0.615025 2.110260 -0.032239
v -0.618212 2.093130 -0.108068
v -0.608584 2.043270 -0.040540
v -0.616235 2.030980 -0.100425
v -0.665369 1.955750 -0.090311
v -0.698453 2.219750 -0.054864
v -0.659194 1.962710 0.011915
v -0.616389 1.979830 0.003181
v -0.630956 2.039910 -0.002977
v -0.751536 2.264020 -0.067303
v -0.729046 2.223900 -0.040581
v -0.726604 2.263540 -0.080254
v -0.616235 2.030980 -0.100425
v -0.618212 2.093130 -0.108068
v -0.695434 1.947760 0.009585
v -0.808306 2.105420 -0.011606
v -0.849476 2.174220 -0.036859
v -0.834402 2.091900 -0.026281
v -0.869867 2.162340 -0.048486
v -0.638515 2.106540 -0.010674
v -0.706213 2.277450 -0.137485
v -0.706951 2.297560 -0.118567
v -0.683370 2.282940 -0.136459
v -0.699436 2.151200 -0.015762
v -0.740119 2.258210 -0.136222
v -0.754360 2.131270 -0.008273
v -0.792306 2.205100 -0.033521
v -0.802816 2.042370 -0.019650
v -0.647470 2.179640 -0.121982
v -0.835530 2.091440 -0.093397
v -0.870126 2.164910 -0.117338
v -0.878615 2.177480 -0.067184
v -0.712830 1.937240 -0.068743
v -0.852636 2.184210 -0.125520
v -0.811207 2.232370 -0.123703
v -0.700967 2.281290 -0.076552
v -0.673985 2.282930 -0.089994
v -0.647470 2.179640 -0.121982
v -0.656212 2.212590 -0.122821
v -0.598294 1.985840 -0.028216
v -0.863090 2.205510 -0.105751
v -0.859668 2.202110 -0.059011
v -0.824056 2.242560 -0.100619
v -0.793890 2.253720 -0.082372
v -0.782504 2.033380 -0.095191
v -0.770763 2.247590 -0.130432
v -0.759670 2.274310 -0.114821
v -0.824056 2.242560 -0.100619
v -0.796136 2.262740 -0.108898
v -0.739497 2.272440 -0.114212
v -0.759670 2.274310 -0.114821
v -0.796136 2.262740 -0.108898
v -0.739497 2.272440 -0.114212
v -0.706951 2.297560 -0.118567
v -0.621460 1.973760 -0.088986
v -0.621460 1.973760 -0.088986
v 0.069228 1.580000 0.498755
v 0.066234 1.764950 0.378364
v 0.110613 1.548280 0.437039
v 0.102895 1.736860 0.323694
v 0.125826 1.610780 0.547506
v 0.116371 1.792220 0.421548
v 0.203167 1.791390 0.410062
v 0.223808 1.609850 0.534540
v 0.265193 1.578130 0.472824
v 0.239826 1.763300 0.355394
v 0.208594 1.547350 0.424073
v 0.189690 1.736030 0.312208
v 0.070798 1.838330 0.302038
v 0.110915 1.875820 0.324989
v 0.183089 1.875130 0.315439
v 0.215146 1.836950 0.282937
v 0.175029 1.799460 0.259984
v 0.131667 1.869500 0.180457
v 0.100105 1.510870 0.533611
v 0.130276 1.487560 0.488278
v 0.141459 1.533500 0.569485
v 0.212985 1.532820 0.560019
v 0.243157 1.509510 0.514682
v 0.201802 1.486880 0.478814
v 0.171119 1.468120 0.523314
v 0.201802 1.486880 0.478814
v 0.193896 1.385370 0.534559
v 0.148563 1.385370 0.534559
v 0.203285 1.421160 0.502331
v 0.139174 1.421160 0.502331
v 0.148563 1.385370 0.534559
v 0.125896 1.400250 0.570890
v 0.139174 1.421160 0.502331
v 0.107119 1.442200 0.553710
v 0.148563 1.415120 0.607222
v 0.139174 1.463240 0.605091
v 0.193896 1.415120 0.607222
v 0.203285 1.463240 0.605091
v 0.216562 1.400250 0.570890
v 0.235340 1.442200 0.553710
v 0.193896 1.469270 0.500200
v 0.148563 1.469270 0.500200
v 0.148563 1.469270 0.500200
v 0.125896 1.484150 0.536530
v 0.148563 1.499030 0.572862
v 0.193896 1.499030 0.572862
v 0.216562 1.484150 0.536530
v 0.171229 1.382870 0.578006
v 0.171229 1.501530 0.529415
v 0.561455 1.605370 -0.010285
v 0.428508 1.779060 -0.000182
v 0.504655 1.562420 -0.048442
v 0.371805 1.750970 -0.033612
v 0.468714 1.806330 -0.052735
v 0.600052 1.644930 -0.069218
v 0.452218 1.805500 -0.138721
v 0.581851 1.641530 -0.166309
v 0.525050 1.598570 -0.204466
v 0.395518 1.777410 -0.172151
v 0.486453 1.559020 -0.145533
v 0.355309 1.750140 -0.119596
v 0.352045 1.852440 -0.000315
v 0.372633 1.889930 -0.041694
v 0.358917 1.889240 -0.113194
v 0.324612 1.851060 -0.143313
v 0.227141 1.883610 -0.054037
v 0.486453 1.559020 -0.145533
v 0.577423 1.502190 -0.145170
v 0.590062 1.506390 -0.074257
v 0.624956 1.545070 -0.046060
v 0.647217 1.579550 -0.088776
v 0.634577 1.575350 -0.159689
v 0.599677 1.536670 -0.187886
v 0.577423 1.502190 -0.145170
v 0.627405 1.501590 -0.117337
v 0.386263 2.533360 0.135728
v 0.371839 2.522200 0.126711
v 0.266265 2.555590 0.206948
v 0.256716 2.542120 0.195848
v 0.377883 2.507330 0.139484
v 0.257524 2.528840 0.210689
v 0.267695 2.542090 0.221680
v 0.392307 2.518490 0.148502
v 0.386263 2.533360 0.135728
v 0.266265 2.555590 0.206948
v 0.129469 2.544700 0.236792
v 0.124787 2.528930 0.223617
v -0.012014 2.496870 0.211445
v -0.009963 2.479430 0.201906
v 0.120351 2.517240 0.240534
v -0.017321 2.468500 0.217127
v 0.126277 2.532570 0.253490
v -0.019243 2.485950 0.227059
v 0.129469 2.544700 0.236792
v -0.012014 2.496870 0.211445
v -0.162880 2.391910 0.146430
v -0.169293 2.383280 0.163046
v -0.180457 2.405390 0.146294
v -0.180457 2.405390 0.146294
v -0.182929 2.401320 0.166864
v -0.028701 2.836580 -0.146452
v 0.040141 2.789770 -0.321764
v -0.251388 2.397490 -0.085063
v -0.162250 2.336880 -0.312057
v 0.209906 2.724670 -0.389633
v 0.057560 2.252580 -0.399934
v 0.381146 2.679420 -0.310305
v 0.279283 2.193980 -0.297220
v 0.453552 2.680510 -0.130247
v 0.373033 2.195400 -0.064080
v 0.384708 2.727320 0.045064
v 0.283895 2.256010 0.162911
v 0.214944 2.792420 0.112934
v 0.064083 2.340310 0.250790
v 0.043703 2.837680 0.033605
v -0.157638 2.398910 0.148075
v -0.028701 2.836580 -0.146452
v -0.251388 2.397490 -0.085063
v 0.061332 2.805930 -0.308406
v -0.001519 2.848660 -0.148354
v 0.218621 2.777420 -0.140956
v 0.216321 2.746490 -0.370368
v 0.372657 2.705180 -0.297945
v 0.438760 2.706180 -0.133558
v 0.375909 2.748910 0.026494
v 0.220920 2.808350 0.088456
v 0.064584 2.849670 0.016031
v -0.283676 2.407940 -0.086149
v -0.185319 2.341060 -0.336617
v 0.057224 2.248050 -0.433582
v 0.301875 2.183390 -0.320245
v 0.405321 2.184960 -0.062995
v 0.306964 2.251830 0.187471
v 0.064421 2.344840 0.284437
v -0.180230 2.409500 0.171100
v -0.283676 2.407940 -0.086149
v -0.290681 2.386600 -0.083201
v -0.192323 2.319720 -0.333670
v 0.050219 2.226710 -0.430635
v 0.294870 2.162050 -0.317297
v 0.398316 2.163620 -0.060048
v 0.299959 2.230490 0.190418
v 0.057416 2.323500 0.287384
v -0.187235 2.388160 0.174047
v -0.290681 2.386600 -0.083201
v -0.192323 2.319720 -0.333670
v 0.053817 2.275110 -0.071625
v -0.290681 2.386600 -0.083201
v 0.050219 2.226710 -0.430635
v 0.294870 2.162050 -0.317297
v 0.398316 2.163620 -0.060048
v 0.299959 2.230490 0.190418
v 0.057416 2.323500 0.287384
v -0.187235 2.388160 0.174047
v 0.446023 2.471280 0.023745
v 0.429320 2.461170 0.019936
v 0.437289 2.444530 0.027478
v 0.453874 2.454770 0.031933
v 0.446023 2.471280 0.023745
v 0.452767 2.393070 -0.092702
v 0.433793 2.384010 -0.091311
v 0.393824 2.306520 -0.202171
v 0.378210 2.297370 -0.193707
v 0.443695 2.365590 -0.089006
v 0.386564 2.279070 -0.194499
v 0.402554 2.288120 -0.202821
v 0.462433 2.374910 -0.089107
v 0.393824 2.306520 -0.202171
v 0.452767 2.393070 -0.092702
v 0.274287 2.186880 -0.299114
v 0.284960 2.170220 -0.299912
v 0.277747 2.190480 -0.320690
v 0.294336 2.177470 -0.319547
v 0.277747 2.190480 -0.320690
v -0.001519 2.848660 -0.148354
v 0.061332 2.805930 -0.308406
v 0.064584 2.849670 0.016031
v -0.001519 2.848660 -0.148354
v 0.216321 2.746490 -0.370368
v 0.372657 2.705180 -0.297945
v 0.438760 2.706180 -0.133558
v 0.375909 2.748910 0.026494
v 0.220920 2.808350 0.088456
v 0.048955 2.125340 0.320007
v 0.089015 2.125340 0.314817
v 0.071245 2.163540 0.334829
v 0.028224 2.159900 0.317178
v 0.047551 2.194450 0.309154
v 0.087606 2.194450 0.303963
v 0.108340 2.159900 0.306793
v 0.089261 2.116350 0.292411
v 0.043006 2.116350 0.298408
v 0.019066 2.156250 0.295138
v 0.041381 2.196140 0.285874
v 0.087635 2.196140 0.279878
v 0.111577 2.156250 0.283148
v -0.115463 2.134920 0.295601
v -0.172865 2.096900 0.602734
v -0.061490 2.134920 0.309675
v -0.161374 2.096900 0.605730
v -0.178613 2.086620 0.601235
v -0.142444 2.086620 0.288565
v -0.115463 2.038320 0.295601
v -0.172867 2.076330 0.602734
v -0.142444 2.086620 0.288565
v -0.178613 2.086620 0.601235
v -0.161374 2.076330 0.605730
v -0.061490 2.038320 0.309675
v -0.155629 2.086620 0.607228
v -0.034504 2.086620 0.316712
v -0.034504 2.086620 0.316712
v -0.155629 2.086620 0.607228
v -0.168749 2.086620 0.610477
v 0.380844 1.711210 -0.259959
v 0.111396 1.711210 -0.463853
v 0.370218 1.778130 -0.253729
v 0.108286 1.778130 -0.451931
v -0.223310 1.711210 -0.417499
v -0.217076 1.778130 -0.406873
v -0.427199 1.711210 -0.148050
v -0.415283 1.778130 -0.144942
v -0.427199 1.711210 -0.148050
v -0.380850 1.711210 0.186654
v -0.415283 1.778130 -0.144942
v -0.370221 1.778130 0.180424
v -0.111399 1.711210 0.390548
v -0.108290 1.778130 0.378627
v 0.223304 1.711210 0.344193
v 0.217075 1.778130 0.333568
v 0.427197 1.711210 0.074744
v 0.415279 1.778130 0.071636
v 0.415279 1.778130 0.071636
v 0.427197 1.711210 0.074744
v -0.315120 1.869030 0.148115
v -0.092173 1.869030 0.316821
v -0.227442 1.896940 0.096705
v -0.066527 1.896940 0.218470
v -0.353475 1.869030 -0.128825
v -0.255124 1.896940 -0.103179
v -0.184768 1.869030 -0.351772
v -0.353475 1.869030 -0.128825
v -0.133359 1.896940 -0.264092
v -0.255124 1.896940 -0.103179
v 0.092169 1.869030 -0.390125
v 0.066524 1.896940 -0.291775
v 0.315118 1.869030 -0.221420
v 0.227439 1.896940 -0.170011
v 0.353472 1.869030 0.055519
v 0.255122 1.896940 0.029873
v 0.184765 1.850200 0.278466
v 0.353472 1.869030 0.055519
v 0.133357 1.896940 0.190788
v 0.255122 1.896940 0.029873
v 0.304142 1.353940 0.098804
v 0.744006 1.718050 0.241087
v 0.269253 1.396910 0.089707
v 0.722268 1.759440 0.235414
v 0.298953 1.375420 0.047256
v 0.762089 1.748240 0.201641
v 0.722268 1.759440 0.235414
v 0.269253 1.396910 0.089707
v 0.228749 1.821450 -0.170778
v 0.066910 1.821450 -0.293245
v 0.298877 1.943110 -0.211895
v 0.087422 1.943110 -0.371907
v -0.134127 1.821450 -0.265403
v -0.175246 1.943110 -0.335530
v -0.256593 1.821450 -0.103562
v -0.335254 1.943110 -0.124074
v -0.228752 1.821450 0.097473
v -0.298879 1.943110 0.138592
v -0.066909 1.821450 0.219941
v -0.087424 1.943110 0.298602
v 0.134124 1.821450 0.192099
v 0.175241 1.943110 0.262224
v 0.256593 1.821450 0.030257
v 0.335255 1.943110 0.050769
v 0.228749 1.821450 -0.170778
v 0.298877 1.943110 -0.211895
v 0.323503 2.086620 -0.226334
v 0.094624 2.086620 -0.399529
v -0.189684 2.086620 -0.360154
v -0.362879 2.086620 -0.131278
v -0.323503 2.086620 0.153031
v -0.094624 2.086620 0.326225
v 0.189679 2.086620 0.286849
v 0.362875 2.086620 0.057971
v 0.323503 2.086620 -0.226334
v 0.298877 2.230130 -0.211895
v 0.087422 2.230130 -0.371907
v -0.175246 2.230130 -0.335530
v -0.335254 2.230130 -0.124074
v -0.298879 2.230130 0.138592
v -0.087424 2.230130 0.298602
v 0.175241 2.230130 0.262224
v 0.330513 2.219830 0.046065
v 0.298877 2.230130 -0.211895
v 0.228749 2.351790 -0.170778
v 0.066910 2.351790 -0.293245
v -0.134127 2.351790 -0.265403
v -0.256593 2.351790 -0.103562
v -0.228752 2.351790 0.097473
v -0.062928 2.351790 0.215927
v 0.134124 2.351790 0.192099
v 0.256593 2.351790 0.030257
v 0.228749 2.351790 -0.170778
v 0.206845 0.690048 -0.157933
v 0.060500 0.690048 -0.268672
v 0.382195 0.825871 -0.260750
v 0.111792 0.825871 -0.465368
v -0.121282 0.690048 -0.243496
v -0.224099 0.825871 -0.418849
v -0.232021 0.690048 -0.097154
v -0.428715 0.825871 -0.148445
v -0.206847 0.690048 0.084627
v -0.382197 0.825871 0.187445
v -0.060503 0.690048 0.195366
v -0.111794 0.825871 0.392063
v 0.121283 0.690048 0.170191
v 0.224096 0.825871 0.345543
v 0.232021 0.690048 0.023849
v 0.428713 0.825871 0.075140
v 0.206845 0.690048 -0.157933
v 0.382195 0.825871 -0.260750
v 0.499362 1.029140 -0.329452
v 0.146063 1.029140 -0.596796
v -0.292797 1.029140 -0.536016
v -0.560145 1.029140 -0.182717
v -0.499363 1.029140 0.256146
v -0.146070 1.029140 0.523489
v 0.292796 1.029140 0.462711
v 0.560142 1.029140 0.109411
v 0.499362 1.029140 -0.329452
v 0.540506 1.268920 -0.353576
v 0.158097 1.268920 -0.642948
v -0.316923 1.268920 -0.577161
v -0.606296 1.268920 -0.194752
v -0.540509 1.268920 0.280271
v -0.158100 1.268920 0.569643
v 0.316920 1.268920 0.503855
v 0.606294 1.268920 0.121447
v 0.540506 1.268920 -0.353576
v 0.499362 1.508700 -0.329452
v 0.146063 1.508700 -0.596796
v -0.292797 1.508700 -0.536016
v -0.560145 1.508700 -0.182717
v -0.499363 1.508700 0.256146
v -0.146070 1.508700 0.523489
v 0.292796 1.508700 0.462711
v 0.560142 1.508700 0.109411
v 0.499362 1.508700 -0.329452
v 0.380844 1.711210 -0.259959
v 0.111396 1.711210 -0.463853
v -0.223310 1.711210 -0.417499
v -0.427199 1.711210 -0.148050
v -0.380850 1.711210 0.186654
v -0.111399 1.711210 0.390548
v 0.223304 1.711210 0.344193
v 0.427197 1.711210 0.074744
v 0.380844 1.711210 -0.259959
v 0.000000 0.642353 -0.036652
v 0.000000 0.642353 -0.036652
v 0.000000 0.642353 -0.036652
v 0.000000 0.642353 -0.036652
v 0.000000 0.642353 -0.036652
v 0.000000 0.642353 -0.036652
v 0.000000 0.642353 -0.036652
v 0.000000 0.642353 -0.036652
v -0.243220 2.120300 0.217662
v -0.212960 2.120300 0.239613
v -0.237633 2.155660 0.241796
v -0.255376 2.152280 0.202589
v -0.237272 2.184260 0.209465
v -0.207014 2.184260 0.231413
v -0.194857 2.152280 0.246487
v -0.198563 2.111980 0.224689
v -0.233504 2.111980 0.199345
v -0.247541 2.148900 0.181938
v -0.226637 2.185830 0.189878
v -0.191697 2.185830 0.215220
v -0.177659 2.148900 0.232629
v -0.155956 1.621800 0.430933
v -0.163011 1.587200 0.457816
v -0.151914 1.627800 0.457132
v -0.156730 1.604170 0.475490
v -0.134619 1.572300 0.477700
v -0.137073 1.593280 0.487833
v -0.113516 1.603980 0.486497
v -0.099738 1.586930 0.473927
v -0.108698 1.627610 0.468136
v -0.092684 1.621530 0.447045
v -0.121459 1.636840 0.427548
v -0.128086 1.637360 0.453579
v -0.134686 1.620310 0.479097
v -0.177068 1.480740 0.511468
v -0.179467 1.437480 0.521090
v -0.173538 1.475600 0.537923
v -0.175175 1.446060 0.544493
v -0.149233 1.419050 0.534126
v -0.154185 1.433380 0.551987
v -0.132165 1.446350 0.556271
v -0.116495 1.437910 0.538332
v -0.130527 1.475900 0.549699
v -0.114096 1.481170 0.528711
v -0.151129 1.488500 0.539728
v -0.144758 1.499750 0.516176
v -0.155284 1.461660 0.555467
v -0.184278 1.330590 0.540845
v -0.186678 1.287340 0.550467
v -0.180748 1.325460 0.567301
v -0.182385 1.295920 0.573871
v -0.156443 1.268910 0.563504
v -0.161395 1.283240 0.581364
v -0.139375 1.296210 0.585649
v -0.123705 1.287770 0.567709
v -0.137737 1.325750 0.579077
v -0.121306 1.331020 0.558088
v -0.158339 1.338360 0.569106
v -0.151968 1.349610 0.545554
v -0.162495 1.311510 0.584845
v -0.181130 1.106050 0.524167
v -0.176019 1.063280 0.513482
v -0.177377 1.090130 0.545871
v -0.173884 1.060920 0.538574
v -0.143306 1.045670 0.520071
v -0.151157 1.049500 0.541811
v -0.131908 1.062250 0.553570
v -0.114560 1.065230 0.535437
v -0.135399 1.091460 0.560868
v -0.119672 1.108000 0.546123
v -0.157673 1.103990 0.555427
v -0.152843 1.125460 0.540005
v -0.157358 1.072650 0.557244
v 0.000000 2.586700 -0.036652
v 0.621552 1.675360 0.270022
v 0.739943 1.697820 0.372381
v 0.745002 1.727650 0.359472
v 1.022330 1.842790 0.158748
v 0.998464 1.827000 0.153652
v 1.020440 1.865670 0.153327
v 0.982209 1.866420 0.140497
v 0.609261 1.698970 0.240551
v 0.724101 1.811920 0.285778
v 0.729081 1.811030 0.211036
v 0.614691 1.702660 0.201619
v 0.814303 1.825870 0.137710
v 0.901797 1.865090 0.141070
v 0.832177 1.819860 0.118864
v 0.908827 1.854540 0.124913
v 0.801993 1.846810 0.189259
v 0.837722 1.845390 0.161570
v 0.898329 1.888560 0.200617
v 0.907629 1.876270 0.180695
v 0.784777 1.707070 0.222044
v 0.864348 1.793560 0.232339
v 0.794051 1.727110 0.280348
v 0.855567 1.794560 0.288717
v 0.760209 1.773730 0.121554
v 0.799089 1.707010 0.136271
v 0.650555 1.673650 0.140549
v 0.683357 1.624210 0.171268
v 0.932821 1.798920 0.140424
v 0.908827 1.854540 0.124913
v 0.873929 1.780230 0.176945
v 0.929504 1.817510 0.221582
v 0.932669 1.819690 0.194926
v 1.018910 1.870440 0.274779
v 1.019030 1.896740 0.289871
v 1.017760 1.869160 0.290211
v 0.899021 1.864730 0.166334
v 0.909257 1.742890 0.410650
v 0.882481 1.768410 0.420817
v 0.898250 1.749640 0.451323
v 1.021560 1.842200 0.171452
v 0.997556 1.825160 0.171698
v 0.930072 1.798250 0.163367
v 0.991115 1.834090 0.186779
v 0.922510 1.809880 0.182380
v 0.838518 1.730210 0.427624
v 0.889777 1.748820 0.458487
v 0.872134 1.764000 0.431373
v 0.841413 1.755760 0.416113
v 0.628054 1.697810 0.156772
v 0.746876 1.793740 0.143116
v 0.970158 1.896030 0.215007
v 0.979830 1.878630 0.197795
v 0.813318 1.858600 0.278678
v 0.888050 1.880390 0.299552
v 0.916192 1.821380 0.300639
v 1.017160 1.847630 0.182341
v 0.823007 1.862200 0.220701
v 0.899622 1.891460 0.239950
v 0.926713 1.834290 0.247158
v 0.837722 1.845390 0.161570
v 0.907629 1.876270 0.180695
v 0.948434 1.889320 0.312385
v 0.972798 1.839420 0.316659
v 0.990966 1.883130 0.321508
v 0.782508 1.848300 0.305871
v 0.878214 1.890370 0.329420
v 0.813318 1.858600 0.278678
v 0.888050 1.880390 0.299552
v 0.730310 1.789720 0.339275
v 0.896509 1.883660 0.225877
v 0.823007 1.862200 0.220701
v 0.786590 1.835460 0.335954
v 0.880380 1.879150 0.353312
v 0.760209 1.773730 0.121554
v 1.025900 1.872310 0.164789
v 1.015450 1.870250 0.175929
v 0.974995 1.877420 0.174861
v 0.653792 1.635770 0.266845
v 0.769699 1.654840 0.342629
v 0.754131 1.666700 0.362523
v 0.920844 1.829230 0.238915
v 0.896509 1.883660 0.225877
v 0.675946 1.621020 0.218283
v 0.791128 1.853970 0.246712
v 0.890509 1.899100 0.265760
v 0.888649 1.891940 0.293117
v 0.832177 1.819860 0.118864
v 0.889902 1.777590 0.141156
v 0.786590 1.835460 0.335954
v 0.833374 1.787880 0.343223
v 0.880380 1.879150 0.353312
v 0.908251 1.821240 0.354211
v 0.914113 1.816170 0.331168
v 0.943804 1.888990 0.362548
v 0.966198 1.840340 0.362499
v 0.925062 1.827550 0.272377
v 0.916576 1.834730 0.296272
v 0.899021 1.864730 0.166334
v 0.980753 1.890930 0.259764
v 0.997285 1.856480 0.269256
v 0.781645 1.679860 0.296433
v 1.012920 1.871040 0.304478
v 0.975267 1.880670 0.157293
v 0.974995 1.877420 0.174861
v 0.888649 1.891940 0.293117
v 0.982209 1.866420 0.140497
v 0.798060 1.750980 0.346929
v 0.683357 1.624210 0.171268
v 0.683468 1.598980 0.152812
v 0.650555 1.673650 0.140549
v 0.637516 1.667170 0.108990
v 0.650555 1.673650 0.140549
v 0.899622 1.891460 0.239950
v 0.990216 1.856960 0.302204
v 0.996656 1.851690 0.286205
v 0.857405 1.706750 0.426697
v 0.879552 1.701310 0.410547
v 0.887880 1.731870 0.382513
v 0.973173 1.900810 0.281268
v 0.980753 1.890930 0.259764
v 0.971871 1.894030 0.305142
v 0.754131 1.666700 0.362523
v 0.857405 1.706750 0.426697
v 0.971871 1.894030 0.305142
v 0.997931 1.836010 0.211918
v 0.979830 1.878630 0.197795
v 0.943763 1.897080 0.335861
v 0.948434 1.889320 0.312385
v 0.990966 1.883130 0.321508
v 1.005510 1.893150 0.344364
v 0.653792 1.635770 0.266845
v 0.621552 1.675360 0.270022
v 0.641391 1.614960 0.287883
v 0.596411 1.669510 0.292634
v 0.943804 1.888990 0.362548
v 0.985601 1.884030 0.362818
v 0.745002 1.727650 0.359472
v 0.841413 1.755760 0.416113
v 0.798060 1.750980 0.346929
v 0.859241 1.762880 0.396611
v 0.675045 1.592580 0.216137
v 0.675946 1.621020 0.218283
v 0.653792 1.635770 0.266845
v 0.605275 1.703030 0.132914
v 0.585436 1.712200 0.195077
v 0.628054 1.697810 0.156772
v 0.614691 1.702660 0.201619
v 0.609261 1.698970 0.240551
v 0.578428 1.704590 0.252742
v 0.833374 1.787880 0.343223
v 0.990400 1.843310 0.247747
v 0.970236 1.887510 0.238925
v 0.899870 1.715700 0.432905
v 0.872134 1.764000 0.431373
v 0.889777 1.748820 0.458487
v 1.022640 1.881170 0.211299
v 1.025840 1.854120 0.217888
v 0.973292 1.832950 0.340181
v 0.997426 1.833350 0.231958
v 1.024700 1.853350 0.232569
v 1.019580 1.859550 0.244910
v 0.886987 1.718950 0.441425
v 1.017370 1.886720 0.236907
v 1.029440 1.888810 0.225373
v 0.970236 1.887510 0.238925
v 1.002900 1.855800 0.344484
v 0.985601 1.884030 0.362818
v 1.005510 1.893150 0.344364
v 1.010200 1.889020 0.270140
v 0.886987 1.718950 0.441425
v 1.003050 1.889650 0.305808
v 0.650555 1.673650 0.140549
v 0.637516 1.667170 0.108990
v 0.872134 1.764000 0.431373
v 1.003050 1.889650 0.305808
v 1.019030 1.896740 0.289871
v 1.010200 1.889020 0.270140
v 1.017370 1.886720 0.236907
v 1.029440 1.888810 0.225373
v 1.022640 1.881170 0.211299
v 1.015450 1.870250 0.175929
v 1.025900 1.872310 0.164789
v 1.020440 1.865670 0.153327
v 0.587060 1.564980 0.288576
v 0.535291 1.627770 0.294044
v 0.625795 1.539230 0.205999
v 0.635489 1.546580 0.133114
v 0.522659 1.676900 0.181760
v 0.545491 1.666340 0.110213
v 0.514591 1.668140 0.248131
v 0.582601 1.625070 0.082676
v 0.582601 1.625070 0.082676
v 0.587060 1.564980 0.288576
v 0.535291 1.627770 0.294044
v 0.571586 1.611250 0.192591
v 0.625795 1.539230 0.205999
v 0.635489 1.546580 0.133114
v 0.522659 1.676900 0.181760
v 0.545491 1.666340 0.110213
v 0.514591 1.668140 0.248131
v 0.582601 1.625070 0.082676
v 0.658246 1.428500 -0.146391
v 0.667737 1.429000 -0.102066
v 0.616138 1.453680 -0.147263
v 0.629561 1.454390 -0.084577
v 0.667737 1.429000 -0.102066
v 0.702428 1.453750 -0.086592
v 0.629561 1.454390 -0.084577
v 0.678620 1.489380 -0.062695
v 0.727627 1.477990 -0.115445
v 0.714257 1.523660 -0.103498
v 0.718135 1.477490 -0.159770
v 0.700835 1.522950 -0.166184
v 0.683445 1.452740 -0.175244
v 0.651775 1.487960 -0.188066
v 0.602769 1.499350 -0.135316
v 0.612260 1.499860 -0.090990
v 0.612260 1.499860 -0.090990
v 0.646950 1.524600 -0.075517
v 0.672149 1.548840 -0.104370
v 0.662658 1.548340 -0.148695
v 0.627967 1.523590 -0.164168
v 0.704426 1.438570 -0.133212
v 0.625970 1.538770 -0.117549
vt 0.325769 0.452677
vt 0.339995 0.452677
vt 0.325769 0.091814
vt 0.339995 0.091814
vt 0.354221 0.091814
vt 0.354221 0.452677
vt 0.368448 0.452677
vt 0.368448 0.091814
vt 0.462090 0.103787
vt 0.464070 0.117800
vt 0.451398 0.102934
vt 0.451550 0.118500
vt 0.418711 0.157188
vt 0.427241 0.140342
vt 0.447042 0.154782
vt 0.445762 0.142261
vt 0.427698 0.116216
vt 0.425779 0.101167
vt 0.392909 0.115271
vt 0.378866 0.115149
vt 0.393914 0.101167
vt 0.385172 0.101990
vt 0.412131 0.100497
vt 0.413685 0.109818
vt 0.405186 0.100740
vt 0.468762 0.140921
vt 0.472356 0.117099
vt 0.474032 0.142444
vt 0.470102 0.103726
vt 0.483170 0.157554
vt 0.483384 0.115241
vt 0.397783 0.156883
vt 0.377312 0.157249
vt 0.481282 0.102050
vt 0.482835 0.221739
vt 0.482835 0.215159
vt 0.466873 0.221739
vt 0.466873 0.215159
vt 0.436440 0.221739
vt 0.436440 0.215159
vt 0.422641 0.221739
vt 0.422641 0.215159
vt 0.453073 0.215159
vt 0.453073 0.221739
vt 0.385629 0.221739
vt 0.396991 0.221739
vt 0.385629 0.215159
vt 0.396991 0.215159
vt 0.410060 0.215159
vt 0.410060 0.221739
vt 0.377221 0.215159
vt 0.377221 0.221739
vt 0.436440 0.197704
vt 0.422641 0.197704
vt 0.453073 0.197704
vt 0.466873 0.197704
vt 0.396991 0.197704
vt 0.385629 0.197704
vt 0.410060 0.197704
vt 0.482835 0.197704
vt 0.377221 0.197704
vt 0.466873 0.180279
vt 0.482835 0.180279
vt 0.466873 0.173699
vt 0.482835 0.173699
vt 0.436440 0.173699
vt 0.422641 0.173699
vt 0.436440 0.180279
vt 0.422641 0.180279
vt 0.453073 0.180279
vt 0.453073 0.173699
vt 0.385629 0.173699
vt 0.385629 0.180279
vt 0.396991 0.173699
vt 0.396991 0.180279
vt 0.410060 0.173699
vt 0.410060 0.180279
vt 0.377221 0.180279
vt 0.377221 0.173699
vt 0.422641 0.197734
vt 0.436440 0.197734
vt 0.466873 0.197734
vt 0.453073 0.197734
vt 0.396991 0.197734
vt 0.385629 0.197734
vt 0.410060 0.197734
vt 0.482835 0.197734
vt 0.377221 0.197734
vt 0.420509 0.271393
vt 0.425322 0.232766
vt 0.427119 0.286807
vt 0.482835 0.415634
vt 0.482835 0.476195
vt 0.479149 0.422093
vt 0.479241 0.484937
vt 0.437964 0.291133
vt 0.436410 0.335030
vt 0.449387 0.334299
vt 0.449570 0.294910
vt 0.465776 0.375484
vt 0.474854 0.380876
vt 0.467238 0.429617
vt 0.475463 0.428520
vt 0.392696 0.315869
vt 0.404394 0.330278
vt 0.395194 0.386939
vt 0.405064 0.385476
vt 0.472661 0.330643
vt 0.482835 0.319342
vt 0.474093 0.289914
vt 0.482835 0.283213
vt 0.393579 0.232705
vt 0.458557 0.428185
vt 0.449448 0.239072
vt 0.464923 0.242179
vt 0.464131 0.292473
vt 0.452129 0.475189
vt 0.453835 0.439152
vt 0.458831 0.468396
vt 0.377221 0.282969
vt 0.377221 0.319098
vt 0.435252 0.236544
vt 0.433851 0.376094
vt 0.431292 0.435588
vt 0.426692 0.373413
vt 0.424956 0.432572
vt 0.465472 0.333233
vt 0.382186 0.472691
vt 0.381090 0.487070
vt 0.377221 0.472874
vt 0.454261 0.379902
vt 0.387639 0.470650
vt 0.444148 0.380206
vt 0.442442 0.442442
vt 0.426327 0.330064
vt 0.482835 0.388279
vt 0.416701 0.374205
vt 0.416244 0.443904
vt 0.423859 0.454231
vt 0.412497 0.230360
vt 0.412253 0.460689
vt 0.402383 0.469919
vt 0.468609 0.468122
vt 0.476347 0.468518
vt 0.377221 0.388035
vt 0.377221 0.415391
vt 0.471960 0.241905
vt 0.418132 0.472752
vt 0.427880 0.466873
vt 0.435344 0.487466
vt 0.445153 0.478266
vt 0.415848 0.319159
vt 0.394889 0.473026
vt 0.391477 0.489019
vt 0.402810 0.478510
vt 0.398088 0.483597
vt 0.387517 0.481526
vt 0.450819 0.487618
vt 0.443295 0.487770
vt 0.459166 0.480733
vt 0.468426 0.487618
vt 0.482835 0.235904
vt 0.377221 0.235660
vt 0.283243 0.534714
vt 0.283243 0.601488
vt 0.263442 0.534714
vt 0.263442 0.601488
vt 0.303836 0.534714
vt 0.303836 0.601488
vt 0.324277 0.601488
vt 0.324277 0.534714
vt 0.345387 0.534714
vt 0.345387 0.601488
vt 0.365645 0.534714
vt 0.365645 0.601488
vt 0.283243 0.631859
vt 0.303836 0.631859
vt 0.324277 0.631859
vt 0.345387 0.631859
vt 0.365645 0.631859
vt 0.303836 0.653671
vt 0.283243 0.491609
vt 0.263442 0.491609
vt 0.303836 0.491609
vt 0.324277 0.491609
vt 0.345387 0.491609
vt 0.365645 0.491609
vt 0.303836 0.468091
vt 0.243794 0.491609
vt 0.316904 0.697903
vt 0.343346 0.697903
vt 0.316904 0.727360
vt 0.343346 0.727360
vt 0.189600 0.697903
vt 0.214885 0.697903
vt 0.189600 0.727360
vt 0.214885 0.727360
vt 0.241296 0.697903
vt 0.241296 0.727360
vt 0.266915 0.697903
vt 0.266915 0.727360
vt 0.292016 0.697903
vt 0.292016 0.727360
vt 0.316904 0.757244
vt 0.343346 0.757244
vt 0.189600 0.757244
vt 0.214885 0.757244
vt 0.241296 0.757244
vt 0.266915 0.757244
vt 0.292016 0.757244
vt 0.266915 0.675086
vt 0.266915 0.782407
vt 0.285467 0.534988
vt 0.285467 0.601762
vt 0.266397 0.534988
vt 0.266397 0.601762
vt 0.304658 0.601762
vt 0.304658 0.534988
vt 0.324459 0.601762
vt 0.324459 0.534988
vt 0.344108 0.534988
vt 0.344108 0.601762
vt 0.365340 0.534988
vt 0.365340 0.601762
vt 0.285467 0.632164
vt 0.304658 0.632164
vt 0.324459 0.632164
vt 0.344108 0.632164
vt 0.304658 0.653945
vt 0.244373 0.534988
vt 0.244373 0.491883
vt 0.266397 0.491883
vt 0.285467 0.491883
vt 0.304658 0.491883
vt 0.324459 0.491883
vt 0.344108 0.491883
vt 0.365340 0.491883
vt 0.304658 0.468366
vt 0.007950 0.075365
vt 0.007950 0.057879
vt 0.130411 0.075365
vt 0.130411 0.057879
vt 0.007950 0.040424
vt 0.130411 0.040424
vt 0.130411 0.022938
vt 0.007950 0.022938
vt 0.007950 0.005452
vt 0.130411 0.005452
vt 0.252872 0.075365
vt 0.252872 0.057879
vt 0.375302 0.075365
vt 0.375302 0.057879
vt 0.252872 0.040424
vt 0.375302 0.040424
vt 0.252872 0.022938
vt 0.375302 0.022938
vt 0.252872 0.005452
vt 0.375302 0.005452
vt 0.497762 0.057879
vt 0.497762 0.040424
vt 0.497762 0.075365
vt 0.497762 0.005452
vt 0.497762 0.022938
vt 0.014530 0.306121
vt 0.035519 0.306121
vt 0.014134 0.647243
vt 0.035915 0.647243
vt 0.064246 0.306121
vt 0.064246 0.647243
vt 0.092911 0.306121
vt 0.092911 0.647243
vt 0.121699 0.306121
vt 0.121699 0.647243
vt 0.150395 0.306121
vt 0.150608 0.647273
vt 0.179121 0.306121
vt 0.179121 0.647273
vt 0.207848 0.306121
vt 0.207848 0.647273
vt 0.220825 0.306121
vt 0.220825 0.647273
vt 0.063058 0.178055
vt 0.103360 0.194749
vt 0.063058 0.235021
vt 0.022786 0.194749
vt 0.006092 0.235021
vt 0.022786 0.275323
vt 0.063058 0.292016
vt 0.103360 0.275323
vt 0.120054 0.235021
vt 0.014134 0.651081
vt 0.035915 0.651081
vt 0.064246 0.651051
vt 0.092911 0.651081
vt 0.121699 0.651081
vt 0.150608 0.651112
vt 0.179121 0.651112
vt 0.207848 0.651112
vt 0.220825 0.651142
vt 0.014134 0.661743
vt 0.035915 0.661743
vt 0.064246 0.661713
vt 0.092911 0.661743
vt 0.121699 0.661743
vt 0.150608 0.661774
vt 0.179121 0.661774
vt 0.207848 0.661774
vt 0.220825 0.661804
vt 0.183660 0.286868
vt 0.183660 0.235599
vt 0.220642 0.271850
vt 0.146648 0.271850
vt 0.131325 0.235599
vt 0.146648 0.199349
vt 0.183660 0.184330
vt 0.220642 0.199349
vt 0.235995 0.235599
vt 0.130411 0.075365
vt 0.130411 0.057879
vt 0.130411 0.040424
vt 0.130411 0.022938
vt 0.130411 0.005452
vt 0.252872 0.075365
vt 0.252872 0.057879
vt 0.375302 0.075365
vt 0.375302 0.057879
vt 0.252872 0.040424
vt 0.375302 0.040424
vt 0.375302 0.022938
vt 0.252872 0.022938
vt 0.375302 0.005452
vt 0.252872 0.005452
vt 0.497762 0.057879
vt 0.497762 0.040424
vt 0.497762 0.075365
vt 0.497762 0.022938
vt 0.497762 0.005452
vt 0.015657 0.295306
vt 0.035458 0.295306
vt 0.207817 0.295306
vt 0.219606 0.295306
vt 0.064185 0.295306
vt 0.092911 0.295306
vt 0.121638 0.295306
vt 0.150364 0.295306
vt 0.179091 0.295306
vt 0.214671 0.101441
vt 0.229385 0.101441
vt 0.222074 0.128827
vt 0.206325 0.128827
vt 0.214671 0.156183
vt 0.229385 0.156183
vt 0.237457 0.128827
vt 0.233772 0.082432
vt 0.210224 0.082432
vt 0.196698 0.128827
vt 0.210224 0.175222
vt 0.233772 0.175222
vt 0.246505 0.128827
vt 0.272673 0.090444
vt 0.272673 0.408902
vt 0.296037 0.090444
vt 0.296037 0.408902
vt 0.249307 0.408902
vt 0.249307 0.090444
vt 0.272581 0.090444
vt 0.272581 0.408902
vt 0.249186 0.090444
vt 0.249186 0.408902
vt 0.295946 0.408902
vt 0.295946 0.090444
vt 0.319311 0.408902
vt 0.319311 0.090444
vt 0.319433 0.090444
vt 0.319433 0.408902
vt 0.285162 0.459257
vt 0.373444 0.656077
vt 0.373444 0.759651
vt 0.399520 0.656077
vt 0.399520 0.759651
vt 0.373444 0.863224
vt 0.399520 0.863224
vt 0.373444 0.966798
vt 0.399520 0.966798
vt 0.373444 0.966737
vt 0.373444 0.863163
vt 0.399520 0.966737
vt 0.399520 0.863163
vt 0.373444 0.759590
vt 0.399520 0.759590
vt 0.373444 0.656047
vt 0.399520 0.656047
vt 0.373444 0.552473
vt 0.399520 0.552473
vt 0.399520 0.552534
vt 0.373444 0.552534
vt 0.444909 0.863163
vt 0.444909 0.759590
vt 0.498615 0.863163
vt 0.498615 0.759590
vt 0.444909 0.966737
vt 0.498615 0.966737
vt 0.444909 0.863224
vt 0.444909 0.966798
vt 0.498615 0.863224
vt 0.498615 0.966798
vt 0.444909 0.759651
vt 0.498615 0.759651
vt 0.444909 0.656077
vt 0.498615 0.656077
vt 0.444909 0.552534
vt 0.498615 0.552534
vt 0.444909 0.656047
vt 0.444909 0.552473
vt 0.498615 0.656047
vt 0.498615 0.552473
vt 0.339995 0.091814
vt 0.339995 0.452677
vt 0.325769 0.091814
vt 0.325769 0.452677
vt 0.354221 0.091814
vt 0.354221 0.452677
vt 0.368448 0.452677
vt 0.368448 0.091814
vt 0.503306 0.715876
vt 0.564537 0.715876
vt 0.503306 0.802268
vt 0.564537 0.802268
vt 0.626346 0.715876
vt 0.626346 0.802268
vt 0.688185 0.715876
vt 0.688185 0.802268
vt 0.749994 0.715876
vt 0.749994 0.802268
vt 0.811834 0.715876
vt 0.811834 0.802268
vt 0.873643 0.715876
vt 0.873643 0.802268
vt 0.935482 0.715876
vt 0.935482 0.802268
vt 0.997291 0.715876
vt 0.997291 0.802268
vt 0.503306 0.870779
vt 0.564537 0.870779
vt 0.626346 0.870779
vt 0.688185 0.870779
vt 0.749994 0.870779
vt 0.811834 0.870779
vt 0.873643 0.870779
vt 0.935482 0.870779
vt 0.997291 0.870779
vt 0.503306 0.934781
vt 0.564537 0.934781
vt 0.626346 0.934781
vt 0.688185 0.934781
vt 0.749994 0.934781
vt 0.811834 0.934781
vt 0.873643 0.934781
vt 0.935482 0.934781
vt 0.997291 0.934781
vt 0.503306 0.965914
vt 0.564689 0.965914
vt 0.626407 0.965914
vt 0.688185 0.965914
vt 0.750055 0.965914
vt 0.811864 0.965914
vt 0.873551 0.965914
vt 0.935512 0.965914
vt 0.997108 0.965914
vt 0.512811 0.106376
vt 0.563866 0.106376
vt 0.512811 0.204497
vt 0.563866 0.204497
vt 0.625919 0.106376
vt 0.625919 0.204497
vt 0.665247 0.106376
vt 0.665247 0.204497
vt 0.749994 0.106376
vt 0.749994 0.204497
vt 0.812047 0.106376
vt 0.812047 0.204497
vt 0.874069 0.106376
vt 0.874069 0.204497
vt 0.936122 0.106376
vt 0.936122 0.204497
vt 0.986081 0.106376
vt 0.986081 0.204497
vt 0.512811 0.302617
vt 0.563866 0.302617
vt 0.625919 0.302617
vt 0.665247 0.302617
vt 0.749994 0.302617
vt 0.812047 0.302617
vt 0.874069 0.302617
vt 0.936122 0.302617
vt 0.986081 0.302617
vt 0.512811 0.400738
vt 0.563866 0.400738
vt 0.625919 0.400738
vt 0.665247 0.400738
vt 0.749994 0.400738
vt 0.812047 0.400738
vt 0.874069 0.400738
vt 0.936122 0.400738
vt 0.986081 0.400738
vt 0.512811 0.498859
vt 0.563866 0.498859
vt 0.625919 0.498859
vt 0.665247 0.498859
vt 0.749994 0.498859
vt 0.812047 0.498859
vt 0.874069 0.498859
vt 0.936122 0.498859
vt 0.986081 0.498859
vt 0.512811 0.596979
vt 0.563866 0.596979
vt 0.625919 0.596979
vt 0.665247 0.596979
vt 0.749994 0.596979
vt 0.812047 0.596979
vt 0.874069 0.596979
vt 0.936122 0.596979
vt 0.986081 0.596979
vt 0.532855 0.008255
vt 0.594908 0.008255
vt 0.656930 0.008255
vt 0.718983 0.008255
vt 0.781036 0.008255
vt 0.843058 0.008255
vt 0.905111 0.008255
vt 0.967133 0.008255
vt 0.214671 0.101441
vt 0.229385 0.101441
vt 0.222074 0.128827
vt 0.206325 0.128827
vt 0.214671 0.156183
vt 0.229385 0.156183
vt 0.237457 0.128827
vt 0.233772 0.082432
vt 0.210224 0.082432
vt 0.196698 0.128827
vt 0.210224 0.175222
vt 0.233772 0.175222
vt 0.246505 0.128827
vt 0.001492 0.146069
vt 0.001492 0.106528
vt 0.007524 0.140220
vt 0.007432 0.113657
vt 0.020196 0.087397
vt 0.020196 0.100588
vt 0.032747 0.113657
vt 0.038809 0.106528
vt 0.032747 0.140220
vt 0.038809 0.146069
vt 0.020196 0.165200
vt 0.020196 0.153746
vt 0.020196 0.127578
vt 0.001492 0.146069
vt 0.001492 0.106528
vt 0.007524 0.140220
vt 0.007432 0.113657
vt 0.020196 0.087397
vt 0.020196 0.100588
vt 0.032747 0.113657
vt 0.038809 0.106528
vt 0.032747 0.140220
vt 0.038809 0.146069
vt 0.020196 0.153746
vt 0.020196 0.165200
vt 0.020196 0.127578
vt 0.001492 0.146069
vt 0.001492 0.106528
vt 0.007524 0.140220
vt 0.007432 0.113657
vt 0.020196 0.087397
vt 0.020196 0.100588
vt 0.032747 0.113657
vt 0.038809 0.106528
vt 0.032747 0.140220
vt 0.038809 0.146069
vt 0.020196 0.153746
vt 0.020196 0.165200
vt 0.020196 0.127578
vt 0.001492 0.146069
vt 0.001492 0.106528
vt 0.007524 0.140220
vt 0.007432 0.113657
vt 0.020196 0.087397
vt 0.020196 0.100588
vt 0.032747 0.113657
vt 0.038809 0.106528
vt 0.032747 0.140220
vt 0.038809 0.146069
vt 0.020196 0.153746
vt 0.020196 0.165200
vt 0.020196 0.127578
vt 0.750055 0.998174
vt 0.298444 0.792033
vt 0.338289 0.833919
vt 0.331770 0.844947
vt 0.188717 0.965793
vt 0.187590 0.954369
vt 0.199684 0.967407
vt 0.201207 0.951414
vt 0.275780 0.791820
vt 0.287081 0.862311
vt 0.255004 0.859721
vt 0.258842 0.792459
vt 0.218266 0.888600
vt 0.213849 0.928658
vt 0.209127 0.892133
vt 0.206568 0.927470
vt 0.240869 0.892560
vt 0.226795 0.902887
vt 0.239285 0.936731
vt 0.230268 0.935665
vt 0.109179 0.857772
vt 0.110336 0.908644
vt 0.083589 0.869804
vt 0.082706 0.907731
vt 0.180127 0.848755
vt 0.157645 0.855335
vt 0.156031 0.791972
vt 0.134036 0.800776
vt 0.182259 0.924059
vt 0.200689 0.921104
vt 0.152284 0.902461
vt 0.131691 0.937889
vt 0.142566 0.934873
vt 0.102355 0.982303
vt 0.095744 0.993087
vt 0.096110 0.981968
vt 0.224785 0.928994
vt 0.016480 0.876811
vt 0.012459 0.888813
vt 0.004965 0.876415
vt 0.183752 0.966402
vt 0.180401 0.955648
vt 0.173059 0.926739
vt 0.173212 0.957842
vt 0.163433 0.928567
vt 0.353886 0.908218
vt 0.354800 0.933319
vt 0.345509 0.926983
vt 0.343834 0.912574
vt 0.238950 0.793343
vt 0.225059 0.857680
vt 0.240717 0.963934
vt 0.232858 0.961832
vt 0.082706 0.918636
vt 0.081396 0.935939
vt 0.074603 0.934172
vt 0.178969 0.968169
vt 0.112438 0.932954
vt 0.112651 0.941453
vt 0.108539 0.939595
vt 0.152497 0.925551
vt 0.150303 0.934599
vt 0.074329 0.964665
vt 0.064611 0.962076
vt 0.069150 0.977521
vt 0.291681 0.892651
vt 0.295306 0.937340
vt 0.278095 0.904319
vt 0.282025 0.936518
vt 0.314772 0.862402
vt 0.250160 0.936244
vt 0.252811 0.905385
vt 0.308771 0.891037
vt 0.305390 0.936518
vt 0.215098 0.855913
vt 0.187163 0.978069
vt 0.173303 0.973652
vt 0.163859 0.958360
vt 0.085143 0.794439
vt 0.058915 0.836935
vt 0.051756 0.831147
vt 0.122217 0.938955
vt 0.115637 0.941818
vt 0.107595 0.799070
vt 0.265971 0.893809
vt 0.267433 0.940295
vt 0.279192 0.939320
vt 0.194535 0.891067
vt 0.175192 0.898683
vt 0.043744 0.900876
vt 0.061991 0.902857
vt 0.039053 0.931339
vt 0.055168 0.935604
vt 0.064093 0.933563
vt 0.039632 0.962137
vt 0.050964 0.962899
vt 0.097572 0.939686
vt 0.086575 0.938589
vt 0.159077 0.936122
vt 0.113230 0.971946
vt 0.103574 0.971794
vt 0.075669 0.848694
vt 0.088616 0.982578
vt 0.215920 0.958603
vt 0.223414 0.958634
vt 0.082584 0.937950
vt 0.208396 0.956410
vt 0.335274 0.871541
vt 0.889422 0.701071
vt 0.889422 0.679473
vt 0.954978 0.701071
vt 0.954978 0.679473
vt 0.230695 0.793952
vt 0.255918 0.940051
vt 0.089286 0.971184
vt 0.096506 0.971245
vt 0.019526 0.854999
vt 0.021994 0.863651
vt 0.027020 0.875592
vt 0.268651 0.969783
vt 0.259056 0.968687
vt 0.080696 0.971215
vt 0.350596 0.826303
vt 0.366163 0.912056
vt 0.278917 0.968900
vt 0.146618 0.963812
vt 0.154782 0.961315
vt 0.293783 0.961771
vt 0.283517 0.960096
vt 0.284675 0.973530
vt 0.293418 0.982303
vt 0.774578 0.701071
vt 0.722517 0.701071
vt 0.774578 0.679473
vt 0.722517 0.679473
vt 0.305146 0.961162
vt 0.302587 0.974170
vt 0.058183 0.898896
vt 0.027447 0.900267
vt 0.056630 0.886803
vt 0.025771 0.891494
vt 0.837300 0.679473
vt 0.837300 0.701071
vt 0.319433 0.786336
vt 0.582936 0.679473
vt 0.625828 0.679473
vt 0.582936 0.701071
vt 0.625828 0.701071
vt 0.675147 0.701071
vt 0.675147 0.679473
vt 0.336279 0.894875
vt 0.131416 0.967681
vt 0.123374 0.970179
vt 0.013129 0.867946
vt 0.006275 0.889392
vt 0.001248 0.876019
vt 0.157158 0.976790
vt 0.148019 0.977003
vt 0.057056 0.962320
vt 0.138910 0.965518
vt 0.142353 0.977612
vt 0.136991 0.979592
vt 0.009534 0.864839
vt 0.129223 0.983735
vt 0.145978 0.991198
vt 0.250922 0.963081
vt 0.056112 0.970606
vt 0.045115 0.974322
vt 0.055198 0.979044
vt 0.110824 0.983461
vt 0.366041 0.926587
vt 0.082097 0.982669
vt 0.550828 0.701071
vt 0.550828 0.679473
vt 0.012002 0.896429
vt 0.277211 0.978465
vt 0.269352 0.984862
vt 0.261584 0.978800
vt 0.246992 0.978831
vt 0.241296 0.982882
vt 0.235813 0.977825
vt 0.221282 0.970667
vt 0.215859 0.974139
vt 0.211381 0.969966
vt 0.774578 0.622264
vt 0.722517 0.622264
vt 0.837300 0.622264
vt 0.889422 0.622264
vt 0.625828 0.622264
vt 0.582936 0.622264
vt 0.675147 0.622264
vt 0.954978 0.622264
vt 0.550828 0.622264
vt 0.041581 0.760199
vt 0.033600 0.709631
vt 0.099978 0.726172
vt 0.096414 0.783260
vt 0.142627 0.779360
vt 0.102416 0.674385
vt 0.148963 0.684438
vt 0.060377 0.679229
vt 0.169343 0.717582
vt 0.316904 0.697903
vt 0.343346 0.697903
vt 0.316904 0.727360
vt 0.343346 0.727360
vt 0.189600 0.697903
vt 0.214885 0.697903
vt 0.189600 0.727360
vt 0.214885 0.727360
vt 0.241296 0.697903
vt 0.241296 0.727360
vt 0.266915 0.697903
vt 0.266915 0.727360
vt 0.292016 0.697903
vt 0.292016 0.727360
vt 0.316904 0.757244
vt 0.343346 0.757244
vt 0.189600 0.757244
vt 0.214885 0.757244
vt 0.241296 0.757244
vt 0.266915 0.757244
vt 0.292016 0.757244
vt 0.266915 0.675086
vt 0.266915 0.782407
usemtl Mdl_0_Mtl_mat_snowman_01_kaito
s 1
f 1/1 2/2 3/3
f 3/3 2/2 4/4
f 4/4 2/2 5/5
f 5/5 2/2 6/6
f 6/6 7/7 5/5
f 5/5 7/7 8/8
f 9/9 10/10 11/11
f 11/11 10/10 12/12
f 13/13 14/14 15/15
f 15/15 14/14 16/16
f 12/12 10/10 16/16
f 17/17 16/16 14/14
f 12/12 16/16 17/17
f 12/12 18/18 11/11
f 17/17 18/18 12/12
f 19/19 20/20 21/21
f 21/21 20/20 22/22
f 17/17 23/23 18/18
f 24/24 14/14 13/13
f 17/17 14/14 24/24
f 24/24 23/23 17/17
f 21/21 25/25 19/19
f 23/23 24/24 25/25
f 19/19 25/25 24/24
f 26/26 15/15 16/16
f 16/16 10/10 26/26
f 10/10 27/27 26/26
f 26/26 27/27 28/28
f 10/10 29/29 27/27
f 9/9 29/29 10/10
f 30/30 15/15 26/26
f 30/30 26/26 28/28
f 31/31 28/28 27/27
f 29/29 31/31 27/27
f 30/30 28/28 31/31
f 19/19 32/32 20/20
f 13/13 32/32 24/24
f 24/24 32/32 19/19
f 20/20 32/32 33/33
f 29/29 34/34 31/31
f 35/35 36/36 37/37
f 37/37 36/36 38/38
f 39/39 40/40 41/41
f 41/41 40/40 42/42
f 39/39 43/43 40/40
f 43/43 44/44 38/38
f 44/44 43/43 39/39
f 38/38 44/44 37/37
f 45/45 46/46 47/47
f 47/47 46/46 48/48
f 42/42 49/49 41/41
f 50/50 48/48 46/46
f 49/49 48/48 50/50
f 41/41 49/49 50/50
f 51/51 45/45 47/47
f 52/52 45/45 51/51
f 40/40 53/53 42/42
f 42/42 53/53 54/54
f 42/42 54/54 49/49
f 38/38 55/55 43/43
f 43/43 55/55 40/40
f 40/40 55/55 53/53
f 56/56 55/55 38/38
f 48/48 57/57 47/47
f 47/47 57/57 58/58
f 47/47 58/58 51/51
f 48/48 59/59 57/57
f 49/49 54/54 59/59
f 49/49 59/59 48/48
f 38/38 60/60 56/56
f 36/36 60/60 38/38
f 51/51 58/58 61/61
f 62/62 63/63 64/64
f 64/64 63/63 65/65
f 66/66 67/67 68/68
f 68/68 67/67 69/69
f 62/62 64/64 70/70
f 66/66 68/68 71/71
f 71/71 68/68 70/70
f 70/70 64/64 71/71
f 72/72 73/73 74/74
f 74/74 73/73 75/75
f 67/67 76/76 69/69
f 76/76 74/74 77/77
f 69/69 76/76 77/77
f 77/77 74/74 75/75
f 72/72 78/78 73/73
f 79/79 78/78 72/72
f 69/69 80/80 68/68
f 68/68 81/81 70/70
f 68/68 80/80 81/81
f 62/62 70/70 82/82
f 70/70 81/81 83/83
f 82/82 70/70 83/83
f 75/75 73/73 84/84
f 75/75 84/84 77/77
f 73/73 78/78 85/85
f 84/84 73/73 85/85
f 77/77 84/84 86/86
f 69/69 86/86 80/80
f 77/77 86/86 69/69
f 87/87 62/62 82/82
f 63/63 62/62 87/87
f 85/85 78/78 88/88
f 89/89 90/90 91/91
f 92/92 93/93 94/94
f 94/94 93/93 95/95
f 90/90 96/96 91/91
f 97/97 96/96 98/98
f 98/98 96/96 99/99
f 100/100 101/101 102/102
f 101/101 94/94 103/103
f 102/102 101/101 103/103
f 104/104 105/105 106/106
f 106/106 105/105 107/107
f 101/101 100/100 108/108
f 108/108 109/109 101/101
f 108/108 110/110 109/109
f 109/109 110/110 111/111
f 112/112 105/105 104/104
f 100/100 102/102 113/113
f 114/114 115/115 99/99
f 99/99 116/116 98/98
f 99/99 115/115 116/116
f 117/117 118/118 119/119
f 119/119 118/118 113/113
f 104/104 120/120 112/112
f 104/104 106/106 121/121
f 120/120 104/104 121/121
f 99/99 122/122 114/114
f 122/122 96/96 90/90
f 96/96 122/122 99/99
f 123/123 124/124 125/125
f 125/125 124/124 126/126
f 108/108 100/100 127/127
f 98/98 116/116 127/127
f 116/116 110/110 127/127
f 127/127 110/110 108/108
f 128/128 129/129 130/130
f 131/131 113/113 118/118
f 100/100 131/131 127/127
f 127/127 131/131 98/98
f 131/131 100/100 113/113
f 132/132 129/129 128/128
f 133/133 98/98 131/131
f 123/123 97/97 133/133
f 131/131 118/118 133/133
f 133/133 97/97 98/98
f 117/117 134/134 118/118
f 133/133 134/134 123/123
f 123/123 134/134 124/124
f 133/133 118/118 134/134
f 97/97 123/123 135/135
f 135/135 96/96 97/97
f 91/91 96/96 135/135
f 135/135 123/123 125/125
f 91/91 135/135 89/89
f 101/101 109/109 136/136
f 92/92 94/94 136/136
f 136/136 94/94 101/101
f 137/137 135/135 125/125
f 137/137 138/138 107/107
f 137/137 125/125 138/138
f 125/125 126/126 139/139
f 124/124 139/139 126/126
f 138/138 125/125 139/139
f 140/140 105/105 112/112
f 90/90 89/89 140/140
f 107/107 138/138 141/141
f 107/107 142/142 106/106
f 141/141 142/142 107/107
f 119/119 113/113 143/143
f 143/143 113/113 102/102
f 144/144 102/102 103/103
f 94/94 144/144 103/103
f 95/95 144/144 94/94
f 143/143 102/102 144/144
f 145/145 132/132 128/128
f 121/121 106/106 145/145
f 106/106 132/132 145/145
f 145/145 128/128 146/146
f 146/146 128/128 130/130
f 115/115 147/147 116/116
f 111/111 110/110 147/147
f 116/116 147/147 110/110
f 141/141 148/148 142/142
f 138/138 139/139 148/148
f 138/138 148/148 141/141
f 149/149 139/139 124/124
f 149/149 148/148 139/139
f 124/124 134/134 149/149
f 148/148 149/149 150/150
f 150/150 149/149 151/151
f 149/149 134/134 151/151
f 151/151 134/134 117/117
f 105/105 152/152 107/107
f 107/107 152/152 137/137
f 152/152 105/105 140/140
f 89/89 135/135 152/152
f 152/152 135/135 137/137
f 140/140 89/89 152/152
f 106/106 153/153 132/132
f 142/142 153/153 106/106
f 132/132 153/153 154/154
f 142/142 148/148 155/155
f 155/155 156/156 142/142
f 153/153 156/156 154/154
f 142/142 156/156 153/153
f 132/132 157/157 129/129
f 154/154 157/157 132/132
f 117/117 158/158 151/151
f 119/119 158/158 117/117
f 150/150 151/151 159/159
f 151/151 158/158 159/159
f 160/160 158/158 119/119
f 143/143 160/160 119/119
f 161/161 95/95 93/93
f 161/161 160/160 143/143
f 144/144 161/161 143/143
f 95/95 161/161 144/144
f 162/162 111/111 147/147
f 112/112 120/120 163/163
f 164/164 165/165 166/166
f 166/166 165/165 167/167
f 168/168 169/169 164/164
f 164/164 169/169 165/165
f 168/168 170/170 169/169
f 171/171 170/170 168/168
f 171/171 172/172 170/170
f 170/170 172/172 173/173
f 172/172 174/174 173/173
f 173/173 174/174 175/175
f 167/167 165/165 176/176
f 165/165 177/177 176/176
f 169/169 177/177 165/165
f 169/169 178/178 177/177
f 170/170 173/173 178/178
f 170/170 178/178 169/169
f 178/178 173/173 179/179
f 173/173 175/175 179/179
f 179/179 175/175 180/180
f 177/177 178/178 181/181
f 178/178 179/179 181/181
f 179/179 180/180 181/181
f 176/176 177/177 181/181
f 164/164 182/182 168/168
f 164/164 166/166 182/182
f 182/182 166/166 183/183
f 168/168 182/182 184/184
f 185/185 168/168 184/184
f 171/171 168/168 185/185
f 172/172 186/186 174/174
f 172/172 171/171 186/186
f 186/186 171/171 185/185
f 174/174 186/186 187/187
f 182/182 183/183 188/188
f 184/184 182/182 188/188
f 185/185 184/184 188/188
f 186/186 185/185 188/188
f 187/187 186/186 188/188
f 183/183 189/189 188/188
f 190/190 191/191 192/192
f 192/192 191/191 193/193
f 194/194 195/195 196/196
f 196/196 195/195 197/197
f 195/195 198/198 197/197
f 197/197 198/198 199/199
f 198/198 200/200 199/199
f 199/199 200/200 201/201
f 200/200 202/202 201/201
f 202/202 190/190 203/203
f 203/203 190/190 192/192
f 201/201 202/202 203/203
f 192/192 193/193 204/204
f 204/204 193/193 205/205
f 196/196 197/197 206/206
f 197/197 199/199 207/207
f 206/206 197/197 207/207
f 207/207 199/199 208/208
f 199/199 201/201 208/208
f 208/208 201/201 209/209
f 201/201 203/203 209/209
f 209/209 203/203 210/210
f 203/203 192/192 210/210
f 210/210 192/192 204/204
f 198/198 195/195 211/211
f 200/200 198/198 211/211
f 202/202 200/200 211/211
f 190/190 202/202 211/211
f 191/191 190/190 211/211
f 195/195 194/194 211/211
f 204/204 205/205 212/212
f 206/206 207/207 212/212
f 207/207 208/208 212/212
f 208/208 209/209 212/212
f 209/209 210/210 212/212
f 210/210 204/204 212/212
f 213/213 214/214 215/215
f 215/215 214/214 216/216
f 213/213 217/217 214/214
f 218/218 217/217 213/213
f 218/218 219/219 217/217
f 220/220 219/219 218/218
f 220/220 221/221 219/219
f 219/219 221/221 222/222
f 221/221 223/223 222/222
f 222/222 223/223 224/224
f 216/216 214/214 225/225
f 217/217 226/226 214/214
f 214/214 226/226 225/225
f 217/217 227/227 226/226
f 219/219 222/222 227/227
f 219/219 227/227 217/217
f 222/222 224/224 228/228
f 227/227 222/222 228/228
f 227/227 228/228 229/229
f 225/225 226/226 229/229
f 226/226 227/227 229/229
f 230/230 231/231 215/215
f 215/215 232/232 213/213
f 215/215 231/231 232/232
f 213/213 232/232 233/233
f 213/213 233/233 218/218
f 218/218 233/233 234/234
f 218/218 234/234 220/220
f 220/220 234/234 235/235
f 221/221 236/236 223/223
f 221/221 220/220 236/236
f 236/236 220/220 235/235
f 223/223 236/236 237/237
f 234/234 233/233 238/238
f 233/233 232/232 238/238
f 232/232 231/231 238/238
f 236/236 235/235 238/238
f 237/237 236/236 238/238
f 235/235 234/234 238/238
f 239/239 240/240 241/241
f 241/241 240/240 242/242
f 240/240 243/243 242/242
f 242/242 243/243 244/244
f 243/243 245/245 244/244
f 246/246 245/245 243/243
f 247/247 248/248 246/246
f 246/246 248/248 245/245
f 241/241 242/242 249/249
f 249/249 242/242 250/250
f 242/242 244/244 250/250
f 249/249 250/250 251/251
f 251/251 250/250 252/252
f 250/250 244/244 253/253
f 250/250 253/253 252/252
f 252/252 253/253 254/254
f 244/244 255/255 253/253
f 245/245 255/255 244/244
f 253/253 256/256 254/254
f 255/255 256/256 253/253
f 248/248 257/257 245/245
f 245/245 257/257 255/255
f 257/257 258/258 255/255
f 255/255 258/258 256/256
f 252/252 254/254 259/259
f 259/259 254/254 260/260
f 261/261 252/252 259/259
f 251/251 252/252 261/261
f 258/258 262/262 256/256
f 256/256 263/263 254/254
f 256/256 262/262 263/263
f 254/254 263/263 260/260
f 264/264 265/265 266/266
f 266/266 265/265 267/267
f 265/265 268/268 267/267
f 267/267 268/268 269/269
f 268/268 270/270 269/269
f 269/269 270/270 271/271
f 270/270 272/272 271/271
f 271/271 272/272 273/273
f 272/272 274/274 273/273
f 273/273 274/274 275/275
f 274/274 276/276 275/275
f 275/275 276/276 277/277
f 276/276 278/278 277/277
f 277/277 278/278 279/279
f 278/278 280/280 279/279
f 279/279 280/280 281/281
f 282/282 283/283 284/284
f 285/285 282/282 284/284
f 286/286 285/285 284/284
f 287/287 286/286 284/284
f 288/288 287/287 284/284
f 289/289 288/288 284/284
f 290/290 289/289 284/284
f 283/283 290/290 284/284
f 266/266 267/267 291/291
f 291/291 267/267 292/292
f 267/267 269/269 292/292
f 269/269 271/271 293/293
f 292/292 269/269 293/293
f 271/271 273/273 294/294
f 293/293 271/271 294/294
f 294/294 273/273 295/295
f 273/273 275/275 295/295
f 275/275 277/277 296/296
f 295/295 275/275 296/296
f 296/296 277/277 297/297
f 277/277 279/279 297/297
f 297/297 279/279 298/298
f 279/279 281/281 298/298
f 298/298 281/281 299/299
f 291/291 292/292 300/300
f 292/292 293/293 301/301
f 300/300 292/292 301/301
f 301/301 293/293 302/302
f 293/293 294/294 302/302
f 302/302 294/294 303/303
f 294/294 295/295 303/303
f 295/295 296/296 304/304
f 303/303 295/295 304/304
f 304/304 296/296 305/305
f 296/296 297/297 305/305
f 305/305 297/297 306/306
f 297/297 298/298 306/306
f 306/306 298/298 307/307
f 298/298 299/299 307/307
f 307/307 299/299 308/308
f 309/309 310/310 311/311
f 312/312 310/310 309/309
f 313/313 310/310 312/312
f 314/314 310/310 313/313
f 315/315 310/310 314/314
f 316/316 310/310 315/315
f 311/311 310/310 317/317
f 317/317 310/310 316/316
f 239/239 318/318 240/240
f 240/240 318/318 319/319
f 240/240 319/319 243/243
f 243/243 319/319 320/320
f 320/320 321/321 243/243
f 243/243 321/321 246/246
f 246/246 322/322 247/247
f 321/321 322/322 246/246
f 318/318 323/323 319/319
f 319/319 323/323 324/324
f 319/319 324/324 320/320
f 323/323 325/325 324/324
f 324/324 325/325 326/326
f 324/324 326/326 327/327
f 320/320 324/324 327/327
f 327/327 326/326 328/328
f 328/328 329/329 327/327
f 320/320 330/330 321/321
f 327/327 329/329 330/330
f 327/327 330/330 320/320
f 329/329 331/331 330/330
f 321/321 332/332 322/322
f 330/330 331/331 332/332
f 330/330 332/332 321/321
f 326/326 333/333 328/328
f 328/328 333/333 334/334
f 325/325 335/335 326/326
f 326/326 335/335 333/333
f 328/328 336/336 329/329
f 334/334 336/336 328/328
f 329/329 337/337 331/331
f 336/336 337/337 329/329
f 264/264 338/338 265/265
f 265/265 339/339 268/268
f 265/265 338/338 339/339
f 340/340 280/280 278/278
f 341/341 280/280 340/340
f 268/268 339/339 342/342
f 268/268 342/342 270/270
f 270/270 342/342 343/343
f 270/270 343/343 272/272
f 272/272 344/344 274/274
f 272/272 343/343 344/344
f 274/274 345/345 276/276
f 274/274 344/344 345/345
f 276/276 346/346 278/278
f 276/276 345/345 346/346
f 278/278 346/346 340/340
f 347/347 348/348 349/349
f 350/350 347/347 349/349
f 351/351 350/350 349/349
f 352/352 351/351 349/349
f 353/353 352/352 349/349
f 348/348 353/353 349/349
f 348/348 347/347 354/354
f 347/347 350/350 355/355
f 354/354 347/347 355/355
f 350/350 351/351 356/356
f 355/355 350/350 356/356
f 356/356 351/351 357/357
f 351/351 352/352 357/357
f 352/352 353/353 358/358
f 357/357 352/352 358/358
f 358/358 353/353 359/359
f 353/353 348/348 359/359
f 359/359 348/348 354/354
f 360/360 361/361 362/362
f 362/362 361/361 363/363
f 360/360 364/364 361/361
f 365/365 364/364 360/360
f 366/366 367/367 368/368
f 368/368 367/367 369/369
f 366/366 370/370 367/367
f 371/371 370/370 366/366
f 371/371 372/372 370/370
f 373/373 372/372 371/371
f 362/362 363/363 374/374
f 374/374 363/363 375/375
f 363/363 361/361 376/376
f 369/369 367/367 376/376
f 367/367 370/370 376/376
f 370/370 372/372 376/376
f 375/375 363/363 376/376
f 361/361 364/364 376/376
f 377/377 378/378 379/379
f 379/379 378/378 380/380
f 378/378 381/381 380/380
f 380/380 381/381 382/382
f 381/381 383/383 382/382
f 382/382 383/383 384/384
f 385/385 386/386 387/387
f 387/387 386/386 388/388
f 386/386 389/389 388/388
f 388/388 389/389 390/390
f 389/389 391/391 390/390
f 390/390 391/391 392/392
f 391/391 393/393 392/392
f 392/392 393/393 394/394
f 395/395 377/377 379/379
f 396/396 377/377 395/395
f 388/388 390/390 397/397
f 397/397 390/390 398/398
f 397/397 398/398 399/399
f 399/399 398/398 400/400
f 387/387 388/388 401/401
f 401/401 388/388 397/397
f 402/402 397/397 399/399
f 401/401 397/397 402/402
f 382/382 384/384 403/403
f 403/403 384/384 404/404
f 403/403 404/404 405/405
f 405/405 404/404 406/406
f 407/407 382/382 403/403
f 380/380 382/382 407/407
f 407/407 403/403 408/408
f 408/408 403/403 405/405
f 409/409 380/380 407/407
f 379/379 380/380 409/409
f 410/410 407/407 408/408
f 409/409 407/407 410/410
f 395/395 379/379 411/411
f 411/411 379/379 409/409
f 411/411 409/409 412/412
f 412/412 409/409 410/410
f 390/390 413/413 398/398
f 392/392 394/394 413/413
f 392/392 413/413 390/390
f 413/413 394/394 414/414
f 398/398 415/415 400/400
f 413/413 415/415 398/398
f 413/413 414/414 415/415
f 415/415 414/414 416/416
f 417/417 418/418 419/419
f 419/419 418/418 420/420
f 417/417 421/421 418/418
f 418/418 421/421 422/422
f 421/421 423/423 422/422
f 424/424 423/423 421/421
f 425/425 426/426 427/427
f 427/427 426/426 428/428
f 426/426 429/429 428/428
f 428/428 429/429 430/430
f 429/429 431/431 430/430
f 430/430 431/431 432/432
f 431/431 433/433 432/432
f 432/432 433/433 434/434
f 433/433 435/435 434/434
f 434/434 435/435 436/436
f 435/435 437/437 436/436
f 436/436 437/437 438/438
f 437/437 439/439 438/438
f 438/438 439/439 440/440
f 439/439 441/441 440/440
f 440/440 441/441 442/442
f 427/427 428/428 443/443
f 443/443 428/428 444/444
f 428/428 430/430 444/444
f 444/444 430/430 445/445
f 430/430 432/432 445/445
f 445/445 432/432 446/446
f 432/432 434/434 446/446
f 446/446 434/434 447/447
f 434/434 436/436 447/447
f 447/447 436/436 448/448
f 436/436 438/438 448/448
f 448/448 438/438 449/449
f 438/438 440/440 449/449
f 440/440 442/442 450/450
f 449/449 440/440 450/450
f 450/450 442/442 451/451
f 443/443 444/444 452/452
f 452/452 444/444 453/453
f 444/444 445/445 453/453
f 445/445 446/446 454/454
f 453/453 445/445 454/454
f 454/454 446/446 455/455
f 446/446 447/447 455/455
f 455/455 447/447 456/456
f 447/447 448/448 456/456
f 456/456 448/448 457/457
f 448/448 449/449 457/457
f 457/457 449/449 458/458
f 450/450 451/451 459/459
f 450/450 459/459 449/449
f 449/449 459/459 458/458
f 459/459 451/451 460/460
f 452/452 453/453 461/461
f 453/453 454/454 462/462
f 461/461 453/453 462/462
f 454/454 455/455 463/463
f 462/462 454/454 463/463
f 463/463 455/455 464/464
f 455/455 456/456 464/464
f 456/456 457/457 465/465
f 464/464 456/456 465/465
f 457/457 458/458 466/466
f 465/465 457/457 466/466
f 466/466 458/458 467/467
f 459/459 468/468 458/458
f 458/458 468/468 467/467
f 459/459 469/469 468/468
f 460/460 469/469 459/459
f 470/470 471/471 472/472
f 472/472 471/471 473/473
f 471/471 474/474 473/473
f 473/473 474/474 475/475
f 474/474 476/476 475/475
f 475/475 476/476 477/477
f 476/476 478/478 477/477
f 477/477 478/478 479/479
f 478/478 480/480 479/479
f 479/479 480/480 481/481
f 480/480 482/482 481/481
f 481/481 482/482 483/483
f 482/482 484/484 483/483
f 483/483 484/484 485/485
f 484/484 486/486 485/485
f 485/485 486/486 487/487
f 472/472 473/473 488/488
f 473/473 475/475 489/489
f 488/488 473/473 489/489
f 475/475 477/477 490/490
f 489/489 475/475 490/490
f 477/477 479/479 491/491
f 490/490 477/477 491/491
f 491/491 479/479 492/492
f 479/479 481/481 492/492
f 481/481 483/483 493/493
f 492/492 481/481 493/493
f 493/493 483/483 494/494
f 483/483 485/485 494/494
f 494/494 485/485 495/495
f 485/485 487/487 495/495
f 495/495 487/487 496/496
f 488/488 489/489 497/497
f 489/489 490/490 498/498
f 497/497 489/489 498/498
f 498/498 490/490 499/499
f 490/490 491/491 499/499
f 491/491 492/492 500/500
f 499/499 491/491 500/500
f 492/492 493/493 501/501
f 500/500 492/492 501/501
f 493/493 494/494 502/502
f 501/501 493/493 502/502
f 494/494 495/495 503/503
f 502/502 494/494 503/503
f 503/503 495/495 504/504
f 495/495 496/496 504/504
f 504/504 496/496 505/505
f 497/497 498/498 506/506
f 506/506 498/498 507/507
f 498/498 499/499 507/507
f 499/499 500/500 508/508
f 507/507 499/499 508/508
f 508/508 500/500 509/509
f 500/500 501/501 509/509
f 501/501 502/502 510/510
f 509/509 501/501 510/510
f 502/502 503/503 511/511
f 510/510 502/502 511/511
f 511/511 503/503 512/512
f 503/503 504/504 512/512
f 504/504 505/505 513/513
f 512/512 504/504 513/513
f 513/513 505/505 514/514
f 506/506 507/507 515/515
f 515/515 507/507 516/516
f 507/507 508/508 516/516
f 516/516 508/508 517/517
f 508/508 509/509 517/517
f 509/509 510/510 518/518
f 517/517 509/509 518/518
f 518/518 510/510 519/519
f 510/510 511/511 519/519
f 519/519 511/511 520/520
f 511/511 512/512 520/520
f 520/520 512/512 521/521
f 512/512 513/513 521/521
f 521/521 513/513 522/522
f 513/513 514/514 522/522
f 522/522 514/514 523/523
f 471/471 470/470 524/524
f 474/474 471/471 525/525
f 476/476 474/474 526/526
f 478/478 476/476 527/527
f 480/480 478/478 528/528
f 482/482 480/480 529/529
f 484/484 482/482 530/530
f 486/486 484/484 531/531
f 532/532 533/533 534/534
f 535/535 532/532 534/534
f 536/536 535/535 534/534
f 537/537 536/536 534/534
f 538/538 537/537 534/534
f 533/533 538/538 534/534
f 533/533 532/532 539/539
f 539/539 532/532 540/540
f 532/532 535/535 540/540
f 535/535 536/536 541/541
f 540/540 535/535 541/541
f 541/541 536/536 542/542
f 536/536 537/537 542/542
f 542/542 537/537 543/543
f 537/537 538/538 543/543
f 544/544 533/533 539/539
f 543/543 538/538 544/544
f 538/538 533/533 544/544
f 545/545 546/546 547/547
f 547/547 546/546 548/548
f 546/546 549/549 548/548
f 548/548 549/549 550/550
f 549/549 551/551 550/550
f 552/552 551/551 549/549
f 552/552 553/553 551/551
f 554/554 553/553 552/552
f 555/555 545/545 556/556
f 556/556 545/545 547/547
f 554/554 556/556 553/553
f 555/555 556/556 554/554
f 548/548 550/550 557/557
f 550/550 551/551 557/557
f 551/551 553/553 557/557
f 553/553 556/556 557/557
f 556/556 547/547 557/557
f 547/547 548/548 557/557
f 558/558 559/559 560/560
f 560/560 559/559 561/561
f 559/559 562/562 561/561
f 561/561 562/562 563/563
f 562/562 564/564 563/563
f 565/565 564/564 562/562
f 565/565 566/566 564/564
f 567/567 566/566 565/565
f 568/568 558/558 560/560
f 567/567 568/568 566/566
f 569/569 558/558 568/568
f 569/569 568/568 567/567
f 560/560 561/561 570/570
f 564/564 566/566 570/570
f 566/566 568/568 570/570
f 568/568 560/560 570/570
f 563/563 564/564 570/570
f 561/561 563/563 570/570
f 571/571 572/572 573/573
f 573/573 572/572 574/574
f 572/572 575/575 574/574
f 574/574 575/575 576/576
f 575/575 577/577 576/576
f 578/578 577/577 575/575
f 578/578 579/579 577/577
f 580/580 579/579 578/578
f 581/581 571/571 573/573
f 580/580 581/581 579/579
f 582/582 571/571 581/581
f 582/582 581/581 580/580
f 576/576 577/577 583/583
f 577/577 579/579 583/583
f 574/574 576/576 583/583
f 573/573 574/574 583/583
f 581/581 573/573 583/583
f 579/579 581/581 583/583
f 584/584 585/585 586/586
f 586/586 585/585 587/587
f 585/585 588/588 587/587
f 587/587 588/588 589/589
f 588/588 590/590 589/589
f 591/591 590/590 588/588
f 591/591 592/592 590/590
f 593/593 592/592 591/591
f 594/594 584/584 586/586
f 593/593 594/594 592/592
f 595/595 594/594 593/593
f 595/595 584/584 594/594
f 587/587 589/589 596/596
f 589/589 590/590 596/596
f 590/590 592/592 596/596
f 592/592 594/594 596/596
f 594/594 586/586 596/596
f 586/586 587/587 596/596
f 461/461 462/462 597/597
f 464/464 465/465 597/597
f 465/465 466/466 597/597
f 466/466 467/467 597/597
f 467/467 468/468 597/597
f 468/468 469/469 597/597
f 463/463 464/464 597/597
f 462/462 463/463 597/597
f 598/598 599/599 600/600
f 601/601 602/602 603/603
f 603/603 602/602 604/604
f 605/605 598/598 606/606
f 606/606 607/607 605/605
f 605/605 607/607 608/608
f 609/609 610/610 611/611
f 611/611 610/610 612/612
f 609/609 613/613 614/614
f 614/614 610/610 609/609
f 613/613 615/615 614/614
f 614/614 615/615 616/616
f 617/617 618/618 619/619
f 619/619 618/618 620/620
f 621/621 622/622 623/623
f 623/623 622/622 624/624
f 617/617 624/624 622/622
f 602/602 625/625 604/604
f 604/604 625/625 626/626
f 627/627 617/617 622/622
f 627/627 618/618 617/617
f 627/627 628/628 618/618
f 627/627 629/629 628/628
f 630/630 631/631 632/632
f 633/633 610/610 614/614
f 634/634 635/635 636/636
f 637/637 602/602 601/601
f 638/638 602/602 637/637
f 602/602 639/639 625/625
f 638/638 639/639 602/602
f 638/638 640/640 639/639
f 627/627 639/639 641/641
f 639/639 640/640 641/641
f 599/599 642/642 600/600
f 643/643 644/644 642/642
f 600/600 642/642 645/645
f 642/642 644/644 645/645
f 608/608 607/607 646/646
f 613/613 647/647 607/607
f 646/646 607/607 647/647
f 609/609 647/647 613/613
f 648/648 616/616 615/615
f 649/649 616/616 648/648
f 650/650 651/651 620/620
f 620/620 651/651 652/652
f 638/638 653/653 640/640
f 637/637 653/653 638/638
f 654/654 655/655 618/618
f 618/618 655/655 656/656
f 657/657 658/658 627/627
f 627/627 658/658 629/629
f 659/659 652/652 651/651
f 660/660 652/652 659/659
f 661/661 660/660 659/659
f 662/662 663/663 664/664
f 664/664 663/663 665/665
f 606/606 598/598 666/666
f 598/598 600/600 666/666
f 667/667 648/648 615/615
f 667/667 615/615 668/668
f 668/668 615/615 613/613
f 606/606 669/669 662/662
f 666/666 669/669 606/606
f 662/662 669/669 663/663
f 663/663 669/669 670/670
f 611/611 671/671 609/609
f 609/609 671/671 647/647
f 637/637 601/601 672/672
f 653/653 637/637 672/672
f 672/672 601/601 603/603
f 653/653 673/673 640/640
f 653/653 672/672 673/673
f 640/640 674/674 641/641
f 640/640 673/673 674/674
f 675/675 676/676 677/677
f 618/618 628/628 678/678
f 678/678 679/679 618/618
f 618/618 679/679 654/654
f 680/680 624/624 617/617
f 662/662 681/681 606/606
f 606/606 681/681 607/607
f 681/681 668/668 613/613
f 662/662 664/664 681/681
f 681/681 613/613 607/607
f 681/681 682/682 668/668
f 681/681 664/664 682/682
f 682/682 664/664 683/683
f 621/621 684/684 622/622
f 639/639 685/685 625/625
f 627/627 685/685 639/639
f 622/622 684/684 685/685
f 627/627 622/622 685/685
f 685/685 626/626 625/625
f 684/684 626/626 685/685
f 686/686 687/687 688/688
f 688/688 687/687 689/689
f 687/687 690/690 689/689
f 687/687 620/620 690/690
f 690/690 620/620 652/652
f 652/652 660/660 690/690
f 688/688 689/689 691/691
f 689/689 690/690 692/692
f 691/691 689/689 692/692
f 618/618 693/693 620/620
f 618/618 656/656 693/693
f 620/620 693/693 694/694
f 657/657 627/627 695/695
f 695/695 627/627 641/641
f 641/641 674/674 695/695
f 655/655 696/696 656/656
f 656/656 697/697 693/693
f 656/656 696/696 697/697
f 698/698 617/617 619/619
f 680/680 698/698 675/675
f 675/675 698/698 676/676
f 680/680 617/617 698/698
f 631/631 699/699 632/632
f 610/610 633/633 700/700
f 700/700 612/612 610/610
f 700/700 633/633 701/701
f 620/620 702/702 650/650
f 694/694 702/702 620/620
f 703/703 612/612 700/700
f 704/704 666/666 600/600
f 704/704 669/669 666/666
f 705/705 706/706 707/707
f 707/707 706/706 708/708
f 709/709 647/647 671/671
f 646/646 647/647 709/709
f 668/668 682/682 710/710
f 694/694 693/693 711/711
f 711/711 693/693 712/712
f 712/712 699/699 711/711
f 693/693 697/697 712/712
f 712/712 630/630 632/632
f 697/697 630/630 712/712
f 632/632 699/699 712/712
f 677/677 676/676 713/713
f 713/713 676/676 714/714
f 715/715 634/634 714/714
f 676/676 715/715 714/714
f 715/715 635/635 634/634
f 698/698 715/715 676/676
f 682/682 683/683 716/716
f 682/682 716/716 710/710
f 710/710 716/716 717/717
f 711/711 718/718 694/694
f 694/694 718/718 702/702
f 599/599 719/719 642/642
f 642/642 719/719 720/720
f 716/716 683/683 721/721
f 722/722 628/628 629/629
f 723/723 629/629 658/658
f 722/722 629/629 723/723
f 663/663 724/724 665/665
f 663/663 670/670 724/724
f 665/665 724/724 725/725
f 725/725 724/724 726/726
f 726/726 724/724 727/727
f 728/728 729/729 730/730
f 730/730 729/729 731/731
f 724/724 670/670 732/732
f 724/724 733/733 727/727
f 732/732 733/733 724/724
f 734/734 735/735 736/736
f 619/619 736/736 698/698
f 698/698 736/736 715/715
f 736/736 620/620 687/687
f 619/619 620/620 736/736
f 715/715 736/736 737/737
f 737/737 635/635 715/715
f 736/736 735/735 737/737
f 730/730 738/738 728/728
f 706/706 705/705 738/738
f 728/728 738/738 739/739
f 738/738 705/705 739/739
f 719/719 599/599 740/740
f 740/740 599/599 598/598
f 741/741 742/742 743/743
f 743/743 742/742 744/744
f 742/742 745/745 744/744
f 745/745 746/746 729/729
f 746/746 745/745 742/742
f 729/729 746/746 731/731
f 747/747 669/669 704/704
f 678/678 628/628 748/748
f 678/678 749/749 679/679
f 748/748 749/749 678/678
f 714/714 634/634 750/750
f 636/636 750/750 634/634
f 751/751 636/636 635/635
f 752/752 636/636 751/751
f 753/753 722/722 723/723
f 754/754 722/722 753/753
f 690/690 660/660 755/755
f 692/692 690/690 755/755
f 756/756 628/628 722/722
f 748/748 628/628 756/756
f 722/722 754/754 756/756
f 756/756 754/754 757/757
f 757/757 758/758 756/756
f 756/756 758/758 748/748
f 752/752 759/759 636/636
f 636/636 759/759 750/750
f 714/714 759/759 713/713
f 750/750 759/759 714/714
f 758/758 760/760 748/748
f 748/748 760/760 749/749
f 758/758 757/757 761/761
f 758/758 761/761 760/760
f 761/761 754/754 753/753
f 757/757 754/754 761/761
f 762/762 648/648 667/667
f 660/660 661/661 763/763
f 660/660 763/763 755/755
f 692/692 755/755 763/763
f 692/692 763/763 764/764
f 692/692 764/764 691/691
f 764/764 763/763 765/765
f 763/763 661/661 765/765
f 630/630 697/697 766/766
f 630/630 766/766 631/631
f 766/766 697/697 696/696
f 767/767 642/642 720/720
f 643/643 642/642 767/767
f 768/768 699/699 631/631
f 699/699 768/768 711/711
f 711/711 768/768 718/718
f 769/769 741/741 743/743
f 770/770 741/741 769/769
f 635/635 737/737 771/771
f 771/771 737/737 735/735
f 721/721 772/772 716/716
f 716/716 772/772 773/773
f 717/717 716/716 774/774
f 774/774 716/716 773/773
f 762/762 775/775 648/648
f 648/648 775/775 776/776
f 777/777 648/648 776/776
f 649/649 648/648 777/777
f 778/778 700/700 701/701
f 779/779 700/700 778/778
f 780/780 700/700 779/779
f 703/703 700/700 780/780
f 730/730 731/731 781/781
f 781/781 731/731 782/782
f 783/783 730/730 781/781
f 738/738 783/783 706/706
f 738/738 730/730 783/783
f 706/706 783/783 784/784
f 706/706 784/784 708/708
f 742/742 741/741 785/785
f 742/742 785/785 746/746
f 785/785 741/741 786/786
f 741/741 770/770 786/786
f 746/746 787/787 731/731
f 731/731 787/787 782/782
f 746/746 785/785 787/787
f 708/708 784/784 788/788
f 786/786 770/770 789/789
f 790/790 791/791 792/792
f 793/793 790/790 792/792
f 794/794 793/793 792/792
f 795/795 796/796 792/792
f 797/797 795/795 792/792
f 791/791 797/797 792/792
f 796/796 798/798 792/792
f 798/798 794/794 792/792
f 799/799 800/800 801/801
f 801/801 800/800 802/802
f 803/803 804/804 805/805
f 805/805 804/804 806/806
f 804/804 807/807 806/806
f 806/806 807/807 808/808
f 807/807 809/809 808/808
f 808/808 809/809 810/810
f 809/809 811/811 810/810
f 812/812 799/799 801/801
f 811/811 799/799 812/812
f 810/810 811/811 812/812
f 801/801 802/802 813/813
f 813/813 802/802 814/814
f 805/805 806/806 815/815
f 815/815 806/806 816/816
f 806/806 808/808 816/816
f 816/816 808/808 817/817
f 808/808 810/810 817/817
f 817/817 810/810 818/818
f 810/810 812/812 818/818
f 818/818 812/812 819/819
f 819/819 801/801 813/813
f 812/812 801/801 819/819
f 807/807 804/804 820/820
f 811/811 809/809 820/820
f 799/799 811/811 820/820
f 800/800 799/799 820/820
f 804/804 803/803 820/820
f 809/809 807/807 820/820
f 819/819 813/813 821/821
f 815/815 816/816 821/821
f 813/813 814/814 821/821
f 817/817 818/818 821/821
f 816/816 817/817 821/821
f 818/818 819/819 821/821
o _2_0
v 0.983216 0.950989 -0.473492
v 0.680406 0.950989 -0.853202
v 1.183420 1.296740 -0.569902
v 0.818949 1.296740 -1.026930
v 0.242834 0.950989 -1.063930
v 0.292280 1.296740 -1.280560
v -0.242834 0.950989 -1.063930
v -0.292280 1.296740 -1.280560
v -0.680406 0.950989 -0.853202
v -0.818949 1.296740 -1.026930
v -0.983216 0.950989 -0.473492
v -1.183420 1.296740 -0.569902
v -1.091290 0.950989 0.000000
v -1.313490 1.296740 0.000000
v -0.983216 0.950989 0.473493
v -1.183420 1.296740 0.569902
v -0.680408 0.950989 0.853203
v -0.818949 1.296740 1.026930
v -0.242835 0.950989 1.063930
v -0.292280 1.296740 1.280560
v 0.242834 0.950989 1.063930
v 0.292280 1.296740 1.280560
v 0.680406 0.950989 0.853203
v 0.818949 1.296740 1.026930
v 0.983216 0.950989 0.473493
v 1.183420 1.296740 0.569902
v 1.091290 0.950989 0.000000
v 1.313490 1.296740 0.000000
v 0.983216 0.950989 -0.473492
v 1.183420 1.296740 -0.569902
v 1.287740 1.691100 -0.620141
v 0.891144 1.691100 -1.117460
v 0.318045 1.691100 -1.393450
v -0.318045 1.691100 -1.393450
v -0.891144 1.691100 -1.117460
v -1.287740 1.691100 -0.620144
v -1.429280 1.691100 0.000000
v -1.287740 1.691100 0.620141
v -0.891144 1.691100 1.117460
v -0.318045 1.691100 1.393450
v 0.318045 1.691100 1.393450
v 0.891144 1.691100 1.117460
v 1.287740 1.691100 0.620144
v 1.429280 1.691100 0.000000
v 1.287740 1.691100 -0.620141
v 1.287740 2.102090 -0.620141
v 0.891144 2.102090 -1.117460
v 0.318045 2.102090 -1.393450
v -0.318045 2.102090 -1.393450
v -0.891144 2.102090 -1.117460
v -1.287740 2.102090 -0.620144
v -1.429280 2.102090 0.000000
v -1.287740 2.102090 0.620141
v -0.891144 2.102090 1.117460
v -0.318045 2.102090 1.393450
v 0.318045 2.102090 1.393450
v 0.891144 2.102090 1.117460
v 1.287740 2.102090 0.620144
v 1.429280 2.102090 0.000000
v 1.287740 2.102090 -0.620141
v 1.183420 2.496450 -0.569902
v 0.818949 2.496450 -1.026930
v 0.292280 2.496450 -1.280560
v -0.292280 2.496450 -1.280560
v -0.818949 2.496450 -1.026930
v -1.183420 2.496450 -0.569902
v -1.313490 2.496450 0.000000
v -1.183420 2.496450 0.569902
v -0.818949 2.496450 1.026930
v -0.292280 2.496450 1.280560
v 0.292280 2.496450 1.280560
v 0.818949 2.496450 1.026930
v 1.183420 2.496450 0.569902
v 1.313490 2.496450 0.000000
v 1.183420 2.496450 -0.569902
v 0.983216 2.842200 -0.473492
v 0.680406 2.842200 -0.853202
v 0.242834 2.842200 -1.063929
v -0.242834 2.842200 -1.063929
v -0.680406 2.842200 -0.853202
v -0.983216 2.842200 -0.473492
v -1.091290 2.842200 0.000000
v -0.983216 2.842200 0.473493
v -0.680408 2.842200 0.853203
v -0.242835 2.842200 1.063930
v 0.242834 2.842200 1.063930
v 0.680406 2.842200 0.853203
v 0.983216 2.842200 0.473493
v 1.091290 2.842200 0.000000
v 0.983216 2.842200 -0.473492
v 0.703365 3.111350 -0.338722
v 0.486744 3.111350 -0.610355
v 0.173717 3.111350 -0.761101
v -0.173716 3.111350 -0.761101
v -0.486744 3.111350 -0.610355
v -0.703365 3.111350 -0.338722
v -0.780675 3.111350 0.000001
v -0.703365 3.111350 0.338724
v -0.486744 3.111350 0.610358
v -0.173717 3.111350 0.761104
v 0.173716 3.111350 0.761104
v 0.486744 3.111350 0.610358
v 0.703365 3.111350 0.338724
v 0.780675 3.111350 0.000001
v 0.703365 3.111350 -0.338722
v 0.366530 3.282090 -0.176510
v 0.253646 3.282090 -0.318060
v 0.090525 3.282090 -0.396617
v -0.090525 3.282090 -0.396617
v -0.253646 3.282090 -0.318060
v -0.366530 3.282090 -0.176510
v -0.406815 3.282090 0.000001
v -0.366530 3.282090 0.176512
v -0.253646 3.282090 0.318063
v -0.090525 3.282090 0.396619
v 0.090525 3.282090 0.396619
v 0.253646 3.282090 0.318063
v 0.366530 3.282090 0.176512
v 0.406815 3.282090 0.000001
v 0.366530 3.282090 -0.176510
v 0.000000 3.340580 0.000001
v 0.511119 0.716015 -0.640922
v 0.738587 0.716015 -0.355685
v 0.182416 0.716015 -0.799215
v -0.182416 0.716015 -0.799215
v -0.511119 0.716015 -0.640922
v -0.738587 0.716015 -0.355685
v -0.819768 0.716015 0.000000
v -0.738587 0.716015 0.355686
v -0.511119 0.716015 0.640920
v -0.182416 0.716015 0.799216
v 0.182416 0.716015 0.799216
v 0.511119 0.716015 0.640920
v 0.738587 0.716015 0.355686
v 0.819768 0.716015 0.000000
v 0.738587 0.716015 -0.355685
vt 0.000000 0.098391
vt 0.071413 0.098391
vt 0.000000 0.211096
vt 0.071413 0.211096
vt 0.142857 0.098391
vt 0.142857 0.211096
vt 0.214270 0.098391
vt 0.214270 0.211096
vt 0.285714 0.098391
vt 0.285714 0.211096
vt 0.357127 0.098391
vt 0.357127 0.211096
vt 0.428571 0.098391
vt 0.428571 0.211096
vt 0.499985 0.098391
vt 0.499985 0.211096
vt 0.571428 0.098391
vt 0.571428 0.211096
vt 0.642872 0.098391
vt 0.642872 0.211096
vt 0.714285 0.098391
vt 0.714285 0.211096
vt 0.785729 0.098391
vt 0.785729 0.211096
vt 0.857143 0.098391
vt 0.857143 0.211096
vt 0.928586 0.098391
vt 0.928586 0.211096
vt 1.000000 0.098391
vt 1.000000 0.211096
vt 0.000000 0.323801
vt 0.071413 0.323801
vt 0.142857 0.323801
vt 0.214270 0.323801
vt 0.285714 0.323801
vt 0.357127 0.323801
vt 0.428571 0.323801
vt 0.499985 0.323801
vt 0.571428 0.323801
vt 0.642872 0.323801
vt 0.714285 0.323801
vt 0.785729 0.323801
vt 0.857143 0.323801
vt 0.928586 0.323801
vt 1.000000 0.323801
vt 0.000000 0.436506
vt 0.071413 0.436506
vt 0.142857 0.436506
vt 0.214270 0.436506
vt 0.285714 0.436506
vt 0.357127 0.436506
vt 0.428571 0.436506
vt 0.499985 0.436506
vt 0.571428 0.436506
vt 0.642872 0.436506
vt 0.714285 0.436506
vt 0.785729 0.436506
vt 0.857143 0.436506
vt 0.928586 0.436506
vt 1.000000 0.436506
vt 0.000000 0.549211
vt 0.071413 0.549211
vt 0.142857 0.549211
vt 0.214270 0.549211
vt 0.285714 0.549211
vt 0.357127 0.549211
vt 0.428571 0.549211
vt 0.499985 0.549211
vt 0.571428 0.549211
vt 0.642872 0.549211
vt 0.714285 0.549211
vt 0.785729 0.549211
vt 0.857143 0.549211
vt 0.928586 0.549211
vt 1.000000 0.549211
vt 0.000000 0.661885
vt 0.071413 0.661885
vt 0.142857 0.661885
vt 0.214270 0.661885
vt 0.285714 0.661885
vt 0.357127 0.661885
vt 0.428571 0.661885
vt 0.499985 0.661885
vt 0.571428 0.661885
vt 0.642872 0.661885
vt 0.714285 0.661885
vt 0.785729 0.661885
vt 0.857143 0.661885
vt 0.928586 0.661885
vt 1.000000 0.661885
vt 0.000000 0.774590
vt 0.071413 0.774590
vt 0.142857 0.774590
vt 0.214270 0.774590
vt 0.285714 0.774590
vt 0.357127 0.774590
vt 0.428571 0.774590
vt 0.499985 0.774590
vt 0.571428 0.774590
vt 0.642872 0.774590
vt 0.714285 0.774590
vt 0.785729 0.774590
vt 0.857143 0.774590
vt 0.928586 0.774590
vt 1.000000 0.774590
vt 0.000000 0.887295
vt 0.071413 0.887295
vt 0.142857 0.887295
vt 0.214270 0.887295
vt 0.285714 0.887295
vt 0.357127 0.887295
vt 0.428571 0.887295
vt 0.499985 0.887295
vt 0.571428 0.887295
vt 0.642872 0.887295
vt 0.714285 0.887295
vt 0.785729 0.887295
vt 0.857143 0.887295
vt 0.928586 0.887295
vt 1.000000 0.887295
vt 0.500015 1.000000
vt 0.071413 0.000000
vt 0.000000 0.000000
vt 0.142857 0.000000
vt 0.214270 0.000000
vt 0.285714 0.000000
vt 0.357127 0.000000
vt 0.428571 0.000000
vt 0.499985 0.000000
vt 0.571428 0.000000
vt 0.642872 0.000000
vt 0.714285 0.000000
vt 0.785729 0.000000
vt 0.857143 0.000000
vt 0.928586 0.000000
vt 1.000000 0.000000
usemtl Mdl_0_Mtl_s025_snow_01
s 1
f 822/822 823/823 824/824
f 824/824 823/823 825/825
f 823/823 826/826 825/825
f 825/825 826/826 827/827
f 826/826 828/828 827/827
f 827/827 828/828 829/829
f 828/828 830/830 829/829
f 829/829 830/830 831/831
f 830/830 832/832 831/831
f 831/831 832/832 833/833
f 832/832 834/834 833/833
f 833/833 834/834 835/835
f 834/834 836/836 835/835
f 835/835 836/836 837/837
f 836/836 838/838 837/837
f 837/837 838/838 839/839
f 838/838 840/840 839/839
f 839/839 840/840 841/841
f 840/840 842/842 841/841
f 841/841 842/842 843/843
f 842/842 844/844 843/843
f 843/843 844/844 845/845
f 844/844 846/846 845/845
f 845/845 846/846 847/847
f 846/846 848/848 847/847
f 847/847 848/848 849/849
f 848/848 850/850 849/849
f 849/849 850/850 851/851
f 824/824 825/825 852/852
f 825/825 827/827 853/853
f 852/852 825/825 853/853
f 853/853 827/827 854/854
f 827/827 829/829 854/854
f 829/829 831/831 855/855
f 854/854 829/829 855/855
f 831/831 833/833 856/856
f 855/855 831/831 856/856
f 856/856 833/833 857/857
f 833/833 835/835 857/857
f 835/835 837/837 858/858
f 857/857 835/835 858/858
f 858/858 837/837 859/859
f 837/837 839/839 859/859
f 839/839 841/841 860/860
f 859/859 839/839 860/860
f 841/841 843/843 861/861
f 860/860 841/841 861/861
f 861/861 843/843 862/862
f 843/843 845/845 862/862
f 845/845 847/847 863/863
f 862/862 845/845 863/863
f 847/847 849/849 864/864
f 863/863 847/847 864/864
f 864/864 849/849 865/865
f 849/849 851/851 865/865
f 865/865 851/851 866/866
f 852/852 853/853 867/867
f 853/853 854/854 868/868
f 867/867 853/853 868/868
f 854/854 855/855 869/869
f 868/868 854/854 869/869
f 869/869 855/855 870/870
f 855/855 856/856 870/870
f 856/856 857/857 871/871
f 870/870 856/856 871/871
f 857/857 858/858 872/872
f 871/871 857/857 872/872
f 872/872 858/858 873/873
f 858/858 859/859 873/873
f 859/859 860/860 874/874
f 873/873 859/859 874/874
f 860/860 861/861 875/875
f 874/874 860/860 875/875
f 875/875 861/861 876/876
f 861/861 862/862 876/876
f 862/862 863/863 877/877
f 876/876 862/862 877/877
f 863/863 864/864 878/878
f 877/877 863/863 878/878
f 878/878 864/864 879/879
f 864/864 865/865 879/879
f 879/879 865/865 880/880
f 865/865 866/866 880/880
f 880/880 866/866 881/881
f 867/867 868/868 882/882
f 882/882 868/868 883/883
f 868/868 869/869 883/883
f 883/883 869/869 884/884
f 869/869 870/870 884/884
f 884/884 870/870 885/885
f 870/870 871/871 885/885
f 885/885 871/871 886/886
f 871/871 872/872 886/886
f 886/886 872/872 887/887
f 872/872 873/873 887/887
f 887/887 873/873 888/888
f 873/873 874/874 888/888
f 888/888 874/874 889/889
f 874/874 875/875 889/889
f 889/889 875/875 890/890
f 875/875 876/876 890/890
f 890/890 876/876 891/891
f 876/876 877/877 891/891
f 891/891 877/877 892/892
f 877/877 878/878 892/892
f 892/892 878/878 893/893
f 878/878 879/879 893/893
f 893/893 879/879 894/894
f 879/879 880/880 894/894
f 894/894 880/880 895/895
f 880/880 881/881 895/895
f 895/895 881/881 896/896
f 882/882 883/883 897/897
f 897/897 883/883 898/898
f 883/883 884/884 898/898
f 898/898 884/884 899/899
f 884/884 885/885 899/899
f 899/899 885/885 900/900
f 885/885 886/886 900/900
f 900/900 886/886 901/901
f 886/886 887/887 901/901
f 901/901 887/887 902/902
f 887/887 888/888 902/902
f 902/902 888/888 903/903
f 888/888 889/889 903/903
f 903/903 889/889 904/904
f 889/889 890/890 904/904
f 904/904 890/890 905/905
f 890/890 891/891 905/905
f 905/905 891/891 906/906
f 891/891 892/892 906/906
f 906/906 892/892 907/907
f 892/892 893/893 907/907
f 907/907 893/893 908/908
f 893/893 894/894 908/908
f 908/908 894/894 909/909
f 894/894 895/895 909/909
f 909/909 895/895 910/910
f 895/895 896/896 910/910
f 910/910 896/896 911/911
f 897/897 898/898 912/912
f 912/912 898/898 913/913
f 898/898 899/899 913/913
f 913/913 899/899 914/914
f 899/899 900/900 914/914
f 914/914 900/900 915/915
f 900/900 901/901 915/915
f 915/915 901/901 916/916
f 901/901 902/902 916/916
f 916/916 902/902 917/917
f 902/902 903/903 917/917
f 917/917 903/903 918/918
f 903/903 904/904 918/918
f 918/918 904/904 919/919
f 904/904 905/905 919/919
f 919/919 905/905 920/920
f 905/905 906/906 920/920
f 920/920 906/906 921/921
f 906/906 907/907 921/921
f 921/921 907/907 922/922
f 907/907 908/908 922/922
f 922/922 908/908 923/923
f 908/908 909/909 923/923
f 923/923 909/909 924/924
f 909/909 910/910 924/924
f 924/924 910/910 925/925
f 910/910 911/911 925/925
f 925/925 911/911 926/926
f 912/912 913/913 927/927
f 927/927 913/913 928/928
f 913/913 914/914 928/928
f 928/928 914/914 929/929
f 914/914 915/915 929/929
f 929/929 915/915 930/930
f 915/915 916/916 930/930
f 930/930 916/916 931/931
f 916/916 917/917 931/931
f 931/931 917/917 932/932
f 917/917 918/918 932/932
f 932/932 918/918 933/933
f 918/918 919/919 933/933
f 933/933 919/919 934/934
f 919/919 920/920 934/934
f 934/934 920/920 935/935
f 920/920 921/921 935/935
f 935/935 921/921 936/936
f 921/921 922/922 936/936
f 936/936 922/922 937/937
f 922/922 923/923 937/937
f 937/937 923/923 938/938
f 923/923 924/924 938/938
f 938/938 924/924 939/939
f 924/924 925/925 939/939
f 939/939 925/925 940/940
f 925/925 926/926 940/940
f 940/940 926/926 941/941
f 927/927 928/928 942/942
f 928/928 929/929 942/942
f 929/929 930/930 942/942
f 930/930 931/931 942/942
f 931/931 932/932 942/942
f 932/932 933/933 942/942
f 933/933 934/934 942/942
f 934/934 935/935 942/942
f 935/935 936/936 942/942
f 936/936 937/937 942/942
f 937/937 938/938 942/942
f 938/938 939/939 942/942
f 939/939 940/940 942/942
f 940/940 941/941 942/942
f 943/943 826/826 823/823
f 943/943 823/823 944/944
f 944/944 823/823 822/822
f 945/945 828/828 826/826
f 945/945 826/826 943/943
f 946/946 830/830 828/828
f 946/946 828/828 945/945
f 947/947 830/830 946/946
f 947/947 832/832 830/830
f 948/948 834/834 832/832
f 948/948 832/832 947/947
f 949/949 836/836 834/834
f 949/949 834/834 948/948
f 950/950 836/836 949/949
f 950/950 838/838 836/836
f 951/951 838/838 950/950
f 951/951 840/840 838/838
f 952/952 840/840 951/951
f 952/952 842/842 840/840
f 953/953 842/842 952/952
f 953/953 844/844 842/842
f 954/954 846/846 844/844
f 954/954 844/844 953/953
f 955/955 848/848 846/846
f 955/955 846/846 954/954
f 956/956 848/848 955/955
f 956/956 850/850 848/848
f 957/957 850/850 956/956
o _1_0
v 0.876589 0.477340 -0.422142
v 0.606617 0.477340 -0.760675
v 0.894072 0.540613 -0.430562
v 0.618717 0.540613 -0.775847
v 0.216500 0.477340 -0.948546
v 0.220818 0.540613 -0.967466
v -0.216499 0.477340 -0.948546
v -0.220818 0.540613 -0.967466
v -0.606617 0.477340 -0.760675
v -0.618717 0.540613 -0.775847
v -0.876589 0.477340 -0.422142
v -0.894072 0.540613 -0.430562
v -0.876589 0.477340 -0.422142
v -0.972941 0.477340 0.000000
v -0.894072 0.540613 -0.430562
v -0.992347 0.540613 0.000000
v -0.876589 0.477340 0.422142
v -0.894072 0.540613 0.430562
v -0.606617 0.477340 0.760675
v -0.618717 0.540613 0.775847
v -0.220818 0.540613 0.967466
v -0.216500 0.477340 0.948546
v 0.216499 0.477340 0.948546
v 0.220818 0.540613 0.967466
v 0.606617 0.477340 0.760675
v 0.618717 0.540613 0.775847
v 0.876589 0.477340 0.422142
v 0.894072 0.540613 0.430562
v 0.876589 0.477340 0.422142
v 0.972941 0.477340 0.000000
v 0.894072 0.540613 0.430562
v 0.992347 0.540613 0.000000
v -0.896685 0.716013 0.000000
v -0.807886 0.716013 0.389057
v 0.896685 0.716013 0.000000
v 0.807886 0.716013 0.389057
v -0.807886 0.716013 -0.389057
v 0.807886 0.716013 -0.389057
v -0.559074 0.716013 -0.701058
v 0.559074 0.716013 -0.701056
v -0.604291 0.642351 0.757759
v -0.215669 0.642351 0.944907
v -0.873228 0.642351 0.420523
v -0.969208 0.642351 0.000000
v -0.873228 0.642351 -0.420523
v -0.604291 0.642351 -0.757759
v -0.873228 0.642351 -0.420523
v -0.215669 0.642351 -0.944907
v 0.215669 0.642351 -0.944907
v 0.604291 0.642351 -0.757759
v 0.873228 0.642351 -0.420523
v 0.969208 0.642351 0.000000
v 0.873228 0.642351 0.420523
v 0.604291 0.642351 0.757759
v 0.873228 0.642351 0.420523
v 0.215669 0.642351 0.944907
v 0.807886 0.716013 -0.389057
v 0.559074 0.716013 -0.701056
v 0.896685 0.716013 0.000000
v 0.199532 0.716013 -0.874205
v -0.199531 0.716013 -0.874205
v -0.559074 0.716013 -0.701058
v -0.807886 0.716013 -0.389057
v -0.807886 0.716013 -0.389057
v -0.896685 0.716013 0.000000
v -0.807886 0.716013 0.389057
v -0.559074 0.716013 0.701058
v -0.199532 0.716013 0.874205
v 0.199531 0.716013 0.874205
v 0.559074 0.716013 0.701058
v 0.807886 0.716013 0.389057
v 0.807886 0.716013 0.389057
v 0.950071 0.238669 -0.457530
v 0.657470 0.238669 -0.824438
v 0.965371 0.317302 -0.464897
v 0.668056 0.317302 -0.837716
v 0.234648 0.238669 -1.028060
v 0.238427 0.317302 -1.044620
v -0.234648 0.238669 -1.028060
v -0.238427 0.317302 -1.044620
v -0.657470 0.238669 -0.824438
v -0.668056 0.317302 -0.837716
v -0.950071 0.238669 -0.457530
v -0.965371 0.317302 -0.464897
v -0.950071 0.238669 -0.457530
v -1.054500 0.238669 0.000000
v -0.965371 0.317302 -0.464897
v -1.071480 0.317302 0.000000
v -0.950071 0.238669 0.457530
v -0.965371 0.317302 0.464897
v -0.657470 0.238669 0.824438
v -0.668056 0.317302 0.837716
v -0.234648 0.238669 1.028060
v -0.238427 0.317302 1.044620
v 0.234648 0.238669 1.028060
v 0.238427 0.317302 1.044620
v 0.657470 0.238669 0.824438
v 0.668056 0.317302 0.837716
v 0.950071 0.238669 0.457530
v 0.965371 0.317302 0.464897
v 0.950071 0.238669 0.457530
v 1.054500 0.238669 0.000000
v 0.965371 0.317302 0.464897
v 1.071480 0.317302 0.000000
v 0.937908 0.409769 -0.451674
v 0.649051 0.409769 -0.813886
v 1.041000 0.409769 0.000000
v 0.231644 0.409769 -1.014900
v -0.231644 0.409769 -1.014900
v -0.649051 0.409769 -0.813886
v -0.937908 0.409769 -0.451674
v -0.937908 0.409769 -0.451674
v -1.041000 0.409769 0.000000
v -0.937908 0.409769 0.451674
v -0.649051 0.409769 0.813886
v -0.231644 0.409769 1.014900
v 0.231644 0.409769 1.014900
v 0.649051 0.409769 0.813886
v 0.937908 0.409769 0.451674
v 0.937908 0.409769 0.451674
v 0.703408 0.081650 -0.882047
v 1.016460 0.081650 -0.489498
v 0.688362 0.000000 -0.863179
v 0.994714 0.000000 -0.479028
v 0.245674 0.000000 -1.076370
v 0.251044 0.081650 -1.099890
v -0.245674 0.000000 -1.076370
v -0.251043 0.081650 -1.099890
v -0.688362 0.000000 -0.863179
v -0.703408 0.081650 -0.882047
v -0.994714 0.000000 -0.479028
v -1.016460 0.081650 -0.489500
v -1.128180 0.081650 0.000000
v -1.016460 0.081650 -0.489500
v -1.104050 0.000000 0.000000
v -0.994714 0.000000 -0.479028
v -0.994714 -0.000000 0.479028
v -1.016460 0.081650 0.489498
v -0.688362 -0.000000 0.863179
v -0.703408 0.081650 0.882047
v -0.245674 -0.000000 1.076370
v -0.251044 0.081650 1.099890
v 0.245673 -0.000000 1.076370
v 0.251044 0.081650 1.099890
v 0.688362 -0.000000 0.863179
v 0.703408 0.081650 0.882047
v 0.994711 -0.000000 0.479028
v 1.016460 0.081650 0.489500
v 1.128180 0.081650 0.000000
v 1.104050 0.000000 0.000000
v 1.016460 0.081650 0.489500
v 0.994711 -0.000000 0.479028
v -0.688362 -0.000000 0.863179
v 0.688362 -0.000000 0.863179
v -0.245674 -0.000000 1.076370
v 0.245673 -0.000000 1.076370
v -0.994714 0.000000 -0.479028
v 0.994714 0.000000 -0.479028
v -1.104050 0.000000 0.000000
v 1.104050 0.000000 0.000000
v -0.694835 0.171112 0.871294
v -0.247984 0.171112 1.086490
v -1.004070 0.171112 0.483532
v -1.114430 0.171112 0.000000
v -1.004060 0.171112 -0.483532
v -0.694835 0.171112 -0.871294
v -1.004060 0.171112 -0.483532
v -0.247983 0.171112 -1.086490
v 0.247984 0.171112 -1.086490
v 0.694835 0.171112 -0.871294
v 1.004060 0.171112 -0.483532
v 1.114430 0.171112 0.000000
v 1.004060 0.171112 0.483532
v 0.694835 0.171112 0.871294
v 1.004060 0.171112 0.483532
v 0.247983 0.171112 1.086490
v 0.559074 0.716013 0.701058
v -0.559074 0.716013 0.701058
v 0.199531 0.716013 0.874205
v -0.199532 0.716013 0.874205
v -0.199531 0.716013 -0.874205
v 0.199532 0.716013 -0.874205
v 0.994711 -0.000000 0.479028
v -0.994714 -0.000000 0.479028
v -0.688362 0.000000 -0.863179
v 0.688362 0.000000 -0.863179
v 0.245674 0.000000 -1.076370
v -0.245674 0.000000 -1.076370
v 0.738587 0.716013 -0.355685
v 0.511119 0.716013 -0.640920
v 0.738587 0.841893 -0.355685
v 0.511119 0.841893 -0.640920
v 0.182416 0.716013 -0.799216
v 0.182416 0.841893 -0.799216
v -0.182416 0.716013 -0.799216
v -0.182416 0.841893 -0.799216
v -0.511119 0.716013 -0.640923
v -0.511119 0.841893 -0.640923
v -0.738587 0.716013 -0.355685
v -0.738587 0.841893 -0.355685
v -0.819768 0.716013 0.000000
v -0.819768 0.841893 0.000000
v -0.738587 0.716013 0.355685
v -0.738587 0.841893 0.355685
v -0.738587 0.716013 0.355685
v -0.511119 0.716013 0.640920
v -0.738587 0.841893 0.355685
v -0.511119 0.841893 0.640920
v -0.182416 0.716013 0.799216
v -0.182416 0.841893 0.799216
v 0.182416 0.716013 0.799216
v 0.182416 0.841893 0.799216
v 0.511119 0.716013 0.640923
v 0.511119 0.841893 0.640923
v 0.738587 0.716013 0.355685
v 0.738587 0.841893 0.355685
v 0.819768 0.716013 0.000000
v 0.819768 0.841893 0.000000
v 0.738587 0.716013 -0.355685
v 0.738587 0.841893 -0.355685
v -0.819768 0.841893 0.000000
v -0.738587 0.841893 0.355685
v 0.819768 0.841893 0.000000
v 0.738587 0.841893 0.355685
v -0.738587 0.841893 -0.355685
v 0.738587 0.841893 -0.355685
v -0.511119 0.841893 -0.640923
v 0.511119 0.841893 -0.640920
v 0.511119 0.841893 0.640923
v -0.511119 0.841893 0.640920
v 0.182416 0.841893 0.799216
v -0.182416 0.841893 0.799216
v -0.182416 0.841893 -0.799216
v 0.182416 0.841893 -0.799216
vt 0.289442 0.907378
vt 0.430434 0.907378
vt 0.289442 0.930937
vt 0.430434 0.930937
vt 0.571426 0.907378
vt 0.571426 0.930937
vt 0.711870 0.907378
vt 0.711870 0.930937
vt 0.856393 0.907378
vt 0.856393 0.930937
vt 0.997385 0.907378
vt 0.997385 0.930937
vt 0.003896 0.653458
vt 0.148419 0.653458
vt 0.003896 0.677018
vt 0.148419 0.677018
vt 0.289442 0.653458
vt 0.289442 0.677018
vt 0.430434 0.653458
vt 0.430434 0.677018
vt 0.571426 0.677018
vt 0.571426 0.653458
vt 0.711870 0.653458
vt 0.711870 0.677018
vt 0.856393 0.653458
vt 0.856393 0.677018
vt 0.997385 0.653458
vt 0.997385 0.677018
vt 0.003896 0.907378
vt 0.148419 0.907378
vt 0.003896 0.930937
vt 0.148419 0.930937
vt 0.231395 0.193590
vt 0.250237 0.111040
vt 0.611879 0.193590
vt 0.593037 0.111040
vt 0.250237 0.276140
vt 0.593037 0.276140
vt 0.303017 0.342344
vt 0.540257 0.342344
vt 0.430434 0.708156
vt 0.571426 0.708156
vt 0.289442 0.708156
vt 0.148419 0.708156
vt 0.003896 0.708156
vt 0.856393 0.962076
vt 0.997385 0.962076
vt 0.711870 0.962076
vt 0.571426 0.962076
vt 0.430434 0.962076
vt 0.289442 0.962076
vt 0.148419 0.962076
vt 0.003896 0.962076
vt 0.856393 0.708156
vt 0.997385 0.708156
vt 0.711870 0.708156
vt 0.289442 0.995802
vt 0.430434 0.995802
vt 0.148419 0.995802
vt 0.571426 0.995802
vt 0.711870 0.995802
vt 0.856393 0.995802
vt 0.997385 0.995802
vt 0.003896 0.741882
vt 0.148419 0.741882
vt 0.289442 0.741882
vt 0.430434 0.741882
vt 0.571426 0.741882
vt 0.711870 0.741882
vt 0.856393 0.741882
vt 0.997385 0.741882
vt 0.003896 0.995802
vt 0.289442 0.828480
vt 0.430434 0.828480
vt 0.289442 0.852557
vt 0.430434 0.852557
vt 0.571426 0.828480
vt 0.571426 0.852557
vt 0.711870 0.828480
vt 0.711870 0.852557
vt 0.856393 0.828480
vt 0.856393 0.852557
vt 0.997385 0.828480
vt 0.997385 0.852557
vt 0.003896 0.574591
vt 0.148419 0.574591
vt 0.003896 0.598638
vt 0.148419 0.598638
vt 0.289442 0.574591
vt 0.289442 0.598638
vt 0.430434 0.574591
vt 0.430434 0.598638
vt 0.571426 0.574591
vt 0.571426 0.598638
vt 0.711870 0.574591
vt 0.711870 0.598638
vt 0.856393 0.574591
vt 0.856393 0.598638
vt 0.997385 0.574591
vt 0.997385 0.598638
vt 0.003896 0.828480
vt 0.148419 0.828480
vt 0.003896 0.852557
vt 0.148419 0.852557
vt 0.289442 0.880835
vt 0.430434 0.880835
vt 0.148419 0.880835
vt 0.571426 0.880835
vt 0.711870 0.880835
vt 0.856393 0.880835
vt 0.997385 0.880835
vt 0.003896 0.626946
vt 0.148419 0.626946
vt 0.289442 0.626946
vt 0.430434 0.626946
vt 0.571426 0.626946
vt 0.711870 0.626946
vt 0.856393 0.626946
vt 0.997385 0.626946
vt 0.003896 0.880835
vt 0.430434 0.780418
vt 0.289442 0.780418
vt 0.430434 0.755458
vt 0.289442 0.755458
vt 0.571426 0.755458
vt 0.571426 0.780418
vt 0.711870 0.755458
vt 0.711870 0.780418
vt 0.856393 0.755458
vt 0.856393 0.780418
vt 0.997385 0.755458
vt 0.997385 0.780418
vt 0.148419 0.526529
vt 0.003896 0.526529
vt 0.148419 0.501539
vt 0.003896 0.501539
vt 0.289442 0.501539
vt 0.289442 0.526529
vt 0.430434 0.501539
vt 0.430434 0.526529
vt 0.571426 0.501539
vt 0.571426 0.526529
vt 0.711870 0.501539
vt 0.711870 0.526529
vt 0.856393 0.501539
vt 0.856393 0.526529
vt 0.997385 0.501539
vt 0.997385 0.526529
vt 0.148419 0.780418
vt 0.148419 0.755458
vt 0.003896 0.780418
vt 0.003896 0.755458
vt 0.194960 0.166743
vt 0.050163 0.166743
vt 0.148389 0.144340
vt 0.096734 0.144340
vt 0.227164 0.307918
vt 0.017958 0.307918
vt 0.238670 0.257542
vt 0.006453 0.257542
vt 0.430434 0.553893
vt 0.571426 0.553893
vt 0.289442 0.553893
vt 0.148419 0.553893
vt 0.003896 0.553893
vt 0.856393 0.807813
vt 0.997385 0.807813
vt 0.711870 0.807813
vt 0.571426 0.807813
vt 0.430434 0.807813
vt 0.289442 0.807813
vt 0.148419 0.807813
vt 0.003896 0.807813
vt 0.856393 0.553893
vt 0.997385 0.553893
vt 0.711870 0.553893
vt 0.540257 0.044866
vt 0.303017 0.044866
vt 0.463977 0.008127
vt 0.379297 0.008127
vt 0.379297 0.379053
vt 0.463977 0.379053
vt 0.017958 0.207166
vt 0.227164 0.207166
vt 0.194960 0.348310
vt 0.050163 0.348310
vt 0.096734 0.370713
vt 0.148389 0.370713
vt 0.006179 0.444192
vt 0.147567 0.444192
vt 0.006179 0.492955
vt 0.147567 0.492955
vt 0.288955 0.444192
vt 0.288955 0.492955
vt 0.430342 0.444192
vt 0.430342 0.492955
vt 0.571730 0.444192
vt 0.571730 0.492955
vt 0.713118 0.444192
vt 0.713118 0.492955
vt 0.854536 0.444192
vt 0.854536 0.492955
vt 0.995924 0.444192
vt 0.995924 0.492955
vt 0.006179 0.389280
vt 0.147567 0.389280
vt 0.006179 0.438043
vt 0.147567 0.438043
vt 0.288955 0.389280
vt 0.288955 0.438043
vt 0.430342 0.389280
vt 0.430342 0.438043
vt 0.571730 0.389280
vt 0.571730 0.438043
vt 0.713118 0.389280
vt 0.713118 0.438043
vt 0.854536 0.389280
vt 0.854536 0.438043
vt 0.995924 0.389280
vt 0.995924 0.438043
vt 0.620462 0.193590
vt 0.638878 0.113019
vt 0.991845 0.193590
vt 0.973460 0.113019
vt 0.638878 0.274161
vt 0.973460 0.274161
vt 0.690380 0.338783
vt 0.921927 0.338783
vt 0.921927 0.048428
vt 0.690380 0.048428
vt 0.847474 0.012571
vt 0.764833 0.012571
vt 0.764833 0.374609
vt 0.847474 0.374609
usemtl Mdl_0_Mtl_s025_bottom
s 1
f 958/958 959/959 960/960
f 960/960 959/959 961/961
f 959/959 962/962 961/961
f 961/961 962/962 963/963
f 962/962 964/964 963/963
f 963/963 964/964 965/965
f 964/964 966/966 965/965
f 965/965 966/966 967/967
f 966/966 968/968 967/967
f 967/967 968/968 969/969
f 970/970 971/971 972/972
f 972/972 971/971 973/973
f 971/971 974/974 973/973
f 973/973 974/974 975/975
f 974/974 976/976 975/975
f 975/975 976/976 977/977
f 977/977 976/976 978/978
f 978/978 976/976 979/979
f 979/979 980/980 978/978
f 978/978 980/980 981/981
f 980/980 982/982 981/981
f 981/981 982/982 983/983
f 982/982 984/984 983/983
f 983/983 984/984 985/985
f 986/986 987/987 988/988
f 989/989 958/958 960/960
f 988/988 987/987 989/989
f 987/987 958/958 989/989
f 990/990 991/991 992/992
f 992/992 991/991 993/993
f 990/990 992/992 994/994
f 994/994 992/992 995/995
f 994/994 995/995 996/996
f 996/996 995/995 997/997
f 977/977 978/978 998/998
f 998/998 978/978 999/999
f 978/978 981/981 999/999
f 1000/1000 977/977 998/998
f 975/975 977/977 1000/1000
f 1001/1001 975/975 1000/1000
f 973/973 975/975 1001/1001
f 1002/1002 973/973 1001/1001
f 972/972 973/973 1002/1002
f 967/967 969/969 1003/1003
f 1003/1003 969/969 1004/1004
f 965/965 967/967 1005/1005
f 1005/1005 967/967 1003/1003
f 963/963 965/965 1006/1006
f 1006/1006 965/965 1005/1005
f 961/961 963/963 1007/1007
f 1007/1007 963/963 1006/1006
f 1008/1008 961/961 1007/1007
f 960/960 961/961 1008/1008
f 989/989 960/960 1009/1009
f 1009/1009 960/960 1008/1008
f 988/988 989/989 1010/1010
f 1010/1010 989/989 1009/1009
f 983/983 985/985 1011/1011
f 1011/1011 985/985 1012/1012
f 981/981 983/983 1013/1013
f 1013/1013 983/983 1011/1011
f 999/999 981/981 1013/1013
f 1008/1008 1014/1014 1009/1009
f 1015/1015 1008/1008 1007/1007
f 1014/1014 1008/1008 1015/1015
f 1016/1016 1010/1010 1009/1009
f 1009/1009 1014/1014 1016/1016
f 1017/1017 1007/1007 1006/1006
f 1015/1015 1007/1007 1017/1017
f 1017/1017 1006/1006 1018/1018
f 1018/1018 1006/1006 1005/1005
f 1018/1018 1005/1005 1019/1019
f 1019/1019 1005/1005 1003/1003
f 1020/1020 1003/1003 1004/1004
f 1019/1019 1003/1003 1020/1020
f 1021/1021 1002/1002 1022/1022
f 1022/1022 1002/1002 1001/1001
f 1023/1023 1001/1001 1000/1000
f 1022/1022 1001/1001 1023/1023
f 1023/1023 1000/1000 1024/1024
f 1024/1024 1000/1000 998/998
f 1025/1025 998/998 999/999
f 1024/1024 998/998 1025/1025
f 1026/1026 999/999 1013/1013
f 1025/1025 999/999 1026/1026
f 1027/1027 1013/1013 1011/1011
f 1026/1026 1013/1013 1027/1027
f 1027/1027 1011/1011 1028/1028
f 1028/1028 1011/1011 1012/1012
f 1029/1029 1010/1010 1016/1016
f 1030/1030 1031/1031 1032/1032
f 1032/1032 1031/1031 1033/1033
f 1031/1031 1034/1034 1033/1033
f 1033/1033 1034/1034 1035/1035
f 1034/1034 1036/1036 1035/1035
f 1035/1035 1036/1036 1037/1037
f 1036/1036 1038/1038 1037/1037
f 1037/1037 1038/1038 1039/1039
f 1038/1038 1040/1040 1039/1039
f 1039/1039 1040/1040 1041/1041
f 1042/1042 1043/1043 1044/1044
f 1044/1044 1043/1043 1045/1045
f 1043/1043 1046/1046 1045/1045
f 1045/1045 1046/1046 1047/1047
f 1046/1046 1048/1048 1047/1047
f 1047/1047 1048/1048 1049/1049
f 1048/1048 1050/1050 1049/1049
f 1049/1049 1050/1050 1051/1051
f 1050/1050 1052/1052 1051/1051
f 1051/1051 1052/1052 1053/1053
f 1052/1052 1054/1054 1053/1053
f 1053/1053 1054/1054 1055/1055
f 1054/1054 1056/1056 1055/1055
f 1055/1055 1056/1056 1057/1057
f 1058/1058 1059/1059 1060/1060
f 1061/1061 1030/1030 1032/1032
f 1060/1060 1059/1059 1061/1061
f 1059/1059 1030/1030 1061/1061
f 958/958 1062/1062 959/959
f 1062/1062 1061/1061 1032/1032
f 1062/1062 1032/1032 1063/1063
f 1063/1063 1032/1032 1033/1033
f 959/959 1063/1063 962/962
f 959/959 1062/1062 1063/1063
f 1064/1064 1060/1060 1061/1061
f 1062/1062 958/958 1064/1064
f 1064/1064 1061/1061 1062/1062
f 1064/1064 958/958 987/987
f 962/962 1065/1065 964/964
f 962/962 1063/1063 1065/1065
f 1065/1065 1033/1033 1035/1035
f 1063/1063 1033/1033 1065/1065
f 964/964 1065/1065 1066/1066
f 1066/1066 1035/1035 1037/1037
f 1065/1065 1035/1035 1066/1066
f 964/964 1066/1066 966/966
f 1067/1067 1037/1037 1039/1039
f 966/966 1067/1067 968/968
f 966/966 1066/1066 1067/1067
f 1066/1066 1037/1037 1067/1067
f 968/968 1067/1067 1068/1068
f 1067/1067 1039/1039 1068/1068
f 1068/1068 1039/1039 1041/1041
f 970/970 1069/1069 971/971
f 971/971 1070/1070 974/974
f 1069/1069 1044/1044 1070/1070
f 971/971 1069/1069 1070/1070
f 1070/1070 1044/1044 1045/1045
f 1070/1070 1045/1045 1071/1071
f 974/974 1071/1071 976/976
f 974/974 1070/1070 1071/1071
f 1071/1071 1045/1045 1047/1047
f 1071/1071 1047/1047 1072/1072
f 976/976 1071/1071 1072/1072
f 976/976 1072/1072 979/979
f 1072/1072 1047/1047 1049/1049
f 979/979 1073/1073 980/980
f 979/979 1072/1072 1073/1073
f 1073/1073 1049/1049 1051/1051
f 1072/1072 1049/1049 1073/1073
f 980/980 1073/1073 1074/1074
f 980/980 1074/1074 982/982
f 1073/1073 1051/1051 1074/1074
f 1074/1074 1051/1051 1053/1053
f 982/982 1074/1074 1075/1075
f 1075/1075 1053/1053 1055/1055
f 1074/1074 1053/1053 1075/1075
f 982/982 1075/1075 984/984
f 1075/1075 1055/1055 1076/1076
f 984/984 1075/1075 1076/1076
f 1076/1076 1055/1055 1057/1057
f 1077/1077 1060/1060 1064/1064
f 986/986 1077/1077 987/987
f 987/987 1077/1077 1064/1064
f 1078/1078 1079/1079 1080/1080
f 1080/1080 1079/1079 1081/1081
f 1082/1082 1078/1078 1080/1080
f 1083/1083 1078/1078 1082/1082
f 1084/1084 1083/1083 1082/1082
f 1085/1085 1083/1083 1084/1084
f 1086/1086 1085/1085 1084/1084
f 1087/1087 1085/1085 1086/1086
f 1088/1088 1087/1087 1086/1086
f 1089/1089 1087/1087 1088/1088
f 1090/1090 1091/1091 1092/1092
f 1092/1092 1091/1091 1093/1093
f 1094/1094 1090/1090 1092/1092
f 1095/1095 1090/1090 1094/1094
f 1096/1096 1095/1095 1094/1094
f 1097/1097 1095/1095 1096/1096
f 1098/1098 1097/1097 1096/1096
f 1099/1099 1097/1097 1098/1098
f 1100/1100 1099/1099 1098/1098
f 1101/1101 1099/1099 1100/1100
f 1102/1102 1101/1101 1100/1100
f 1103/1103 1101/1101 1102/1102
f 1104/1104 1103/1103 1102/1102
f 1105/1105 1103/1103 1104/1104
f 1079/1079 1106/1106 1081/1081
f 1081/1081 1106/1106 1107/1107
f 1106/1106 1108/1108 1107/1107
f 1107/1107 1108/1108 1109/1109
f 1110/1110 1111/1111 1112/1112
f 1112/1112 1111/1111 1113/1113
f 1114/1114 1115/1115 1116/1116
f 1116/1116 1115/1115 1117/1117
f 1048/1048 1118/1118 1050/1050
f 1097/1097 1099/1099 1118/1118
f 1099/1099 1101/1101 1119/1119
f 1050/1050 1119/1119 1052/1052
f 1050/1050 1118/1118 1119/1119
f 1118/1118 1099/1099 1119/1119
f 1048/1048 1120/1120 1118/1118
f 1046/1046 1120/1120 1048/1048
f 1095/1095 1097/1097 1120/1120
f 1120/1120 1097/1097 1118/1118
f 1046/1046 1121/1121 1120/1120
f 1043/1043 1121/1121 1046/1046
f 1090/1090 1095/1095 1121/1121
f 1121/1121 1095/1095 1120/1120
f 1042/1042 1122/1122 1043/1043
f 1122/1122 1090/1090 1121/1121
f 1091/1091 1090/1090 1122/1122
f 1043/1043 1122/1122 1121/1121
f 1038/1038 1123/1123 1040/1040
f 1087/1087 1089/1089 1123/1123
f 1123/1123 1089/1089 1124/1124
f 1040/1040 1123/1123 1124/1124
f 1038/1038 1125/1125 1123/1123
f 1125/1125 1087/1087 1123/1123
f 1036/1036 1125/1125 1038/1038
f 1085/1085 1087/1087 1125/1125
f 1036/1036 1126/1126 1125/1125
f 1126/1126 1085/1085 1125/1125
f 1034/1034 1126/1126 1036/1036
f 1083/1083 1085/1085 1126/1126
f 1031/1031 1127/1127 1034/1034
f 1078/1078 1083/1083 1127/1127
f 1127/1127 1083/1083 1126/1126
f 1034/1034 1127/1127 1126/1126
f 1079/1079 1078/1078 1128/1128
f 1128/1128 1078/1078 1127/1127
f 1030/1030 1128/1128 1031/1031
f 1031/1031 1128/1128 1127/1127
f 1129/1129 1030/1030 1059/1059
f 1128/1128 1030/1030 1129/1129
f 1106/1106 1079/1079 1129/1129
f 1129/1129 1079/1079 1128/1128
f 1059/1059 1130/1130 1129/1129
f 1058/1058 1130/1130 1059/1059
f 1108/1108 1106/1106 1130/1130
f 1130/1130 1106/1106 1129/1129
f 1103/1103 1105/1105 1131/1131
f 1054/1054 1131/1131 1056/1056
f 1056/1056 1131/1131 1132/1132
f 1131/1131 1105/1105 1132/1132
f 1054/1054 1133/1133 1131/1131
f 1052/1052 1119/1119 1133/1133
f 1119/1119 1101/1101 1133/1133
f 1133/1133 1103/1103 1131/1131
f 1101/1101 1103/1103 1133/1133
f 1052/1052 1133/1133 1054/1054
f 993/993 991/991 1134/1134
f 1134/1134 991/991 1135/1135
f 1134/1134 1135/1135 1136/1136
f 1136/1136 1135/1135 1137/1137
f 996/996 997/997 1138/1138
f 1138/1138 997/997 1139/1139
f 1140/1140 1111/1111 1141/1141
f 1141/1141 1111/1111 1110/1110
f 1140/1140 1141/1141 1117/1117
f 1117/1117 1141/1141 1116/1116
f 1114/1114 1142/1142 1115/1115
f 1115/1115 1142/1142 1143/1143
f 1143/1143 1142/1142 1144/1144
f 1144/1144 1142/1142 1145/1145
f 1146/1146 1147/1147 1148/1148
f 1148/1148 1147/1147 1149/1149
f 1147/1147 1150/1150 1149/1149
f 1149/1149 1150/1150 1151/1151
f 1150/1150 1152/1152 1151/1151
f 1151/1151 1152/1152 1153/1153
f 1152/1152 1154/1154 1153/1153
f 1153/1153 1154/1154 1155/1155
f 1154/1154 1156/1156 1155/1155
f 1155/1155 1156/1156 1157/1157
f 1156/1156 1158/1158 1157/1157
f 1157/1157 1158/1158 1159/1159
f 1158/1158 1160/1160 1159/1159
f 1159/1159 1160/1160 1161/1161
f 1162/1162 1163/1163 1164/1164
f 1164/1164 1163/1163 1165/1165
f 1163/1163 1166/1166 1165/1165
f 1165/1165 1166/1166 1167/1167
f 1166/1166 1168/1168 1167/1167
f 1167/1167 1168/1168 1169/1169
f 1168/1168 1170/1170 1169/1169
f 1169/1169 1170/1170 1171/1171
f 1170/1170 1172/1172 1171/1171
f 1171/1171 1172/1172 1173/1173
f 1172/1172 1174/1174 1173/1173
f 1173/1173 1174/1174 1175/1175
f 1174/1174 1176/1176 1175/1175
f 1175/1175 1176/1176 1177/1177
f 1178/1178 1179/1179 1180/1180
f 1180/1180 1179/1179 1181/1181
f 1178/1178 1180/1180 1182/1182
f 1182/1182 1180/1180 1183/1183
f 1182/1182 1183/1183 1184/1184
f 1184/1184 1183/1183 1185/1185
f 1181/1181 1179/1179 1186/1186
f 1186/1186 1179/1179 1187/1187
f 1186/1186 1187/1187 1188/1188
f 1188/1188 1187/1187 1189/1189
f 1184/1184 1185/1185 1190/1190
f 1190/1190 1185/1185 1191/1191
o _0_0
v -2.634810 0.015561 2.641220
v 2.795110 0.015561 2.641220
v -2.634810 0.015561 -2.611080
v 2.795110 0.015561 -2.611080
vt 0.000000 0.000000
vt 1.000000 0.000000
vt 0.000000 1.000000
vt 1.000000 1.000000
usemtl Mdl_0_Mtl_kage
s off
f 1192/1192 1193/1193 1194/1194
f 1194/1194 1193/1193 1195/1195
