<?xml version="1.0" encoding="utf-8"?>
<COLLADA xmlns="http://www.collada.org/2005/11/COLLADASchema" version="1.4.1">
  <asset>
    <created>2018-07-27T21:14:00Z</created>
    <modified>2018-07-27T21:14:00Z</modified>
  </asset>
  <library_images>
    <image id="Image">
      <init_from>./roomitem_s_kage.png</init_from>
    </image>
    <image id="Image1">
      <init_from>./roomitems_025_sitaji.png</init_from>
    </image>
    <image id="Image2">
      <init_from>./roomitem_027_yukihuru.png</init_from>
    </image>
    <image id="Image3">
      <init_from>./roomitems_025_daruma.png</init_from>
    </image>
  </library_images>
  <library_materials>
    <material id="VisualMaterial" name="Mdl_0_Mtl_kage">
      <instance_effect url="#Effect"/>
      <extra>
        <technique profile="FCOLLADA">
          <user_properties>Mdl_0_Mtl_kage</user_properties>
        </technique>
      </extra>
    </material>
    <material id="VisualMaterial1" name="Mdl_0_Mtl_s025_bottom">
      <instance_effect url="#Effect1"/>
      <extra>
        <technique profile="FCOLLADA">
          <user_properties>Mdl_0_Mtl_s025_bottom</user_properties>
        </technique>
      </extra>
    </material>
    <material id="VisualMaterial2" name="Mdl_0_Mtl_s025_snow_01">
      <instance_effect url="#Effect2"/>
      <extra>
        <technique profile="FCOLLADA">
          <user_properties>Mdl_0_Mtl_s025_snow_01</user_properties>
        </technique>
      </extra>
    </material>
    <material id="VisualMaterial3" name="Mdl_0_Mtl_mat_snowman_01_kaito">
      <instance_effect url="#Effect3"/>
      <extra>
        <technique profile="FCOLLADA">
          <user_properties>Mdl_0_Mtl_mat_snowman_01_kaito</user_properties>
        </technique>
      </extra>
    </material>
  </library_materials>
  <library_effects>
    <effect id="Effect" name="roomitem_s_kage_png">
      <profile_COMMON>
        <newparam sid="Image-surface">
          <surface type="2D">
            <init_from>Image</init_from>
            <format>A8R8G8B8</format>
          </surface>
        </newparam>
        <newparam sid="Image-sampler">
          <sampler2D>
            <source>Image-surface</source>
            <wrap_s>WRAP</wrap_s>
            <wrap_t>WRAP</wrap_t>
            <minfilter>NONE</minfilter>
            <magfilter>NONE</magfilter>
            <mipfilter>NONE</mipfilter>
          </sampler2D>
        </newparam>
        <technique sid="common">
          <phong>
            <emission>
              <color>0 0 0 1</color>
            </emission>
            <ambient>
              <color>0 0 0 1</color>
            </ambient>
            <diffuse>
              <texture texture="Image-sampler" texcoord=""/>
            </diffuse>
            <specular>
              <color>1 1 1 1</color>
            </specular>
            <shininess>
              <float>0</float>
            </shininess>
            <transparent opaque="A_ONE">
              <color>0 0 0 1</color>
            </transparent>
            <transparency>
              <float>1</float>
            </transparency>
            <index_of_refraction>
              <float>1.55</float>
            </index_of_refraction>
          </phong>
          <extra>
            <technique profile="FCOLLADA">
              <spec_level>
                <float>0</float>
              </spec_level>
            </technique>
          </extra>
        </technique>
      </profile_COMMON>
      <extra>
        <technique profile="FCOLLADA">
          <user_properties>roomitem_s_kage.png</user_properties>
        </technique>
      </extra>
    </effect>
    <effect id="Effect1" name="roomitems_025_sitaji_png">
      <profile_COMMON>
        <newparam sid="Image1-surface">
          <surface type="2D">
            <init_from>Image1</init_from>
            <format>A8R8G8B8</format>
          </surface>
        </newparam>
        <newparam sid="Image1-sampler">
          <sampler2D>
            <source>Image1-surface</source>
            <wrap_s>WRAP</wrap_s>
            <wrap_t>WRAP</wrap_t>
            <minfilter>NONE</minfilter>
            <magfilter>NONE</magfilter>
            <mipfilter>NONE</mipfilter>
          </sampler2D>
        </newparam>
        <technique sid="common">
          <phong>
            <emission>
              <color>0 0 0 1</color>
            </emission>
            <ambient>
              <color>0 0 0 1</color>
            </ambient>
            <diffuse>
              <texture texture="Image1-sampler" texcoord=""/>
            </diffuse>
            <specular>
              <color>1 1 1 1</color>
            </specular>
            <shininess>
              <float>0</float>
            </shininess>
            <transparent opaque="A_ONE">
              <color>0 0 0 1</color>
            </transparent>
            <transparency>
              <float>1</float>
            </transparency>
            <index_of_refraction>
              <float>1.55</float>
            </index_of_refraction>
          </phong>
          <extra>
            <technique profile="FCOLLADA">
              <spec_level>
                <float>0</float>
              </spec_level>
            </technique>
          </extra>
        </technique>
      </profile_COMMON>
      <extra>
        <technique profile="FCOLLADA">
          <user_properties>roomitems_025_sitaji.png</user_properties>
        </technique>
      </extra>
    </effect>
    <effect id="Effect2" name="roomitem_027_yukihuru_png">
      <profile_COMMON>
        <newparam sid="Image2-surface">
          <surface type="2D">
            <init_from>Image2</init_from>
            <format>A8R8G8B8</format>
          </surface>
        </newparam>
        <newparam sid="Image2-sampler">
          <sampler2D>
            <source>Image2-surface</source>
            <wrap_s>WRAP</wrap_s>
            <wrap_t>WRAP</wrap_t>
            <minfilter>NONE</minfilter>
            <magfilter>NONE</magfilter>
            <mipfilter>NONE</mipfilter>
          </sampler2D>
        </newparam>
        <technique sid="common">
          <phong>
            <emission>
              <color>0 0 0 1</color>
            </emission>
            <ambient>
              <color>0 0 0 1</color>
            </ambient>
            <diffuse>
              <texture texture="Image2-sampler" texcoord=""/>
            </diffuse>
            <specular>
              <color>1 1 1 1</color>
            </specular>
            <shininess>
              <float>0</float>
            </shininess>
            <transparent opaque="A_ONE">
              <color>0 0 0 1</color>
            </transparent>
            <transparency>
              <float>1</float>
            </transparency>
            <index_of_refraction>
              <float>1.55</float>
            </index_of_refraction>
          </phong>
          <extra>
            <technique profile="FCOLLADA">
              <spec_level>
                <float>0</float>
              </spec_level>
            </technique>
          </extra>
        </technique>
      </profile_COMMON>
      <extra>
        <technique profile="FCOLLADA">
          <user_properties>roomitem_027_yukihuru.png</user_properties>
        </technique>
      </extra>
    </effect>
    <effect id="Effect3" name="roomitems_025_daruma_png">
      <profile_COMMON>
        <newparam sid="Image3-surface">
          <surface type="2D">
            <init_from>Image3</init_from>
            <format>A8R8G8B8</format>
          </surface>
        </newparam>
        <newparam sid="Image3-sampler">
          <sampler2D>
            <source>Image3-surface</source>
            <wrap_s>WRAP</wrap_s>
            <wrap_t>WRAP</wrap_t>
            <minfilter>NONE</minfilter>
            <magfilter>NONE</magfilter>
            <mipfilter>NONE</mipfilter>
          </sampler2D>
        </newparam>
        <technique sid="common">
          <phong>
            <emission>
              <color>0 0 0 1</color>
            </emission>
            <ambient>
              <color>0 0 0 1</color>
            </ambient>
            <diffuse>
              <texture texture="Image3-sampler" texcoord=""/>
            </diffuse>
            <specular>
              <color>1 1 1 1</color>
            </specular>
            <shininess>
              <float>0</float>
            </shininess>
            <transparent opaque="A_ONE">
              <color>0 0 0 1</color>
            </transparent>
            <transparency>
              <float>1</float>
            </transparency>
            <index_of_refraction>
              <float>1.55</float>
            </index_of_refraction>
          </phong>
          <extra>
            <technique profile="FCOLLADA">
              <spec_level>
                <float>0</float>
              </spec_level>
            </technique>
          </extra>
        </technique>
      </profile_COMMON>
      <extra>
        <technique profile="FCOLLADA">
          <user_properties>roomitems_025_daruma.png</user_properties>
        </technique>
      </extra>
    </effect>
  </library_effects>
  <library_geometries>
    <geometry id="Geometry" name="_0_0">
      <mesh>
        <source id="GeometrySource" name="_0_0Pos">
          <float_array id="GeometrySource-array" count="12">-2.63481 0.015561 2.64122 2.79511 0.015561 2.64122 -2.63481 0.015561 -2.61108 2.79511 0.015561 -2.61108</float_array>
          <technique_common>
            <accessor source="#GeometrySource-array" count="4" stride="3">
              <param name="X" type="float"/>
              <param name="Y" type="float"/>
              <param name="Z" type="float"/>
            </accessor>
          </technique_common>
        </source>
        <source id="GeometrySource1" name="_0_0Nrm">
          <float_array id="GeometrySource1-array" count="12">0 1 0 0 1 0 0 1 0 0 1 0</float_array>
          <technique_common>
            <accessor source="#GeometrySource1-array" count="4" stride="3">
              <param name="X" type="float"/>
              <param name="Y" type="float"/>
              <param name="Z" type="float"/>
            </accessor>
          </technique_common>
        </source>
        <source id="GeometrySource2" name="_0_0UV">
          <float_array id="GeometrySource2-array" count="8">0 0 1 0 0 1 1 1</float_array>
          <technique_common>
            <accessor source="#GeometrySource2-array" count="4" stride="2">
              <param name="S" type="float"/>
              <param name="T" type="float"/>
            </accessor>
          </technique_common>
        </source>
        <vertices id="Geometry-vertices">
          <input semantic="POSITION" source="#GeometrySource"/>
          <input semantic="NORMAL" source="#GeometrySource1"/>
          <input semantic="TEXCOORD" source="#GeometrySource2"/>
        </vertices>
        <triangles material="VisualMaterial0" count="2">
          <input semantic="VERTEX" source="#Geometry-vertices" offset="0"/>
          <p>0 1 2 2 1 3</p>
        </triangles>
      </mesh>
    </geometry>
    <geometry id="Geometry1" name="_1_0">
      <mesh>
        <source id="GeometrySource3" name="_1_0Pos">
          <float_array id="GeometrySource3-array" count="702">0.876589 0.47734 -0.422142 0.606617 0.47734 -0.760675 0.894072 0.540613 -0.430562 0.618717 0.540613 -0.775847 0.2165 0.47734 -0.948546 0.220818 0.540613 -0.967466 -0.216499 0.47734 -0.948546 -0.220818 0.540613 -0.967466 -0.606617 0.47734 -0.760675 -0.618717 0.540613 -0.775847 -0.876589 0.47734 -0.422142 -0.894072 0.540613 -0.430562 -0.876589 0.47734 -0.422142 -0.972941 0.47734 0 -0.894072 0.540613 -0.430562 -0.992347 0.540613 0 -0.876589 0.47734 0.422142 -0.894072 0.540613 0.430562 -0.606617 0.47734 0.760675 -0.618717 0.540613 0.775847 -0.220818 0.540613 0.967466 -0.2165 0.47734 0.948546 0.216499 0.47734 0.948546 0.220818 0.540613 0.967466 0.606617 0.47734 0.760675 0.618717 0.540613 0.775847 0.876589 0.47734 0.422142 0.894072 0.540613 0.430562 0.876589 0.47734 0.422142 0.972941 0.47734 0 0.894072 0.540613 0.430562 0.992347 0.540613 0 -0.896685 0.716013 0 -0.807886 0.716013 0.389057 0.896685 0.716013 0 0.807886 0.716013 0.389057 -0.807886 0.716013 -0.389057 0.807886 0.716013 -0.389057 -0.559074 0.716013 -0.701058 0.559074 0.716013 -0.701056 -0.604291 0.642351 0.757759 -0.215669 0.642351 0.944907 -0.873228 0.642351 0.420523 -0.969208 0.642351 0 -0.873228 0.642351 -0.420523 -0.604291 0.642351 -0.757759 -0.873228 0.642351 -0.420523 -0.215669 0.642351 -0.944907 0.215669 0.642351 -0.944907 0.604291 0.642351 -0.757759 0.873228 0.642351 -0.420523 0.969208 0.642351 0 0.873228 0.642351 0.420523 0.604291 0.642351 0.757759 0.873228 0.642351 0.420523 0.215669 0.642351 0.944907 0.807886 0.716013 -0.389057 0.559074 0.716013 -0.701056 0.896685 0.716013 0 0.199532 0.716013 -0.874205 -0.199531 0.716013 -0.874205 -0.559074 0.716013 -0.701058 -0.807886 0.716013 -0.389057 -0.807886 0.716013 -0.389057 -0.896685 0.716013 0 -0.807886 0.716013 0.389057 -0.559074 0.716013 0.701058 -0.199532 0.716013 0.874205 0.199531 0.716013 0.874205 0.559074 0.716013 0.701058 0.807886 0.716013 0.389057 0.807886 0.716013 0.389057 0.950071 0.238669 -0.45753 0.65747 0.238669 -0.824438 0.965371 0.317302 -0.464897 0.668056 0.317302 -0.837716 0.234648 0.238669 -1.02806 0.238427 0.317302 -1.04462 -0.234648 0.238669 -1.02806 -0.238427 0.317302 -1.04462 -0.65747 0.238669 -0.824438 -0.668056 0.317302 -0.837716 -0.950071 0.238669 -0.45753 -0.965371 0.317302 -0.464897 -0.950071 0.238669 -0.45753 -1.0545 0.238669 0 -0.965371 0.317302 -0.464897 -1.07148 0.317302 0 -0.950071 0.238669 0.45753 -0.965371 0.317302 0.464897 -0.65747 0.238669 0.824438 -0.668056 0.317302 0.837716 -0.234648 0.238669 1.02806 -0.238427 0.317302 1.04462 0.234648 0.238669 1.02806 0.238427 0.317302 1.04462 0.65747 0.238669 0.824438 0.668056 0.317302 0.837716 0.950071 0.238669 0.45753 0.965371 0.317302 0.464897 0.950071 0.238669 0.45753 1.0545 0.238669 0 0.965371 0.317302 0.464897 1.07148 0.317302 0 0.937908 0.409769 -0.451674 0.649051 0.409769 -0.813886 1.041 0.409769 0 0.231644 0.409769 -1.0149 -0.231644 0.409769 -1.0149 -0.649051 0.409769 -0.813886 -0.937908 0.409769 -0.451674 -0.937908 0.409769 -0.451674 -1.041 0.409769 0 -0.937908 0.409769 0.451674 -0.649051 0.409769 0.813886 -0.231644 0.409769 1.0149 0.231644 0.409769 1.0149 0.649051 0.409769 0.813886 0.937908 0.409769 0.451674 0.937908 0.409769 0.451674 0.703408 0.08165 -0.882047 1.01646 0.08165 -0.489498 0.688362 0 -0.863179 0.994714 0 -0.479028 0.245674 0 -1.07637 0.251044 0.08165 -1.09989 -0.245674 0 -1.07637 -0.251043 0.08165 -1.09989 -0.688362 0 -0.863179 -0.703408 0.08165 -0.882047 -0.994714 0 -0.479028 -1.01646 0.08165 -0.4895 -1.12818 0.08165 0 -1.01646 0.08165 -0.4895 -1.10405 0 0 -0.994714 0 -0.479028 -0.994714 0 0.479028 -1.01646 0.08165 0.489498 -0.688362 0 0.863179 -0.703408 0.08165 0.882047 -0.245674 0 1.07637 -0.251044 0.08165 1.09989 0.245673 0 1.07637 0.251044 0.08165 1.09989 0.688362 0 0.863179 0.703408 0.08165 0.882047 0.994711 0 0.479028 1.01646 0.08165 0.4895 1.12818 0.08165 0 1.10405 0 0 1.01646 0.08165 0.4895 0.994711 0 0.479028 -0.688362 0 0.863179 0.688362 0 0.863179 -0.245674 0 1.07637 0.245673 0 1.07637 -0.994714 0 -0.479028 0.994714 0 -0.479028 -1.10405 0 0 1.10405 0 0 -0.694835 0.171112 0.871294 -0.247984 0.171112 1.08649 -1.00407 0.171112 0.483532 -1.11443 0.171112 0 -1.00406 0.171112 -0.483532 -0.694835 0.171112 -0.871294 -1.00406 0.171112 -0.483532 -0.247983 0.171112 -1.08649 0.247984 0.171112 -1.08649 0.694835 0.171112 -0.871294 1.00406 0.171112 -0.483532 1.11443 0.171112 0 1.00406 0.171112 0.483532 0.694835 0.171112 0.871294 1.00406 0.171112 0.483532 0.247983 0.171112 1.08649 0.559074 0.716013 0.701058 -0.559074 0.716013 0.701058 0.199531 0.716013 0.874205 -0.199532 0.716013 0.874205 -0.199531 0.716013 -0.874205 0.199532 0.716013 -0.874205 0.994711 0 0.479028 -0.994714 0 0.479028 -0.688362 0 -0.863179 0.688362 0 -0.863179 0.245674 0 -1.07637 -0.245674 0 -1.07637 0.738587 0.716013 -0.355685 0.511119 0.716013 -0.64092 0.738587 0.841893 -0.355685 0.511119 0.841893 -0.64092 0.182416 0.716013 -0.799216 0.182416 0.841893 -0.799216 -0.182416 0.716013 -0.799216 -0.182416 0.841893 -0.799216 -0.511119 0.716013 -0.640923 -0.511119 0.841893 -0.640923 -0.738587 0.716013 -0.355685 -0.738587 0.841893 -0.355685 -0.819768 0.716013 0 -0.819768 0.841893 0 -0.738587 0.716013 0.355685 -0.738587 0.841893 0.355685 -0.738587 0.716013 0.355685 -0.511119 0.716013 0.64092 -0.738587 0.841893 0.355685 -0.511119 0.841893 0.64092 -0.182416 0.716013 0.799216 -0.182416 0.841893 0.799216 0.182416 0.716013 0.799216 0.182416 0.841893 0.799216 0.511119 0.716013 0.640923 0.511119 0.841893 0.640923 0.738587 0.716013 0.355685 0.738587 0.841893 0.355685 0.819768 0.716013 0 0.819768 0.841893 0 0.738587 0.716013 -0.355685 0.738587 0.841893 -0.355685 -0.819768 0.841893 0 -0.738587 0.841893 0.355685 0.819768 0.841893 0 0.738587 0.841893 0.355685 -0.738587 0.841893 -0.355685 0.738587 0.841893 -0.355685 -0.511119 0.841893 -0.640923 0.511119 0.841893 -0.64092 0.511119 0.841893 0.640923 -0.511119 0.841893 0.64092 0.182416 0.841893 0.799216 -0.182416 0.841893 0.799216 -0.182416 0.841893 -0.799216 0.182416 0.841893 -0.799216</float_array>
          <technique_common>
            <accessor source="#GeometrySource3-array" count="234" stride="3">
              <param name="X" type="float"/>
              <param name="Y" type="float"/>
              <param name="Z" type="float"/>
            </accessor>
          </technique_common>
        </source>
        <source id="GeometrySource4" name="_1_0Nrm">
          <float_array id="GeometrySource4-array" count="702">0.902753 0.245642 -0.353124 0.660138 0.245644 -0.709843 0.900658 -0.0371 -0.432941 0.62362 -0.037102 -0.780847 0.286776 0.245644 -0.925969 0.223065 -0.037099 -0.974097 -0.143388 0.245643 -0.958697 -0.221671 -0.037095 -0.974416 -0.545151 0.245643 -0.801542 -0.622501 -0.037101 -0.781739 -0.838939 0.245644 -0.485634 -0.900037 -0.037105 -0.434231 -0.838939 0.245644 -0.485634 -0.966568 0.245639 -0.073538 -0.900037 -0.037105 -0.434231 -0.999311 -0.037096 -0.000714 -0.902753 0.245642 0.353124 -0.900658 -0.0371 0.432941 -0.636058 0.16195 0.754455 -0.658665 0.016159 0.752263 -0.253796 -0.07507 0.96434 -0.243885 0.360334 0.900377 0.143388 0.245643 0.958697 0.221671 -0.037095 0.974416 0.545151 0.245643 0.801542 0.622501 -0.037101 0.781739 0.838939 0.245644 0.485634 0.900037 -0.037105 0.434231 0.838939 0.245644 0.485634 0.966568 0.245639 0.073538 0.900037 -0.037105 0.434231 0.999311 -0.037096 0.000714 -0.459321 0.887583 -0.034944 -0.306239 0.944388 0.119788 0.327887 0.944388 0.024945 0.39867 0.887584 0.230776 -0.332942 0.923041 -0.192728 0.358267 0.923042 -0.14014 -0.216351 0.92304 -0.318104 0.261981 0.923043 -0.281706 -0.493273 0.480279 0.725268 -0.129742 0.48028 0.867466 -0.759106 0.480281 0.439418 -0.874584 0.480287 0.066539 -0.816845 0.480285 -0.319518 -0.597319 0.480279 -0.642295 -0.816845 0.480285 -0.319518 -0.259485 0.480279 -0.837854 0.129742 0.48028 -0.867466 0.493273 0.480283 -0.725266 0.759105 0.480282 -0.439418 0.874584 0.480287 -0.066539 0.816845 0.480285 0.319518 0.597319 0.480279 0.642295 0.816845 0.480285 0.319518 0.259485 0.480279 0.837854 0.358267 0.923042 -0.14014 0.261981 0.923043 -0.281706 0.327887 0.944388 0.024945 0.167625 0.823988 -0.541244 -0.068139 0.88758 -0.455587 -0.216351 0.92304 -0.318104 -0.332942 0.923041 -0.192728 -0.332942 0.923041 -0.192728 -0.459321 0.887583 -0.034944 -0.306239 0.944388 0.119788 -0.261984 0.923041 0.281709 -0.167625 0.823986 0.541248 0.068139 0.88758 0.455587 0.216351 0.92304 0.318104 0.39867 0.887584 0.230776 0.39867 0.887584 0.230776 0.900401 0.255407 -0.352201 0.658417 0.255413 -0.707991 0.864247 0.05287 -0.500282 0.561596 0.052868 -0.825721 0.286028 0.255419 -0.923552 0.147713 0.05287 -0.987616 -0.143014 0.255422 -0.956194 -0.295427 0.052868 -0.953902 -0.543729 0.255417 -0.79945 -0.680051 0.052868 -0.731256 -0.836753 0.25541 -0.484366 -0.929986 0.052867 -0.363774 -0.836753 0.25541 -0.484366 -0.964048 0.255407 -0.073345 -0.929986 0.052867 -0.363774 -0.995724 0.052864 0.075755 -0.900399 0.255415 0.3522 -0.864247 0.05287 0.500282 -0.658416 0.255416 0.707991 -0.561596 0.052868 0.825721 -0.286028 0.255419 0.923552 -0.147713 0.05287 0.987616 0.143014 0.255422 0.956194 0.295427 0.052868 0.953902 0.543729 0.255417 0.79945 0.680051 0.052868 0.731256 0.836753 0.25541 0.484366 0.929986 0.052867 0.363774 0.836753 0.25541 0.484366 0.964048 0.255407 0.073345 0.929986 0.052867 0.363774 0.995724 0.052864 -0.075755 0.769751 0.526863 -0.360414 0.537144 0.526861 -0.658706 0.849902 0.526859 0.009259 0.19815 0.526861 -0.826532 -0.180093 0.52686 -0.830653 -0.522663 0.526862 -0.670253 -0.761714 0.526864 -0.377102 -0.761714 0.526864 -0.377102 -0.849902 0.526859 -0.009259 -0.769751 0.526863 0.360414 -0.537144 0.526861 0.658706 -0.19815 0.526861 0.826532 0.180093 0.52686 0.830653 0.522663 0.526862 0.670253 0.761714 0.526864 0.377102 0.761714 0.526864 0.377102 0.622921 -0.067527 -0.779365 0.899386 -0.067516 -0.43191 0.480515 -0.708613 -0.516694 0.469339 -0.863722 -0.183588 0.208743 -0.708616 -0.67401 0.223078 -0.067533 -0.972458 -0.124051 -0.544689 -0.829413 -0.220948 -0.067536 -0.972944 -0.28342 -0.863725 -0.416717 -0.621212 -0.067531 -0.780728 -0.610662 -0.708615 -0.353492 -0.898438 -0.067519 -0.433877 -0.997718 -0.067512 -0.001091 -0.898438 -0.067519 -0.433877 -0.590949 -0.805455 -0.044959 -0.610662 -0.708615 -0.353492 -0.469339 -0.863722 0.183588 -0.899386 -0.067526 0.431909 -0.480515 -0.708613 0.516694 -0.62292 -0.067531 0.779365 -0.208743 -0.708616 0.67401 -0.223078 -0.067533 0.972458 0.124051 -0.544689 0.829413 0.220948 -0.067536 0.972944 0.283421 -0.863725 0.416716 0.621212 -0.067535 0.780727 0.610654 -0.708624 0.353488 0.898437 -0.067529 0.433878 0.997718 -0.067512 0.001091 0.590944 -0.805459 0.04496 0.898437 -0.067529 0.433878 0.610654 -0.708624 0.353488 -0.480515 -0.708613 0.516694 0.283421 -0.863725 0.416716 -0.208743 -0.708616 0.67401 0.124051 -0.544689 0.829413 -0.610662 -0.708615 -0.353492 0.469339 -0.863722 -0.183588 -0.590949 -0.805455 -0.044959 0.590944 -0.805459 0.04496 -0.508933 0.425499 0.74829 -0.133863 0.425496 0.895005 -0.783206 0.425494 0.453369 -0.90235 0.425501 0.068649 -0.842776 0.425503 -0.329661 -0.616281 0.425501 -0.662681 -0.842776 0.425503 -0.329661 -0.267724 0.425498 -0.864451 0.133863 0.425496 -0.895005 0.508934 0.425499 -0.748289 0.783205 0.425496 -0.453369 0.902349 0.425503 -0.068651 0.842776 0.425502 0.32966 0.616281 0.425501 0.662681 0.842776 0.425502 0.32966 0.267724 0.425499 0.864451 0.216351 0.92304 0.318104 -0.261984 0.923041 0.281709 0.068139 0.88758 0.455587 -0.167625 0.823986 0.541248 -0.068139 0.88758 -0.455587 0.167625 0.823988 -0.541244 0.610654 -0.708624 0.353488 -0.469339 -0.863722 0.183588 -0.28342 -0.863725 -0.416717 0.480515 -0.708613 -0.516694 0.208743 -0.708616 -0.67401 -0.124051 -0.544689 -0.829413 0.931289 0 -0.364282 0.681003 0 -0.73228 0.605046 0.715019 -0.35024 0.393165 0.715018 -0.578075 0.295841 0 -0.955237 0.140008 0.322684 -0.936095 -0.147918 0 -0.989 -0.244425 0.563349 -0.789236 -0.562379 0 -0.826879 -0.476094 0.715018 -0.511941 -0.865459 0 -0.50098 -0.65107 0.715018 -0.25467 -0.997118 0 -0.07586 -0.823838 0.563349 0.062677 -0.931289 0 0.364282 -0.511789 0.806415 0.296257 -0.931289 0 0.364282 -0.681003 0 0.73228 -0.511789 0.806415 0.296257 -0.393165 0.715018 0.578075 -0.295841 0 0.955237 -0.140008 0.322684 0.936095 0.147918 0 0.989 0.244426 0.563349 0.789236 0.56238 0 0.826879 0.476094 0.715018 0.511941 0.865459 0 0.50098 0.769449 0.56335 0.300975 0.997118 0 0.07586 0.589647 0.806414 -0.04486 0.931289 0 -0.364282 0.605046 0.715019 -0.35024 -0.823838 0.563349 0.062677 -0.511789 0.806415 0.296257 0.589647 0.806414 -0.04486 0.769449 0.56335 0.300975 -0.65107 0.715018 -0.25467 0.605046 0.715019 -0.35024 -0.476094 0.715018 -0.511941 0.393165 0.715018 -0.578075 0.476094 0.715018 0.511941 -0.393165 0.715018 0.578075 0.244426 0.563349 0.789236 -0.140008 0.322684 0.936095 -0.244425 0.563349 -0.789236 0.140008 0.322684 -0.936095</float_array>
          <technique_common>
            <accessor source="#GeometrySource4-array" count="234" stride="3">
              <param name="X" type="float"/>
              <param name="Y" type="float"/>
              <param name="Z" type="float"/>
            </accessor>
          </technique_common>
        </source>
        <source id="GeometrySource5" name="_1_0UV">
          <float_array id="GeometrySource5-array" count="468">0.289442 0.907378 0.430434 0.907378 0.289442 0.930937 0.430434 0.930937 0.571426 0.907378 0.571426 0.930937 0.71187 0.907378 0.71187 0.930937 0.856393 0.907378 0.856393 0.930937 0.997385 0.907378 0.997385 0.930937 0.003896 0.653458 0.148419 0.653458 0.003896 0.677018 0.148419 0.677018 0.289442 0.653458 0.289442 0.677018 0.430434 0.653458 0.430434 0.677018 0.571426 0.677018 0.571426 0.653458 0.71187 0.653458 0.71187 0.677018 0.856393 0.653458 0.856393 0.677018 0.997385 0.653458 0.997385 0.677018 0.003896 0.907378 0.148419 0.907378 0.003896 0.930937 0.148419 0.930937 0.231395 0.19359 0.250237 0.11104 0.611879 0.19359 0.593037 0.11104 0.250237 0.27614 0.593037 0.27614 0.303017 0.342344 0.540257 0.342344 0.430434 0.708156 0.571426 0.708156 0.289442 0.708156 0.148419 0.708156 0.003896 0.708156 0.856393 0.962076 0.997385 0.962076 0.71187 0.962076 0.571426 0.962076 0.430434 0.962076 0.289442 0.962076 0.148419 0.962076 0.003896 0.962076 0.856393 0.708156 0.997385 0.708156 0.71187 0.708156 0.289442 0.995802 0.430434 0.995802 0.148419 0.995802 0.571426 0.995802 0.71187 0.995802 0.856393 0.995802 0.997385 0.995802 0.003896 0.741882 0.148419 0.741882 0.289442 0.741882 0.430434 0.741882 0.571426 0.741882 0.71187 0.741882 0.856393 0.741882 0.997385 0.741882 0.003896 0.995802 0.289442 0.82848 0.430434 0.82848 0.289442 0.852557 0.430434 0.852557 0.571426 0.82848 0.571426 0.852557 0.71187 0.82848 0.71187 0.852557 0.856393 0.82848 0.856393 0.852557 0.997385 0.82848 0.997385 0.852557 0.003896 0.574591 0.148419 0.574591 0.003896 0.598638 0.148419 0.598638 0.289442 0.574591 0.289442 0.598638 0.430434 0.574591 0.430434 0.598638 0.571426 0.574591 0.571426 0.598638 0.71187 0.574591 0.71187 0.598638 0.856393 0.574591 0.856393 0.598638 0.997385 0.574591 0.997385 0.598638 0.003896 0.82848 0.148419 0.82848 0.003896 0.852557 0.148419 0.852557 0.289442 0.880835 0.430434 0.880835 0.148419 0.880835 0.571426 0.880835 0.71187 0.880835 0.856393 0.880835 0.997385 0.880835 0.003896 0.626946 0.148419 0.626946 0.289442 0.626946 0.430434 0.626946 0.571426 0.626946 0.71187 0.626946 0.856393 0.626946 0.997385 0.626946 0.003896 0.880835 0.430434 0.780418 0.289442 0.780418 0.430434 0.755458 0.289442 0.755458 0.571426 0.755458 0.571426 0.780418 0.71187 0.755458 0.71187 0.780418 0.856393 0.755458 0.856393 0.780418 0.997385 0.755458 0.997385 0.780418 0.148419 0.526529 0.003896 0.526529 0.148419 0.501539 0.003896 0.501539 0.289442 0.501539 0.289442 0.526529 0.430434 0.501539 0.430434 0.526529 0.571426 0.501539 0.571426 0.526529 0.71187 0.501539 0.71187 0.526529 0.856393 0.501539 0.856393 0.526529 0.997385 0.501539 0.997385 0.526529 0.148419 0.780418 0.148419 0.755458 0.003896 0.780418 0.003896 0.755458 0.19496 0.166743 0.050163 0.166743 0.148389 0.14434 0.096734 0.14434 0.227164 0.307918 0.017958 0.307918 0.23867 0.257542 0.006453 0.257542 0.430434 0.553893 0.571426 0.553893 0.289442 0.553893 0.148419 0.553893 0.003896 0.553893 0.856393 0.807813 0.997385 0.807813 0.71187 0.807813 0.571426 0.807813 0.430434 0.807813 0.289442 0.807813 0.148419 0.807813 0.003896 0.807813 0.856393 0.553893 0.997385 0.553893 0.71187 0.553893 0.540257 0.044866 0.303017 0.044866 0.463977 0.008127 0.379297 0.008127 0.379297 0.379053 0.463977 0.379053 0.017958 0.207166 0.227164 0.207166 0.19496 0.34831 0.050163 0.34831 0.096734 0.370713 0.148389 0.370713 0.006179 0.444192 0.147567 0.444192 0.006179 0.492955 0.147567 0.492955 0.288955 0.444192 0.288955 0.492955 0.430342 0.444192 0.430342 0.492955 0.57173 0.444192 0.57173 0.492955 0.713118 0.444192 0.713118 0.492955 0.854536 0.444192 0.854536 0.492955 0.995924 0.444192 0.995924 0.492955 0.006179 0.38928 0.147567 0.38928 0.006179 0.438043 0.147567 0.438043 0.288955 0.38928 0.288955 0.438043 0.430342 0.38928 0.430342 0.438043 0.57173 0.38928 0.57173 0.438043 0.713118 0.38928 0.713118 0.438043 0.854536 0.38928 0.854536 0.438043 0.995924 0.38928 0.995924 0.438043 0.620462 0.19359 0.638878 0.113019 0.991845 0.19359 0.97346 0.113019 0.638878 0.274161 0.97346 0.274161 0.69038 0.338783 0.921927 0.338783 0.921927 0.048428 0.69038 0.048428 0.847474 0.012571 0.764833 0.012571 0.764833 0.374609 0.847474 0.374609</float_array>
          <technique_common>
            <accessor source="#GeometrySource5-array" count="234" stride="2">
              <param name="S" type="float"/>
              <param name="T" type="float"/>
            </accessor>
          </technique_common>
        </source>
        <vertices id="Geometry1-vertices">
          <input semantic="POSITION" source="#GeometrySource3"/>
          <input semantic="NORMAL" source="#GeometrySource4"/>
          <input semantic="TEXCOORD" source="#GeometrySource5"/>
        </vertices>
        <triangles material="VisualMaterial10" count="316">
          <input semantic="VERTEX" source="#Geometry1-vertices" offset="0"/>
          <p>0 1 2 2 1 3 1 4 3 3 4 5 4 6 5 5 6 7 6 8 7 7 8 9 8 10 9 9 10 11 12 13 14 14 13 15 13 16 15 15 16 17 16 18 17 17 18 19 19 18 20 20 18 21 21 22 20 20 22 23 22 24 23 23 24 25 24 26 25 25 26 27 28 29 30 31 0 2 30 29 31 29 0 31 32 33 34 34 33 35 32 34 36 36 34 37 36 37 38 38 37 39 19 20 40 40 20 41 20 23 41 42 19 40 17 19 42 43 17 42 15 17 43 44 15 43 14 15 44 9 11 45 45 11 46 7 9 47 47 9 45 5 7 48 48 7 47 3 5 49 49 5 48 50 3 49 2 3 50 31 2 51 51 2 50 30 31 52 52 31 51 25 27 53 53 27 54 23 25 55 55 25 53 41 23 55 50 56 51 57 50 49 56 50 57 58 52 51 51 56 58 59 49 48 57 49 59 59 48 60 60 48 47 60 47 61 61 47 45 62 45 46 61 45 62 63 44 64 64 44 43 65 43 42 64 43 65 65 42 66 66 42 40 67 40 41 66 40 67 68 41 55 67 41 68 69 55 53 68 55 69 69 53 70 70 53 54 71 52 58 72 73 74 74 73 75 73 76 75 75 76 77 76 78 77 77 78 79 78 80 79 79 80 81 80 82 81 81 82 83 84 85 86 86 85 87 85 88 87 87 88 89 88 90 89 89 90 91 90 92 91 91 92 93 92 94 93 93 94 95 94 96 95 95 96 97 96 98 97 97 98 99 100 101 102 103 72 74 102 101 103 101 72 103 0 104 1 104 103 74 104 74 105 105 74 75 1 105 4 1 104 105 106 102 103 104 0 106 106 103 104 106 0 29 4 107 6 4 105 107 107 75 77 105 75 107 6 107 108 108 77 79 107 77 108 6 108 8 109 79 81 8 109 10 8 108 109 108 79 109 10 109 110 109 81 110 110 81 83 12 111 13 13 112 16 111 86 112 13 111 112 112 86 87 112 87 113 16 113 18 16 112 113 113 87 89 113 89 114 18 113 114 18 114 21 114 89 91 21 115 22 21 114 115 115 91 93 114 91 115 22 115 116 22 116 24 115 93 116 116 93 95 24 116 117 117 95 97 116 95 117 24 117 26 117 97 118 26 117 118 118 97 99 119 102 106 28 119 29 29 119 106 120 121 122 122 121 123 124 120 122 125 120 124 126 125 124 127 125 126 128 127 126 129 127 128 130 129 128 131 129 130 132 133 134 134 133 135 136 132 134 137 132 136 138 137 136 139 137 138 140 139 138 141 139 140 142 141 140 143 141 142 144 143 142 145 143 144 146 145 144 147 145 146 121 148 123 123 148 149 148 150 149 149 150 151 152 153 154 154 153 155 156 157 158 158 157 159 90 160 92 139 141 160 141 143 161 92 161 94 92 160 161 160 141 161 90 162 160 88 162 90 137 139 162 162 139 160 88 163 162 85 163 88 132 137 163 163 137 162 84 164 85 164 132 163 133 132 164 85 164 163 80 165 82 129 131 165 165 131 166 82 165 166 80 167 165 167 129 165 78 167 80 127 129 167 78 168 167 168 127 167 76 168 78 125 127 168 73 169 76 120 125 169 169 125 168 76 169 168 121 120 170 170 120 169 72 170 73 73 170 169 171 72 101 170 72 171 148 121 171 171 121 170 101 172 171 100 172 101 150 148 172 172 148 171 145 147 173 96 173 98 98 173 174 173 147 174 96 175 173 94 161 175 161 143 175 175 145 173 143 145 175 94 175 96 35 33 176 176 33 177 176 177 178 178 177 179 38 39 180 180 39 181 182 153 183 183 153 152 182 183 159 159 183 158 156 184 157 157 184 185 185 184 186 186 184 187 188 189 190 190 189 191 189 192 191 191 192 193 192 194 193 193 194 195 194 196 195 195 196 197 196 198 197 197 198 199 198 200 199 199 200 201 200 202 201 201 202 203 204 205 206 206 205 207 205 208 207 207 208 209 208 210 209 209 210 211 210 212 211 211 212 213 212 214 213 213 214 215 214 216 215 215 216 217 216 218 217 217 218 219 220 221 222 222 221 223 220 222 224 224 222 225 224 225 226 226 225 227 223 221 228 228 221 229 228 229 230 230 229 231 226 227 232 232 227 233</p>
        </triangles>
      </mesh>
    </geometry>
    <geometry id="Geometry2" name="_2_0">
      <mesh>
        <source id="GeometrySource6" name="_2_0Pos">
          <float_array id="GeometrySource6-array" count="408">0.983216 0.950989 -0.473492 0.680406 0.950989 -0.853202 1.18342 1.29674 -0.569902 0.818949 1.29674 -1.02693 0.242834 0.950989 -1.06393 0.29228 1.29674 -1.28056 -0.242834 0.950989 -1.06393 -0.29228 1.29674 -1.28056 -0.680406 0.950989 -0.853202 -0.818949 1.29674 -1.02693 -0.983216 0.950989 -0.473492 -1.18342 1.29674 -0.569902 -1.09129 0.950989 0.000000 -1.31349 1.29674 0 -0.983216 0.950989 0.473493 -1.18342 1.29674 0.569902 -0.680408 0.950989 0.853203 -0.818949 1.29674 1.02693 -0.242835 0.950989 1.06393 -0.29228 1.29674 1.28056 0.242834 0.950989 1.06393 0.29228 1.29674 1.28056 0.680406 0.950989 0.853203 0.818949 1.29674 1.02693 0.983216 0.950989 0.473493 1.18342 1.29674 0.569902 1.09129 0.950989 0.000000 1.31349 1.29674 0.000000 0.983216 0.950989 -0.473492 1.18342 1.29674 -0.569902 1.28774 1.6911 -0.620141 0.891144 1.6911 -1.11746 0.318045 1.6911 -1.39345 -0.318045 1.6911 -1.39345 -0.891144 1.6911 -1.11746 -1.28774 1.6911 -0.620144 -1.42928 1.6911 0 -1.28774 1.6911 0.620141 -0.891144 1.6911 1.11746 -0.318045 1.6911 1.39345 0.318045 1.6911 1.39345 0.891144 1.6911 1.11746 1.28774 1.6911 0.620144 1.42928 1.6911 0.000000 1.28774 1.6911 -0.620141 1.28774 2.10209 -0.620141 0.891144 2.10209 -1.11746 0.318045 2.10209 -1.39345 -0.318045 2.10209 -1.39345 -0.891144 2.10209 -1.11746 -1.28774 2.10209 -0.620144 -1.42928 2.10209 0 -1.28774 2.10209 0.620141 -0.891144 2.10209 1.11746 -0.318045 2.10209 1.39345 0.318045 2.10209 1.39345 0.891144 2.10209 1.11746 1.28774 2.10209 0.620144 1.42928 2.10209 0.000000 1.28774 2.10209 -0.620141 1.18342 2.49645 -0.569902 0.818949 2.49645 -1.02693 0.29228 2.49645 -1.28056 -0.29228 2.49645 -1.28056 -0.818949 2.49645 -1.02693 -1.18342 2.49645 -0.569902 -1.31349 2.49645 0 -1.18342 2.49645 0.569902 -0.818949 2.49645 1.02693 -0.29228 2.49645 1.28056 0.29228 2.49645 1.28056 0.818949 2.49645 1.02693 1.18342 2.49645 0.569902 1.31349 2.49645 0.000000 1.18342 2.49645 -0.569902 0.983216 2.8422 -0.473492 0.680406 2.8422 -0.853202 0.242834 2.8422 -1.06393 -0.242834 2.8422 -1.06393 -0.680406 2.8422 -0.853202 -0.983216 2.8422 -0.473492 -1.09129 2.8422 0.000000 -0.983216 2.8422 0.473493 -0.680408 2.8422 0.853203 -0.242835 2.8422 1.06393 0.242834 2.8422 1.06393 0.680406 2.8422 0.853203 0.983216 2.8422 0.473493 1.09129 2.8422 0.000000 0.983216 2.8422 -0.473492 0.703365 3.11135 -0.338723 0.486744 3.11135 -0.610356 0.173717 3.11135 -0.761102 -0.173716 3.11135 -0.761102 -0.486744 3.11135 -0.610356 -0.703365 3.11135 -0.338723 -0.780675 3.11135 0.000000 -0.703365 3.11135 0.338723 -0.486744 3.11135 0.610357 -0.173717 3.11135 0.761103 0.173716 3.11135 0.761103 0.486744 3.11135 0.610357 0.703365 3.11135 0.338723 0.780675 3.11135 0.000000 0.703365 3.11135 -0.338723 0.36653 3.28209 -0.176511 0.253646 3.28209 -0.318061 0.090525 3.28209 -0.396618 -0.090525 3.28209 -0.396618 -0.253646 3.28209 -0.318061 -0.36653 3.28209 -0.176511 -0.406815 3.28209 0.000000 -0.36653 3.28209 0.176511 -0.253646 3.28209 0.318062 -0.090525 3.28209 0.396618 0.090525 3.28209 0.396618 0.253646 3.28209 0.318062 0.36653 3.28209 0.176511 0.406815 3.28209 0.000000 0.36653 3.28209 -0.176511 0 3.34058 0.000000 0.511119 0.716015 -0.640922 0.738587 0.716015 -0.355685 0.182416 0.716015 -0.799215 -0.182416 0.716015 -0.799215 -0.511119 0.716015 -0.640922 -0.738587 0.716015 -0.355685 -0.819768 0.716015 -0.000000 -0.738587 0.716015 0.355686 -0.511119 0.716015 0.64092 -0.182416 0.716015 0.799216 0.182416 0.716015 0.799216 0.511119 0.716015 0.64092 0.738587 0.716015 0.355686 0.819768 0.716015 0 0.738587 0.716015 -0.355685</float_array>
          <technique_common>
            <accessor source="#GeometrySource6-array" count="136" stride="3">
              <param name="X" type="float"/>
              <param name="Y" type="float"/>
              <param name="Z" type="float"/>
            </accessor>
          </technique_common>
        </source>
        <source id="GeometrySource7" name="_2_0Nrm">
          <float_array id="GeometrySource7-array" count="408">0.704189 -0.654403 -0.275452 0.514939 -0.654401 -0.553711 0.821291 -0.415758 -0.390674 0.570451 -0.415759 -0.708329 0.223698 -0.654402 -0.7223 0.206626 -0.41576 -0.885691 -0.111849 -0.654402 -0.747828 -0.198125 -0.415761 -0.887631 -0.425243 -0.654401 -0.625242 -0.563632 -0.41576 -0.713766 -0.654412 -0.654402 -0.378817 -0.817507 -0.41576 -0.39853 -0.753966 -0.654404 -0.057362 -0.909465 -0.415758 -0.00436 -0.70419 -0.654403 0.275451 -0.821292 -0.415757 0.390674 -0.514939 -0.654403 0.55371 -0.570451 -0.415757 0.70833 -0.223698 -0.654403 0.722299 -0.206626 -0.41576 0.885691 0.111849 -0.654403 0.747828 0.198125 -0.415761 0.887631 0.425243 -0.654403 0.62524 0.563633 -0.41576 0.713766 0.654412 -0.654403 0.378817 0.817507 -0.41576 0.39853 0.753966 -0.654404 0.057361 0.909465 -0.415758 0.004359 0.704189 -0.654403 -0.275452 0.821291 -0.415758 -0.390674 0.892423 -0.142453 -0.428122 0.618291 -0.142456 -0.772931 0.221697 -0.142457 -0.964653 -0.218806 -0.142457 -0.965313 -0.615971 -0.142456 -0.774781 -0.891136 -0.142453 -0.430794 -0.989801 -0.142453 -0.001482 -0.892423 -0.142453 0.428122 -0.618291 -0.142456 0.772931 -0.221698 -0.142457 0.964653 0.218807 -0.142456 0.965313 0.615972 -0.142455 0.774781 0.891136 -0.142453 0.430794 0.989801 -0.142453 0.001482 0.892423 -0.142453 -0.428122 0.891137 0.142452 -0.430793 0.615972 0.142455 -0.774781 0.218806 0.142457 -0.965313 -0.221697 0.142457 -0.964653 -0.61829 0.142456 -0.772932 -0.892423 0.142455 -0.428122 -0.989801 0.142453 0.001482 -0.891137 0.142452 0.430793 -0.615973 0.142454 0.77478 -0.218807 0.142456 0.965313 0.221698 0.142457 0.964653 0.61829 0.142456 0.772932 0.892423 0.142454 0.428122 0.989801 0.142453 -0.001482 0.891137 0.142452 -0.430793 0.817508 0.415758 -0.39853 0.563633 0.41576 -0.713766 0.198125 0.41576 -0.887632 -0.206626 0.415759 -0.885692 -0.57045 0.415759 -0.70833 -0.821291 0.415758 -0.390674 -0.909465 0.415757 0.004359 -0.817508 0.415758 0.39853 -0.563634 0.415758 0.713766 -0.198125 0.41576 0.887632 0.206626 0.415759 0.885692 0.570451 0.415758 0.70833 0.821291 0.415758 0.390674 0.909465 0.415757 -0.00436 0.817508 0.415758 -0.39853 0.677571 0.655228 -0.334027 0.465543 0.655226 -0.594936 0.161307 0.655227 -0.73801 -0.174879 0.655227 -0.734912 -0.476426 0.655227 -0.586256 -0.683611 0.655228 -0.321485 -0.755399 0.655228 0.00696 -0.677572 0.655227 0.334026 -0.465543 0.655226 0.594935 -0.161306 0.655227 0.73801 0.174879 0.655227 0.734912 0.476426 0.655227 0.586256 0.683611 0.655228 0.321485 0.755399 0.655228 -0.00696 0.677571 0.655228 -0.334027 0.48279 0.841474 -0.242561 0.329734 0.841474 -0.428016 0.111372 0.841474 -0.528695 -0.12905 0.841474 -0.52466 -0.343912 0.841474 -0.41671 -0.490657 0.841474 -0.226224 -0.540222 0.841474 0.009067 -0.48279 0.841474 0.242561 -0.329733 0.841474 0.428015 -0.111372 0.841474 0.528695 0.12905 0.841474 0.52466 0.343912 0.841474 0.41671 0.490657 0.841474 0.226224 0.540222 0.841474 -0.009067 0.48279 0.841474 -0.242561 0.269998 0.950909 -0.151241 0.177639 0.950908 -0.253412 0.050096 0.950908 -0.305391 -0.08737 0.950908 -0.296883 -0.20753 0.950908 -0.229574 -0.286587 0.950909 -0.116794 -0.308882 0.950908 0.019116 -0.269998 0.950909 0.151241 -0.177639 0.950908 0.253412 -0.050096 0.950908 0.305391 0.08737 0.950909 0.296883 0.20753 0.950909 0.229574 0.286587 0.950909 0.116794 0.308882 0.950908 -0.019116 0.269998 0.950909 -0.151241 0 1 0 0.368624 -0.755222 -0.541993 0.567281 -0.755222 -0.328378 0.096955 -0.755224 -0.648257 -0.193913 -0.755223 -0.626128 -0.446377 -0.755222 -0.479988 -0.610429 -0.755224 -0.238775 -0.653578 -0.755224 0.049724 -0.567279 -0.755224 0.328376 -0.368622 -0.755225 0.54199 -0.096957 -0.755224 0.648256 0.193914 -0.755224 0.626126 0.446376 -0.755223 0.479986 0.610429 -0.755224 0.238776 0.653578 -0.755224 -0.049725 0.567281 -0.755222 -0.328378</float_array>
          <technique_common>
            <accessor source="#GeometrySource7-array" count="136" stride="3">
              <param name="X" type="float"/>
              <param name="Y" type="float"/>
              <param name="Z" type="float"/>
            </accessor>
          </technique_common>
        </source>
        <source id="GeometrySource8" name="_2_0UV">
          <float_array id="GeometrySource8-array" count="272">0 0.098391 0.071413 0.098391 0 0.211096 0.071413 0.211096 0.142857 0.098391 0.142857 0.211096 0.21427 0.098391 0.21427 0.211096 0.285714 0.098391 0.285714 0.211096 0.357127 0.098391 0.357127 0.211096 0.428571 0.098391 0.428571 0.211096 0.499985 0.098391 0.499985 0.211096 0.571428 0.098391 0.571428 0.211096 0.642872 0.098391 0.642872 0.211096 0.714285 0.098391 0.714285 0.211096 0.785729 0.098391 0.785729 0.211096 0.857143 0.098391 0.857143 0.211096 0.928586 0.098391 0.928586 0.211096 1 0.098391 1 0.211096 0 0.323801 0.071413 0.323801 0.142857 0.323801 0.21427 0.323801 0.285714 0.323801 0.357127 0.323801 0.428571 0.323801 0.499985 0.323801 0.571428 0.323801 0.642872 0.323801 0.714285 0.323801 0.785729 0.323801 0.857143 0.323801 0.928586 0.323801 1 0.323801 0 0.436506 0.071413 0.436506 0.142857 0.436506 0.21427 0.436506 0.285714 0.436506 0.357127 0.436506 0.428571 0.436506 0.499985 0.436506 0.571428 0.436506 0.642872 0.436506 0.714285 0.436506 0.785729 0.436506 0.857143 0.436506 0.928586 0.436506 1 0.436506 0 0.549211 0.071413 0.549211 0.142857 0.549211 0.21427 0.549211 0.285714 0.549211 0.357127 0.549211 0.428571 0.549211 0.499985 0.549211 0.571428 0.549211 0.642872 0.549211 0.714285 0.549211 0.785729 0.549211 0.857143 0.549211 0.928586 0.549211 1 0.549211 0 0.661885 0.071413 0.661885 0.142857 0.661885 0.21427 0.661885 0.285714 0.661885 0.357127 0.661885 0.428571 0.661885 0.499985 0.661885 0.571428 0.661885 0.642872 0.661885 0.714285 0.661885 0.785729 0.661885 0.857143 0.661885 0.928586 0.661885 1 0.661885 0 0.77459 0.071413 0.77459 0.142857 0.77459 0.21427 0.77459 0.285714 0.77459 0.357127 0.77459 0.428571 0.77459 0.499985 0.77459 0.571428 0.77459 0.642872 0.77459 0.714285 0.77459 0.785729 0.77459 0.857143 0.77459 0.928586 0.77459 1 0.77459 0 0.887295 0.071413 0.887295 0.142857 0.887295 0.21427 0.887295 0.285714 0.887295 0.357127 0.887295 0.428571 0.887295 0.499985 0.887295 0.571428 0.887295 0.642872 0.887295 0.714285 0.887295 0.785729 0.887295 0.857143 0.887295 0.928586 0.887295 1 0.887295 0.500015 1 0.071413 0 0 0 0.142857 0 0.21427 0 0.285714 0 0.357127 0 0.428571 0 0.499985 0 0.571428 0 0.642872 0 0.714285 0 0.785729 0 0.857143 0 0.928586 0 1 0</float_array>
          <technique_common>
            <accessor source="#GeometrySource8-array" count="136" stride="2">
              <param name="S" type="float"/>
              <param name="T" type="float"/>
            </accessor>
          </technique_common>
        </source>
        <vertices id="Geometry2-vertices">
          <input semantic="POSITION" source="#GeometrySource6"/>
          <input semantic="NORMAL" source="#GeometrySource7"/>
          <input semantic="TEXCOORD" source="#GeometrySource8"/>
        </vertices>
        <triangles material="VisualMaterial20" count="238">
          <input semantic="VERTEX" source="#Geometry2-vertices" offset="0"/>
          <p>0 1 2 2 1 3 1 4 3 3 4 5 4 6 5 5 6 7 6 8 7 7 8 9 8 10 9 9 10 11 10 12 11 11 12 13 12 14 13 13 14 15 14 16 15 15 16 17 16 18 17 17 18 19 18 20 19 19 20 21 20 22 21 21 22 23 22 24 23 23 24 25 24 26 25 25 26 27 26 28 27 27 28 29 2 3 30 3 5 31 30 3 31 31 5 32 5 7 32 7 9 33 32 7 33 9 11 34 33 9 34 34 11 35 11 13 35 13 15 36 35 13 36 36 15 37 15 17 37 17 19 38 37 17 38 19 21 39 38 19 39 39 21 40 21 23 40 23 25 41 40 23 41 25 27 42 41 25 42 42 27 43 27 29 43 43 29 44 30 31 45 31 32 46 45 31 46 32 33 47 46 32 47 47 33 48 33 34 48 34 35 49 48 34 49 35 36 50 49 35 50 50 36 51 36 37 51 37 38 52 51 37 52 38 39 53 52 38 53 53 39 54 39 40 54 40 41 55 54 40 55 41 42 56 55 41 56 56 42 57 42 43 57 57 43 58 43 44 58 58 44 59 45 46 60 60 46 61 46 47 61 61 47 62 47 48 62 62 48 63 48 49 63 63 49 64 49 50 64 64 50 65 50 51 65 65 51 66 51 52 66 66 52 67 52 53 67 67 53 68 53 54 68 68 54 69 54 55 69 69 55 70 55 56 70 70 56 71 56 57 71 71 57 72 57 58 72 72 58 73 58 59 73 73 59 74 60 61 75 75 61 76 61 62 76 76 62 77 62 63 77 77 63 78 63 64 78 78 64 79 64 65 79 79 65 80 65 66 80 80 66 81 66 67 81 81 67 82 67 68 82 82 68 83 68 69 83 83 69 84 69 70 84 84 70 85 70 71 85 85 71 86 71 72 86 86 72 87 72 73 87 87 73 88 73 74 88 88 74 89 75 76 90 90 76 91 76 77 91 91 77 92 77 78 92 92 78 93 78 79 93 93 79 94 79 80 94 94 80 95 80 81 95 95 81 96 81 82 96 96 82 97 82 83 97 97 83 98 83 84 98 98 84 99 84 85 99 99 85 100 85 86 100 100 86 101 86 87 101 101 87 102 87 88 102 102 88 103 88 89 103 103 89 104 90 91 105 105 91 106 91 92 106 106 92 107 92 93 107 107 93 108 93 94 108 108 94 109 94 95 109 109 95 110 95 96 110 110 96 111 96 97 111 111 97 112 97 98 112 112 98 113 98 99 113 113 99 114 99 100 114 114 100 115 100 101 115 115 101 116 101 102 116 116 102 117 102 103 117 117 103 118 103 104 118 118 104 119 105 106 120 106 107 120 107 108 120 108 109 120 109 110 120 110 111 120 111 112 120 112 113 120 113 114 120 114 115 120 115 116 120 116 117 120 117 118 120 118 119 120 121 4 1 121 1 122 122 1 0 123 6 4 123 4 121 124 8 6 124 6 123 125 8 124 125 10 8 126 12 10 126 10 125 127 14 12 127 12 126 128 14 127 128 16 14 129 16 128 129 18 16 130 18 129 130 20 18 131 20 130 131 22 20 132 24 22 132 22 131 133 26 24 133 24 132 134 26 133 134 28 26 135 28 134</p>
        </triangles>
      </mesh>
    </geometry>
    <geometry id="Geometry3" name="_3_0">
      <mesh>
        <source id="GeometrySource9" name="_3_0Pos">
          <float_array id="GeometrySource9-array" count="2463">-0.744799 2.11265 -0.054818 -0.699498 2.12039 -0.047331 -0.475261 1.40197 -0.055127 -0.416632 1.4249 -0.044784 -0.454486 1.4107 0.004559 -0.731664 2.13501 -0.008832 -0.744799 2.11265 -0.054818 -0.475261 1.40197 -0.055127 -0.686867 1.91025 0.004474 -0.693606 1.89391 0.015922 -0.650356 1.92457 0.007869 -0.627616 1.9176 0.028948 -0.557433 1.91968 -0.074497 -0.55861 1.91924 -0.007381 -0.630308 1.88988 -0.090575 -0.608059 1.89931 0.028221 -0.588828 1.93387 -0.003983 -0.60701 1.94116 -0.007852 -0.642536 1.90903 -0.077817 -0.705029 1.89204 -0.072511 -0.654354 1.91908 -0.067748 -0.695414 1.90377 -0.047665 -0.597795 1.94704 -0.025599 -0.58217 1.9358 -0.069183 -0.610123 1.9364 -0.065156 -0.702096 1.86575 0.021925 -0.712486 1.88772 -0.02164 -0.720863 1.85776 -0.012735 -0.694577 1.90587 -0.009974 -0.709661 1.8602 -0.090809 -0.705029 1.89204 -0.072511 -0.630308 1.88988 -0.090575 -0.709661 1.8602 -0.090809 -0.695414 1.90377 -0.047665 -0.598294 1.98584 -0.028216 -0.5873 1.98925 -0.020846 -0.62146 1.97376 -0.088986 -0.621015 1.97339 -0.10529 -0.71283 1.93724 -0.068743 -0.725012 1.93199 -0.076728 -0.720442 1.93626 -0.018412 -0.736233 1.92959 -0.00702 -0.66835 1.95405 -0.109649 -0.665369 1.95575 -0.090311 -0.616389 1.97983 0.003181 -0.659194 1.96271 0.011915 -0.613877 1.98035 0.024967 -0.673615 1.95714 0.028633 -0.71033 1.9417 0.022935 -0.695434 1.94776 0.009585 -0.5873 1.98925 -0.020846 -0.598294 1.98584 -0.028216 -0.723563 1.91376 -0.074226 -0.736388 1.91103 -0.003434 -0.663006 1.93742 -0.112117 -0.600026 1.96283 -0.1071 -0.660567 1.94412 0.042611 -0.59181 1.97084 0.026176 -0.705384 1.9254 0.036052 -0.575012 1.97925 -0.028627 -0.575012 1.97925 -0.028627 -0.596079 1.94586 -0.085875 -0.576903 1.96034 -0.021867 -0.610123 1.9364 -0.065156 -0.597795 1.94704 -0.025599 -0.695414 1.90377 -0.047665 -0.694577 1.90587 -0.009974 -0.710105 1.90226 -0.061325 -0.722742 1.90014 0.000304 -0.655382 1.92255 -0.091946 -0.654354 1.91908 -0.067748 -0.60701 1.94116 -0.007852 -0.592209 1.95235 0.017307 -0.650356 1.92457 0.007869 -0.652458 1.92928 0.03868 -0.686867 1.91025 0.004474 -0.689482 1.91443 0.031274 -0.576903 1.96034 -0.021867 -0.597795 1.94704 -0.025599 -0.736388 1.91103 -0.003434 -0.723563 1.91376 -0.074226 -0.600026 1.96283 -0.1071 -0.663006 1.93742 -0.112117 -0.660567 1.94412 0.042611 -0.59181 1.97084 0.026176 -0.705384 1.9254 0.036052 -0.575012 1.97925 -0.028627 -0.575012 1.97925 -0.028627 -0.751375 1.96668 -0.072353 -0.720442 1.93626 -0.018412 -0.757892 1.9861 -0.022883 -0.656212 2.21259 -0.122821 -0.68337 2.28294 -0.136459 -0.653769 2.22261 -0.094012 -0.683071 2.2954 -0.118425 -0.736674 2.00667 0.008721 -0.775408 2.05963 0.005265 -0.704886 2.08475 0.007895 -0.681793 2.02583 0.013936 -0.647224 2.163 -0.03456 -0.629839 2.17573 -0.049626 -0.674874 2.2292 -0.054264 -0.651327 2.23262 -0.065204 -0.698067 2.05893 -0.105755 -0.750615 2.04696 -0.103303 -0.734818 2.1457 -0.101019 -0.78758 2.12407 -0.099257 -0.615025 2.11026 -0.032239 -0.618212 2.09313 -0.108068 -0.608584 2.04327 -0.04054 -0.616235 2.03098 -0.100425 -0.665369 1.95575 -0.090311 -0.698453 2.21975 -0.054864 -0.659194 1.96271 0.011915 -0.616389 1.97983 0.003181 -0.630956 2.03991 -0.002977 -0.751536 2.26402 -0.067303 -0.729046 2.2239 -0.040581 -0.726604 2.26354 -0.080254 -0.616235 2.03098 -0.100425 -0.618212 2.09313 -0.108068 -0.695434 1.94776 0.009585 -0.808306 2.10542 -0.011606 -0.849476 2.17422 -0.036859 -0.834402 2.0919 -0.026281 -0.869867 2.16234 -0.048486 -0.638515 2.10654 -0.010674 -0.706213 2.27745 -0.137485 -0.706951 2.29756 -0.118567 -0.68337 2.28294 -0.136459 -0.699436 2.1512 -0.015762 -0.740119 2.25821 -0.136222 -0.75436 2.13127 -0.008273 -0.792306 2.2051 -0.033521 -0.802816 2.04237 -0.01965 -0.64747 2.17964 -0.121982 -0.83553 2.09144 -0.093397 -0.870126 2.16491 -0.117338 -0.878615 2.17748 -0.067184 -0.71283 1.93724 -0.068743 -0.852636 2.18421 -0.12552 -0.811207 2.23237 -0.123703 -0.700967 2.28129 -0.076552 -0.673985 2.28293 -0.089994 -0.64747 2.17964 -0.121982 -0.656212 2.21259 -0.122821 -0.598294 1.98584 -0.028216 -0.86309 2.20551 -0.105751 -0.859668 2.20211 -0.059011 -0.824056 2.24256 -0.100619 -0.79389 2.25372 -0.082372 -0.782504 2.03338 -0.095191 -0.770763 2.24759 -0.130432 -0.75967 2.27431 -0.114821 -0.824056 2.24256 -0.100619 -0.796136 2.26274 -0.108898 -0.739497 2.27244 -0.114212 -0.75967 2.27431 -0.114821 -0.796136 2.26274 -0.108898 -0.739497 2.27244 -0.114212 -0.706951 2.29756 -0.118567 -0.62146 1.97376 -0.088986 -0.62146 1.97376 -0.088986 0.069228 1.58 0.498755 0.066234 1.76495 0.378364 0.110613 1.54828 0.437039 0.102895 1.73686 0.323694 0.125826 1.61078 0.547506 0.116371 1.79222 0.421548 0.203167 1.79139 0.410062 0.223808 1.60985 0.53454 0.265193 1.57813 0.472824 0.239826 1.7633 0.355394 0.208594 1.54735 0.424073 0.18969 1.73603 0.312208 0.070798 1.83833 0.302038 0.110915 1.87582 0.324989 0.183089 1.87513 0.315439 0.215146 1.83695 0.282937 0.175029 1.79946 0.259984 0.131667 1.8695 0.180457 0.100105 1.51087 0.533611 0.130276 1.48756 0.488278 0.141459 1.5335 0.569485 0.212985 1.53282 0.560019 0.243157 1.50951 0.514682 0.201802 1.48688 0.478814 0.171119 1.46812 0.523314 0.201802 1.48688 0.478814 0.193896 1.38537 0.534559 0.148563 1.38537 0.534559 0.203285 1.42116 0.502331 0.139174 1.42116 0.502331 0.148563 1.38537 0.534559 0.125896 1.40025 0.57089 0.139174 1.42116 0.502331 0.107119 1.4422 0.55371 0.148563 1.41512 0.607222 0.139174 1.46324 0.605091 0.193896 1.41512 0.607222 0.203285 1.46324 0.605091 0.216562 1.40025 0.57089 0.23534 1.4422 0.55371 0.193896 1.46927 0.5002 0.148563 1.46927 0.5002 0.148563 1.46927 0.5002 0.125896 1.48415 0.53653 0.148563 1.49903 0.572862 0.193896 1.49903 0.572862 0.216562 1.48415 0.53653 0.171229 1.38287 0.578006 0.171229 1.50153 0.529415 0.561455 1.60537 -0.010285 0.428508 1.77906 -0.000182 0.504655 1.56242 -0.048442 0.371805 1.75097 -0.033612 0.468714 1.80633 -0.052735 0.600052 1.64493 -0.069218 0.452218 1.8055 -0.138721 0.581851 1.64153 -0.166309 0.52505 1.59857 -0.204466 0.395518 1.77741 -0.172151 0.486453 1.55902 -0.145533 0.355309 1.75014 -0.119596 0.352045 1.85244 -0.000315 0.372633 1.88993 -0.041694 0.358917 1.88924 -0.113194 0.324612 1.85106 -0.143313 0.227141 1.88361 -0.054037 0.486453 1.55902 -0.145533 0.577423 1.50219 -0.14517 0.590062 1.50639 -0.074257 0.624956 1.54507 -0.04606 0.647217 1.57955 -0.088776 0.634577 1.57535 -0.159689 0.599677 1.53667 -0.187886 0.577423 1.50219 -0.14517 0.627405 1.50159 -0.117337 0.386263 2.53336 0.135728 0.371839 2.5222 0.126711 0.266265 2.55559 0.206948 0.256716 2.54212 0.195848 0.377883 2.50733 0.139484 0.257524 2.52884 0.210689 0.267695 2.54209 0.22168 0.392307 2.51849 0.148502 0.386263 2.53336 0.135728 0.266265 2.55559 0.206948 0.129469 2.5447 0.236792 0.124787 2.52893 0.223617 -0.012014 2.49687 0.211445 -0.009963 2.47943 0.201906 0.120351 2.51724 0.240534 -0.017321 2.4685 0.217127 0.126277 2.53257 0.25349 -0.019243 2.48595 0.227059 0.129469 2.5447 0.236792 -0.012014 2.49687 0.211445 -0.16288 2.39191 0.14643 -0.169293 2.38328 0.163046 -0.180457 2.40539 0.146294 -0.180457 2.40539 0.146294 -0.182929 2.40132 0.166864 -0.028701 2.83658 -0.146452 0.040141 2.78977 -0.321764 -0.251388 2.39749 -0.085063 -0.16225 2.33688 -0.312057 0.209906 2.72467 -0.389633 0.05756 2.25258 -0.399934 0.381146 2.67942 -0.310305 0.279283 2.19398 -0.29722 0.453552 2.68051 -0.130247 0.373033 2.1954 -0.06408 0.384708 2.72732 0.045064 0.283895 2.25601 0.162911 0.214944 2.79242 0.112934 0.064083 2.34031 0.25079 0.043703 2.83768 0.033605 -0.157638 2.39891 0.148075 -0.028701 2.83658 -0.146452 -0.251388 2.39749 -0.085063 0.061332 2.80593 -0.308406 -0.001519 2.84866 -0.148354 0.218621 2.77742 -0.140956 0.216321 2.74649 -0.370368 0.372657 2.70518 -0.297945 0.43876 2.70618 -0.133558 0.375909 2.74891 0.026494 0.22092 2.80835 0.088456 0.064584 2.84967 0.016031 -0.283676 2.40794 -0.086149 -0.185319 2.34106 -0.336617 0.057224 2.24805 -0.433582 0.301875 2.18339 -0.320245 0.405321 2.18496 -0.062995 0.306964 2.25183 0.187471 0.064421 2.34484 0.284437 -0.18023 2.4095 0.1711 -0.283676 2.40794 -0.086149 -0.290681 2.3866 -0.083201 -0.192323 2.31972 -0.33367 0.050219 2.22671 -0.430635 0.29487 2.16205 -0.317297 0.398316 2.16362 -0.060048 0.299959 2.23049 0.190418 0.057416 2.3235 0.287384 -0.187235 2.38816 0.174047 -0.290681 2.3866 -0.083201 -0.192323 2.31972 -0.33367 0.053817 2.27511 -0.071625 -0.290681 2.3866 -0.083201 0.050219 2.22671 -0.430635 0.29487 2.16205 -0.317297 0.398316 2.16362 -0.060048 0.299959 2.23049 0.190418 0.057416 2.3235 0.287384 -0.187235 2.38816 0.174047 0.446023 2.47128 0.023745 0.42932 2.46117 0.019936 0.437289 2.44453 0.027478 0.453874 2.45477 0.031933 0.446023 2.47128 0.023745 0.452767 2.39307 -0.092702 0.433793 2.38401 -0.091311 0.393824 2.30652 -0.202171 0.37821 2.29737 -0.193707 0.443695 2.36559 -0.089006 0.386564 2.27907 -0.194499 0.402554 2.28812 -0.202821 0.462433 2.37491 -0.089107 0.393824 2.30652 -0.202171 0.452767 2.39307 -0.092702 0.274287 2.18688 -0.299114 0.28496 2.17022 -0.299912 0.277747 2.19048 -0.32069 0.294336 2.17747 -0.319547 0.277747 2.19048 -0.32069 -0.001519 2.84866 -0.148354 0.061332 2.80593 -0.308406 0.064584 2.84967 0.016031 -0.001519 2.84866 -0.148354 0.216321 2.74649 -0.370368 0.372657 2.70518 -0.297945 0.43876 2.70618 -0.133558 0.375909 2.74891 0.026494 0.22092 2.80835 0.088456 0.048955 2.12534 0.320007 0.089015 2.12534 0.314817 0.071245 2.16354 0.334829 0.028224 2.1599 0.317178 0.047551 2.19445 0.309154 0.087606 2.19445 0.303963 0.10834 2.1599 0.306793 0.089261 2.11635 0.292411 0.043006 2.11635 0.298408 0.019066 2.15625 0.295138 0.041381 2.19614 0.285874 0.087635 2.19614 0.279878 0.111577 2.15625 0.283148 -0.115463 2.13492 0.295601 -0.172865 2.0969 0.602734 -0.06149 2.13492 0.309675 -0.161374 2.0969 0.60573 -0.178613 2.08662 0.601235 -0.142444 2.08662 0.288565 -0.115463 2.03832 0.295601 -0.172867 2.07633 0.602734 -0.142444 2.08662 0.288565 -0.178613 2.08662 0.601235 -0.161374 2.07633 0.60573 -0.06149 2.03832 0.309675 -0.155629 2.08662 0.607228 -0.034504 2.08662 0.316712 -0.034504 2.08662 0.316712 -0.155629 2.08662 0.607228 -0.168749 2.08662 0.610477 0.380844 1.71121 -0.259959 0.111396 1.71121 -0.463853 0.370218 1.77813 -0.253729 0.108286 1.77813 -0.451931 -0.22331 1.71121 -0.417499 -0.217076 1.77813 -0.406873 -0.427199 1.71121 -0.14805 -0.415283 1.77813 -0.144942 -0.427199 1.71121 -0.14805 -0.38085 1.71121 0.186654 -0.415283 1.77813 -0.144942 -0.370221 1.77813 0.180424 -0.111399 1.71121 0.390548 -0.10829 1.77813 0.378627 0.223304 1.71121 0.344193 0.217075 1.77813 0.333568 0.427197 1.71121 0.074744 0.415279 1.77813 0.071636 0.415279 1.77813 0.071636 0.427197 1.71121 0.074744 -0.31512 1.86903 0.148115 -0.092173 1.86903 0.316821 -0.227442 1.89694 0.096705 -0.066527 1.89694 0.21847 -0.353475 1.86903 -0.128825 -0.255124 1.89694 -0.103179 -0.184768 1.86903 -0.351772 -0.353475 1.86903 -0.128825 -0.133359 1.89694 -0.264092 -0.255124 1.89694 -0.103179 0.092169 1.86903 -0.390125 0.066524 1.89694 -0.291775 0.315118 1.86903 -0.22142 0.227439 1.89694 -0.170011 0.353472 1.86903 0.055519 0.255122 1.89694 0.029873 0.184765 1.8502 0.278466 0.353472 1.86903 0.055519 0.133357 1.89694 0.190788 0.255122 1.89694 0.029873 0.304142 1.35394 0.098804 0.744006 1.71805 0.241087 0.269253 1.39691 0.089707 0.722268 1.75944 0.235414 0.298953 1.37542 0.047256 0.762089 1.74824 0.201641 0.722268 1.75944 0.235414 0.269253 1.39691 0.089707 0.228749 1.82145 -0.170778 0.06691 1.82145 -0.293245 0.298877 1.94311 -0.211895 0.087422 1.94311 -0.371907 -0.134127 1.82145 -0.265403 -0.175246 1.94311 -0.33553 -0.256593 1.82145 -0.103562 -0.335254 1.94311 -0.124074 -0.228752 1.82145 0.097473 -0.298879 1.94311 0.138592 -0.066909 1.82145 0.219941 -0.087424 1.94311 0.298602 0.134124 1.82145 0.192099 0.175241 1.94311 0.262224 0.256593 1.82145 0.030257 0.335255 1.94311 0.050769 0.228749 1.82145 -0.170778 0.298877 1.94311 -0.211895 0.323503 2.08662 -0.226334 0.094624 2.08662 -0.399529 -0.189684 2.08662 -0.360154 -0.362879 2.08662 -0.131278 -0.323503 2.08662 0.153031 -0.094624 2.08662 0.326225 0.189679 2.08662 0.286849 0.362875 2.08662 0.057971 0.323503 2.08662 -0.226334 0.298877 2.23013 -0.211895 0.087422 2.23013 -0.371907 -0.175246 2.23013 -0.33553 -0.335254 2.23013 -0.124074 -0.298879 2.23013 0.138592 -0.087424 2.23013 0.298602 0.175241 2.23013 0.262224 0.330513 2.21983 0.046065 0.298877 2.23013 -0.211895 0.228749 2.35179 -0.170778 0.06691 2.35179 -0.293245 -0.134127 2.35179 -0.265403 -0.256593 2.35179 -0.103562 -0.228752 2.35179 0.097473 -0.062928 2.35179 0.215927 0.134124 2.35179 0.192099 0.256593 2.35179 0.030257 0.228749 2.35179 -0.170778 0.206845 0.690048 -0.157933 0.0605 0.690048 -0.268672 0.382195 0.825871 -0.26075 0.111792 0.825871 -0.465368 -0.121282 0.690048 -0.243496 -0.224099 0.825871 -0.418849 -0.232021 0.690048 -0.097154 -0.428715 0.825871 -0.148445 -0.206847 0.690048 0.084627 -0.382197 0.825871 0.187445 -0.060503 0.690048 0.195366 -0.111794 0.825871 0.392063 0.121283 0.690048 0.170191 0.224096 0.825871 0.345543 0.232021 0.690048 0.023849 0.428713 0.825871 0.07514 0.206845 0.690048 -0.157933 0.382195 0.825871 -0.26075 0.499362 1.02914 -0.329452 0.146063 1.02914 -0.596796 -0.292797 1.02914 -0.536016 -0.560145 1.02914 -0.182717 -0.499363 1.02914 0.256146 -0.14607 1.02914 0.523489 0.292796 1.02914 0.462711 0.560142 1.02914 0.109411 0.499362 1.02914 -0.329452 0.540506 1.26892 -0.353576 0.158097 1.26892 -0.642948 -0.316923 1.26892 -0.577161 -0.606296 1.26892 -0.194752 -0.540509 1.26892 0.280271 -0.1581 1.26892 0.569643 0.31692 1.26892 0.503855 0.606294 1.26892 0.121447 0.540506 1.26892 -0.353576 0.499362 1.5087 -0.329452 0.146063 1.5087 -0.596796 -0.292797 1.5087 -0.536016 -0.560145 1.5087 -0.182717 -0.499363 1.5087 0.256146 -0.14607 1.5087 0.523489 0.292796 1.5087 0.462711 0.560142 1.5087 0.109411 0.499362 1.5087 -0.329452 0.380844 1.71121 -0.259959 0.111396 1.71121 -0.463853 -0.22331 1.71121 -0.417499 -0.427199 1.71121 -0.14805 -0.38085 1.71121 0.186654 -0.111399 1.71121 0.390548 0.223304 1.71121 0.344193 0.427197 1.71121 0.074744 0.380844 1.71121 -0.259959 0 0.642353 -0.036652 0 0.642353 -0.036652 0 0.642353 -0.036652 0 0.642353 -0.036652 0 0.642353 -0.036652 0 0.642353 -0.036652 0 0.642353 -0.036652 0 0.642353 -0.036652 -0.24322 2.1203 0.217662 -0.21296 2.1203 0.239613 -0.237633 2.15566 0.241796 -0.255376 2.15228 0.202589 -0.237272 2.18426 0.209465 -0.207014 2.18426 0.231413 -0.194857 2.15228 0.246487 -0.198563 2.11198 0.224689 -0.233504 2.11198 0.199345 -0.247541 2.1489 0.181938 -0.226637 2.18583 0.189878 -0.191697 2.18583 0.21522 -0.177659 2.1489 0.232629 -0.155956 1.6218 0.430933 -0.163011 1.5872 0.457816 -0.151914 1.6278 0.457132 -0.15673 1.60417 0.47549 -0.134619 1.5723 0.4777 -0.137073 1.59328 0.487833 -0.113516 1.60398 0.486497 -0.099738 1.58693 0.473927 -0.108698 1.62761 0.468136 -0.092684 1.62153 0.447045 -0.121459 1.63684 0.427548 -0.128086 1.63736 0.453579 -0.134686 1.62031 0.479097 -0.177068 1.48074 0.511468 -0.179467 1.43748 0.52109 -0.173538 1.4756 0.537923 -0.175175 1.44606 0.544493 -0.149233 1.41905 0.534126 -0.154185 1.43338 0.551987 -0.132165 1.44635 0.556271 -0.116495 1.43791 0.538332 -0.130527 1.4759 0.549699 -0.114096 1.48117 0.528711 -0.151129 1.4885 0.539728 -0.144758 1.49975 0.516176 -0.155284 1.46166 0.555467 -0.184278 1.33059 0.540845 -0.186678 1.28734 0.550467 -0.180748 1.32546 0.567301 -0.182385 1.29592 0.573871 -0.156443 1.26891 0.563504 -0.161395 1.28324 0.581364 -0.139375 1.29621 0.585649 -0.123705 1.28777 0.567709 -0.137737 1.32575 0.579077 -0.121306 1.33102 0.558088 -0.158339 1.33836 0.569106 -0.151968 1.34961 0.545554 -0.162495 1.31151 0.584845 -0.18113 1.10605 0.524167 -0.176019 1.06328 0.513482 -0.177377 1.09013 0.545871 -0.173884 1.06092 0.538574 -0.143306 1.04567 0.520071 -0.151157 1.0495 0.541811 -0.131908 1.06225 0.55357 -0.11456 1.06523 0.535437 -0.135399 1.09146 0.560868 -0.119672 1.108 0.546123 -0.157673 1.10399 0.555427 -0.152843 1.12546 0.540005 -0.157358 1.07265 0.557244 0 2.5867 -0.036652 0.621552 1.67536 0.270022 0.739943 1.69782 0.372381 0.745002 1.72765 0.359472 1.02233 1.84279 0.158748 0.998464 1.827 0.153652 1.02044 1.86567 0.153327 0.982209 1.86642 0.140497 0.609261 1.69897 0.240551 0.724101 1.81192 0.285778 0.729081 1.81103 0.211036 0.614691 1.70266 0.201619 0.814303 1.82587 0.13771 0.901797 1.86509 0.14107 0.832177 1.81986 0.118864 0.908827 1.85454 0.124913 0.801993 1.84681 0.189259 0.837722 1.84539 0.16157 0.898329 1.88856 0.200617 0.907629 1.87627 0.180695 0.784777 1.70707 0.222044 0.864348 1.79356 0.232339 0.794051 1.72711 0.280348 0.855567 1.79456 0.288717 0.760209 1.77373 0.121554 0.799089 1.70701 0.136271 0.650555 1.67365 0.140549 0.683357 1.62421 0.171268 0.932821 1.79892 0.140424 0.908827 1.85454 0.124913 0.873929 1.78023 0.176945 0.929504 1.81751 0.221582 0.932669 1.81969 0.194926 1.01891 1.87044 0.274779 1.01903 1.89674 0.289871 1.01776 1.86916 0.290211 0.899021 1.86473 0.166334 0.909257 1.74289 0.41065 0.882481 1.76841 0.420817 0.89825 1.74964 0.451323 1.02156 1.8422 0.171452 0.997556 1.82516 0.171698 0.930072 1.79825 0.163367 0.991115 1.83409 0.186779 0.92251 1.80988 0.18238 0.838518 1.73021 0.427624 0.889777 1.74882 0.458487 0.872134 1.764 0.431373 0.841413 1.75576 0.416113 0.628054 1.69781 0.156772 0.746876 1.79374 0.143116 0.970158 1.89603 0.215007 0.97983 1.87863 0.197795 0.813318 1.8586 0.278678 0.88805 1.88039 0.299552 0.916192 1.82138 0.300639 1.01716 1.84763 0.182341 0.823007 1.8622 0.220701 0.899622 1.89146 0.23995 0.926713 1.83429 0.247158 0.837722 1.84539 0.16157 0.907629 1.87627 0.180695 0.948434 1.88932 0.312385 0.972798 1.83942 0.316659 0.990966 1.88313 0.321508 0.782508 1.8483 0.305871 0.878214 1.89037 0.32942 0.813318 1.8586 0.278678 0.88805 1.88039 0.299552 0.73031 1.78972 0.339275 0.896509 1.88366 0.225877 0.823007 1.8622 0.220701 0.78659 1.83546 0.335954 0.88038 1.87915 0.353312 0.760209 1.77373 0.121554 1.0259 1.87231 0.164789 1.01545 1.87025 0.175929 0.974995 1.87742 0.174861 0.653792 1.63577 0.266845 0.769699 1.65484 0.342629 0.754131 1.6667 0.362523 0.920844 1.82923 0.238915 0.896509 1.88366 0.225877 0.675946 1.62102 0.218283 0.791128 1.85397 0.246712 0.890509 1.8991 0.26576 0.888649 1.89194 0.293117 0.832177 1.81986 0.118864 0.889902 1.77759 0.141156 0.78659 1.83546 0.335954 0.833374 1.78788 0.343223 0.88038 1.87915 0.353312 0.908251 1.82124 0.354211 0.914113 1.81617 0.331168 0.943804 1.88899 0.362548 0.966198 1.84034 0.362499 0.925062 1.82755 0.272377 0.916576 1.83473 0.296272 0.899021 1.86473 0.166334 0.980753 1.89093 0.259764 0.997285 1.85648 0.269256 0.781645 1.67986 0.296433 1.01292 1.87104 0.304478 0.975267 1.88067 0.157293 0.974995 1.87742 0.174861 0.888649 1.89194 0.293117 0.982209 1.86642 0.140497 0.79806 1.75098 0.346929 0.683357 1.62421 0.171268 0.683468 1.59898 0.152812 0.650555 1.67365 0.140549 0.637516 1.66717 0.10899 0.650555 1.67365 0.140549 0.899622 1.89146 0.23995 0.990216 1.85696 0.302204 0.996656 1.85169 0.286205 0.857405 1.70675 0.426697 0.879552 1.70131 0.410547 0.88788 1.73187 0.382513 0.973173 1.90081 0.281268 0.980753 1.89093 0.259764 0.971871 1.89403 0.305142 0.754131 1.6667 0.362523 0.857405 1.70675 0.426697 0.971871 1.89403 0.305142 0.997931 1.83601 0.211918 0.97983 1.87863 0.197795 0.943763 1.89708 0.335861 0.948434 1.88932 0.312385 0.990966 1.88313 0.321508 1.00551 1.89315 0.344364 0.653792 1.63577 0.266845 0.621552 1.67536 0.270022 0.641391 1.61496 0.287883 0.596411 1.66951 0.292634 0.943804 1.88899 0.362548 0.985601 1.88403 0.362818 0.745002 1.72765 0.359472 0.841413 1.75576 0.416113 0.79806 1.75098 0.346929 0.859241 1.76288 0.396611 0.675045 1.59258 0.216137 0.675946 1.62102 0.218283 0.653792 1.63577 0.266845 0.605275 1.70303 0.132914 0.585436 1.7122 0.195077 0.628054 1.69781 0.156772 0.614691 1.70266 0.201619 0.609261 1.69897 0.240551 0.578428 1.70459 0.252742 0.833374 1.78788 0.343223 0.9904 1.84331 0.247747 0.970236 1.88751 0.238925 0.89987 1.7157 0.432905 0.872134 1.764 0.431373 0.889777 1.74882 0.458487 1.02264 1.88117 0.211299 1.02584 1.85412 0.217888 0.973292 1.83295 0.340181 0.997426 1.83335 0.231958 1.0247 1.85335 0.232569 1.01958 1.85955 0.24491 0.886987 1.71895 0.441425 1.01737 1.88672 0.236907 1.02944 1.88881 0.225373 0.970236 1.88751 0.238925 1.0029 1.8558 0.344484 0.985601 1.88403 0.362818 1.00551 1.89315 0.344364 1.0102 1.88902 0.27014 0.886987 1.71895 0.441425 1.00305 1.88965 0.305808 0.650555 1.67365 0.140549 0.637516 1.66717 0.10899 0.872134 1.764 0.431373 1.00305 1.88965 0.305808 1.01903 1.89674 0.289871 1.0102 1.88902 0.27014 1.01737 1.88672 0.236907 1.02944 1.88881 0.225373 1.02264 1.88117 0.211299 1.01545 1.87025 0.175929 1.0259 1.87231 0.164789 1.02044 1.86567 0.153327 0.58706 1.56498 0.288576 0.535291 1.62777 0.294044 0.625795 1.53923 0.205999 0.635489 1.54658 0.133114 0.522659 1.6769 0.18176 0.545491 1.66634 0.110213 0.514591 1.66814 0.248131 0.582601 1.62507 0.082676 0.582601 1.62507 0.082676 0.58706 1.56498 0.288576 0.535291 1.62777 0.294044 0.571586 1.61125 0.192591 0.625795 1.53923 0.205999 0.635489 1.54658 0.133114 0.522659 1.6769 0.18176 0.545491 1.66634 0.110213 0.514591 1.66814 0.248131 0.582601 1.62507 0.082676 0.658246 1.4285 -0.146391 0.667737 1.429 -0.102066 0.616138 1.45368 -0.147263 0.629561 1.45439 -0.084577 0.667737 1.429 -0.102066 0.702428 1.45375 -0.086592 0.629561 1.45439 -0.084577 0.67862 1.48938 -0.062695 0.727627 1.47799 -0.115445 0.714257 1.52366 -0.103498 0.718135 1.47749 -0.15977 0.700835 1.52295 -0.166184 0.683445 1.45274 -0.175244 0.651775 1.48796 -0.188066 0.602769 1.49935 -0.135316 0.61226 1.49986 -0.09099 0.61226 1.49986 -0.09099 0.64695 1.5246 -0.075517 0.672149 1.54884 -0.10437 0.662658 1.54834 -0.148695 0.627967 1.52359 -0.164168 0.704426 1.43857 -0.133212 0.62597 1.53877 -0.117549</float_array>
          <technique_common>
            <accessor source="#GeometrySource9-array" count="821" stride="3">
              <param name="X" type="float"/>
              <param name="Y" type="float"/>
              <param name="Z" type="float"/>
            </accessor>
          </technique_common>
        </source>
        <source id="GeometrySource10" name="_3_0Nrm">
          <float_array id="GeometrySource10-array" count="2463">-0.927198 -0.348859 -0.136386 0.858506 0.342518 -0.381638 -0.329434 -0.124471 -0.935938 0.867098 0.351369 -0.353103 -0.11995 -0.025431 0.992454 -0.078343 -0.011548 0.99686 -0.927198 -0.348859 -0.136386 -0.329434 -0.124471 -0.935938 -0.121777 -0.742145 0.659083 -0.557227 0.462169 0.689853 0.218476 -0.496979 0.839809 -0.00539 0.606129 0.795348 0.715063 0.212573 -0.665957 0.90904 0.178102 0.37673 0.246861 -0.46406 -0.85071 0.324917 -0.213508 0.921327 0.43655 0.754042 0.490758 0.72195 -0.024407 0.691514 -0.162157 0.523975 -0.836155 -0.647725 0.615398 -0.449153 0.026148 -0.333528 -0.942377 -0.838147 -0.402142 -0.368498 0.920445 0.362581 0.146 0.27267 0.837227 -0.474028 0.514448 -0.477838 -0.712049 -0.305681 -0.691273 0.654752 -0.867049 0.46238 0.185556 -0.996652 -0.053874 0.061497 -0.946754 -0.174409 0.270628 -0.291354 -0.743251 -0.602238 -0.647725 0.615398 -0.449153 0.246861 -0.46406 -0.85071 -0.291354 -0.743251 -0.602238 -0.838147 -0.402142 -0.368498 0.774628 0.621563 0.116666 0.053249 0.997861 0.037932 0.026949 0.859725 -0.510045 -0.039845 0.870725 -0.490153 -0.60514 0.228941 -0.762491 -0.699665 0.556029 -0.448664 -0.906329 0.320373 0.275552 -0.888012 0.456461 0.055474 -0.415255 0.757065 -0.504398 -0.279801 0.420275 -0.863181 0.073846 0.794861 0.602281 -0.273392 0.783154 0.558504 -0.151577 0.900468 0.407655 -0.370796 0.824963 0.426552 -0.605655 0.704293 0.370342 -0.475352 0.574552 0.666282 0.053249 0.997861 0.037932 0.774628 0.621563 0.116666 -0.644568 -0.554778 -0.526074 -0.88533 -0.37216 0.278724 -0.127119 -0.263838 -0.956154 0.577999 -0.137241 -0.804414 0.036892 0.055478 0.997778 0.714838 0.262556 0.648129 -0.472277 -0.069452 0.87871 0.904545 0.410852 -0.114015 0.904545 0.410852 -0.114015 0.725041 -0.622794 -0.294012 0.803314 -0.590184 0.079814 0.514448 -0.477838 -0.712049 0.920445 0.362581 0.146 -0.838147 -0.402142 -0.368498 -0.946754 -0.174409 0.270628 -0.06768 -0.980558 -0.184188 -0.147853 -0.947229 0.284423 0.236654 -0.866364 -0.439782 0.026148 -0.333528 -0.942377 0.72195 -0.024407 0.691514 0.59008 -0.644257 0.486559 0.218476 -0.496979 0.839809 0.312317 -0.665033 0.678372 -0.121777 -0.742145 0.659083 0.112502 -0.803408 0.584704 0.803314 -0.590184 0.079814 0.920445 0.362581 0.146 -0.88533 -0.37216 0.278724 -0.644568 -0.554778 -0.526074 0.577999 -0.137241 -0.804414 -0.127119 -0.263838 -0.956154 0.036892 0.055478 0.997778 0.714838 0.262556 0.648129 -0.472277 -0.069452 0.87871 0.904545 0.410852 -0.114015 0.904545 0.410852 -0.114015 -0.734093 -0.648334 -0.201916 -0.906329 0.320373 0.275552 -0.71811 -0.549428 0.427138 0.708916 0.147482 -0.689701 0.493186 0.512124 -0.703205 0.935129 0.299422 -0.189422 0.639058 0.747899 -0.179589 -0.384938 -0.239458 0.891338 -0.308353 -0.000034 0.951272 0.054132 0.188074 0.980662 0.081052 0.06183 0.99479 0.305066 0.388871 0.869318 0.871746 0.376495 0.313545 0.195552 0.410842 0.890488 0.782833 0.475033 0.401892 -0.014229 -0.070015 -0.997444 -0.11779 -0.143586 -0.982603 -0.060333 -0.153573 -0.986294 0.001143 -0.163356 -0.986567 0.846509 0.226177 0.481939 0.732089 0.060386 -0.678527 0.959655 0.117136 0.25562 0.647631 -0.097923 -0.755636 -0.279801 0.420275 -0.863181 0.072706 0.428813 0.900463 -0.273392 0.783154 0.558504 0.073846 0.794861 0.602281 0.578971 0.207903 0.788397 -0.063035 0.816002 0.574601 0.197311 0.50422 0.840732 0.011554 0.813755 0.581093 0.647631 -0.097923 -0.755636 0.732089 0.060386 -0.678527 -0.475352 0.574552 0.666282 -0.355296 0.073305 0.931875 -0.486666 0.263899 0.832775 -0.829144 -0.329366 0.451706 -0.788097 0.010437 0.615463 0.481858 0.245754 0.841082 -0.004876 0.244225 -0.969706 -0.237007 0.944453 -0.227675 0.493186 0.512124 -0.703205 0.173277 0.39166 0.903647 -0.234415 0.342369 -0.909853 -0.072142 0.280405 0.957167 -0.208379 0.466741 0.859495 -0.760455 -0.486199 0.430487 0.556979 0.04488 -0.829313 -0.663619 -0.517894 -0.53981 -0.744981 -0.230673 -0.625934 -0.960192 0.127584 0.248504 -0.60514 0.228941 -0.762491 -0.265674 0.05831 -0.962298 -0.282005 0.254442 -0.925058 -0.211476 0.674591 0.707252 0.556565 0.727327 0.401536 0.556979 0.04488 -0.829313 0.708916 0.147482 -0.689701 0.774628 0.621563 0.116666 -0.758215 0.536733 -0.370173 -0.590979 0.643595 0.486343 -0.619108 0.780659 -0.0853 -0.379613 0.813238 0.441065 -0.442882 -0.390722 -0.806965 -0.246814 0.245362 -0.937486 -0.151755 0.972337 -0.17757 -0.619108 0.780659 -0.0853 -0.465202 0.813435 -0.349157 -0.354197 0.935152 0.005971 -0.151755 0.972337 -0.17757 -0.465202 0.813435 -0.349157 -0.354197 0.935152 0.005971 -0.237007 0.944453 -0.227675 0.026949 0.859725 -0.510045 0.026949 0.859725 -0.510045 -0.952099 0.00533 0.305743 -0.993247 0.098907 0.060646 -0.843039 -0.401472 -0.357917 -0.854549 -0.321722 -0.407727 -0.253895 0.361323 0.897208 -0.340639 0.622968 0.704184 0.526812 0.582461 0.619038 0.623693 0.300859 0.72145 0.998818 -0.012303 0.047019 0.974771 0.086925 -0.205588 0.713291 -0.415691 -0.564284 0.705957 -0.338847 -0.621939 -0.92388 0.381672 -0.027804 -0.460128 0.824413 0.329585 0.476118 0.829711 0.291363 0.876948 0.052028 -0.477761 0.686255 -0.341002 -0.642473 0.261962 0.862772 -0.432436 -0.788801 -0.495857 0.363205 -0.507932 -0.832559 -0.22102 -0.211074 -0.237183 0.948258 0.387694 -0.125826 0.91316 0.846691 -0.511436 0.146791 0.417309 -0.841361 -0.34346 0.041732 -0.923323 0.381751 0.417309 -0.841361 -0.34346 0.467804 -0.832344 -0.297258 -0.277525 -0.873973 -0.398938 0.499994 -0.328183 -0.801437 -0.499999 -0.32819 -0.801432 -0.277525 -0.873973 -0.398938 -0.745312 -0.650192 0.147514 -0.499999 -0.32819 -0.801432 -1 -0.000001 -0.000014 -0.467819 -0.384814 0.795653 -0.500005 0.328195 0.801425 0.277536 -0.343185 0.897328 0.500009 0.328191 0.801425 0.745315 -0.566933 0.350844 1 -0.000002 -0.000005 0.277508 0.343113 -0.897365 -0.467787 0.384741 -0.795707 -0.467787 0.384741 -0.795707 -0.745317 0.650173 -0.147571 -0.277524 0.873977 0.39893 0.467805 0.832346 0.297252 0.745303 0.566913 -0.350903 0.000000 -0.925435 0.378907 0.000000 0.925395 -0.379003 0.284649 -0.0572 0.956924 0.120438 0.096449 0.988024 -0.418589 -0.647483 0.636828 -0.348804 -0.336767 0.874599 0.699368 0.649031 0.299404 0.792987 0.543755 0.274777 0.558907 0.61229 -0.559217 0.638089 0.505428 -0.580848 -0.003456 0.007506 -0.999966 -0.2567 0.072398 -0.963776 -0.561943 -0.607564 -0.561326 -0.645393 -0.353422 -0.677172 0.025777 0.381675 0.923937 0.355688 0.824413 0.440261 0.263282 0.829716 -0.492193 -0.315414 0.367759 -0.874796 -0.169989 0.985291 0.0175 -0.561943 -0.607564 -0.561326 -0.273133 -0.941218 -0.198764 -0.066185 -0.844993 0.530666 0.67088 -0.243395 0.700484 0.967293 0.240133 0.081738 0.864524 0.089797 -0.494504 0.243171 -0.409624 -0.879248 -0.273133 -0.941218 -0.198764 0.69803 -0.711325 -0.082289 0.293079 0.944692 -0.147183 -0.542103 0.422515 -0.726364 0.077265 0.996644 -0.027042 -0.398116 -0.002816 -0.917331 -0.282681 -0.946107 0.158026 0.017588 -0.998766 0.046437 0.325232 0.002753 0.94563 0.74312 0.19052 0.641464 0.293079 0.944692 -0.147183 0.077265 0.996644 -0.027042 -0.157706 0.983737 -0.085963 -0.021595 -0.140167 -0.989892 -0.292225 0.911743 -0.28867 0.352885 -0.278114 -0.893378 0.221499 -0.955891 0.192902 0.293271 -0.866543 0.40385 -0.036847 0.101629 0.99414 -0.363208 0.227567 0.903489 -0.157706 0.983737 -0.085963 -0.292225 0.911743 -0.28867 0.544547 -0.568879 -0.616316 0.27214 -0.812489 0.515559 -0.263643 0.830932 -0.489944 -0.263643 0.830932 -0.489944 -0.345548 0.024759 0.938074 -0.680436 0.732213 0.029521 -0.525087 0.592833 -0.610601 -0.353862 0.912258 -0.206319 -0.126271 0.781754 -0.610669 0.024012 0.368669 -0.929251 0.315958 0.622072 -0.716378 0.645138 0.190994 -0.73981 0.713741 0.526717 -0.461674 0.974507 0.163855 -0.153254 0.834134 0.551546 0.004206 0.819183 0.303209 0.486831 0.606691 0.681961 0.408479 0.270128 0.527367 0.805552 0.164524 0.841627 0.514389 -0.35107 0.705061 0.616149 -0.23343 0.937039 0.259747 -0.680436 0.732213 0.029521 -0.353862 0.912258 -0.206319 0.030291 0.885306 -0.464022 -0.124375 0.974037 -0.189162 0.309239 0.942043 -0.130099 0.330932 0.7767 -0.535931 0.601413 0.711816 -0.362794 0.683317 0.728672 -0.045982 0.528643 0.817403 0.228887 0.228008 0.926012 0.300856 -0.042495 0.990909 0.127648 -0.415418 0.909306 -0.02428 -0.294973 0.801242 -0.520579 0.130727 0.627439 -0.767614 0.612278 0.489645 -0.620776 0.867661 0.468617 -0.166018 0.74727 0.576604 0.330327 0.321527 0.750433 0.577469 -0.160085 0.88825 0.430563 -0.415418 0.909306 -0.02428 -0.947273 -0.314688 -0.060368 -0.653338 -0.483316 -0.582713 -0.082032 -0.689731 -0.719404 0.431987 -0.813025 -0.390356 0.587622 -0.78096 0.211666 0.293681 -0.61234 0.734024 -0.277639 -0.405925 0.870713 -0.791657 -0.28263 0.541663 -0.947273 -0.314688 -0.060368 -0.653338 -0.483316 -0.582713 -0.309245 -0.942043 0.130086 -0.947273 -0.314688 -0.060368 -0.082032 -0.689731 -0.719404 0.431987 -0.813025 -0.390356 0.587622 -0.78096 0.211666 0.293681 -0.61234 0.734024 -0.277639 -0.405925 0.870713 -0.791657 -0.28263 0.541663 0.398397 0.846038 -0.35426 -0.874555 0.22076 -0.431761 -0.370945 -0.816558 0.442304 0.891769 -0.262965 0.368235 0.398397 0.846038 -0.35426 0.313019 0.762969 -0.565595 -0.953961 0.297284 -0.039754 0.084692 0.734948 -0.672814 -0.881323 0.300855 0.364357 -0.197611 -0.75933 0.619974 0.038122 -0.746862 0.663885 0.86827 -0.349932 -0.351646 0.935146 -0.354246 0.003516 0.084692 0.734948 -0.672814 0.313019 0.762969 -0.565595 -0.73018 0.029178 0.682631 0.158871 -0.759355 0.630983 -0.1272 0.766944 -0.628981 0.817285 -0.520569 -0.247088 -0.1272 0.766944 -0.628981 -0.124375 0.974037 -0.189162 0.030291 0.885306 -0.464022 -0.042495 0.990909 0.127648 -0.124375 0.974037 -0.189162 0.330932 0.7767 -0.535931 0.601413 0.711816 -0.362794 0.683317 0.728672 -0.045982 0.528643 0.817403 0.228887 0.228008 0.926012 0.300856 -0.224485 -0.675913 0.70196 0.591374 -0.562219 0.578089 0.126965 0.156419 0.979496 -0.745531 -0.027053 0.665921 -0.45083 0.735393 0.505915 0.364953 0.849064 0.381968 0.886042 0.200283 0.418111 0.364608 -0.862791 0.350217 -0.580888 -0.682224 0.444005 -0.913147 0.220368 0.342929 -0.300014 0.94239 0.147962 0.645426 0.761891 0.054293 0.977774 -0.140622 0.155509 -0.661968 0.74889 -0.031021 -0.439107 0.801838 0.405266 0.279166 0.936004 0.214389 0.388746 0.680471 0.621156 -0.954906 0.121588 0.270871 -0.975831 -0.187112 -0.112885 -0.348321 -0.936001 0.050731 -0.642712 -0.680271 0.352354 -0.975831 -0.187112 -0.112885 -0.954906 0.121588 0.270871 0.185461 -0.80165 0.568298 0.593009 -0.748736 0.296201 0.701117 -0.121186 0.702673 0.906662 0.187271 0.378014 0.906662 0.187271 0.378014 0.701117 -0.121186 0.702673 -0.252284 0.000229 0.967653 0.802288 0.381364 -0.459233 0.242572 0.381379 -0.892025 0.78941 0.389155 -0.474753 0.222496 0.389159 -0.893896 -0.459233 0.38138 -0.802281 -0.474751 0.389149 -0.789414 -0.892033 0.381359 -0.242575 -0.893902 0.389143 -0.222503 -0.892033 0.381359 -0.242575 -0.802289 0.381366 0.45923 -0.893902 0.389143 -0.222503 -0.789405 0.389166 0.474752 -0.24257 0.381378 0.892026 -0.168559 0.431588 0.886182 0.459235 0.381365 0.802287 0.535563 0.389993 0.749051 0.892033 0.381359 0.242575 0.886224 0.406419 0.222332 0.886224 0.406419 0.222332 0.892033 0.381359 0.242575 -0.470325 0.822209 0.320572 -0.097267 0.874047 0.476006 -0.209794 0.96366 0.165364 -0.066814 0.964305 0.256227 -0.559246 0.822211 -0.105891 -0.265277 0.96366 -0.031415 -0.320569 0.822211 -0.470325 -0.559246 0.822211 -0.105891 -0.165364 0.963661 -0.209792 -0.265277 0.96366 -0.031415 0.105893 0.822207 -0.559251 0.031416 0.963661 -0.265276 0.470325 0.822209 -0.320574 0.209793 0.96366 -0.165366 0.569389 0.810779 0.135772 0.265277 0.96366 0.031416 0.343839 0.733411 0.586416 0.569389 0.810779 0.135772 0.173212 0.939537 0.295411 0.265277 0.96366 0.031416 0.37632 -0.694324 0.613431 0.355832 -0.685443 0.635257 -0.542721 0.375544 0.751279 -0.58082 0.796449 -0.168278 0.314655 0.007271 -0.949178 0.33354 -0.02408 -0.942428 -0.58082 0.796449 -0.168278 -0.542721 0.375544 0.751279 0.770267 -0.551954 -0.31943 0.318796 -0.551954 -0.77053 0.800939 -0.384539 -0.45894 0.24183 -0.38454 -0.890869 -0.319427 -0.551956 -0.770267 -0.458945 -0.384537 -0.800937 -0.770534 -0.551952 -0.31879 -0.890869 -0.384542 -0.241828 -0.770269 -0.551954 0.319424 -0.800938 -0.384542 0.45894 -0.318791 -0.551954 0.770532 -0.241825 -0.384536 0.890872 0.31943 -0.551944 0.770274 0.458942 -0.384535 0.800941 0.770532 -0.551951 0.318796 0.890871 -0.384535 0.24183 0.770267 -0.551954 -0.31943 0.800939 -0.384539 -0.45894 0.864244 0.007398 -0.503018 0.252326 0.000003 -0.967642 -0.505805 -0.000002 -0.862648 -0.967642 0.000001 -0.252326 -0.862647 0.000005 0.505807 -0.252322 0.000000 0.967643 0.558807 0.037461 0.828451 0.985143 -0.017436 0.170848 0.864244 0.007398 -0.503018 0.771249 0.346336 -0.534065 0.224 0.384539 -0.895519 -0.474838 0.384542 -0.791616 -0.895518 0.384544 -0.223995 -0.79162 0.384538 0.474836 -0.218691 0.393279 0.893032 0.465138 0.438759 0.768854 0.918015 0.350692 0.185108 0.771249 0.346336 -0.534065 0.682397 0.617552 -0.391106 0.127192 0.637227 -0.760108 -0.447543 0.637228 -0.627412 -0.760109 0.637226 -0.127191 -0.618792 0.643535 0.45051 -0.123028 0.641388 0.757289 0.374668 0.658444 0.652744 0.744347 0.616178 0.257435 0.682397 0.617552 -0.391106 0.382947 -0.907856 -0.170728 0.150061 -0.907858 -0.391505 0.61712 -0.709119 -0.341046 0.195213 -0.709121 -0.677525 -0.170725 -0.907858 -0.382945 -0.341048 -0.709118 -0.61712 -0.391504 -0.907858 -0.150063 -0.677527 -0.709118 -0.195215 -0.382946 -0.907857 0.170726 -0.61712 -0.709119 0.341047 -0.150062 -0.907858 0.391504 -0.195214 -0.70912 0.677526 0.170727 -0.907857 0.382946 0.341049 -0.709116 0.617122 0.391508 -0.907856 0.150063 0.677528 -0.709117 0.195214 0.382947 -0.907856 -0.170728 0.61712 -0.709119 -0.341046 0.800937 -0.38454 -0.458943 0.241825 -0.384539 -0.890871 -0.458942 -0.384541 -0.800937 -0.890869 -0.384542 -0.241826 -0.800937 -0.384541 0.458942 -0.241828 -0.384541 0.890869 0.458942 -0.384542 0.800937 0.890869 -0.384541 0.241827 0.800937 -0.38454 -0.458943 0.862647 0 -0.505807 0.252324 -0.000001 -0.967643 -0.505806 0.000000 -0.862648 -0.967643 -0.000000 -0.252325 -0.862647 0.000000 0.505806 -0.252325 0.000000 0.967642 0.505805 0.000001 0.862648 0.967642 -0.000000 0.252325 0.862647 0 -0.505807 0.790283 0.387869 -0.474352 0.223397 0.387869 -0.894233 -0.474351 0.387865 -0.790286 -0.894232 0.387869 -0.223396 -0.790286 0.387866 0.474351 -0.2234 0.387866 0.894233 0.47435 0.387866 0.790286 0.894232 0.38787 0.223397 0.790283 0.387869 -0.474352 0.802288 0.381364 -0.459233 0.242572 0.381379 -0.892025 -0.459233 0.38138 -0.802281 -0.892033 0.381359 -0.242575 -0.802289 0.381366 0.45923 -0.24257 0.381378 0.892026 0.459235 0.381365 0.802287 0.892033 0.381359 0.242575 0.802288 0.381364 -0.459233 0 -1 -0.000000 0 -1 -0.000000 0 -1 -0.000000 0 -1 -0.000000 0 -1 -0.000000 0 -1 -0.000000 0 -1 -0.000000 0 -1 -0.000000 -0.645052 -0.675897 0.356471 0.033295 -0.562209 0.826325 -0.579925 0.156444 0.799508 -0.999258 -0.027087 -0.0274 -0.675165 0.735341 0.058534 0.003211 0.849009 0.528368 0.357423 0.20023 0.912226 0.02477 -0.862783 0.504967 -0.727199 -0.682236 -0.075739 -0.899516 0.220279 -0.377291 -0.319917 0.942352 -0.098113 0.432078 0.761832 0.48262 0.604346 -0.140687 0.784202 -0.643418 0.762582 -0.066944 -0.953641 0.042646 0.297911 -0.710228 0.654576 0.259049 -0.737448 0.083343 0.670242 -0.223187 -0.459647 0.8596 -0.24854 -0.048052 0.967429 0.324982 0.076769 0.942599 0.695053 0.032136 0.71824 0.504297 0.64941 0.569167 0.602355 0.758103 0.249897 0.007481 0.999809 -0.018067 -0.040582 0.98449 0.170684 -0.192773 0.617614 0.762491 -0.7343 0.638549 0.230346 -0.948395 -0.199003 0.24687 -0.783747 0.396514 0.478035 -0.735196 -0.293404 0.611066 -0.155179 -0.801043 0.578144 -0.230635 -0.479021 0.846963 0.322521 -0.288766 0.90144 0.692943 -0.191081 0.695211 0.424978 0.404555 0.809771 0.505432 0.648095 0.569659 -0.161581 0.809328 0.564694 -0.117662 0.908079 0.401931 -0.260649 0.212597 0.941735 -0.734358 0.63854 0.230183 -0.948396 -0.198987 0.246878 -0.783751 0.396528 0.478016 -0.735176 -0.293419 0.611082 -0.155176 -0.801038 0.578151 -0.230635 -0.479055 0.846944 0.322518 -0.288765 0.901441 0.692966 -0.191067 0.695192 0.425036 0.404492 0.809772 0.505577 0.647969 0.569673 -0.161516 0.809308 0.564742 -0.117658 0.908079 0.401932 -0.260614 0.212529 0.94176 -0.841562 0.34935 0.41198 -0.903428 -0.42717 0.036659 -0.853053 0.017318 0.521537 -0.685562 -0.642841 0.341701 -0.023834 -0.988721 0.147863 -0.161787 -0.837695 0.521624 0.34711 -0.612697 0.710012 0.699039 -0.378778 0.606525 0.326683 0.054121 0.943583 0.368191 0.388605 0.844643 -0.316551 0.433868 0.843537 -0.287085 0.600602 0.74623 -0.316775 -0.276099 0.907426 0.000228 0.999995 0.003275 -0.216016 0.505085 0.8356 -0.571966 -0.125262 0.810657 -0.484376 0.468747 0.738685 0.845477 -0.359732 -0.394666 0.489255 -0.709057 -0.507806 0.477505 0.287139 -0.830385 0.241248 0.232305 -0.942249 -0.239847 0.933051 0.268122 -0.651082 0.720803 0.23777 -0.602633 0.776498 -0.184078 -0.217126 0.974761 -0.051928 -0.369183 0.76634 -0.525764 -0.267917 0.89233 -0.363275 -0.115912 0.308699 -0.944071 0.037898 0.338377 -0.940247 -0.396035 0.861527 -0.317692 -0.264709 0.894337 -0.360681 -0.227338 0.941727 -0.247926 0.160061 0.407515 -0.899062 0.718381 -0.693781 0.050945 0.612095 -0.763522 0.20585 0.845744 -0.526733 0.085265 0.580583 -0.802252 0.138976 -0.272794 0.290363 -0.917209 0.428918 -0.648798 -0.628562 0.34968 0.367325 -0.861856 0.893788 -0.407446 -0.18743 0.361279 -0.606036 -0.708659 0.037898 0.338377 -0.940247 0.566 -0.77931 0.268924 0.301696 -0.908403 0.289455 0.419393 -0.551176 -0.721328 0.842911 -0.361988 -0.398077 0.833425 0.531518 0.151301 0.874359 -0.447709 0.187224 -0.247373 0.7275 0.639961 0.965518 0.053941 -0.254688 0.330965 0.934658 -0.129914 0.702268 0.354861 0.617166 0.797057 -0.56638 0.209558 0.455151 -0.825441 0.333894 0.360716 -0.887237 0.287567 0.170256 -0.300083 0.938596 0.026246 -0.212378 0.976835 -0.489736 0.026973 0.871453 -0.033901 0.203995 0.978385 -0.250228 0.855199 0.453895 -0.435213 0.801406 0.41029 -0.096285 0.910469 -0.402214 -0.476743 0.634546 -0.608331 0.051397 0.982235 -0.18048 0.255088 0.218706 -0.941859 -0.332268 0.943185 -0.000965 0.065885 0.598499 -0.79841 0.358794 -0.428985 -0.828999 0.614576 -0.21094 0.760132 -0.308153 0.939801 -0.1477 0.124481 0.568264 -0.813376 0.416694 -0.443894 -0.793299 -0.264709 0.894337 -0.360681 0.160061 0.407515 -0.899062 0.191869 0.489581 -0.850586 0.500052 -0.566281 -0.65519 0.541801 0.398784 -0.73988 -0.45739 0.875448 0.156158 -0.296966 0.951199 0.083853 -0.332268 0.943185 -0.000965 0.065885 0.598499 -0.79841 -0.445439 0.425059 0.787978 -0.204586 0.656002 0.726502 -0.308153 0.939801 -0.1477 -0.378835 0.541037 0.750841 -0.242767 0.507151 0.82696 -0.272794 0.290363 -0.917209 0.9007 0.422183 0.102475 0.239055 0.642499 0.728044 -0.06529 0.629642 0.774137 0.346138 -0.651805 0.674788 0.298295 -0.953234 0.048639 -0.294405 -0.635996 0.713326 -0.020582 -0.248597 0.968388 -0.204586 0.656002 0.726502 0.782857 -0.59672 0.176237 -0.438979 0.896845 -0.054461 -0.268015 0.962884 -0.031962 -0.214829 0.592839 0.776138 -0.115912 0.308699 -0.944071 0.423012 -0.738227 -0.525435 -0.378835 0.541037 0.750841 0.246069 -0.555548 0.79424 -0.242767 0.507151 0.82696 0.058382 -0.486245 0.87187 0.325519 -0.943487 0.062211 -0.085825 0.446053 0.890882 0.271789 -0.573763 0.772611 0.398038 -0.913083 0.088569 0.09582 -0.434068 0.89577 -0.247373 0.7275 0.639961 0.285365 0.393441 -0.87394 0.43987 -0.574792 -0.690021 0.756237 -0.608305 -0.240977 0.630124 -0.349212 0.693538 0.038896 0.970814 -0.23666 -0.06529 0.629642 0.774137 -0.214829 0.592839 0.776138 0.241248 0.232305 -0.942249 0.656335 0.504996 0.560539 0.893788 -0.407446 -0.18743 0.934307 -0.200069 -0.295031 0.34968 0.367325 -0.861856 0.475338 0.350537 -0.806956 0.34968 0.367325 -0.861856 0.124481 0.568264 -0.813376 0.153807 -0.561128 0.813313 0.492368 -0.862753 0.115029 -0.104059 -0.713027 0.693371 0.487237 -0.872633 0.033344 0.689986 0.104385 -0.716257 0.063596 0.997503 -0.030729 0.285365 0.393441 -0.87394 -0.041248 0.433862 0.900034 -0.294405 -0.635996 0.713326 -0.104059 -0.713027 0.693371 -0.041248 0.433862 0.900034 0.400253 -0.672087 -0.622974 0.255088 0.218706 -0.941859 -0.004329 0.999968 0.00677 0.191869 0.489581 -0.850586 0.541801 0.398784 -0.73988 0.702968 0.706937 0.077949 0.346138 -0.651805 0.674788 -0.216016 0.505085 0.8356 0.641138 -0.120607 0.757889 0.037035 0.439108 0.897671 -0.085825 0.446053 0.890882 0.335687 0.406197 0.849894 -0.484376 0.468747 0.738685 -0.435213 0.801406 0.41029 0.656335 0.504996 0.560539 -0.008823 0.974748 -0.223131 0.911456 -0.285207 0.296487 0.782857 -0.59672 0.176237 0.346138 -0.651805 0.674788 0.095415 0.905505 -0.41347 0.032032 0.999485 0.001911 -0.096285 0.910469 -0.402214 -0.217126 0.974761 -0.051928 -0.239847 0.933051 0.268122 -0.094599 0.920326 0.379541 0.246069 -0.555548 0.79424 0.091578 -0.334641 0.937885 -0.083862 0.548726 0.831785 0.699962 -0.605611 0.378535 -0.250228 0.855199 0.453895 -0.033901 0.203995 0.978385 0.454677 0.287341 -0.843033 0.815748 -0.470598 -0.336293 0.439244 -0.894796 0.080036 0.435095 -0.858469 0.271521 0.838792 -0.462942 0.286552 0.585306 -0.20528 0.784396 0.110104 -0.623842 0.773756 0.171383 0.625527 0.761146 0.885709 0.450597 0.111724 -0.083862 0.548726 0.831785 0.87601 -0.464475 0.129879 0.335687 0.406197 0.849894 0.702968 0.706937 0.077949 0.441874 0.460943 -0.769597 0.110104 -0.623842 0.773756 0.168187 0.488474 0.856217 0.34968 0.367325 -0.861856 0.475338 0.350537 -0.806956 -0.250228 0.855199 0.453895 0.168187 0.488474 0.856217 0.833425 0.531518 0.151301 0.441874 0.460943 -0.769597 0.171383 0.625527 0.761146 0.885709 0.450597 0.111724 0.454677 0.287341 -0.843033 0.239055 0.642499 0.728044 0.9007 0.422183 0.102475 0.477505 0.287139 -0.830385 -0.277577 -0.650257 0.70719 -0.781893 -0.277141 0.558423 0.272381 -0.94758 0.167035 0.083752 -0.754869 -0.650507 -0.821328 0.540691 -0.181859 -0.648765 0.238723 -0.722576 -0.897738 0.268909 0.348934 -0.43476 -0.355856 -0.827255 -0.43476 -0.355856 -0.827255 -0.277577 -0.650257 0.70719 -0.781893 -0.277141 0.558423 -0.774735 -0.609973 -0.16649 0.272381 -0.94758 0.167035 0.083752 -0.754869 -0.650507 -0.821328 0.540691 -0.181859 -0.648765 0.238723 -0.722576 -0.897738 0.268909 0.348934 -0.43476 -0.355856 -0.827255 -0.145989 -0.887477 -0.437119 -0.073729 -0.947754 0.310366 -0.765246 -0.545803 -0.341319 -0.555873 -0.534711 0.636466 -0.073729 -0.947754 0.310366 0.474644 -0.574136 0.667144 -0.555873 -0.534711 0.636466 0.209369 0.011078 0.977774 0.950736 -0.140285 0.276443 0.765234 0.54582 0.341319 0.878493 -0.079998 -0.471011 0.555901 0.534715 -0.636439 0.330151 -0.453619 -0.827786 -0.209389 -0.01109 -0.97777 -0.994688 0.073884 -0.071673 -0.754856 0.150706 0.638342 -0.754856 0.150706 0.638342 -0.162531 0.590716 0.79034 0.189954 0.953903 0.232349 -0.049932 0.87711 -0.477688 -0.642245 0.437067 -0.629677 0.611917 -0.781432 -0.122159 -0.611894 0.781453 0.122135</float_array>
          <technique_common>
            <accessor source="#GeometrySource10-array" count="821" stride="3">
              <param name="X" type="float"/>
              <param name="Y" type="float"/>
              <param name="Z" type="float"/>
            </accessor>
          </technique_common>
        </source>
        <source id="GeometrySource11" name="_3_0UV">
          <float_array id="GeometrySource11-array" count="1642">0.325769 0.452677 0.339995 0.452677 0.325769 0.091814 0.339995 0.091814 0.354221 0.091814 0.354221 0.452677 0.368448 0.452677 0.368448 0.091814 0.46209 0.103787 0.46407 0.1178 0.451398 0.102934 0.45155 0.1185 0.418711 0.157188 0.427241 0.140342 0.447042 0.154782 0.445762 0.142261 0.427698 0.116216 0.425779 0.101167 0.392909 0.115271 0.378866 0.115149 0.393914 0.101167 0.385172 0.10199 0.412131 0.100497 0.413685 0.109818 0.405186 0.10074 0.468762 0.140921 0.472356 0.117099 0.474032 0.142444 0.470102 0.103726 0.48317 0.157554 0.483384 0.115241 0.397783 0.156883 0.377312 0.157249 0.481282 0.10205 0.482835 0.221739 0.482835 0.215159 0.466873 0.221739 0.466873 0.215159 0.43644 0.221739 0.43644 0.215159 0.422641 0.221739 0.422641 0.215159 0.453073 0.215159 0.453073 0.221739 0.385629 0.221739 0.396991 0.221739 0.385629 0.215159 0.396991 0.215159 0.41006 0.215159 0.41006 0.221739 0.377221 0.215159 0.377221 0.221739 0.43644 0.197704 0.422641 0.197704 0.453073 0.197704 0.466873 0.197704 0.396991 0.197704 0.385629 0.197704 0.41006 0.197704 0.482835 0.197704 0.377221 0.197704 0.466873 0.180279 0.482835 0.180279 0.466873 0.173699 0.482835 0.173699 0.43644 0.173699 0.422641 0.173699 0.43644 0.180279 0.422641 0.180279 0.453073 0.180279 0.453073 0.173699 0.385629 0.173699 0.385629 0.180279 0.396991 0.173699 0.396991 0.180279 0.41006 0.173699 0.41006 0.180279 0.377221 0.180279 0.377221 0.173699 0.422641 0.197734 0.43644 0.197734 0.466873 0.197734 0.453073 0.197734 0.396991 0.197734 0.385629 0.197734 0.41006 0.197734 0.482835 0.197734 0.377221 0.197734 0.420509 0.271393 0.425322 0.232766 0.427119 0.286807 0.482835 0.415634 0.482835 0.476195 0.479149 0.422093 0.479241 0.484937 0.437964 0.291133 0.43641 0.33503 0.449387 0.334299 0.44957 0.29491 0.465776 0.375484 0.474854 0.380876 0.467238 0.429617 0.475463 0.42852 0.392696 0.315869 0.404394 0.330278 0.395194 0.386939 0.405064 0.385476 0.472661 0.330643 0.482835 0.319342 0.474093 0.289914 0.482835 0.283213 0.393579 0.232705 0.458557 0.428185 0.449448 0.239072 0.464923 0.242179 0.464131 0.292473 0.452129 0.475189 0.453835 0.439152 0.458831 0.468396 0.377221 0.282969 0.377221 0.319098 0.435252 0.236544 0.433851 0.376094 0.431292 0.435588 0.426692 0.373413 0.424956 0.432572 0.465472 0.333233 0.382186 0.472691 0.38109 0.48707 0.377221 0.472874 0.454261 0.379902 0.387639 0.47065 0.444148 0.380206 0.442442 0.442442 0.426327 0.330064 0.482835 0.388279 0.416701 0.374205 0.416244 0.443904 0.423859 0.454231 0.412497 0.23036 0.412253 0.460689 0.402383 0.469919 0.468609 0.468122 0.476347 0.468518 0.377221 0.388035 0.377221 0.415391 0.47196 0.241905 0.418132 0.472752 0.42788 0.466873 0.435344 0.487466 0.445153 0.478266 0.415848 0.319159 0.394889 0.473026 0.391477 0.489019 0.40281 0.47851 0.398088 0.483597 0.387517 0.481526 0.450819 0.487618 0.443295 0.48777 0.459166 0.480733 0.468426 0.487618 0.482835 0.235904 0.377221 0.23566 0.283243 0.534714 0.283243 0.601488 0.263442 0.534714 0.263442 0.601488 0.303836 0.534714 0.303836 0.601488 0.324277 0.601488 0.324277 0.534714 0.345387 0.534714 0.345387 0.601488 0.365645 0.534714 0.365645 0.601488 0.283243 0.631859 0.303836 0.631859 0.324277 0.631859 0.345387 0.631859 0.365645 0.631859 0.303836 0.653671 0.283243 0.491609 0.263442 0.491609 0.303836 0.491609 0.324277 0.491609 0.345387 0.491609 0.365645 0.491609 0.303836 0.468091 0.243794 0.491609 0.316904 0.697903 0.343346 0.697903 0.316904 0.72736 0.343346 0.72736 0.1896 0.697903 0.214885 0.697903 0.1896 0.72736 0.214885 0.72736 0.241296 0.697903 0.241296 0.72736 0.266915 0.697903 0.266915 0.72736 0.292016 0.697903 0.292016 0.72736 0.316904 0.757244 0.343346 0.757244 0.1896 0.757244 0.214885 0.757244 0.241296 0.757244 0.266915 0.757244 0.292016 0.757244 0.266915 0.675086 0.266915 0.782407 0.285467 0.534988 0.285467 0.601762 0.266397 0.534988 0.266397 0.601762 0.304658 0.601762 0.304658 0.534988 0.324459 0.601762 0.324459 0.534988 0.344108 0.534988 0.344108 0.601762 0.36534 0.534988 0.36534 0.601762 0.285467 0.632164 0.304658 0.632164 0.324459 0.632164 0.344108 0.632164 0.304658 0.653945 0.244373 0.534988 0.244373 0.491883 0.266397 0.491883 0.285467 0.491883 0.304658 0.491883 0.324459 0.491883 0.344108 0.491883 0.36534 0.491883 0.304658 0.468366 0.00795 0.075365 0.00795 0.057879 0.130411 0.075365 0.130411 0.057879 0.00795 0.040424 0.130411 0.040424 0.130411 0.022938 0.00795 0.022938 0.00795 0.005452 0.130411 0.005452 0.252872 0.075365 0.252872 0.057879 0.375302 0.075365 0.375302 0.057879 0.252872 0.040424 0.375302 0.040424 0.252872 0.022938 0.375302 0.022938 0.252872 0.005452 0.375302 0.005452 0.497762 0.057879 0.497762 0.040424 0.497762 0.075365 0.497762 0.005452 0.497762 0.022938 0.01453 0.306121 0.035519 0.306121 0.014134 0.647243 0.035915 0.647243 0.064246 0.306121 0.064246 0.647243 0.092911 0.306121 0.092911 0.647243 0.121699 0.306121 0.121699 0.647243 0.150395 0.306121 0.150608 0.647273 0.179121 0.306121 0.179121 0.647273 0.207848 0.306121 0.207848 0.647273 0.220825 0.306121 0.220825 0.647273 0.063058 0.178055 0.10336 0.194749 0.063058 0.235021 0.022786 0.194749 0.006092 0.235021 0.022786 0.275323 0.063058 0.292016 0.10336 0.275323 0.120054 0.235021 0.014134 0.651081 0.035915 0.651081 0.064246 0.651051 0.092911 0.651081 0.121699 0.651081 0.150608 0.651112 0.179121 0.651112 0.207848 0.651112 0.220825 0.651142 0.014134 0.661743 0.035915 0.661743 0.064246 0.661713 0.092911 0.661743 0.121699 0.661743 0.150608 0.661774 0.179121 0.661774 0.207848 0.661774 0.220825 0.661804 0.18366 0.286868 0.18366 0.235599 0.220642 0.27185 0.146648 0.27185 0.131325 0.235599 0.146648 0.199349 0.18366 0.18433 0.220642 0.199349 0.235995 0.235599 0.130411 0.075365 0.130411 0.057879 0.130411 0.040424 0.130411 0.022938 0.130411 0.005452 0.252872 0.075365 0.252872 0.057879 0.375302 0.075365 0.375302 0.057879 0.252872 0.040424 0.375302 0.040424 0.375302 0.022938 0.252872 0.022938 0.375302 0.005452 0.252872 0.005452 0.497762 0.057879 0.497762 0.040424 0.497762 0.075365 0.497762 0.022938 0.497762 0.005452 0.015657 0.295306 0.035458 0.295306 0.207817 0.295306 0.219606 0.295306 0.064185 0.295306 0.092911 0.295306 0.121638 0.295306 0.150364 0.295306 0.179091 0.295306 0.214671 0.101441 0.229385 0.101441 0.222074 0.128827 0.206325 0.128827 0.214671 0.156183 0.229385 0.156183 0.237457 0.128827 0.233772 0.082432 0.210224 0.082432 0.196698 0.128827 0.210224 0.175222 0.233772 0.175222 0.246505 0.128827 0.272673 0.090444 0.272673 0.408902 0.296037 0.090444 0.296037 0.408902 0.249307 0.408902 0.249307 0.090444 0.272581 0.090444 0.272581 0.408902 0.249186 0.090444 0.249186 0.408902 0.295946 0.408902 0.295946 0.090444 0.319311 0.408902 0.319311 0.090444 0.319433 0.090444 0.319433 0.408902 0.285162 0.459257 0.373444 0.656077 0.373444 0.759651 0.39952 0.656077 0.39952 0.759651 0.373444 0.863224 0.39952 0.863224 0.373444 0.966798 0.39952 0.966798 0.373444 0.966737 0.373444 0.863163 0.39952 0.966737 0.39952 0.863163 0.373444 0.75959 0.39952 0.75959 0.373444 0.656047 0.39952 0.656047 0.373444 0.552473 0.39952 0.552473 0.39952 0.552534 0.373444 0.552534 0.444909 0.863163 0.444909 0.75959 0.498615 0.863163 0.498615 0.75959 0.444909 0.966737 0.498615 0.966737 0.444909 0.863224 0.444909 0.966798 0.498615 0.863224 0.498615 0.966798 0.444909 0.759651 0.498615 0.759651 0.444909 0.656077 0.498615 0.656077 0.444909 0.552534 0.498615 0.552534 0.444909 0.656047 0.444909 0.552473 0.498615 0.656047 0.498615 0.552473 0.339995 0.091814 0.339995 0.452677 0.325769 0.091814 0.325769 0.452677 0.354221 0.091814 0.354221 0.452677 0.368448 0.452677 0.368448 0.091814 0.503306 0.715876 0.564537 0.715876 0.503306 0.802268 0.564537 0.802268 0.626346 0.715876 0.626346 0.802268 0.688185 0.715876 0.688185 0.802268 0.749994 0.715876 0.749994 0.802268 0.811834 0.715876 0.811834 0.802268 0.873643 0.715876 0.873643 0.802268 0.935482 0.715876 0.935482 0.802268 0.997291 0.715876 0.997291 0.802268 0.503306 0.870779 0.564537 0.870779 0.626346 0.870779 0.688185 0.870779 0.749994 0.870779 0.811834 0.870779 0.873643 0.870779 0.935482 0.870779 0.997291 0.870779 0.503306 0.934781 0.564537 0.934781 0.626346 0.934781 0.688185 0.934781 0.749994 0.934781 0.811834 0.934781 0.873643 0.934781 0.935482 0.934781 0.997291 0.934781 0.503306 0.965914 0.564689 0.965914 0.626407 0.965914 0.688185 0.965914 0.750055 0.965914 0.811864 0.965914 0.873551 0.965914 0.935512 0.965914 0.997108 0.965914 0.512811 0.106376 0.563866 0.106376 0.512811 0.204497 0.563866 0.204497 0.625919 0.106376 0.625919 0.204497 0.665247 0.106376 0.665247 0.204497 0.749994 0.106376 0.749994 0.204497 0.812047 0.106376 0.812047 0.204497 0.874069 0.106376 0.874069 0.204497 0.936122 0.106376 0.936122 0.204497 0.986081 0.106376 0.986081 0.204497 0.512811 0.302617 0.563866 0.302617 0.625919 0.302617 0.665247 0.302617 0.749994 0.302617 0.812047 0.302617 0.874069 0.302617 0.936122 0.302617 0.986081 0.302617 0.512811 0.400738 0.563866 0.400738 0.625919 0.400738 0.665247 0.400738 0.749994 0.400738 0.812047 0.400738 0.874069 0.400738 0.936122 0.400738 0.986081 0.400738 0.512811 0.498859 0.563866 0.498859 0.625919 0.498859 0.665247 0.498859 0.749994 0.498859 0.812047 0.498859 0.874069 0.498859 0.936122 0.498859 0.986081 0.498859 0.512811 0.596979 0.563866 0.596979 0.625919 0.596979 0.665247 0.596979 0.749994 0.596979 0.812047 0.596979 0.874069 0.596979 0.936122 0.596979 0.986081 0.596979 0.532855 0.008255 0.594908 0.008255 0.65693 0.008255 0.718983 0.008255 0.781036 0.008255 0.843058 0.008255 0.905111 0.008255 0.967133 0.008255 0.214671 0.101441 0.229385 0.101441 0.222074 0.128827 0.206325 0.128827 0.214671 0.156183 0.229385 0.156183 0.237457 0.128827 0.233772 0.082432 0.210224 0.082432 0.196698 0.128827 0.210224 0.175222 0.233772 0.175222 0.246505 0.128827 0.001492 0.146069 0.001492 0.106528 0.007524 0.14022 0.007432 0.113657 0.020196 0.087397 0.020196 0.100588 0.032747 0.113657 0.038809 0.106528 0.032747 0.14022 0.038809 0.146069 0.020196 0.1652 0.020196 0.153746 0.020196 0.127578 0.001492 0.146069 0.001492 0.106528 0.007524 0.14022 0.007432 0.113657 0.020196 0.087397 0.020196 0.100588 0.032747 0.113657 0.038809 0.106528 0.032747 0.14022 0.038809 0.146069 0.020196 0.153746 0.020196 0.1652 0.020196 0.127578 0.001492 0.146069 0.001492 0.106528 0.007524 0.14022 0.007432 0.113657 0.020196 0.087397 0.020196 0.100588 0.032747 0.113657 0.038809 0.106528 0.032747 0.14022 0.038809 0.146069 0.020196 0.153746 0.020196 0.1652 0.020196 0.127578 0.001492 0.146069 0.001492 0.106528 0.007524 0.14022 0.007432 0.113657 0.020196 0.087397 0.020196 0.100588 0.032747 0.113657 0.038809 0.106528 0.032747 0.14022 0.038809 0.146069 0.020196 0.153746 0.020196 0.1652 0.020196 0.127578 0.750055 0.998174 0.298444 0.792033 0.338289 0.833919 0.33177 0.844947 0.188717 0.965793 0.18759 0.954369 0.199684 0.967407 0.201207 0.951414 0.27578 0.79182 0.287081 0.862311 0.255004 0.859721 0.258842 0.792459 0.218266 0.8886 0.213849 0.928658 0.209127 0.892133 0.206568 0.92747 0.240869 0.89256 0.226795 0.902887 0.239285 0.936731 0.230268 0.935665 0.109179 0.857772 0.110336 0.908644 0.083589 0.869804 0.082706 0.907731 0.180127 0.848755 0.157645 0.855335 0.156031 0.791972 0.134036 0.800776 0.182259 0.924059 0.200689 0.921104 0.152284 0.902461 0.131691 0.937889 0.142566 0.934873 0.102355 0.982303 0.095744 0.993087 0.09611 0.981968 0.224785 0.928994 0.01648 0.876811 0.012459 0.888813 0.004965 0.876415 0.183752 0.966402 0.180401 0.955648 0.173059 0.926739 0.173212 0.957842 0.163433 0.928567 0.353886 0.908218 0.3548 0.933319 0.345509 0.926983 0.343834 0.912574 0.23895 0.793343 0.225059 0.85768 0.240717 0.963934 0.232858 0.961832 0.082706 0.918636 0.081396 0.935939 0.074603 0.934172 0.178969 0.968169 0.112438 0.932954 0.112651 0.941453 0.108539 0.939595 0.152497 0.925551 0.150303 0.934599 0.074329 0.964665 0.064611 0.962076 0.06915 0.977521 0.291681 0.892651 0.295306 0.93734 0.278095 0.904319 0.282025 0.936518 0.314772 0.862402 0.25016 0.936244 0.252811 0.905385 0.308771 0.891037 0.30539 0.936518 0.215098 0.855913 0.187163 0.978069 0.173303 0.973652 0.163859 0.95836 0.085143 0.794439 0.058915 0.836935 0.051756 0.831147 0.122217 0.938955 0.115637 0.941818 0.107595 0.79907 0.265971 0.893809 0.267433 0.940295 0.279192 0.93932 0.194535 0.891067 0.175192 0.898683 0.043744 0.900876 0.061991 0.902857 0.039053 0.931339 0.055168 0.935604 0.064093 0.933563 0.039632 0.962137 0.050964 0.962899 0.097572 0.939686 0.086575 0.938589 0.159077 0.936122 0.11323 0.971946 0.103574 0.971794 0.075669 0.848694 0.088616 0.982578 0.21592 0.958603 0.223414 0.958634 0.082584 0.93795 0.208396 0.95641 0.335274 0.871541 0.889422 0.701071 0.889422 0.679473 0.954978 0.701071 0.954978 0.679473 0.230695 0.793952 0.255918 0.940051 0.089286 0.971184 0.096506 0.971245 0.019526 0.854999 0.021994 0.863651 0.02702 0.875592 0.268651 0.969783 0.259056 0.968687 0.080696 0.971215 0.350596 0.826303 0.366163 0.912056 0.278917 0.9689 0.146618 0.963812 0.154782 0.961315 0.293783 0.961771 0.283517 0.960096 0.284675 0.97353 0.293418 0.982303 0.774578 0.701071 0.722517 0.701071 0.774578 0.679473 0.722517 0.679473 0.305146 0.961162 0.302587 0.97417 0.058183 0.898896 0.027447 0.900267 0.05663 0.886803 0.025771 0.891494 0.8373 0.679473 0.8373 0.701071 0.319433 0.786336 0.582936 0.679473 0.625828 0.679473 0.582936 0.701071 0.625828 0.701071 0.675147 0.701071 0.675147 0.679473 0.336279 0.894875 0.131416 0.967681 0.123374 0.970179 0.013129 0.867946 0.006275 0.889392 0.001248 0.876019 0.157158 0.97679 0.148019 0.977003 0.057056 0.96232 0.13891 0.965518 0.142353 0.977612 0.136991 0.979592 0.009534 0.864839 0.129223 0.983735 0.145978 0.991198 0.250922 0.963081 0.056112 0.970606 0.045115 0.974322 0.055198 0.979044 0.110824 0.983461 0.366041 0.926587 0.082097 0.982669 0.550828 0.701071 0.550828 0.679473 0.012002 0.896429 0.277211 0.978465 0.269352 0.984862 0.261584 0.9788 0.246992 0.978831 0.241296 0.982882 0.235813 0.977825 0.221282 0.970667 0.215859 0.974139 0.211381 0.969966 0.774578 0.622264 0.722517 0.622264 0.8373 0.622264 0.889422 0.622264 0.625828 0.622264 0.582936 0.622264 0.675147 0.622264 0.954978 0.622264 0.550828 0.622264 0.041581 0.760199 0.0336 0.709631 0.099978 0.726172 0.096414 0.78326 0.142627 0.77936 0.102416 0.674385 0.148963 0.684438 0.060377 0.679229 0.169343 0.717582 0.316904 0.697903 0.343346 0.697903 0.316904 0.72736 0.343346 0.72736 0.1896 0.697903 0.214885 0.697903 0.1896 0.72736 0.214885 0.72736 0.241296 0.697903 0.241296 0.72736 0.266915 0.697903 0.266915 0.72736 0.292016 0.697903 0.292016 0.72736 0.316904 0.757244 0.343346 0.757244 0.1896 0.757244 0.214885 0.757244 0.241296 0.757244 0.266915 0.757244 0.292016 0.757244 0.266915 0.675086 0.266915 0.782407</float_array>
          <technique_common>
            <accessor source="#GeometrySource11-array" count="821" stride="2">
              <param name="S" type="float"/>
              <param name="T" type="float"/>
            </accessor>
          </technique_common>
        </source>
        <vertices id="Geometry3-vertices">
          <input semantic="POSITION" source="#GeometrySource9"/>
          <input semantic="NORMAL" source="#GeometrySource10"/>
          <input semantic="TEXCOORD" source="#GeometrySource11"/>
        </vertices>
        <triangles material="VisualMaterial30" count="1124">
          <input semantic="VERTEX" source="#Geometry3-vertices" offset="0"/>
          <p>0 1 2 2 1 3 3 1 4 4 1 5 5 6 4 4 6 7 8 9 10 10 9 11 12 13 14 14 13 15 11 9 15 16 15 13 11 15 16 11 17 10 16 17 11 18 19 20 20 19 21 16 22 17 23 13 12 16 13 23 23 22 16 20 24 18 22 23 24 18 24 23 25 14 15 15 9 25 9 26 25 25 26 27 9 28 26 8 28 9 29 14 25 29 25 27 30 27 26 28 30 26 29 27 30 18 31 19 12 31 23 23 31 18 19 31 32 28 33 30 34 35 36 36 35 37 38 39 40 40 39 41 38 42 39 42 43 37 43 42 38 37 43 36 44 45 46 46 45 47 41 48 40 49 47 45 48 47 49 40 48 49 50 44 46 51 44 50 39 52 41 41 52 53 41 53 48 37 54 42 42 54 39 39 54 52 55 54 37 47 56 46 46 56 57 46 57 50 47 58 56 48 53 58 48 58 47 37 59 55 35 59 37 50 57 60 61 62 63 63 62 64 65 66 67 67 66 68 61 63 69 65 67 70 70 67 69 69 63 70 71 72 73 73 72 74 66 75 68 75 73 76 68 75 76 76 73 74 71 77 72 78 77 71 68 79 67 67 80 69 67 79 80 61 69 81 69 80 82 81 69 82 74 72 83 74 83 76 72 77 84 83 72 84 76 83 85 68 85 79 76 85 68 86 61 81 62 61 86 84 77 87 88 89 90 91 92 93 93 92 94 89 95 90 96 95 97 97 95 98 99 100 101 100 93 102 101 100 102 103 104 105 105 104 106 100 99 107 107 108 100 107 109 108 108 109 110 111 104 103 99 101 112 113 114 98 98 115 97 98 114 115 116 117 118 118 117 112 103 119 111 103 105 120 119 103 120 98 121 113 121 95 89 95 121 98 122 123 124 124 123 125 107 99 126 97 115 126 115 109 126 126 109 107 127 128 129 130 112 117 99 130 126 126 130 97 130 99 112 131 128 127 132 97 130 122 96 132 130 117 132 132 96 97 116 133 117 132 133 122 122 133 123 132 117 133 96 122 134 134 95 96 90 95 134 134 122 124 90 134 88 100 108 135 91 93 135 135 93 100 136 134 124 136 137 106 136 124 137 124 125 138 123 138 125 137 124 138 139 104 111 89 88 139 106 137 140 106 141 105 140 141 106 118 112 142 142 112 101 143 101 102 93 143 102 94 143 93 142 101 143 144 131 127 120 105 144 105 131 144 144 127 145 145 127 129 114 146 115 110 109 146 115 146 109 140 147 141 137 138 147 137 147 140 148 138 123 148 147 138 123 133 148 147 148 149 149 148 150 148 133 150 150 133 116 104 151 106 106 151 136 151 104 139 88 134 151 151 134 136 139 88 151 105 152 131 141 152 105 131 152 153 141 147 154 154 155 141 152 155 153 141 155 152 131 156 128 153 156 131 116 157 150 118 157 116 149 150 158 150 157 158 159 157 118 142 159 118 160 94 92 160 159 142 143 160 142 94 160 143 161 110 146 111 119 162 163 164 165 165 164 166 167 168 163 163 168 164 167 169 168 170 169 167 170 171 169 169 171 172 171 173 172 172 173 174 166 164 175 164 176 175 168 176 164 168 177 176 169 172 177 169 177 168 177 172 178 172 174 178 178 174 179 176 177 180 177 178 180 178 179 180 175 176 180 163 181 167 163 165 181 181 165 182 167 181 183 184 167 183 170 167 184 171 185 173 171 170 185 185 170 184 173 185 186 181 182 187 183 181 187 184 183 187 185 184 187 186 185 187 182 188 187 189 190 191 191 190 192 193 194 195 195 194 196 194 197 196 196 197 198 197 199 198 198 199 200 199 201 200 201 189 202 202 189 191 200 201 202 191 192 203 203 192 204 195 196 205 196 198 206 205 196 206 206 198 207 198 200 207 207 200 208 200 202 208 208 202 209 202 191 209 209 191 203 197 194 210 199 197 210 201 199 210 189 201 210 190 189 210 194 193 210 203 204 211 205 206 211 206 207 211 207 208 211 208 209 211 209 203 211 212 213 214 214 213 215 212 216 213 217 216 212 217 218 216 219 218 217 219 220 218 218 220 221 220 222 221 221 222 223 215 213 224 216 225 213 213 225 224 216 226 225 218 221 226 218 226 216 221 223 227 226 221 227 226 227 228 224 225 228 225 226 228 229 230 214 214 231 212 214 230 231 212 231 232 212 232 217 217 232 233 217 233 219 219 233 234 220 235 222 220 219 235 235 219 234 222 235 236 233 232 237 232 231 237 231 230 237 235 234 237 236 235 237 234 233 237 238 239 240 240 239 241 239 242 241 241 242 243 242 244 243 245 244 242 246 247 245 245 247 244 240 241 248 248 241 249 241 243 249 248 249 250 250 249 251 249 243 252 249 252 251 251 252 253 243 254 252 244 254 243 252 255 253 254 255 252 247 256 244 244 256 254 256 257 254 254 257 255 251 253 258 258 253 259 260 251 258 250 251 260 257 261 255 255 262 253 255 261 262 253 262 259 263 264 265 265 264 266 264 267 266 266 267 268 267 269 268 268 269 270 269 271 270 270 271 272 271 273 272 272 273 274 273 275 274 274 275 276 275 277 276 276 277 278 277 279 278 278 279 280 281 282 283 284 281 283 285 284 283 286 285 283 287 286 283 288 287 283 289 288 283 282 289 283 265 266 290 290 266 291 266 268 291 268 270 292 291 268 292 270 272 293 292 270 293 293 272 294 272 274 294 274 276 295 294 274 295 295 276 296 276 278 296 296 278 297 278 280 297 297 280 298 290 291 299 291 292 300 299 291 300 300 292 301 292 293 301 301 293 302 293 294 302 294 295 303 302 294 303 303 295 304 295 296 304 304 296 305 296 297 305 305 297 306 297 298 306 306 298 307 308 309 310 311 309 308 312 309 311 313 309 312 314 309 313 315 309 314 310 309 316 316 309 315 238 317 239 239 317 318 239 318 242 242 318 319 319 320 242 242 320 245 245 321 246 320 321 245 317 322 318 318 322 323 318 323 319 322 324 323 323 324 325 323 325 326 319 323 326 326 325 327 327 328 326 319 329 320 326 328 329 326 329 319 328 330 329 320 331 321 329 330 331 329 331 320 325 332 327 327 332 333 324 334 325 325 334 332 327 335 328 333 335 327 328 336 330 335 336 328 263 337 264 264 338 267 264 337 338 339 279 277 340 279 339 267 338 341 267 341 269 269 341 342 269 342 271 271 343 273 271 342 343 273 344 275 273 343 344 275 345 277 275 344 345 277 345 339 346 347 348 349 346 348 350 349 348 351 350 348 352 351 348 347 352 348 347 346 353 346 349 354 353 346 354 349 350 355 354 349 355 355 350 356 350 351 356 351 352 357 356 351 357 357 352 358 352 347 358 358 347 353 359 360 361 361 360 362 359 363 360 364 363 359 365 366 367 367 366 368 365 369 366 370 369 365 370 371 369 372 371 370 361 362 373 373 362 374 362 360 375 368 366 375 366 369 375 369 371 375 374 362 375 360 363 375 376 377 378 378 377 379 377 380 379 379 380 381 380 382 381 381 382 383 384 385 386 386 385 387 385 388 387 387 388 389 388 390 389 389 390 391 390 392 391 391 392 393 394 376 378 395 376 394 387 389 396 396 389 397 396 397 398 398 397 399 386 387 400 400 387 396 401 396 398 400 396 401 381 383 402 402 383 403 402 403 404 404 403 405 406 381 402 379 381 406 406 402 407 407 402 404 408 379 406 378 379 408 409 406 407 408 406 409 394 378 410 410 378 408 410 408 411 411 408 409 389 412 397 391 393 412 391 412 389 412 393 413 397 414 399 412 414 397 412 413 414 414 413 415 416 417 418 418 417 419 416 420 417 417 420 421 420 422 421 423 422 420 424 425 426 426 425 427 425 428 427 427 428 429 428 430 429 429 430 431 430 432 431 431 432 433 432 434 433 433 434 435 434 436 435 435 436 437 436 438 437 437 438 439 438 440 439 439 440 441 426 427 442 442 427 443 427 429 443 443 429 444 429 431 444 444 431 445 431 433 445 445 433 446 433 435 446 446 435 447 435 437 447 447 437 448 437 439 448 439 441 449 448 439 449 449 441 450 442 443 451 451 443 452 443 444 452 444 445 453 452 444 453 453 445 454 445 446 454 454 446 455 446 447 455 455 447 456 447 448 456 456 448 457 449 450 458 449 458 448 448 458 457 458 450 459 451 452 460 452 453 461 460 452 461 453 454 462 461 453 462 462 454 463 454 455 463 455 456 464 463 455 464 456 457 465 464 456 465 465 457 466 458 467 457 457 467 466 458 468 467 459 468 458 469 470 471 471 470 472 470 473 472 472 473 474 473 475 474 474 475 476 475 477 476 476 477 478 477 479 478 478 479 480 479 481 480 480 481 482 481 483 482 482 483 484 483 485 484 484 485 486 471 472 487 472 474 488 487 472 488 474 476 489 488 474 489 476 478 490 489 476 490 490 478 491 478 480 491 480 482 492 491 480 492 492 482 493 482 484 493 493 484 494 484 486 494 494 486 495 487 488 496 488 489 497 496 488 497 497 489 498 489 490 498 490 491 499 498 490 499 491 492 500 499 491 500 492 493 501 500 492 501 493 494 502 501 493 502 502 494 503 494 495 503 503 495 504 496 497 505 505 497 506 497 498 506 498 499 507 506 498 507 507 499 508 499 500 508 500 501 509 508 500 509 501 502 510 509 501 510 510 502 511 502 503 511 503 504 512 511 503 512 512 504 513 505 506 514 514 506 515 506 507 515 515 507 516 507 508 516 508 509 517 516 508 517 517 509 518 509 510 518 518 510 519 510 511 519 519 511 520 511 512 520 520 512 521 512 513 521 521 513 522 470 469 523 473 470 524 475 473 525 477 475 526 479 477 527 481 479 528 483 481 529 485 483 530 531 532 533 534 531 533 535 534 533 536 535 533 537 536 533 532 537 533 532 531 538 538 531 539 531 534 539 534 535 540 539 534 540 540 535 541 535 536 541 541 536 542 536 537 542 543 532 538 542 537 543 537 532 543 544 545 546 546 545 547 545 548 547 547 548 549 548 550 549 551 550 548 551 552 550 553 552 551 554 544 555 555 544 546 553 555 552 554 555 553 547 549 556 549 550 556 550 552 556 552 555 556 555 546 556 546 547 556 557 558 559 559 558 560 558 561 560 560 561 562 561 563 562 564 563 561 564 565 563 566 565 564 567 557 559 566 567 565 568 557 567 568 567 566 559 560 569 563 565 569 565 567 569 567 559 569 562 563 569 560 562 569 570 571 572 572 571 573 571 574 573 573 574 575 574 576 575 577 576 574 577 578 576 579 578 577 580 570 572 579 580 578 581 570 580 581 580 579 575 576 582 576 578 582 573 575 582 572 573 582 580 572 582 578 580 582 583 584 585 585 584 586 584 587 586 586 587 588 587 589 588 590 589 587 590 591 589 592 591 590 593 583 585 592 593 591 594 593 592 594 583 593 586 588 595 588 589 595 589 591 595 591 593 595 593 585 595 585 586 595 460 461 596 463 464 596 464 465 596 465 466 596 466 467 596 467 468 596 462 463 596 461 462 596 597 598 599 600 601 602 602 601 603 604 597 605 605 606 604 604 606 607 608 609 610 610 609 611 608 612 613 613 609 608 612 614 613 613 614 615 616 617 618 618 617 619 620 621 622 622 621 623 616 623 621 601 624 603 603 624 625 626 616 621 626 617 616 626 627 617 626 628 627 629 630 631 632 609 613 633 634 635 636 601 600 637 601 636 601 638 624 637 638 601 637 639 638 626 638 640 638 639 640 598 641 599 642 643 641 599 641 644 641 643 644 607 606 645 612 646 606 645 606 646 608 646 612 647 615 614 648 615 647 649 650 619 619 650 651 637 652 639 636 652 637 653 654 617 617 654 655 656 657 626 626 657 628 658 651 650 659 651 658 660 659 658 661 662 663 663 662 664 605 597 665 597 599 665 666 647 614 666 614 667 667 614 612 605 668 661 665 668 605 661 668 662 662 668 669 610 670 608 608 670 646 636 600 671 652 636 671 671 600 602 652 672 639 652 671 672 639 673 640 639 672 673 674 675 676 617 627 677 677 678 617 617 678 653 679 623 616 661 680 605 605 680 606 680 667 612 661 663 680 680 612 606 680 681 667 680 663 681 681 663 682 620 683 621 638 684 624 626 684 638 621 683 684 626 621 684 684 625 624 683 625 684 685 686 687 687 686 688 686 689 688 686 619 689 689 619 651 651 659 689 687 688 690 688 689 691 690 688 691 617 692 619 617 655 692 619 692 693 656 626 694 694 626 640 640 673 694 654 695 655 655 696 692 655 695 696 697 616 618 679 697 674 674 697 675 679 616 697 630 698 631 609 632 699 699 611 609 699 632 700 619 701 649 693 701 619 702 611 699 703 665 599 703 668 665 704 705 706 706 705 707 708 646 670 645 646 708 667 681 709 693 692 710 710 692 711 711 698 710 692 696 711 711 629 631 696 629 711 631 698 711 676 675 712 712 675 713 714 633 713 675 714 713 714 634 633 697 714 675 681 682 715 681 715 709 709 715 716 710 717 693 693 717 701 598 718 641 641 718 719 715 682 720 721 627 628 722 628 657 721 628 722 662 723 664 662 669 723 664 723 724 724 723 725 725 723 726 727 728 729 729 728 730 723 669 731 723 732 726 731 732 723 733 734 735 618 735 697 697 735 714 735 619 686 618 619 735 714 735 736 736 634 714 735 734 736 729 737 727 705 704 737 727 737 738 737 704 738 718 598 739 739 598 597 740 741 742 742 741 743 741 744 743 744 745 728 745 744 741 728 745 730 746 668 703 677 627 747 677 748 678 747 748 677 713 633 749 635 749 633 750 635 634 751 635 750 752 721 722 753 721 752 689 659 754 691 689 754 755 627 721 747 627 755 721 753 755 755 753 756 756 757 755 755 757 747 751 758 635 635 758 749 713 758 712 749 758 713 757 759 747 747 759 748 757 756 760 757 760 759 760 753 752 756 753 760 761 647 666 659 660 762 659 762 754 691 754 762 691 762 763 691 763 690 763 762 764 762 660 764 629 696 765 629 765 630 765 696 695 766 641 719 642 641 766 767 698 630 698 767 710 710 767 717 768 740 742 769 740 768 634 736 770 770 736 734 720 771 715 715 771 772 716 715 773 773 715 772 761 774 647 647 774 775 776 647 775 648 647 776 777 699 700 778 699 777 779 699 778 702 699 779 729 730 780 780 730 781 782 729 780 737 782 705 737 729 782 705 782 783 705 783 707 741 740 784 741 784 745 784 740 785 740 769 785 745 786 730 730 786 781 745 784 786 707 783 787 785 769 788 789 790 791 792 789 791 793 792 791 794 795 791 796 794 791 790 796 791 795 797 791 797 793 791 798 799 800 800 799 801 802 803 804 804 803 805 803 806 805 805 806 807 806 808 807 807 808 809 808 810 809 811 798 800 810 798 811 809 810 811 800 801 812 812 801 813 804 805 814 814 805 815 805 807 815 815 807 816 807 809 816 816 809 817 809 811 817 817 811 818 818 800 812 811 800 818 806 803 819 810 808 819 798 810 819 799 798 819 803 802 819 808 806 819 818 812 820 814 815 820 812 813 820 816 817 820 815 816 820 817 818 820</p>
        </triangles>
      </mesh>
    </geometry>
  </library_geometries>
  <library_controllers>
    <controller id="Controller">
      <skin source="#Geometry">
        <bind_shape_matrix>1 0 0 0 0 1 0 0 0 0 1 0 0 0 0 1</bind_shape_matrix>
        <source id="Controller-joints">
          <Name_array id="Controller-joints-array" count="5">S003_shadow4 bottom glass polySurface1687081 ROOMITEMS025_ALL_300f</Name_array>
          <technique_common>
            <accessor source="#Controller-joints-array" count="5" stride="1">
              <param name="JOINT" type="Name"/>
            </accessor>
          </technique_common>
        </source>
        <source id="Controller-bind_poses">
          <float_array id="Controller-bind_poses-array" count="80">3.49011 0 0 0 0 3.49011 0 0 0 0 3.49011 0 0 0 0 1 3.49011 0 0 0 0 3.49011 0 -2.93639 0 0 3.49011 0 0 0 0 1 3.49011 0 0 0 0 3.49011 0 -2.49897 0 0 3.49011 -0.000001 0 0 0 1 1 0 0 0 0 1 0 0 0 0 1 0 0 0 0 1 3.49011 0 0 0 0 3.49011 0 0 0 0 3.49011 0 0 0 0 1</float_array>
          <technique_common>
            <accessor source="#Controller-bind_poses-array" count="5" stride="16">
              <param name="TRANSFORM" type="float4x4"/>
            </accessor>
          </technique_common>
        </source>
        <source id="Controller-weights">
          <float_array id="Controller-weights-array" count="1">1</float_array>
          <technique_common>
            <accessor source="#Controller-weights-array" count="1" stride="1">
              <param name="WEIGHT" type="float"/>
            </accessor>
          </technique_common>
        </source>
        <joints>
          <input semantic="JOINT" source="#Controller-joints"/>
          <input semantic="INV_BIND_MATRIX" source="#Controller-bind_poses"/>
        </joints>
        <vertex_weights count="4">
          <input semantic="JOINT" source="#Controller-joints" offset="0"/>
          <input semantic="WEIGHT" source="#Controller-weights" offset="1"/>
          <vcount>1 1 1 1 </vcount>
          <v>0 0 0 0 0 0 0 0</v>
        </vertex_weights>
      </skin>
      <extra>
        <technique profile="FCOLLADA">
          <user_properties>SkinController</user_properties>
        </technique>
      </extra>
    </controller>
    <controller id="Controller1">
      <skin source="#Geometry1">
        <bind_shape_matrix>1 0 0 0 0 1 0 0 0 0 1 0 0 0 0 1</bind_shape_matrix>
        <source id="Controller1-joints">
          <Name_array id="Controller1-joints-array" count="5">S003_shadow4 bottom glass polySurface1687081 ROOMITEMS025_ALL_300f</Name_array>
          <technique_common>
            <accessor source="#Controller1-joints-array" count="5" stride="1">
              <param name="JOINT" type="Name"/>
            </accessor>
          </technique_common>
        </source>
        <source id="Controller1-bind_poses">
          <float_array id="Controller1-bind_poses-array" count="80">3.49011 0 0 0 0 3.49011 0 0 0 0 3.49011 0 0 0 0 1 3.49011 0 0 0 0 3.49011 0 -2.93639 0 0 3.49011 0 0 0 0 1 3.49011 0 0 0 0 3.49011 0 -2.49897 0 0 3.49011 -0.000001 0 0 0 1 1 0 0 0 0 1 0 0 0 0 1 0 0 0 0 1 3.49011 0 0 0 0 3.49011 0 0 0 0 3.49011 0 0 0 0 1</float_array>
          <technique_common>
            <accessor source="#Controller1-bind_poses-array" count="5" stride="16">
              <param name="TRANSFORM" type="float4x4"/>
            </accessor>
          </technique_common>
        </source>
        <source id="Controller1-weights">
          <float_array id="Controller1-weights-array" count="1">1</float_array>
          <technique_common>
            <accessor source="#Controller1-weights-array" count="1" stride="1">
              <param name="WEIGHT" type="float"/>
            </accessor>
          </technique_common>
        </source>
        <joints>
          <input semantic="JOINT" source="#Controller1-joints"/>
          <input semantic="INV_BIND_MATRIX" source="#Controller1-bind_poses"/>
        </joints>
        <vertex_weights count="234">
          <input semantic="JOINT" source="#Controller1-joints" offset="0"/>
          <input semantic="WEIGHT" source="#Controller1-weights" offset="1"/>
          <vcount>1 1 1 1 1 1 1 1 1 1 1 1 1 1 1 1 1 1 1 1 1 1 1 1 1 1 1 1 1 1 1 1 1 1 1 1 1 1 1 1 1 1 1 1 1 1 1 1 1 1 1 1 1 1 1 1 1 1 1 1 1 1 1 1 1 1 1 1 1 1 1 1 1 1 1 1 1 1 1 1 1 1 1 1 1 1 1 1 1 1 1 1 1 1 1 1 1 1 1 1 1 1 1 1 1 1 1 1 1 1 1 1 1 1 1 1 1 1 1 1 1 1 1 1 1 1 1 1 1 1 1 1 1 1 1 1 1 1 1 1 1 1 1 1 1 1 1 1 1 1 1 1 1 1 1 1 1 1 1 1 1 1 1 1 1 1 1 1 1 1 1 1 1 1 1 1 1 1 1 1 1 1 1 1 1 1 1 1 1 1 1 1 1 1 1 1 1 1 1 1 1 1 1 1 1 1 1 1 1 1 1 1 1 1 1 1 1 1 1 1 1 1 1 1 1 1 1 1 1 1 1 1 1 1 </vcount>
          <v>1 0 1 0 1 0 1 0 1 0 1 0 1 0 1 0 1 0 1 0 1 0 1 0 1 0 1 0 1 0 1 0 1 0 1 0 1 0 1 0 1 0 1 0 1 0 1 0 1 0 1 0 1 0 1 0 1 0 1 0 1 0 1 0 1 0 1 0 1 0 1 0 1 0 1 0 1 0 1 0 1 0 1 0 1 0 1 0 1 0 1 0 1 0 1 0 1 0 1 0 1 0 1 0 1 0 1 0 1 0 1 0 1 0 1 0 1 0 1 0 1 0 1 0 1 0 1 0 1 0 1 0 1 0 1 0 1 0 1 0 1 0 1 0 1 0 1 0 1 0 1 0 1 0 1 0 1 0 1 0 1 0 1 0 1 0 1 0 1 0 1 0 1 0 1 0 1 0 1 0 1 0 1 0 1 0 1 0 1 0 1 0 1 0 1 0 1 0 1 0 1 0 1 0 1 0 1 0 1 0 1 0 1 0 1 0 1 0 1 0 1 0 1 0 1 0 1 0 1 0 1 0 1 0 1 0 1 0 1 0 1 0 1 0 1 0 1 0 1 0 1 0 1 0 1 0 1 0 1 0 1 0 1 0 1 0 1 0 1 0 1 0 1 0 1 0 1 0 1 0 1 0 1 0 1 0 1 0 1 0 1 0 1 0 1 0 1 0 1 0 1 0 1 0 1 0 1 0 1 0 1 0 1 0 1 0 1 0 1 0 1 0 1 0 1 0 1 0 1 0 1 0 1 0 1 0 1 0 1 0 1 0 1 0 1 0 1 0 1 0 1 0 1 0 1 0 1 0 1 0 1 0 1 0 1 0 1 0 1 0 1 0 1 0 1 0 1 0 1 0 1 0 1 0 1 0 1 0 1 0 1 0 1 0 1 0 1 0 1 0 1 0 1 0 1 0 1 0 1 0 1 0 1 0 1 0 1 0 1 0 1 0 1 0 1 0 1 0 1 0 1 0 1 0 1 0 1 0 1 0 1 0 1 0 1 0 1 0 1 0 1 0 1 0 1 0 1 0 1 0 1 0 1 0 1 0 1 0</v>
        </vertex_weights>
      </skin>
      <extra>
        <technique profile="FCOLLADA">
          <user_properties>SkinController</user_properties>
        </technique>
      </extra>
    </controller>
    <controller id="Controller2">
      <skin source="#Geometry2">
        <bind_shape_matrix>1 0 0 0 0 1 0 0 0 0 1 0 0 0 0 1</bind_shape_matrix>
        <source id="Controller2-joints">
          <Name_array id="Controller2-joints-array" count="5">S003_shadow4 bottom glass polySurface1687081 ROOMITEMS025_ALL_300f</Name_array>
          <technique_common>
            <accessor source="#Controller2-joints-array" count="5" stride="1">
              <param name="JOINT" type="Name"/>
            </accessor>
          </technique_common>
        </source>
        <source id="Controller2-bind_poses">
          <float_array id="Controller2-bind_poses-array" count="80">3.49011 0 0 0 0 3.49011 0 0 0 0 3.49011 0 0 0 0 1 3.49011 0 0 0 0 3.49011 0 -2.93639 0 0 3.49011 0 0 0 0 1 3.49011 0 0 0 0 3.49011 0 -2.49897 0 0 3.49011 -0.000001 0 0 0 1 1 0 0 0 0 1 0 0 0 0 1 0 0 0 0 1 3.49011 0 0 0 0 3.49011 0 0 0 0 3.49011 0 0 0 0 1</float_array>
          <technique_common>
            <accessor source="#Controller2-bind_poses-array" count="5" stride="16">
              <param name="TRANSFORM" type="float4x4"/>
            </accessor>
          </technique_common>
        </source>
        <source id="Controller2-weights">
          <float_array id="Controller2-weights-array" count="1">1</float_array>
          <technique_common>
            <accessor source="#Controller2-weights-array" count="1" stride="1">
              <param name="WEIGHT" type="float"/>
            </accessor>
          </technique_common>
        </source>
        <joints>
          <input semantic="JOINT" source="#Controller2-joints"/>
          <input semantic="INV_BIND_MATRIX" source="#Controller2-bind_poses"/>
        </joints>
        <vertex_weights count="136">
          <input semantic="JOINT" source="#Controller2-joints" offset="0"/>
          <input semantic="WEIGHT" source="#Controller2-weights" offset="1"/>
          <vcount>1 1 1 1 1 1 1 1 1 1 1 1 1 1 1 1 1 1 1 1 1 1 1 1 1 1 1 1 1 1 1 1 1 1 1 1 1 1 1 1 1 1 1 1 1 1 1 1 1 1 1 1 1 1 1 1 1 1 1 1 1 1 1 1 1 1 1 1 1 1 1 1 1 1 1 1 1 1 1 1 1 1 1 1 1 1 1 1 1 1 1 1 1 1 1 1 1 1 1 1 1 1 1 1 1 1 1 1 1 1 1 1 1 1 1 1 1 1 1 1 1 1 1 1 1 1 1 1 1 1 1 1 1 1 1 1 </vcount>
          <v>2 0 2 0 2 0 2 0 2 0 2 0 2 0 2 0 2 0 2 0 2 0 2 0 2 0 2 0 2 0 2 0 2 0 2 0 2 0 2 0 2 0 2 0 2 0 2 0 2 0 2 0 2 0 2 0 2 0 2 0 2 0 2 0 2 0 2 0 2 0 2 0 2 0 2 0 2 0 2 0 2 0 2 0 2 0 2 0 2 0 2 0 2 0 2 0 2 0 2 0 2 0 2 0 2 0 2 0 2 0 2 0 2 0 2 0 2 0 2 0 2 0 2 0 2 0 2 0 2 0 2 0 2 0 2 0 2 0 2 0 2 0 2 0 2 0 2 0 2 0 2 0 2 0 2 0 2 0 2 0 2 0 2 0 2 0 2 0 2 0 2 0 2 0 2 0 2 0 2 0 2 0 2 0 2 0 2 0 2 0 2 0 2 0 2 0 2 0 2 0 2 0 2 0 2 0 2 0 2 0 2 0 2 0 2 0 2 0 2 0 2 0 2 0 2 0 2 0 2 0 2 0 2 0 2 0 2 0 2 0 2 0 2 0 2 0 2 0 2 0 2 0 2 0 2 0 2 0 2 0 2 0 2 0 2 0 2 0 2 0 2 0</v>
        </vertex_weights>
      </skin>
      <extra>
        <technique profile="FCOLLADA">
          <user_properties>SkinController</user_properties>
        </technique>
      </extra>
    </controller>
    <controller id="Controller3">
      <skin source="#Geometry3">
        <bind_shape_matrix>1 0 0 0 0 1 0 0 0 0 1 0 0 0 0 1</bind_shape_matrix>
        <source id="Controller3-joints">
          <Name_array id="Controller3-joints-array" count="5">S003_shadow4 bottom glass polySurface1687081 ROOMITEMS025_ALL_300f</Name_array>
          <technique_common>
            <accessor source="#Controller3-joints-array" count="5" stride="1">
              <param name="JOINT" type="Name"/>
            </accessor>
          </technique_common>
        </source>
        <source id="Controller3-bind_poses">
          <float_array id="Controller3-bind_poses-array" count="80">3.49011 0 0 0 0 3.49011 0 0 0 0 3.49011 0 0 0 0 1 3.49011 0 0 0 0 3.49011 0 -2.93639 0 0 3.49011 0 0 0 0 1 3.49011 0 0 0 0 3.49011 0 -2.49897 0 0 3.49011 -0.000001 0 0 0 1 1 0 0 0 0 1 0 0 0 0 1 0 0 0 0 1 3.49011 0 0 0 0 3.49011 0 0 0 0 3.49011 0 0 0 0 1</float_array>
          <technique_common>
            <accessor source="#Controller3-bind_poses-array" count="5" stride="16">
              <param name="TRANSFORM" type="float4x4"/>
            </accessor>
          </technique_common>
        </source>
        <source id="Controller3-weights">
          <float_array id="Controller3-weights-array" count="1">1</float_array>
          <technique_common>
            <accessor source="#Controller3-weights-array" count="1" stride="1">
              <param name="WEIGHT" type="float"/>
            </accessor>
          </technique_common>
        </source>
        <joints>
          <input semantic="JOINT" source="#Controller3-joints"/>
          <input semantic="INV_BIND_MATRIX" source="#Controller3-bind_poses"/>
        </joints>
        <vertex_weights count="821">
          <input semantic="JOINT" source="#Controller3-joints" offset="0"/>
          <input semantic="WEIGHT" source="#Controller3-weights" offset="1"/>
          <vcount>1 1 1 1 1 1 1 1 1 1 1 1 1 1 1 1 1 1 1 1 1 1 1 1 1 1 1 1 1 1 1 1 1 1 1 1 1 1 1 1 1 1 1 1 1 1 1 1 1 1 1 1 1 1 1 1 1 1 1 1 1 1 1 1 1 1 1 1 1 1 1 1 1 1 1 1 1 1 1 1 1 1 1 1 1 1 1 1 1 1 1 1 1 1 1 1 1 1 1 1 1 1 1 1 1 1 1 1 1 1 1 1 1 1 1 1 1 1 1 1 1 1 1 1 1 1 1 1 1 1 1 1 1 1 1 1 1 1 1 1 1 1 1 1 1 1 1 1 1 1 1 1 1 1 1 1 1 1 1 1 1 1 1 1 1 1 1 1 1 1 1 1 1 1 1 1 1 1 1 1 1 1 1 1 1 1 1 1 1 1 1 1 1 1 1 1 1 1 1 1 1 1 1 1 1 1 1 1 1 1 1 1 1 1 1 1 1 1 1 1 1 1 1 1 1 1 1 1 1 1 1 1 1 1 1 1 1 1 1 1 1 1 1 1 1 1 1 1 1 1 1 1 1 1 1 1 1 1 1 1 1 1 1 1 1 1 1 1 1 1 1 1 1 1 1 1 1 1 1 1 1 1 1 1 1 1 1 1 1 1 1 1 1 1 1 1 1 1 1 1 1 1 1 1 1 1 1 1 1 1 1 1 1 1 1 1 1 1 1 1 1 1 1 1 1 1 1 1 1 1 1 1 1 1 1 1 1 1 1 1 1 1 1 1 1 1 1 1 1 1 1 1 1 1 1 1 1 1 1 1 1 1 1 1 1 1 1 1 1 1 1 1 1 1 1 1 1 1 1 1 1 1 1 1 1 1 1 1 1 1 1 1 1 1 1 1 1 1 1 1 1 1 1 1 1 1 1 1 1 1 1 1 1 1 1 1 1 1 1 1 1 1 1 1 1 1 1 1 1 1 1 1 1 1 1 1 1 1 1 1 1 1 1 1 1 1 1 1 1 1 1 1 1 1 1 1 1 1 1 1 1 1 1 1 1 1 1 1 1 1 1 1 1 1 1 1 1 1 1 1 1 1 1 1 1 1 1 1 1 1 1 1 1 1 1 1 1 1 1 1 1 1 1 1 1 1 1 1 1 1 1 1 1 1 1 1 1 1 1 1 1 1 1 1 1 1 1 1 1 1 1 1 1 1 1 1 1 1 1 1 1 1 1 1 1 1 1 1 1 1 1 1 1 1 1 1 1 1 1 1 1 1 1 1 1 1 1 1 1 1 1 1 1 1 1 1 1 1 1 1 1 1 1 1 1 1 1 1 1 1 1 1 1 1 1 1 1 1 1 1 1 1 1 1 1 1 1 1 1 1 1 1 1 1 1 1 1 1 1 1 1 1 1 1 1 1 1 1 1 1 1 1 1 1 1 1 1 1 1 1 1 1 1 1 1 1 1 1 1 1 1 1 1 1 1 1 1 1 1 1 1 1 1 1 1 1 1 1 1 1 1 1 1 1 1 1 1 1 1 1 1 1 1 1 1 1 1 1 1 1 1 1 1 1 1 1 1 1 1 1 1 1 1 1 1 1 1 1 1 1 1 1 1 1 1 1 1 1 1 1 1 1 1 1 1 1 1 1 1 1 1 1 1 1 1 1 1 1 1 1 1 1 1 1 1 1 1 1 1 1 1 1 1 1 1 1 1 1 1 1 1 1 1 1 1 1 1 1 1 1 1 1 1 1 1 1 1 1 1 1 1 1 1 1 1 1 1 1 1 1 1 1 1 1 1 1 1 1 1 1 1 1 1 1 1 1 1 1 1 1 1 1 1 1 1 1 1 1 1 1 1 </vcount>
          <v>3 0 3 0 3 0 3 0 3 0 3 0 3 0 3 0 3 0 3 0 3 0 3 0 3 0 3 0 3 0 3 0 3 0 3 0 3 0 3 0 3 0 3 0 3 0 3 0 3 0 3 0 3 0 3 0 3 0 3 0 3 0 3 0 3 0 3 0 3 0 3 0 3 0 3 0 3 0 3 0 3 0 3 0 3 0 3 0 3 0 3 0 3 0 3 0 3 0 3 0 3 0 3 0 3 0 3 0 3 0 3 0 3 0 3 0 3 0 3 0 3 0 3 0 3 0 3 0 3 0 3 0 3 0 3 0 3 0 3 0 3 0 3 0 3 0 3 0 3 0 3 0 3 0 3 0 3 0 3 0 3 0 3 0 3 0 3 0 3 0 3 0 3 0 3 0 3 0 3 0 3 0 3 0 3 0 3 0 3 0 3 0 3 0 3 0 3 0 3 0 3 0 3 0 3 0 3 0 3 0 3 0 3 0 3 0 3 0 3 0 3 0 3 0 3 0 3 0 3 0 3 0 3 0 3 0 3 0 3 0 3 0 3 0 3 0 3 0 3 0 3 0 3 0 3 0 3 0 3 0 3 0 3 0 3 0 3 0 3 0 3 0 3 0 3 0 3 0 3 0 3 0 3 0 3 0 3 0 3 0 3 0 3 0 3 0 3 0 3 0 3 0 3 0 3 0 3 0 3 0 3 0 3 0 3 0 3 0 3 0 3 0 3 0 3 0 3 0 3 0 3 0 3 0 3 0 3 0 3 0 3 0 3 0 3 0 3 0 3 0 3 0 3 0 3 0 3 0 3 0 3 0 3 0 3 0 3 0 3 0 3 0 3 0 3 0 3 0 3 0 3 0 3 0 3 0 3 0 3 0 3 0 3 0 3 0 3 0 3 0 3 0 3 0 3 0 3 0 3 0 3 0 3 0 3 0 3 0 3 0 3 0 3 0 3 0 3 0 3 0 3 0 3 0 3 0 3 0 3 0 3 0 3 0 3 0 3 0 3 0 3 0 3 0 3 0 3 0 3 0 3 0 3 0 3 0 3 0 3 0 3 0 3 0 3 0 3 0 3 0 3 0 3 0 3 0 3 0 3 0 3 0 3 0 3 0 3 0 3 0 3 0 3 0 3 0 3 0 3 0 3 0 3 0 3 0 3 0 3 0 3 0 3 0 3 0 3 0 3 0 3 0 3 0 3 0 3 0 3 0 3 0 3 0 3 0 3 0 3 0 3 0 3 0 3 0 3 0 3 0 3 0 3 0 3 0 3 0 3 0 3 0 3 0 3 0 3 0 3 0 3 0 3 0 3 0 3 0 3 0 3 0 3 0 3 0 3 0 3 0 3 0 3 0 3 0 3 0 3 0 3 0 3 0 3 0 3 0 3 0 3 0 3 0 3 0 3 0 3 0 3 0 3 0 3 0 3 0 3 0 3 0 3 0 3 0 3 0 3 0 3 0 3 0 3 0 3 0 3 0 3 0 3 0 3 0 3 0 3 0 3 0 3 0 3 0 3 0 3 0 3 0 3 0 3 0 3 0 3 0 3 0 3 0 3 0 3 0 3 0 3 0 3 0 3 0 3 0 3 0 3 0 3 0 3 0 3 0 3 0 3 0 3 0 3 0 3 0 3 0 3 0 3 0 3 0 3 0 3 0 3 0 3 0 3 0 3 0 3 0 3 0 3 0 3 0 3 0 3 0 3 0 3 0 3 0 3 0 3 0 3 0 3 0 3 0 3 0 3 0 3 0 3 0 3 0 3 0 3 0 3 0 3 0 3 0 3 0 3 0 3 0 3 0 3 0 3 0 3 0 3 0 3 0 3 0 3 0 3 0 3 0 3 0 3 0 3 0 3 0 3 0 3 0 3 0 3 0 3 0 3 0 3 0 3 0 3 0 3 0 3 0 3 0 3 0 3 0 3 0 3 0 3 0 3 0 3 0 3 0 3 0 3 0 3 0 3 0 3 0 3 0 3 0 3 0 3 0 3 0 3 0 3 0 3 0 3 0 3 0 3 0 3 0 3 0 3 0 3 0 3 0 3 0 3 0 3 0 3 0 3 0 3 0 3 0 3 0 3 0 3 0 3 0 3 0 3 0 3 0 3 0 3 0 3 0 3 0 3 0 3 0 3 0 3 0 3 0 3 0 3 0 3 0 3 0 3 0 3 0 3 0 3 0 3 0 3 0 3 0 3 0 3 0 3 0 3 0 3 0 3 0 3 0 3 0 3 0 3 0 3 0 3 0 3 0 3 0 3 0 3 0 3 0 3 0 3 0 3 0 3 0 3 0 3 0 3 0 3 0 3 0 3 0 3 0 3 0 3 0 3 0 3 0 3 0 3 0 3 0 3 0 3 0 3 0 3 0 3 0 3 0 3 0 3 0 3 0 3 0 3 0 3 0 3 0 3 0 3 0 3 0 3 0 3 0 3 0 3 0 3 0 3 0 3 0 3 0 3 0 3 0 3 0 3 0 3 0 3 0 3 0 3 0 3 0 3 0 3 0 3 0 3 0 3 0 3 0 3 0 3 0 3 0 3 0 3 0 3 0 3 0 3 0 3 0 3 0 3 0 3 0 3 0 3 0 3 0 3 0 3 0 3 0 3 0 3 0 3 0 3 0 3 0 3 0 3 0 3 0 3 0 3 0 3 0 3 0 3 0 3 0 3 0 3 0 3 0 3 0 3 0 3 0 3 0 3 0 3 0 3 0 3 0 3 0 3 0 3 0 3 0 3 0 3 0 3 0 3 0 3 0 3 0 3 0 3 0 3 0 3 0 3 0 3 0 3 0 3 0 3 0 3 0 3 0 3 0 3 0 3 0 3 0 3 0 3 0 3 0 3 0 3 0 3 0 3 0 3 0 3 0 3 0 3 0 3 0 3 0 3 0 3 0 3 0 3 0 3 0 3 0 3 0 3 0 3 0 3 0 3 0 3 0 3 0 3 0 3 0 3 0 3 0 3 0 3 0 3 0 3 0 3 0 3 0 3 0 3 0 3 0 3 0 3 0 3 0 3 0 3 0 3 0 3 0 3 0 3 0 3 0 3 0 3 0 3 0 3 0 3 0 3 0 3 0 3 0 3 0 3 0 3 0 3 0 3 0 3 0 3 0 3 0 3 0 3 0 3 0 3 0 3 0 3 0 3 0 3 0 3 0 3 0 3 0 3 0 3 0 3 0 3 0 3 0 3 0 3 0 3 0 3 0 3 0 3 0 3 0 3 0 3 0 3 0 3 0 3 0 3 0 3 0 3 0 3 0 3 0 3 0 3 0 3 0 3 0 3 0 3 0 3 0 3 0 3 0 3 0 3 0 3 0 3 0 3 0 3 0 3 0 3 0 3 0 3 0 3 0 3 0 3 0 3 0 3 0 3 0 3 0 3 0 3 0 3 0 3 0 3 0 3 0 3 0 3 0 3 0 3 0 3 0 3 0 3 0 3 0 3 0 3 0 3 0 3 0 3 0 3 0 3 0 3 0 3 0 3 0 3 0 3 0 3 0 3 0 3 0 3 0 3 0 3 0 3 0 3 0 3 0 3 0 3 0 3 0 3 0 3 0 3 0 3 0 3 0 3 0 3 0 3 0 3 0 3 0 3 0 3 0 3 0 3 0 3 0 3 0 3 0 3 0 3 0 3 0 3 0 3 0 3 0 3 0 3 0 3 0 3 0</v>
        </vertex_weights>
      </skin>
      <extra>
        <technique profile="FCOLLADA">
          <user_properties>SkinController</user_properties>
        </technique>
      </extra>
    </controller>
  </library_controllers>
  <library_visual_scenes>
    <visual_scene id="VisualSceneNode" name="rdmscene">
      <node id="VisualSceneNode1" name="ROOMITEMS025_ALL_300f" sid="ROOMITEMS025_ALL_300f" type="JOINT">
        <matrix>0.286524 0 0 0 0 0.286524 0 0 0 0 0.286524 0 0 0 0 1</matrix>
        <node id="VisualSceneNode2" name="S003_shadow4" sid="S003_shadow4" type="JOINT">
          <matrix>1 0 0 0 0 1 0 0 0 0 1 0 0 0 0 1</matrix>
        </node>
        <node id="VisualSceneNode3" name="bottom" sid="bottom" type="JOINT">
          <matrix>1 0 0 0 0 1 0 2.93639 0 0 1 0 0 0 0 1</matrix>
        </node>
        <node id="VisualSceneNode4" name="glass" sid="glass" type="JOINT">
          <matrix>1 0 0 0 0 1 0 2.49897 0 0 1 0.000001 0 0 0 1</matrix>
        </node>
        <node id="VisualSceneNode5" name="polySurface1687081" sid="polySurface1687081" type="JOINT">
          <matrix>3.49011 0 0 0 0 3.49011 0 0 0 0 3.49011 0 0 0 0 1</matrix>
        </node>
      </node>
      <node id="VisualSceneNode6" name="_0_0" type="NODE">
        <matrix>1 0 0 0 0 1 0 0 0 0 1 0 0 0 0 1</matrix>
        <instance_controller url="#Controller">
          <skeleton>#VisualSceneNode1</skeleton>
          <bind_material>
            <technique_common>
              <instance_material symbol="VisualMaterial0" target="#VisualMaterial"/>
            </technique_common>
          </bind_material>
        </instance_controller>
      </node>
      <node id="VisualSceneNode7" name="_1_0" type="NODE">
        <matrix>1 0 0 0 0 1 0 0 0 0 1 0 0 0 0 1</matrix>
        <instance_controller url="#Controller1">
          <skeleton>#VisualSceneNode1</skeleton>
          <bind_material>
            <technique_common>
              <instance_material symbol="VisualMaterial10" target="#VisualMaterial1"/>
            </technique_common>
          </bind_material>
        </instance_controller>
      </node>
      <node id="VisualSceneNode8" name="_2_0" type="NODE">
        <matrix>1 0 0 0 0 1 0 0 0 0 1 0 0 0 0 1</matrix>
        <instance_controller url="#Controller2">
          <skeleton>#VisualSceneNode1</skeleton>
          <bind_material>
            <technique_common>
              <instance_material symbol="VisualMaterial20" target="#VisualMaterial2"/>
            </technique_common>
          </bind_material>
        </instance_controller>
      </node>
      <node id="VisualSceneNode9" name="_3_0" type="NODE">
        <matrix>1 0 0 0 0 1 0 0 0 0 1 0 0 0 0 1</matrix>
        <instance_controller url="#Controller3">
          <skeleton>#VisualSceneNode1</skeleton>
          <bind_material>
            <technique_common>
              <instance_material symbol="VisualMaterial30" target="#VisualMaterial3"/>
            </technique_common>
          </bind_material>
        </instance_controller>
      </node>
    </visual_scene>
  </library_visual_scenes>
  <scene>
    <instance_visual_scene url="#VisualSceneNode"/>
  </scene>
</COLLADA>
