{"cameraMode":{"drawMode":0,"name":"Shaded","section":"Shading Mode"},"sceneLighting":false,"audioPlay":false,"sceneViewState":{"m_AlwaysRefresh":false,"showFog":true,"showSkybox":false,"showFlares":true,"showImageEffects":true,"showParticleSystems":true,"showVisualEffectGraphs":true,"m_FxEnabled":true},"in2DMode":false,"pivot":{"x":10.125543594360352,"y":1.06194007396698,"z":-19.22500228881836},"rotation":{"x":0.023599468171596528,"y":-0.0025895305443555118,"z":-0.00008037660154514015,"w":-0.9997468590736389},"size":1.1774600744247437,"orthographic":true}