{"cameraMode":{"drawMode":0,"name":"Shaded","section":"Shading Mode"},"sceneLighting":false,"audioPlay":false,"sceneViewState":{"m_AlwaysRefresh":false,"showFog":true,"showSkybox":true,"showFlares":true,"showImageEffects":true,"showParticleSystems":true,"showVisualEffectGraphs":true,"m_FxEnabled":true},"in2DMode":false,"pivot":{"x":6.699543476104736,"y":3.3570499420166017,"z":-11.910693168640137},"rotation":{"x":-0.08523309230804444,"y":0.2500362694263458,"z":0.02147802896797657,"w":0.9642413258552551},"size":0.8725391030311585,"orthographic":false}