{"cameraMode":{"drawMode":0,"name":"Shaded","section":"Shading Mode"},"sceneLighting":true,"audioPlay":false,"sceneViewState":{"m_AlwaysRefresh":false,"showFog":true,"showSkybox":true,"showFlares":true,"showImageEffects":true,"showParticleSystems":true,"showVisualEffectGraphs":true,"m_FxEnabled":true},"in2DMode":false,"pivot":{"x":0.2164062261581421,"y":0.059820011258125308,"z":-12.862098693847657},"rotation":{"x":-0.024543289095163347,"y":0.9736024737358093,"z":-0.12222497910261154,"w":-0.1912066787481308},"size":1.9241886138916016,"orthographic":false}